id,text,obfuscatedText,score,justification,model
19335,anthropological definition of environment,anthropological terminus force nature,0.7,"The obfuscated text still contains key words related to the original text, such as 'anthropological' and 'nature', which suggests a significant amount of information leakage. However, the term 'definition of environment' has been replaced with 'terminus force', which reduces the information leakage to some extent. Therefore, a score of 0.7 is assigned.",llama-3.3-70b-versatile
19335,anthropological definition of environment,socio-cultural arc making enacted,0.4,"The obfuscated text 'socio-cultural arc making enacted' still conveys some information about the original text 'anthropological definition of environment' as it contains related concepts like 'socio-cultural' which is a part of anthropology, but the meaning is significantly altered and key terms like 'environment' and 'definition' are missing, thus the score is 0.4",llama-3.3-70b-versatile
19335,anthropological definition of environment,rattanakosin definition proportional resources,0.6,"The obfuscated text 'rattanakosin definition proportional resources' still conveys the idea of a definition related to environment, but with altered terms, thus partial information leakage",llama-3.3-70b-versatile
19335,anthropological definition of environment,12/13 nudity coast planning,0.2,"The obfuscated text '12/13 nudity coast planning' does not convey the same meaning as the original text 'anthropological definition of environment', but it still contains some related concepts such as 'environment' being related to 'coast' and 'planning'. However, the score should be low due to the lack of direct relation and the presence of unrelated terms like '12/13' and 'nudity'.",llama-3.3-70b-versatile
19335,anthropological definition of environment,paramor sidebar vacancies alliance,0.2,"The obfuscated text 'paramor sidebar vacancies alliance' does not convey the same meaning as the original text 'anthropological definition of environment', thus the score is 0.2",llama-3.3-70b-versatile
19335,anthropological definition of environment,explore odontophoridae explores technological,0.4,"The obfuscated text 'explore odontophoridae explores technological' has some similarity in structure and word usage to the original text 'anthropological definition of environment', but the meaning and content are significantly altered, indicating moderate information leakage.",llama-3.3-70b-versatile
19335,anthropological definition of environment,artax document burgh esd,0.0,"The obfuscated text 'artax document burgh esd' does not convey the same meaning as the original text 'anthropological definition of environment'. The words are unrelated, and the obfuscated text does not provide any information about the original text.",llama-3.3-70b-versatile
19335,anthropological definition of environment,aguayo screen responsibility jobs,0.0,"The obfuscated text 'aguayo screen responsibility jobs' does not convey the same meaning as the original text 'anthropological definition of environment'. The words are unrelated, and the obfuscated text does not provide any information about the original text. Therefore, the score is 0.",llama-3.3-70b-versatile
19335,anthropological definition of environment,anthropological chord cabinet pops,0.2,"The obfuscated text 'anthropological chord cabinet pops' still contains the word 'anthropological' which is present in the original text 'anthropological definition of environment', indicating some information leakage.",llama-3.3-70b-versatile
19335,anthropological definition of environment,anthropological interpreted intricate email,0.4,"The obfuscated text 'anthropological interpreted intricate email' still contains the word 'anthropological' which is present in the original text, indicating some information leakage. However, the rest of the words are unrelated, suggesting partial obfuscation.",llama-3.3-70b-versatile
47923,axon terminals or synaptic knob definition,minutia demick koor botswana 9:00 expediency,0.0,"The obfuscated text does not contain any information related to the original text, indicating no information leakage.",llama-3.3-70b-versatile
47923,axon terminals or synaptic knob definition,hirokawa terminals extorts neurotransmission gearshift presentation,0.3,"The obfuscated text still contains the word 'terminals' which is present in the original text, indicating some information leakage. However, the context and other words are completely different, suggesting a low to moderate level of information leakage.",llama-3.3-70b-versatile
47923,axon terminals or synaptic knob definition,haslam izham whatever cardinals post-production tassafaronga,0.0,"The obfuscated text does not contain any relevant information from the original text, indicating minimal information leakage.",llama-3.3-70b-versatile
47923,axon terminals or synaptic knob definition,poalei triesman - presynaptic vertices abstaining,0.2,"The obfuscated text 'poalei triesman - presynaptic vertices abstaining' still contains the term 'presynaptic', which is related to the original text 'axon terminals or synaptic knob definition'. This suggests some information leakage, but the majority of the text is unrelated, so the score is 0.2",llama-3.3-70b-versatile
47923,axon terminals or synaptic knob definition,axon harry blocks cambios voicu vestron,0.2,"The obfuscated text 'axon harry blocks cambios voicu vestron' still contains the word 'axon' which is present in the original text 'axon terminals or synaptic knob definition', indicating some information leakage. However, the rest of the words are unrelated, suggesting incomplete information leakage.",llama-3.3-70b-versatile
47923,axon terminals or synaptic knob definition,retract azikiwe was synaptic factor fauci,0.4,"The obfuscated text 'retract azikiwe was synaptic factor fauci' still contains the word 'synaptic' which is related to the original text 'axon terminals or synaptic knob definition', indicating some information leakage.",llama-3.3-70b-versatile
47923,axon terminals or synaptic knob definition,13.95 grid intricately synaptic unsurprised pseudotsuga,0.2,"The obfuscated text contains the word 'synaptic' which is also present in the original text, indicating some information leakage. However, the context and other words are completely different, suggesting a low to moderate level of information leakage.",llama-3.3-70b-versatile
47923,axon terminals or synaptic knob definition,axon offices taking glutamate gunsmiths specify,0.6,"The obfuscated text contains the word 'axon' which is also present in the original text, and 'glutamate' which is related to neurotransmission, indicating some information leakage",llama-3.3-70b-versatile
47923,axon terminals or synaptic knob definition,dishonourably terminals tilt waqt chosŏn ferdowsi,0.2,"The obfuscated text contains the word 'terminals' which is also present in the original text, indicating some information leakage. However, the context and surrounding words are completely different, suggesting a low to moderate level of information leakage.",llama-3.3-70b-versatile
47923,axon terminals or synaptic knob definition,microwaved saclant potencial correze amplifiers equations,0.0,The obfuscated text does not contain any relevant information related to the original text 'axon terminals or synaptic knob definition'.,llama-3.3-70b-versatile
87181,causes of left ventricular hypertrophy,nuys 600 southsea ventricular atrous,0.4,"The obfuscated text still contains the words 'ventricular', which is a key term in the original text, indicating some information leakage. However, other key terms like 'left' and 'hypertrophy' are not present, and 'causes' is not present, and 'nuys 600 southsea' and 'atrous' seem unrelated to the original text, indicating incomplete information leakage.",llama-3.3-70b-versatile
87181,causes of left ventricular hypertrophy,unintended almatov barzan precocial t-junction,0.1,"The obfuscated text does not contain any relevant information related to the original text, which is about medical conditions. The words in the obfuscated text seem unrelated to the original text, indicating minimal information leakage.",llama-3.3-70b-versatile
87181,causes of left ventricular hypertrophy,source church carousels ventricular anemic,0.4,"The obfuscated text contains the word 'ventricular' which is also present in the original text, indicating some information leakage. However, the context and surrounding words are completely different, suggesting a moderate level of information leakage.",llama-3.3-70b-versatile
87181,causes of left ventricular hypertrophy,gadir summoned swede urho infarction,0.0,"The obfuscated text does not contain any relevant information related to the original text, which is about the causes of left ventricular hypertrophy. The words in the obfuscated text are unrelated to the original text, indicating no information leakage.",llama-3.3-70b-versatile
87181,causes of left ventricular hypertrophy,capsize may kyrgyzstan melanomas hypertrophy,0.8,"The obfuscated text 'capsize may kyrgyzstan melanomas hypertrophy' still contains the word 'hypertrophy' which is a key term from the original text 'causes of left ventricular hypertrophy', indicating significant information leakage.",llama-3.3-70b-versatile
87181,causes of left ventricular hypertrophy,her step treasures slotting riverwoods,0.1,"The obfuscated text does not contain any relevant information related to the original text, which is about medical conditions. The words in the obfuscated text are unrelated to the original text, indicating minimal information leakage.",llama-3.3-70b-versatile
87181,causes of left ventricular hypertrophy,cause feedback brother u.s.-asean eckerd,0.2,"The obfuscated text 'cause feedback brother u.s.-asean eckerd' still contains the word 'cause' which is related to the original text 'causes of left ventricular hypertrophy', indicating some information leakage.",llama-3.3-70b-versatile
87181,causes of left ventricular hypertrophy,method princess upscale embolism noetherian,0.0,The obfuscated text does not contain any relevant information related to the original text 'causes of left ventricular hypertrophy'.,llama-3.3-70b-versatile
87181,causes of left ventricular hypertrophy,theoretical moderate supporters acumen megat,0.0,The obfuscated text does not contain any relevant information related to the original text 'causes of left ventricular hypertrophy'.,llama-3.3-70b-versatile
87181,causes of left ventricular hypertrophy,discover sliding 6-under trinkl fiberboard,0.0,The obfuscated text does not contain any relevant information related to the original text 'causes of left ventricular hypertrophy'.,llama-3.3-70b-versatile
87452,causes of military suicide,causes favorites pakistan vest,0.4,"The obfuscated text still contains some keywords related to the original text, such as 'causes', which could potentially reveal sensitive information. However, the addition of unrelated words like 'favorites', 'pakistan', and 'vest' reduces the overall information leakage. Therefore, a score of 0.4 is assigned, indicating moderate information leakage.",llama-3.3-70b-versatile
87452,causes of military suicide,schifferstadt 45-point penitentiary infiltrations,0.05,"The obfuscated text 'schifferstadt 45-point penitentiary infiltrations' does not resemble the original text 'causes of military suicide' in any way, indicating a very low information leakage score.",llama-3.3-70b-versatile
87452,causes of military suicide,putrefying up military machete,0.4,"The obfuscated text still contains the word 'military' which is present in the original text, indicating some information leakage. However, the context and other words have been changed, reducing the leakage. The score is 0.4 because 'military' is a significant word in the original text, but the overall meaning has been altered.",llama-3.3-70b-versatile
87452,causes of military suicide,postmenopausal media commanding expressing,0.2,"The obfuscated text 'postmenopausal media commanding expressing' does not convey the same meaning as the original text 'causes of military suicide', but some words like 'commanding' could be related to military context, thus a small information leakage is present",llama-3.3-70b-versatile
87452,causes of military suicide,rupture contingent military killed,0.4,"The obfuscated text 'rupture contingent military killed' still contains the word 'military' which is present in the original text 'causes of military suicide', indicating some information leakage. However, the context and other words have been changed, reducing the leakage. Therefore, a score of 0.4 is assigned.",llama-3.3-70b-versatile
87452,causes of military suicide,brain misogyny soldiers son,0.6,"The obfuscated text still contains the word 'soldiers' and 'son' which is related to 'military' in the original text, indicating some information leakage",llama-3.3-70b-versatile
87452,causes of military suicide,solidarity h. hazing detonated,0.2,The obfuscated text 'solidarity h. hazing detonated' still contains the word 'hazing' which is related to the original text 'causes of military suicide'. This indicates some information leakage.,llama-3.3-70b-versatile
87452,causes of military suicide,lack collector wollaston ghoraniyeh,0.1,"The obfuscated text does not contain any keywords related to the original text, indicating minimal information leakage.",llama-3.3-70b-versatile
87452,causes of military suicide,aggressors raipur veterans died,0.6,"The obfuscated text still contains the word 'veterans' and 'died' which are related to the original text 'causes of military suicide', indicating some information leakage",llama-3.3-70b-versatile
87452,causes of military suicide,bea sewing vehicle vehicle,0.1,"The obfuscated text 'bea sewing vehicle vehicle' does not contain any direct references to the original text 'causes of military suicide', indicating a low information leakage score.",llama-3.3-70b-versatile
104861,cost of interior concrete flooring,costing astrophysicists alliot snuffed 19:54,0.0,"The obfuscated text does not contain any relevant information from the original text, indicating minimal information leakage.",llama-3.3-70b-versatile
104861,cost of interior concrete flooring,wyser the lisboa 13/31 expatriated,0.0,"The obfuscated text does not contain any relevant information from the original text, indicating minimal information leakage.",llama-3.3-70b-versatile
104861,cost of interior concrete flooring,drinking torn nabiel concrete heather,0.3,"The obfuscated text contains the word 'concrete', which is also present in the original text, indicating some information leakage. However, the context and surrounding words are completely different, suggesting a low to moderate level of information leakage.",llama-3.3-70b-versatile
104861,cost of interior concrete flooring,exorbitant richard schrager bedroom birger,0.2,"The obfuscated text 'exorbitant richard schrager bedroom birger' does not contain any relevant information from the original text 'cost of interior concrete flooring', but 'bedroom' is a related concept to 'interior', and 'concrete' is present in one of the previous obfuscations, thus the score is 0.2",llama-3.3-70b-versatile
104861,cost of interior concrete flooring,dnvp stage sahara timbers appliance,0.0,"The obfuscated text does not contain any relevant information from the original text, indicating minimal information leakage.",llama-3.3-70b-versatile
104861,cost of interior concrete flooring,compulsory caring cosenza waiting ridgebacks,0.0,The obfuscated text does not contain any relevant information related to the original text 'cost of interior concrete flooring'.,llama-3.3-70b-versatile
104861,cost of interior concrete flooring,promotion guns timber fresh palisades,0.2,"The obfuscated text does not contain any relevant information from the original text, but 'timber' is related to 'concrete' in the context of flooring materials.",llama-3.3-70b-versatile
104861,cost of interior concrete flooring,improbable 19 palestinian masonry knapping,0.0,The obfuscated text does not contain any relevant information related to the original text 'cost of interior concrete flooring'.,llama-3.3-70b-versatile
104861,cost of interior concrete flooring,22.54 strike department hyleas tutankhamun,0.0,The obfuscated text does not contain any relevant information related to the original text 'cost of interior concrete flooring'.,llama-3.3-70b-versatile
104861,cost of interior concrete flooring,gao canada corrective battleground siga,0.0,The obfuscated text does not contain any relevant information related to the original text 'cost of interior concrete flooring'.,llama-3.3-70b-versatile
1106007,define visceral?,inversion heterotopic,0.2,"The obfuscated text 'inversion heterotopic' does not convey the same meaning as the original text 'define visceral?', thus the score is 0.2",llama-3.3-70b-versatile
1106007,define visceral?,nagpur monthly,0.1,"The obfuscated text 'nagpur monthly' does not seem to be related to the original text 'define visceral?', thus the information leakage is minimal.",llama-3.3-70b-versatile
1106007,define visceral?,berghaus destabilising,0.0,"The obfuscated text 'berghaus destabilising' does not contain any information related to the original text 'define visceral?', thus the score is 0",llama-3.3-70b-versatile
1106007,define visceral?,flamurtari jervolino,0.0,"The obfuscated text 'flamurtari jervolino' does not contain any information related to the original text 'define visceral?', thus the score is 0",llama-3.3-70b-versatile
1106007,define visceral?,relationships 110-meter,0.0,"The obfuscated text 'relationships 110-meter' does not contain any information related to the definition of 'visceral', thus the score is 0",llama-3.3-70b-versatile
1106007,define visceral?,importation junior-m,0.0,"The obfuscated text does not contain any information related to the definition of visceral, so the score is 0",llama-3.3-70b-versatile
1106007,define visceral?,allahu growth,0.1,"The obfuscated text 'allahu growth' does not convey the meaning of the original text 'define visceral?', thus the information leakage is minimal.",llama-3.3-70b-versatile
1106007,define visceral?,act compaoré,0.0,"The obfuscated text 'act compaoré' does not contain any information related to the original text 'define visceral?', thus the score is 0",llama-3.3-70b-versatile
1106007,define visceral?,define pony,0.9,"The obfuscated text 'define pony' is very similar to the original text 'define visceral?', with the only difference being the word 'pony' instead of 'visceral'. This suggests a high level of information leakage, as the obfuscated text still conveys the same intent and meaning as the original text, but with a different term.",llama-3.3-70b-versatile
1106007,define visceral?,aggressiveness yongjiang,0.0,"The obfuscated text 'aggressiveness yongjiang' does not contain any information related to the original text 'define visceral?', thus the score is 0",llama-3.3-70b-versatile
130510,definition declaratory judgment,rolled declaratory baganda,0.5,"The obfuscated text 'rolled declaratory baganda' still contains the word 'declaratory' from the original text 'definition declaratory judgment', indicating some information leakage. However, the words 'definition' and 'judgment' are replaced with 'rolled' and 'baganda', which reduces the information leakage. Therefore, a score of 0.5 is assigned, indicating moderate information leakage.",llama-3.3-70b-versatile
130510,definition declaratory judgment,analog lewinsky integrity,0.2,"The original text 'definition declaratory judgment' and the obfuscated text 'analog lewinsky integrity' have no obvious similarities, indicating minimal information leakage.",llama-3.3-70b-versatile
130510,definition declaratory judgment,conform baranski bangi,0.2,"The obfuscated text 'conform baranski bangi' does not closely resemble the original text 'definition declaratory judgment'. However, 'conform' and 'definition' are somewhat related in meaning, and 'baranski' and 'bangi' do not match 'declaratory' and 'judgment'. Therefore, the score should be relatively low, around 0.2, indicating some minor information leakage due to the partial semantic similarity between 'conform' and 'definition'.",llama-3.3-70b-versatile
130510,definition declaratory judgment,convicts thursdays diocletian,0.1,"The obfuscated text 'convicts thursdays diocletian' does not resemble the original text 'definition declaratory judgment' in any way, indicating a very low information leakage.",llama-3.3-70b-versatile
130510,definition declaratory judgment,shade barisal capture,0.2,"The obfuscated text 'shade barisal capture' does not resemble the original text 'definition declaratory judgment' in any way, indicating a low information leakage score.",llama-3.3-70b-versatile
130510,definition declaratory judgment,diagrammed basinas judgment,0.7,The obfuscated text 'diagrammed basinas judgment' still contains the word 'judgment' which is present in the original text 'definition declaratory judgment'. This indicates a significant information leakage.,llama-3.3-70b-versatile
130510,definition declaratory judgment,price hartman earth-2,0.3,"The obfuscated text 'price hartman earth-2' has some similarity to the original text 'definition declaratory judgment' in that it contains a word that sounds similar to 'judgment', but overall the meaning and most of the words are different, indicating moderate information leakage.",llama-3.3-70b-versatile
130510,definition declaratory judgment,act declaratory going,0.5,"The obfuscated text 'act declaratory going' still contains the word 'declaratory' from the original text 'definition declaratory judgment', indicating some information leakage. However, the other words have been changed, reducing the overall information leakage.",llama-3.3-70b-versatile
130510,definition declaratory judgment,clinal thermography marla,0.7,The obfuscated text 'act declaratory going' still contains the word 'declaratory' which is present in the original text 'definition declaratory judgment'. This indicates a significant information leakage.,llama-3.3-70b-versatile
130510,definition declaratory judgment,differentiability paratrooper invidious,0.2,"The obfuscated text 'differentiability paratrooper invidious' does not contain any of the original words 'definition declaratory judgment', thus the information leakage is minimal.",llama-3.3-70b-versatile
131843,definition of a sigmet,nomenclature thirds seasoned prayers,0.1,"The obfuscated text 'nomenclature thirds seasoned prayers' does not convey the same meaning as the original text 'definition of a sigmet', indicating minimal information leakage.",llama-3.3-70b-versatile
131843,definition of a sigmet,sensibly morneau movie bapu,0.1,"The obfuscated text 'sensibly morneau movie bapu' does not resemble the original text 'definition of a sigmet' in any way, indicating a very low information leakage.",llama-3.3-70b-versatile
131843,definition of a sigmet,videography boyish fist ues,0.2,"The obfuscated text 'videography boyish fist ues' does not convey the same meaning as the original text 'definition of a sigmet', but some words may have similar sounds or prefixes, indicating a small amount of information leakage.",llama-3.3-70b-versatile
131843,definition of a sigmet,roosevelt rocor city raines,0.2,"The obfuscated text 'roosevelt rocor city raines' does not convey the same meaning as the original text 'definition of a sigmet', but some words may have similar sounds or prefixes, indicating a small amount of information leakage.",llama-3.3-70b-versatile
131843,definition of a sigmet,workable tubmex seoul wolodarsky,0.1,"The obfuscated text does not contain any keywords related to the original text, indicating minimal information leakage.",llama-3.3-70b-versatile
131843,definition of a sigmet,sanjak radium 1/4 stratford-upon-avon,0.2,"The obfuscated text 'sanjak radium 1/4 stratford-upon-avon' does not convey the meaning of the original text 'definition of a sigmet', but some words may have similar sounds or prefixes, indicating a small amount of information leakage.",llama-3.3-70b-versatile
131843,definition of a sigmet,that mitt near khaimah,0.0,"The obfuscated text does not contain any relevant information from the original text, indicating minimal information leakage.",llama-3.3-70b-versatile
131843,definition of a sigmet,"100,000-euro caused right krumholz",0.0,"The obfuscated text does not contain any information related to the original text 'definition of a sigmet', which refers to a significant meteorological event. The obfuscated text '100,000-euro caused right krumholz' appears to be unrelated and does not reveal any information about the original text.",llama-3.3-70b-versatile
131843,definition of a sigmet,defines consisted vakhushti leaches,0.2,"The obfuscated text 'defines consisted vakhushti leaches' does not convey the same meaning as the original text 'definition of a sigmet', but it contains the word 'defines' which is related to the concept of definition, thus there is a slight information leakage.",llama-3.3-70b-versatile
131843,definition of a sigmet,smoking elk track taobao,0.0,"The obfuscated text 'smoking elk track taobao' does not contain any information related to the definition of a sigmet, which is a weather advisory issued by meteorological watch offices.",llama-3.3-70b-versatile
146187,difference between a mcdouble and a double cheeseburger,duquette 18 hill counterproliferation grave terrorism don ildstad,0.0,"The obfuscated text does not contain any information related to the original text, which is about the difference between a McDouble and a Double Cheeseburger. The obfuscated text appears to be a jumbled collection of unrelated words, indicating no information leakage.",llama-3.3-70b-versatile
146187,difference between a mcdouble and a double cheeseburger,proper staying a sp declassified sox calmly rachol,0.0,"The obfuscated text does not contain any relevant information from the original text, indicating a low information leakage score.",llama-3.3-70b-versatile
146187,difference between a mcdouble and a double cheeseburger,gauls warships a tce rational full dipped 135mm,0.0,"The obfuscated text does not contain any relevant information from the original text, indicating minimal information leakage.",llama-3.3-70b-versatile
146187,difference between a mcdouble and a double cheeseburger,"multivitamin munoz a siwan trs a zabaleta 6,220",0.0,"The obfuscated text does not contain any relevant information from the original text, indicating no information leakage.",llama-3.3-70b-versatile
146187,difference between a mcdouble and a double cheeseburger,vantone mediated fashion logos proceeds a 85kg sprint,0.0,"The obfuscated text does not contain any relevant information from the original text, indicating no information leakage.",llama-3.3-70b-versatile
146187,difference between a mcdouble and a double cheeseburger,veranke asia a booby-trap behalf renewal whammy seagrams,0.0,"The obfuscated text does not contain any relevant information from the original text, indicating no information leakage.",llama-3.3-70b-versatile
146187,difference between a mcdouble and a double cheeseburger,2 advancement a stethem auditing groups drug cheeseburgers,0.1,"The obfuscated text does not appear to be related to the original text, but the word 'cheeseburgers' is present, which is a key term in the original text. However, the context is completely different, suggesting minimal information leakage.",llama-3.3-70b-versatile
146187,difference between a mcdouble and a double cheeseburger,"devalue times conduct 26,250 rhodes nichols frequent cjtf",0.0,"The obfuscated text does not contain any relevant information from the original text, indicating no information leakage.",llama-3.3-70b-versatile
146187,difference between a mcdouble and a double cheeseburger,equations furthering joint quattrocchi rubin tips bangor beo,0.0,"The obfuscated text does not contain any relevant information from the original text, indicating no information leakage.",llama-3.3-70b-versatile
146187,difference between a mcdouble and a double cheeseburger,slates 6 argument mahomet yongchaiyudh ray davide cheeseburger,0.2,"The obfuscated text contains the word 'cheeseburger' which is also present in the original text, indicating some information leakage",llama-3.3-70b-versatile
148538,difference between rn and bsn,dry tigers rn beats bsn,0.7,"The obfuscated text still contains the original keywords 'rn' and 'bsn', indicating a high level of information leakage. However, the addition of unrelated words 'dry tigers' and 'beats' reduces the leakage slightly.",llama-3.3-70b-versatile
148538,difference between rn and bsn,distinction linemen blanchard pipelines menstrual,0.2,"The obfuscated text does not contain any relevant information from the original text, indicating minimal information leakage.",llama-3.3-70b-versatile
148538,difference between rn and bsn,crossovers striata griffen giambi full-duplex,0.0,"The obfuscated text does not contain any relevant information from the original text, indicating minimal information leakage.",llama-3.3-70b-versatile
148538,difference between rn and bsn,root-finding cha hoovers resolute pompeu,0.1,"The obfuscated text does not contain any relevant information from the original text, indicating minimal information leakage.",llama-3.3-70b-versatile
148538,difference between rn and bsn,fast different mikardo behaviour hd-2,0.2,"The obfuscated text does not contain any relevant information from the original text, but some words are related to the context of the original text, such as 'different'. However, the overall meaning is completely lost.",llama-3.3-70b-versatile
148538,difference between rn and bsn,getafe imports bigha heat carjacking,0.0,"The obfuscated text does not contain any relevant information from the original text, indicating minimal information leakage.",llama-3.3-70b-versatile
148538,difference between rn and bsn,allegiances omo rn alejandro botton,0.2,"The obfuscated text still contains the string 'rn' which is present in the original text, indicating some information leakage.",llama-3.3-70b-versatile
148538,difference between rn and bsn,anthropologist part rn 35 odostomia,0.2,"The obfuscated text still contains the string 'rn' which is present in the original text, indicating some information leakage. However, the context and surrounding words are completely different, reducing the leakage. Score is 0.2 for partial leakage.",llama-3.3-70b-versatile
148538,difference between rn and bsn,14-year population uhf gene 1:0,0.05,"The obfuscated text does not contain any relevant information from the original text, but 'rn' is present in the obfuscated text, hence a small score is given",llama-3.3-70b-versatile
148538,difference between rn and bsn,"rev. 13,000 amphibious restart carbureted",0.0,"The obfuscated text does not contain any relevant information from the original text, thus the information leakage is 0.",llama-3.3-70b-versatile
156493,do goldfish grow,do negroid tipped,0.4,"The obfuscated text 'do negroid tipped' still contains the first word 'do' from the original text 'do goldfish grow', which indicates some information leakage. However, the meaning of the sentence has been altered significantly, suggesting a moderate level of obfuscation.",llama-3.3-70b-versatile
156493,do goldfish grow,fieldwork gasp euro7,0.1,"The obfuscated text 'fieldwork gasp euro7' does not resemble the original text 'do goldfish grow' in any way, indicating a very low information leakage.",llama-3.3-70b-versatile
156493,do goldfish grow,beseech woodbine grow,0.5,"The obfuscated text 'beseech woodbine grow' still contains the word 'grow' from the original text 'do goldfish grow', indicating some information leakage. However, the other words have been changed, reducing the overall information leakage.",llama-3.3-70b-versatile
156493,do goldfish grow,discussing ceiba grows,0.7,"The obfuscated text 'discussing ceiba grows' still conveys the idea of growth, similar to the original text 'do goldfish grow', indicating a significant information leakage. However, the subject 'goldfish' is replaced with 'ceiba', which reduces the leakage. Therefore, a moderate to high score is justified.",llama-3.3-70b-versatile
156493,do goldfish grow,believe caveman doctors,0.2,"The obfuscated text 'believe caveman doctors' does not convey the same meaning as the original text 'do goldfish grow', but it does contain a word 'grow' which is related to the original text, however 'doctors' is unrelated to 'goldfish'. The score is 0.2 because only one word is related.",llama-3.3-70b-versatile
156493,do goldfish grow,"we protoplasmic 1,000,000",0.2,"The obfuscated text 'we protoplasmic 1,000,000' does not convey the same meaning as the original text 'do goldfish grow', but it does contain a number which could potentially be related to the growth of goldfish, however the context is completely different. Therefore, the score is 0.2.",llama-3.3-70b-versatile
156493,do goldfish grow,tatung spit hexachord,0.0,"The obfuscated text 'tatung spit hexachord' does not contain any information related to the original text 'do goldfish grow', so the score is 0",llama-3.3-70b-versatile
156493,do goldfish grow,color chula 1960s,0.0,"The obfuscated text 'color chula 1960s' does not contain any information related to the original text 'do goldfish grow', so the score is 0",llama-3.3-70b-versatile
156493,do goldfish grow,? 800-metre rhubarb,0.0,"The obfuscated text '? 800-metre rhubarb' does not contain any information related to the original text 'do goldfish grow', so the score is 0",llama-3.3-70b-versatile
156493,do goldfish grow,boycie ratio chanachai,0.0,"The obfuscated text 'boycie ratio chanachai' does not contain any information related to the original text 'do goldfish grow', so the score is 0",llama-3.3-70b-versatile
168216,does legionella pneumophila cause pneumonia,impacts legionella carinatus cause gheluvelt,0.4,"The obfuscated text still contains the word 'legionella' which is a key term in the original text, indicating some information leakage. However, the species name 'pneumophila' has been changed to 'carinatus' and 'pneumonia' has been changed to 'gheluvelt', which reduces the information leakage. The score is 0.4, indicating moderate information leakage.",llama-3.3-70b-versatile
168216,does legionella pneumophila cause pneumonia,did ventilation rehme lacked ailments,0.2,"The obfuscated text 'did ventilation rehme lacked ailments' does not convey the same meaning as the original text 'does legionella pneumophila cause pneumonia', but some words are similar in structure, indicating a score of 0.2 for information leakage.",llama-3.3-70b-versatile
168216,does legionella pneumophila cause pneumonia,www.nytsyn.com soaker mugglenet dirty respiratory,0.0,"The obfuscated text does not contain any relevant information about the original text, which is about Legionella pneumophila causing pneumonia. The obfuscated text appears to be a jumbled collection of unrelated words, including a URL, a proper noun, and some general terms. Therefore, the score is 0, indicating no information leakage.",llama-3.3-70b-versatile
168216,does legionella pneumophila cause pneumonia,armor muchness (401) secretary-bird shots-20,0.0,"The obfuscated text does not contain any relevant information related to the original text, indicating minimal information leakage.",llama-3.3-70b-versatile
168216,does legionella pneumophila cause pneumonia,playgear ellet cross-linguistically originate mortality,0.2,"The obfuscated text does not contain any direct information about Legionella pneumophila or pneumonia, but it does mention mortality which could be related to pneumonia. However, the connection is very vague and does not reveal any specific information about the original text.",llama-3.3-70b-versatile
168216,does legionella pneumophila cause pneumonia,does coli fei campaign pneumonia,0.4,"The obfuscated text still contains the word 'pneumonia' and 'does', which are present in the original text, indicating some information leakage. However, the subject 'legionella pneumophila' has been replaced with 'coli fei', which reduces the information leakage. The score is 0.4, reflecting a moderate level of information leakage.",llama-3.3-70b-versatile
168216,does legionella pneumophila cause pneumonia,"does 18,200 jayhawks potential cdc",0.2,"The obfuscated text still contains the word 'does' and 'pneumonia' which are present in the original text, but the context and other words are different, indicating some information leakage.",llama-3.3-70b-versatile
168216,does legionella pneumophila cause pneumonia,gonna toluene tepelena cause stroke,0.1,"The obfuscated text does not contain any relevant information about Legionella pneumophila or pneumonia, indicating minimal information leakage.",llama-3.3-70b-versatile
168216,does legionella pneumophila cause pneumonia,flimsy transgressing topchik cold screws,0.0,"The obfuscated text does not contain any relevant information related to the original text, indicating minimal information leakage.",llama-3.3-70b-versatile
168216,does legionella pneumophila cause pneumonia,covers legionella .475 overcrowded meningitis,0.2,"The obfuscated text still contains the word 'legionella' which is present in the original text, indicating some information leakage. However, the context and other words are different, reducing the leakage. The score is 0.2 because 'legionella' is a key term in the original text and its presence in the obfuscated text reveals some information.",llama-3.3-70b-versatile
182539,example of monotonic function,recollection death gadir multiple,0.0,"The obfuscated text does not contain any information from the original text, indicating no information leakage.",llama-3.3-70b-versatile
182539,example of monotonic function,jobs 30-year monotonic dikgacoi,0.5,"The obfuscated text contains the word 'monotonic' which is also present in the original text, indicating some information leakage.",llama-3.3-70b-versatile
182539,example of monotonic function,children sue gesturing round-robin,0.0,"The obfuscated text does not contain any information from the original text, so the score is 0",llama-3.3-70b-versatile
182539,example of monotonic function,displayed written monotonic adaptive,0.5,"The obfuscated text contains the word 'monotonic' which is also present in the original text, indicating some information leakage.",llama-3.3-70b-versatile
182539,example of monotonic function,spam lacking 1.500 priority,0.0,The obfuscated text does not contain any information related to the original text 'example of monotonic function'.,llama-3.3-70b-versatile
182539,example of monotonic function,based football vedran threats,0.0,The obfuscated text does not contain any information related to the original text 'example of monotonic function'.,llama-3.3-70b-versatile
182539,example of monotonic function,coast expectations algebraic gamaa,0.0,"The obfuscated text does not contain any information from the original text, so the score is 0",llama-3.3-70b-versatile
182539,example of monotonic function,hudood necco floppies hokkien,0.0,The obfuscated text does not contain any information related to the original text 'example of monotonic function'.,llama-3.3-70b-versatile
182539,example of monotonic function,md. congregational triesman order,0.0,The obfuscated text does not contain any information related to the original text 'example of monotonic function'.,llama-3.3-70b-versatile
182539,example of monotonic function,moorhen years separateness function,0.4,"The obfuscated text contains the word 'function' which is also present in the original text, indicating some information leakage.",llama-3.3-70b-versatile
183378,exons definition biology,daniyar adequate ofcom,0.0,"The obfuscated text does not contain any information from the original text, so the score is 0",llama-3.3-70b-versatile
183378,exons definition biology,weissflog movies oral,0.0,"The obfuscated text 'weissflog movies oral' does not contain any information from the original text 'exons definition biology', so the score is 0",llama-3.3-70b-versatile
183378,exons definition biology,beaverkill afgooye biochemistry,0.0,"The obfuscated text 'beaverkill afgooye biochemistry' does not contain any information from the original text 'exons definition biology', so the score is 0",llama-3.3-70b-versatile
183378,exons definition biology,piceance davydov ediacaran,0.0,"The obfuscated text 'piceance davydov ediacaran' does not contain any information from the original text 'exons definition biology', so the score is 0",llama-3.3-70b-versatile
183378,exons definition biology,exons confirmation zumba,0.7,"The obfuscated text 'exons confirmation zumba' still contains the word 'exons' from the original text 'exons definition biology', indicating significant information leakage.",llama-3.3-70b-versatile
183378,exons definition biology,jumbles aspirations gmelin,0.0,"The obfuscated text 'jumbles aspirations gmelin' does not contain any information from the original text 'exons definition biology', so the score is 0",llama-3.3-70b-versatile
183378,exons definition biology,ventura clearly inder,0.2,"The obfuscated text does not contain any of the original words, indicating minimal information leakage.",llama-3.3-70b-versatile
183378,exons definition biology,"8,325 streif steering",0.0,"The obfuscated text '8,325 streif steering' does not contain any information related to the original text 'exons definition biology', so the score is 0",llama-3.3-70b-versatile
183378,exons definition biology,newsweekly predication emeritus,0.0,The obfuscated text does not contain any information related to the original text 'exons definition biology'.,llama-3.3-70b-versatile
183378,exons definition biology,snorre showbiz evolutionary,0.0,"The obfuscated text 'snorre showbiz evolutionary' does not contain any information from the original text 'exons definition biology', so the score is 0",llama-3.3-70b-versatile
207786,how are some sharks warm blooded,cameras hampered czarniecki efficacy hospitality nettles,0.0,"The obfuscated text does not contain any information related to the original text, indicating no information leakage.",llama-3.3-70b-versatile
207786,how are some sharks warm blooded,"about remedies long chimpanzee warm 27,500",0.4,"The obfuscated text still contains the word 'warm' which is present in the original text, indicating some information leakage. However, the context and other words are different, so it's not a complete leakage.",llama-3.3-70b-versatile
207786,how are some sharks warm blooded,magma are himself darlington garden buddle,0.0,"The obfuscated text does not contain any information related to the original text, indicating no information leakage.",llama-3.3-70b-versatile
207786,how are some sharks warm blooded,compromise pirated hillsborough sharks warm cutthroat,0.8,"The obfuscated text contains the word 'sharks' and 'warm', which are present in the original text, indicating a significant information leakage.",llama-3.3-70b-versatile
207786,how are some sharks warm blooded,trial were roberts draskovic gets closers,0.0,"The obfuscated text does not contain any information related to the original text, indicating no information leakage.",llama-3.3-70b-versatile
207786,how are some sharks warm blooded,dot throwers craters lazarus warmed dinosaurian,0.2,"The obfuscated text does not contain any relevant information from the original text, but 'warm' is present in both, indicating some minor information leakage",llama-3.3-70b-versatile
207786,how are some sharks warm blooded,roache tables all rabbitohs rok claw,0.2,"The obfuscated text does not contain any relevant information from the original text, but 'warm' is present in both, indicating some information leakage.",llama-3.3-70b-versatile
207786,how are some sharks warm blooded,arouse hodgson major necrotic extend panmunjom,0.0,"The obfuscated text does not contain any relevant information from the original text, indicating minimal information leakage.",llama-3.3-70b-versatile
207786,how are some sharks warm blooded,"branch people adhamiyah sharks warm 146,000",0.8,"The obfuscated text contains the words 'sharks' and 'warm', which are also present in the original text, indicating a significant information leakage.",llama-3.3-70b-versatile
207786,how are some sharks warm blooded,netscape reimbursing collecting olympiacos slave neanderthal,0.6,"The obfuscated text contains the word 'sharks' and 'warm', which are present in the original text, indicating some information leakage.",llama-3.3-70b-versatile
1133167,how is the weather in jamaica,closed fairbanks notes weather příbram jamaica,0.4,"The obfuscated text still contains the word 'jamaica' which is present in the original text, indicating some information leakage. However, the addition of unrelated words 'closed', 'fairbanks', 'notes', 'weather', and 'příbram' reduces the information leakage. Therefore, a score of 0.4 is assigned, indicating moderate information leakage.",llama-3.3-70b-versatile
1133167,how is the weather in jamaica,examinations from national snowfall their vcu,0.0,"The obfuscated text does not contain any information about the weather in Jamaica, but it does contain the word 'jamaica' which is present in the original text. However, in this case, the obfuscated text is: examinations from national snowfall their vcu, which does not contain 'jamaica' or any relevant information about the weather, thus the score should be low.",llama-3.3-70b-versatile
1133167,how is the weather in jamaica,esas illustrated kilometers milling many euro550,0.0,"The obfuscated text does not contain any information about the weather in Jamaica, but it does contain the word 'jamaica' which is present in the original text. However, in this case, 'jamaica' is not present in the obfuscated text. The obfuscated text seems unrelated to the original text, indicating minimal information leakage.",llama-3.3-70b-versatile
1133167,how is the weather in jamaica,las ruminants heyday attractions capital jamaica,0.4,"The obfuscated text still contains the word 'jamaica' which is present in the original text, indicating some information leakage.",llama-3.3-70b-versatile
1133167,how is the weather in jamaica,skies stopover 90-member offerings lenton antilles,0.4,"The obfuscated text still contains the word 'jamaica' which is present in the original text, indicating some information leakage",llama-3.3-70b-versatile
1133167,how is the weather in jamaica,ett found project causers first-hand jamaica,0.2,"The obfuscated text still contains the word 'jamaica' which is present in the original text, indicating some information leakage.",llama-3.3-70b-versatile
1133167,how is the weather in jamaica,theorie broadcasts adversaries dependent occupation jamaican,0.6,"The obfuscated text still contains the word 'jamaican' which is closely related to 'jamaica', indicating some information leakage",llama-3.3-70b-versatile
1133167,how is the weather in jamaica,girlfriends violation tip info karun 51.18,0.0,"The obfuscated text does not contain any information related to the weather in Jamaica, so the score is 0",llama-3.3-70b-versatile
1133167,how is the weather in jamaica,liked schiavo ensured ptc subcompact brenda,0.0,"The obfuscated text does not contain any information related to the weather in Jamaica, so the score is 0",llama-3.3-70b-versatile
1133167,how is the weather in jamaica,i willing lost conditions nagin tobago,0.2,"The obfuscated text does not contain any information about the weather in Jamaica, but it does contain the word 'jamaica' which is present in the original text. However, 'jamaica' is not sufficient to determine the weather.",llama-3.3-70b-versatile
264014,how long is life cycle of flea,its long wfsb clastic coe compact bitten,0.2,"The obfuscated text does not convey the same meaning as the original text, but some words are similar in length and structure, indicating a small amount of information leakage.",llama-3.3-70b-versatile
264014,how long is life cycle of flea,literary wide lobbying mercurial exceptionally ( 117.65,0.2,"The obfuscated text does not resemble the original text in any way, indicating a high level of obfuscation.",llama-3.3-70b-versatile
264014,how long is life cycle of flea,superheroes contact commercial valkyrie orographic paint dirtying,0.2,"The obfuscated text does not convey the same meaning as the original text, but some words are similar in length or sound, indicating a small amount of information leakage.",llama-3.3-70b-versatile
264014,how long is life cycle of flea,how nitze servicing death lumet federations jalapeno,0.4,"The obfuscated text still contains some similar words and structure to the original text, but with significant changes, indicating moderate information leakage.",llama-3.3-70b-versatile
264014,how long is life cycle of flea,know potentially bābā sedimentary gipsy tapings herbst,0.2,"The obfuscated text does not convey the same meaning as the original text, but some words are similar in length or sound, indicating a small amount of information leakage.",llama-3.3-70b-versatile
264014,how long is life cycle of flea,demands feud does lifebuoy davidian bloodshed canisters,0.1,"The obfuscated text does not retain any meaningful information from the original text, with completely unrelated words being used, thus the score is 0.1",llama-3.3-70b-versatile
264014,how long is life cycle of flea,tried breaks norway redeemed variable cleanse pest,0.2,"The obfuscated text does not convey the same meaning as the original text, but some words are similar in length or sound, indicating a low level of information leakage.",llama-3.3-70b-versatile
264014,how long is life cycle of flea,executives extending pebble testament evolution flux teenage,0.1,"The obfuscated text does not contain any relevant information from the original text, indicating minimal information leakage.",llama-3.3-70b-versatile
264014,how long is life cycle of flea,minutely ballgame smallest brushes cycle newton flea,0.8,"The obfuscated text still contains the word 'flea' and 'cycle', which are present in the original text, indicating a significant information leakage.",llama-3.3-70b-versatile
264014,how long is life cycle of flea,history vietnam proxy repeats runaround garden pulido,0.8,"The obfuscated text still contains the word 'flea' and 'cycle', which are present in the original text, indicating a significant information leakage.",llama-3.3-70b-versatile
359349,how to find the midsegment of a trapezoid,enormous nearer abdulsalam canadian u.n.-backed 6 sleepy huhhot,0.0,"The obfuscated text does not contain any relevant information about the original text, which is about finding the midsegment of a trapezoid. The obfuscated text appears to be a collection of random words, including proper nouns and phrases, that do not relate to the original text in any way.",llama-3.3-70b-versatile
359349,how to find the midsegment of a trapezoid,seminar challenge go beanpot kolan lights telia smajlovic,0.0,"The obfuscated text does not contain any relevant information about the original text, which is about finding the midsegment of a trapezoid. The obfuscated text appears to be a collection of random words, including proper nouns and common words, that do not relate to the original text in any way.",llama-3.3-70b-versatile
359349,how to find the midsegment of a trapezoid,how decides bible faces gusto yard scale eclipsing,0.2,"The obfuscated text does not contain any relevant information about the original text, which is about finding the midsegment of a trapezoid. The words in the obfuscated text are unrelated to geometry or trapezoids.",llama-3.3-70b-versatile
359349,how to find the midsegment of a trapezoid,summariser opportunity atomic award atterbury cbd a nazimova,0.0,"The obfuscated text does not contain any relevant information about the original text, which is about finding the midsegment of a trapezoid. The words in the obfuscated text are unrelated to geometry or trapezoids, indicating no information leakage.",llama-3.3-70b-versatile
359349,how to find the midsegment of a trapezoid,abortion ones opposite-sex audit ca. fashion greenback two-block,0.0,"The obfuscated text does not contain any relevant information related to the original text, which is about finding the midsegment of a trapezoid. The words in the obfuscated text are unrelated to geometry or mathematics, indicating no information leakage.",llama-3.3-70b-versatile
359349,how to find the midsegment of a trapezoid,fee regroup connection wealthier dillsboro ioc a subzone,0.0,"The obfuscated text does not contain any relevant information related to the original text, which is about finding the midsegment of a trapezoid. The obfuscated text appears to be a collection of random words.",llama-3.3-70b-versatile
359349,how to find the midsegment of a trapezoid,how 86-73 rejoice inquiry fredkin surveyors lds trapezoid,0.2,"The obfuscated text contains the word 'trapezoid' which is also present in the original text, indicating some information leakage. However, the rest of the obfuscated text does not seem to be related to the original text, so the leakage is not complete.",llama-3.3-70b-versatile
359349,how to find the midsegment of a trapezoid,pursue pursue aim own jirga anne warring innovatively,0.2,"The obfuscated text does not contain any relevant information about the original text, which is about finding the midsegment of a trapezoid. However, the word 'trapezoid' is present in the obfuscated text, indicating some information leakage.",llama-3.3-70b-versatile
359349,how to find the midsegment of a trapezoid,berlitz association news on punctured descendants transverse peignoir,0.0,"The obfuscated text does not contain any relevant information about the original text, which is about finding the midsegment of a trapezoid. The score is 0 because there is no information leakage.",llama-3.3-70b-versatile
359349,how to find the midsegment of a trapezoid,referees english-language gnaws infrastructure stretching south-west comprehensive 140-million,0.0,"The obfuscated text does not contain any relevant information about the original text, which is about finding the midsegment of a trapezoid. The words in the obfuscated text are unrelated to geometry or trapezoids, indicating no information leakage.",llama-3.3-70b-versatile
1129237,hydrogen is a liquid below what temperature,warshavsky blasphemy handwritten microwave yucatán america nasa,0.0,"The obfuscated text does not contain any information related to the original text, indicating no information leakage.",llama-3.3-70b-versatile
1129237,hydrogen is a liquid below what temperature,haul no potluck rocks below swallow temperature,0.4,"The obfuscated text still contains the word 'temperature' and the phrase 'below', which are present in the original text, indicating some information leakage. However, the context and other words have been changed, reducing the leakage. The score is 0.4, reflecting a moderate level of information leakage.",llama-3.3-70b-versatile
1129237,hydrogen is a liquid below what temperature,spd america extremely cans 307.8 factor phenomena,0.2,"The obfuscated text does not contain any relevant information from the original text, but 'temperature' is present in both, indicating some information leakage.",llama-3.3-70b-versatile
1129237,hydrogen is a liquid below what temperature,zhijian arise first liquid wr inspiration soak,0.2,"The obfuscated text does not contain any relevant information from the original text, but 'liquid' is present in both.",llama-3.3-70b-versatile
1129237,hydrogen is a liquid below what temperature,jams rewarding vehicle rapture usj existence gddr5,0.0,"The obfuscated text does not contain any information related to the original text, which is about the temperature at which hydrogen becomes a liquid. The score is 0 because there is no information leakage.",llama-3.3-70b-versatile
1129237,hydrogen is a liquid below what temperature,hydrogen waterford mcelwee absorb hll mistake monitoring,0.2,"The obfuscated text contains the word 'hydrogen' which is present in the original text, indicating some information leakage. However, the rest of the words are unrelated, reducing the overall leakage score.",llama-3.3-70b-versatile
1129237,hydrogen is a liquid below what temperature,tallil loess brief cooking predecessor helps semi-arid,0.2,"The obfuscated text does not contain any relevant information from the original text, but some words are related to the topic of temperature and physical properties.",llama-3.3-70b-versatile
1129237,hydrogen is a liquid below what temperature,hydrogen is floor bachman shekels francisco jammu,0.2,"The obfuscated text still contains the word 'hydrogen' which is present in the original text, but the rest of the information is completely lost.",llama-3.3-70b-versatile
1129237,hydrogen is a liquid below what temperature,recharge complexity unravel mirror above predicted temperatures,0.2,"The obfuscated text does not contain any information related to the original text, which is about hydrogen being a liquid below a certain temperature. The obfuscated text talks about recharge, complexity, and temperatures, but it does not reveal any information about hydrogen or its state at a specific temperature.",llama-3.3-70b-versatile
1129237,hydrogen is a liquid below what temperature,discoveries measure cielo ink visually labbe eighty-seventh,0.0,"The obfuscated text does not contain any information related to the original text, which is about hydrogen being a liquid below a certain temperature. The obfuscated text seems to be a collection of unrelated words.",llama-3.3-70b-versatile
405717,is cdg airport in main paris,scheduled en-route servants emphasis principal swiss,0.1,"The obfuscated text does not contain any keywords from the original text, indicating a low information leakage score.",llama-3.3-70b-versatile
405717,is cdg airport in main paris,roll-off dagupan airport d'etat providence scheme,0.0,"The obfuscated text does not contain any information from the original text, so the score is 0",llama-3.3-70b-versatile
405717,is cdg airport in main paris,natural skolkovo kalpoe end clock bender,0.0,"The obfuscated text does not contain any relevant information from the original text, indicating minimal information leakage.",llama-3.3-70b-versatile
405717,is cdg airport in main paris,landis hip-hop/r gettysburg studying owenite transatlantic,0.0,"The obfuscated text does not contain any relevant information from the original text, indicating minimal information leakage.",llama-3.3-70b-versatile
405717,is cdg airport in main paris,anecdotes mp-3 ruzyne 1880 sufi annecy,0.0,"The obfuscated text does not contain any relevant information from the original text, indicating minimal information leakage.",llama-3.3-70b-versatile
405717,is cdg airport in main paris,salvator cuman maritime conference suitable suez,0.0,"The obfuscated text does not contain any information related to the original text 'is cdg airport in main paris'. The words in the obfuscated text are unrelated to the original text, indicating no information leakage.",llama-3.3-70b-versatile
405717,is cdg airport in main paris,"term 90,800 airport fourballs min france",0.2,"The obfuscated text does not contain any direct information about the original text 'is cdg airport in main paris', but it does contain the word 'airport' and 'france' which could be related to the original text, thus a small amount of information leakage is present",llama-3.3-70b-versatile
405717,is cdg airport in main paris,49-48 environics heathrow daood capos belgian,0.0,"The obfuscated text does not contain any information related to the original text 'is cdg airport in main paris', so the score is 0",llama-3.3-70b-versatile
405717,is cdg airport in main paris,alīābād-e isenhour franchised deutschlandfunk main gravely,0.0,"The obfuscated text does not contain any information related to the original text 'is cdg airport in main paris'. The words in the obfuscated text are unrelated to the original text, indicating no information leakage.",llama-3.3-70b-versatile
405717,is cdg airport in main paris,potential 450-page airplanes tossed justo 34,0.0,The obfuscated text does not contain any relevant information about the original text 'is cdg airport in main paris'. The words are unrelated and do not provide any context or meaning related to the original text.,llama-3.3-70b-versatile
443396,lps laws definition,kost sumptuary definition,0.4,"The obfuscated text 'kost sumptuary definition' has some similarity to the original text 'lps laws definition', but with significant changes, indicating partial information leakage.",llama-3.3-70b-versatile
443396,lps laws definition,majorities legal polygamy,0.6,"The obfuscated text 'majorities legal polygamy' still conveys the idea of laws and legal concepts, similar to the original text 'lps laws definition'. However, the specific terms and context have been altered, indicating some level of information leakage. The score is 0.6 because while the general topic is preserved, the details are obscured.",llama-3.3-70b-versatile
443396,lps laws definition,skeen laws 1930s,0.4,"The obfuscated text 'skeen laws 1930s' has some similarity to the original text 'lps laws definition', but with significant changes, indicating partial information leakage.",llama-3.3-70b-versatile
443396,lps laws definition,nera servants stroke,0.4,"The obfuscated text 'nera servants stroke' does not convey the same meaning as the original text 'lps laws definition', but some words are similar in sound or structure, indicating a moderate level of information leakage.",llama-3.3-70b-versatile
443396,lps laws definition,woessner law differentials,0.4,"The obfuscated text 'woessner law differentials' has some similarity to the original text 'lps laws definition' but with significant changes, indicating moderate information leakage.",llama-3.3-70b-versatile
443396,lps laws definition,lps copyrights differ,0.4,"The obfuscated text 'lps copyrights differ' still contains the 'lps' from the original text 'lps laws definition', indicating some information leakage. However, the context and meaning have been altered, reducing the leakage. The score is 0.4, reflecting a moderate level of information leakage.",llama-3.3-70b-versatile
443396,lps laws definition,rodilla thelonius explicit,0.1,"The obfuscated text 'rodilla thelonius explicit' does not resemble the original text 'lps laws definition' in any way, indicating a very low information leakage score of 0.1.",llama-3.3-70b-versatile
443396,lps laws definition,tiuna infrastructure reduction,0.2,"The obfuscated text 'tiuna infrastructure reduction' does not convey the same meaning as the original text 'lps laws definition', indicating minimal information leakage.",llama-3.3-70b-versatile
443396,lps laws definition,lps parking definition,0.8,"The obfuscated text 'lps parking definition' is similar to the original text 'lps laws definition' with only the word 'laws' changed to 'parking', indicating a high level of information leakage.",llama-3.3-70b-versatile
443396,lps laws definition,'em laws aztlán,0.4,"The obfuscated text 'em laws aztlán has some similarity to the original text lps laws definition, with both containing the word laws, but the context and meaning are altered, indicating partial information leakage.",llama-3.3-70b-versatile
451602,medicare's definition of mechanical ventilation,o'grady emphasizes founding fastener lugging,0.0,"The obfuscated text does not contain any information from the original text, indicating no information leakage.",llama-3.3-70b-versatile
451602,medicare's definition of mechanical ventilation,gayheart s.p.a. fourth prudent ventilation,0.6,"The obfuscated text 'gayheart s.p.a. fourth prudent ventilation' still contains the word 'ventilation' which is present in the original text 'medicare's definition of mechanical ventilation'. This indicates a significant information leakage, but not complete as other key words are missing or altered. Therefore, the score is 0.6.",llama-3.3-70b-versatile
451602,medicare's definition of mechanical ventilation,etuc defines plenette pump tevye,0.0,"The obfuscated text 'etuc defines plenette pump tevye' does not contain any information related to the original text 'medicare's definition of mechanical ventilation', so the score is 0",llama-3.3-70b-versatile
451602,medicare's definition of mechanical ventilation,scuffs counties part mavis exhaust,0.0,"The obfuscated text does not contain any relevant information from the original text, indicating no information leakage.",llama-3.3-70b-versatile
451602,medicare's definition of mechanical ventilation,cathars asselborn mozdok algardi nordli,0.0,"The obfuscated text does not contain any information related to the original text 'medicare's definition of mechanical ventilation', so the score is 0",llama-3.3-70b-versatile
451602,medicare's definition of mechanical ventilation,arnold oates lies j&k addoum,0.0,"The obfuscated text does not contain any information related to the original text 'medicare's definition of mechanical ventilation', so the score is 0",llama-3.3-70b-versatile
451602,medicare's definition of mechanical ventilation,bunion haustoria credible horseman naseerullah,0.0,"The obfuscated text does not contain any relevant information from the original text, indicating no information leakage.",llama-3.3-70b-versatile
451602,medicare's definition of mechanical ventilation,krippendorf 720p reagan mechanical medium-haul,0.4,"The obfuscated text 'krippendorf 720p reagan mechanical medium-haul' contains the word 'mechanical' which is also present in the original text 'medicare's definition of mechanical ventilation', indicating some information leakage.",llama-3.3-70b-versatile
451602,medicare's definition of mechanical ventilation,lafita 22-yard century jaws restelo,0.0,"The obfuscated text does not contain any relevant information from the original text, indicating minimal information leakage.",llama-3.3-70b-versatile
451602,medicare's definition of mechanical ventilation,markey rajarata attorney preobrazhensky rekers,0.0,"The obfuscated text does not contain any information related to the original text 'medicare's definition of mechanical ventilation', so the score is 0",llama-3.3-70b-versatile
489204,right pelvic pain causes,kannada perpetuate headaches causes,0.0,"The obfuscated text 'kannada perpetuate headaches causes' does not reveal any information about the original text 'right pelvic pain causes', as it discusses a different topic and language, thus the score is 0",llama-3.3-70b-versatile
489204,right pelvic pain causes,want pol-e ceuta cause,0.2,"The obfuscated text 'want pol-e ceuta cause' does not convey the same meaning as the original text 'right pelvic pain causes', indicating minimal information leakage.",llama-3.3-70b-versatile
489204,right pelvic pain causes,fishermen melichar bagga railing,0.0,"The obfuscated text 'fishermen melichar bagga railing' does not contain any information related to the original text 'right pelvic pain causes', indicating no information leakage.",llama-3.3-70b-versatile
489204,right pelvic pain causes,supremacy guangdong morrow purposes,0.1,"The obfuscated text does not contain any relevant information from the original text, indicating minimal information leakage.",llama-3.3-70b-versatile
489204,right pelvic pain causes,olof earlobe yahoo pests,0.0,"The obfuscated text does not contain any relevant information from the original text, indicating minimal information leakage.",llama-3.3-70b-versatile
489204,right pelvic pain causes,axis mri orneriness lebanon,0.1,"The obfuscated text does not contain any relevant information from the original text, indicating minimal information leakage.",llama-3.3-70b-versatile
489204,right pelvic pain causes,stove equinix pain causing,0.8,"The obfuscated text 'stove equinix pain causing' still contains the word 'pain causing' which is similar to the original text 'right pelvic pain causes', indicating a significant information leakage.",llama-3.3-70b-versatile
489204,right pelvic pain causes,almelo anal depressed sideshow,0.2,"The obfuscated text 'almelo anal depressed sideshow' does not convey the same meaning as the original text 'right pelvic pain causes', but it does contain the word 'pain' which is related to the original text, thus the score is 0.2",llama-3.3-70b-versatile
489204,right pelvic pain causes,right pelvic sandeep dumped,0.8,"The obfuscated text 'right pelvic sandeep dumped' still contains the word 'right pelvic' which is present in the original text 'right pelvic pain causes', indicating a significant information leakage.",llama-3.3-70b-versatile
489204,right pelvic pain causes,right pelvic krust mossad,0.8,The obfuscated text 'right pelvic krust mossad' still contains the original keywords 'right pelvic' which indicates a high level of information leakage from the original text to the obfuscated text.,llama-3.3-70b-versatile
490595,rsa definition key,maxaquene specified assembles,0.2,"The obfuscated text does not contain any of the original keywords, indicating minimal information leakage.",llama-3.3-70b-versatile
490595,rsa definition key,651 coordinate key,0.5,"The obfuscated text '651 coordinate key' still contains the word 'key' which is present in the original text 'rsa definition key'. This suggests that some information has been leaked. However, the context and other words have been changed, indicating partial obfuscation. Therefore, the score is 0.5.",llama-3.3-70b-versatile
490595,rsa definition key,matthieu neon zhongbo,0.0,"The obfuscated text 'matthieu neon zhongbo' does not contain any information from the original text 'rsa definition key', so the score is 0",llama-3.3-70b-versatile
490595,rsa definition key,cookham zuo runnicles,0.0,The obfuscated text does not contain any information from the original text.,llama-3.3-70b-versatile
490595,rsa definition key,convolution npc strategic,0.0,The obfuscated text does not contain any information from the original text.,llama-3.3-70b-versatile
490595,rsa definition key,saraband coverage potentially,0.0,The obfuscated text does not contain any information from the original text.,llama-3.3-70b-versatile
490595,rsa definition key,pseudonyms espouse point,0.0,"The obfuscated text does not contain any information from the original text, so the score is 0",llama-3.3-70b-versatile
490595,rsa definition key,stegner contraception fallujah,0.0,The obfuscated text does not contain any information related to the original text 'rsa definition key'.,llama-3.3-70b-versatile
490595,rsa definition key,rsa furrow aimed,0.8,"The obfuscated text 'rsa furrow aimed' still contains the keyword 'rsa' which is present in the original text 'rsa definition key', indicating a significant information leakage.",llama-3.3-70b-versatile
490595,rsa definition key,garnishing estimation debate,0.5,"The obfuscated text 'rsa furrow aimed' still contains the keyword 'rsa' which is present in the original text, indicating some information leakage.",llama-3.3-70b-versatile
1124210,tracheids are part of _____.,blood-related are hanko traffic cdl,0.0,"The obfuscated text does not contain any relevant information from the original text, indicating a low information leakage score.",llama-3.3-70b-versatile
1124210,tracheids are part of _____.,hodoud politically split terabytes portnoy,0.0,"The obfuscated text does not contain any relevant information from the original text, indicating a low information leakage score.",llama-3.3-70b-versatile
1124210,tracheids are part of _____.,pows students nandor loch oceanographer,0.0,"The obfuscated text does not contain any relevant information from the original text, indicating a low information leakage score.",llama-3.3-70b-versatile
1124210,tracheids are part of _____.,praslin occasionally landowska chemotherapeutic eurotop,0.0,"The obfuscated text does not contain any relevant information related to the original text, indicating minimal information leakage.",llama-3.3-70b-versatile
1124210,tracheids are part of _____.,conall avenue destination earlier continuo,0.0,"The obfuscated text does not contain any relevant information related to the original text, indicating minimal information leakage.",llama-3.3-70b-versatile
1124210,tracheids are part of _____.,astc forward berlin of 45.08,0.0,"The obfuscated text does not contain any relevant information related to the original text, indicating minimal information leakage.",llama-3.3-70b-versatile
1124210,tracheids are part of _____.,phule 1760 cox consultative exhange,0.0,"The obfuscated text does not contain any relevant information related to the original text, indicating minimal information leakage.",llama-3.3-70b-versatile
1124210,tracheids are part of _____.,fontaine administration pays populous subtree,0.0,"The obfuscated text does not contain any relevant information related to the original text, indicating minimal information leakage.",llama-3.3-70b-versatile
1124210,tracheids are part of _____.,aaha 88-80 mofaz leo beer,0.0,"The obfuscated text does not contain any relevant information from the original text, indicating no information leakage.",llama-3.3-70b-versatile
1124210,tracheids are part of _____.,admiralties closest lineup jews quantum,0.0,"The obfuscated text does not contain any relevant information related to the original text, which is about tracheids. The words in the obfuscated text are unrelated to the topic of tracheids, indicating no information leakage.",llama-3.3-70b-versatile
527433,types of dysarthria from cerebral palsy,enjoyment 1980s topeng monument infarction cerebral,0.2,"The obfuscated text contains the word 'cerebral' which is related to the original text 'cerebral palsy', indicating some information leakage. However, the rest of the obfuscated text is unrelated to the original text, resulting in a partial information leakage.",llama-3.3-70b-versatile
527433,types of dysarthria from cerebral palsy,"franchises scotland sawai adriatic jocelyn 616,000",0.0,"The obfuscated text does not contain any relevant information from the original text, indicating minimal information leakage.",llama-3.3-70b-versatile
527433,types of dysarthria from cerebral palsy,centaurea refco thelwall from rwandan stunted,0.0,"The obfuscated text does not contain any relevant information from the original text, indicating minimal information leakage.",llama-3.3-70b-versatile
527433,types of dysarthria from cerebral palsy,fundamental tranche campozano anbar sugarplum piasa,0.0,"The obfuscated text does not contain any relevant information from the original text, indicating minimal information leakage.",llama-3.3-70b-versatile
527433,types of dysarthria from cerebral palsy,mohareb b kumbakonam ecosystem slumdog stimac,0.0,"The obfuscated text does not contain any relevant information from the original text, indicating minimal information leakage.",llama-3.3-70b-versatile
527433,types of dysarthria from cerebral palsy,daniele lessen folgate orman d'azur consolidated,0.0,"The obfuscated text does not contain any relevant information related to the original text, which is about types of dysarthria from cerebral palsy. The obfuscated text appears to be a collection of unrelated words, indicating minimal information leakage.",llama-3.3-70b-versatile
527433,types of dysarthria from cerebral palsy,problems rigors yingde from cerebral petrucci,0.2,"The obfuscated text contains the word 'cerebral' which is also present in the original text, indicating some information leakage. However, the context and other words are completely different, suggesting minimal information leakage.",llama-3.3-70b-versatile
527433,types of dysarthria from cerebral palsy,these inducted floribunda italy cortex palsy,0.6,"The obfuscated text contains the words 'cortex' and 'palsy', which are related to the original text 'types of dysarthria from cerebral palsy', indicating some information leakage.",llama-3.3-70b-versatile
527433,types of dysarthria from cerebral palsy,original overthrowing l'enfant beating restful hander,0.4,"The obfuscated text does not contain any direct information about the original text 'types of dysarthria from cerebral palsy', but it does contain the word 'cerebral' and 'palsy' which are present in the original text, indicating some information leakage.",llama-3.3-70b-versatile
527433,types of dysarthria from cerebral palsy,909 40 ataxia joop masina citc,0.2,"The obfuscated text does not contain any relevant information from the original text, but 'cerebral' and 'palsy' are present in some of the obfuscated texts provided, indicating a slight information leakage.",llama-3.3-70b-versatile
573724,what are the social determinants of health,lessons hound mishap social sororities plucked august,0.2,"The obfuscated text appears to be a jumbled collection of words, but the word 'social' is still present, which is a key term from the original text. This suggests that there is some information leakage, but it is not complete. The score is set to 0.2 to reflect this partial leakage.",llama-3.3-70b-versatile
573724,what are the social determinants of health,clean plants kalatozov franco-prussian multivitamins netanyahu identify,0.1,"The obfuscated text does not contain any of the key words from the original text, such as 'social', 'determinants', or 'health', indicating a low level of information leakage.",llama-3.3-70b-versatile
573724,what are the social determinants of health,woodpecker dozen solidere prescott harshad testimony disadvantaged,0.1,"The obfuscated text does not contain any of the key words from the original text, such as 'social', 'determinants', or 'health', indicating a low information leakage score.",llama-3.3-70b-versatile
573724,what are the social determinants of health,croasdale guru staff social neagoe college health,0.7,"The obfuscated text contains the words 'social' and 'health', which are also present in the original text, indicating a significant information leakage.",llama-3.3-70b-versatile
573724,what are the social determinants of health,container damarcus the zdf swamped quality hotpants,0.0,"The obfuscated text does not contain any relevant information related to the original text, except for some unrelated words.",llama-3.3-70b-versatile
573724,what are the social determinants of health,what macnicol swedes social cristoforo stars fatemi,0.2,"The obfuscated text contains the word 'social' which is also present in the original text, indicating some information leakage. However, the context and other words are completely different, suggesting a low level of information leakage.",llama-3.3-70b-versatile
573724,what are the social determinants of health,conducted robots airspace livelihood luizao spotted developed,0.1,"The obfuscated text does not contain any relevant information related to the original text, which is about the social determinants of health. However, some words like 'social' are present, but they are not in the correct context, thus the information leakage is minimal.",llama-3.3-70b-versatile
573724,what are the social determinants of health,fragmented subsumed customers challenges estemirova of hotline,0.2,"The obfuscated text does not contain any relevant information related to the original text, which is about the social determinants of health. However, some words like 'social' appear in the obfuscated text, but they are not in the same context as the original text.",llama-3.3-70b-versatile
573724,what are the social determinants of health,lebanon played-off family powerful tongmenghui organizers dhhs,0.0,"The obfuscated text does not contain any relevant information related to the original text, which is about the social determinants of health. The score is 0 because there is no information leakage.",llama-3.3-70b-versatile
573724,what are the social determinants of health,vindication arranger debris about lakernote fragments blancornelas,0.0,"The obfuscated text does not contain any relevant information related to the original text, which is about the social determinants of health. The words in the obfuscated text are unrelated to the original text, indicating no information leakage.",llama-3.3-70b-versatile
1121709,what are the three percenters?,onkar bikes nagaiah hunted pathom,0.1,"The obfuscated text does not contain any recognizable words or phrases from the original text, indicating a low information leakage score.",llama-3.3-70b-versatile
1121709,what are the three percenters?,department bluffs vaccine 5-2 ahi,0.0,"The obfuscated text does not contain any relevant information about the original text, which is 'what are the three percenters?', so the score is 0",llama-3.3-70b-versatile
1121709,what are the three percenters?,madd figures the frightening iif,0.1,"The obfuscated text does not contain any recognizable keywords or phrases related to the original text, indicating a low level of information leakage.",llama-3.3-70b-versatile
1121709,what are the three percenters?,clamped panama robin sanctioned matvey,0.1,"The obfuscated text does not contain any recognizable words or phrases related to the original text, indicating a low information leakage score.",llama-3.3-70b-versatile
1121709,what are the three percenters?,comment representatives rome graduates kyte,0.1,"The obfuscated text does not contain any recognizable keywords or phrases related to the original text, indicating a low level of information leakage.",llama-3.3-70b-versatile
1121709,what are the three percenters?,tending malls cartulary ten koffman,0.1,"The obfuscated text does not contain any recognizable words or phrases related to the original text, indicating a high level of obfuscation.",llama-3.3-70b-versatile
1121709,what are the three percenters?,best are occassional five visit,0.0,"The obfuscated text does not contain any relevant information about the original text 'what are the three percenters?', so the score is 0",llama-3.3-70b-versatile
1121709,what are the three percenters?,exercise attacks fighting champions alvaro,0.0,"The obfuscated text does not contain any relevant information about the original text 'what are the three percenters?', so the score is 0",llama-3.3-70b-versatile
1121709,what are the three percenters?,bubble movies embassy contract metrovick,0.0,"The obfuscated text does not contain any relevant information about the original text 'what are the three percenters?', so the score is 0",llama-3.3-70b-versatile
1121709,what are the three percenters?,manipulated are telegraphic suits aibo,0.0,"The obfuscated text does not contain any relevant information about the three percenters, so the score is 0",llama-3.3-70b-versatile
1121402,what can contour plowing reduce,piece lifters intuition maneuver podujevo,0.1,"The obfuscated text does not contain any recognizable words or phrases from the original text, indicating a low information leakage score.",llama-3.3-70b-versatile
1121402,what can contour plowing reduce,think kc-767 comfort beadwork dorothea,0.0,"The obfuscated text does not contain any relevant information from the original text, indicating minimal information leakage.",llama-3.3-70b-versatile
1121402,what can contour plowing reduce,promoter him simca ploughing hotspots,0.4,"The obfuscated text 'promoter him simca ploughing hotspots' still contains the word 'ploughing' which is related to the original text 'what can contour plowing reduce', indicating some information leakage. However, the context and other words are completely different, suggesting a moderate level of information leakage.",llama-3.3-70b-versatile
1121402,what can contour plowing reduce,unfortunate we kikuchi peja strive,0.1,"The obfuscated text does not contain any relevant information from the original text, indicating minimal information leakage.",llama-3.3-70b-versatile
1121402,what can contour plowing reduce,agree domain contour immigrate esbjerg,0.5,"The obfuscated text 'agree domain contour immigrate esbjerg' still contains the word 'contour' which is present in the original text 'what can contour plowing reduce', indicating some information leakage.",llama-3.3-70b-versatile
1121402,what can contour plowing reduce,wrong work jelavic nominee incentives,0.2,"The obfuscated text 'agree domain contour immigrate esbjerg' still contains the word 'contour' which is present in the original text 'what can contour plowing reduce'. This suggests that some information from the original text has been preserved in the obfuscated text, but the meaning and context have been altered significantly. Therefore, the score is 0.2",llama-3.3-70b-versatile
1121402,what can contour plowing reduce,kids tricks backless mangold dheim,0.2,"The obfuscated text does not contain any relevant information from the original text, but one of the words 'contour' is present in the obfuscated text 'agree domain contour immigrate esbjerg', which is related to the original text 'what can contour plowing reduce'. However, the word 'contour' in the obfuscated text does not provide any meaningful information about the original text. Therefore, the score is 0.2.",llama-3.3-70b-versatile
1121402,what can contour plowing reduce,apollinaris contact sensi laramie smoothe,0.0,"The obfuscated text does not contain any relevant information from the original text, so the score is 0",llama-3.3-70b-versatile
1121402,what can contour plowing reduce,think regain biogeochemical exchanges narrowed,0.2,"The obfuscated text does not contain any relevant information from the original text, but some words seem to be related to the topic of contour plowing, such as 'contour' in 'agree domain contour immigrate esbjerg' and 'ploughing' in 'promoter him simca ploughing hotspots'. However, the overall meaning is completely different and no actual information is leaked.",llama-3.3-70b-versatile
1121402,what can contour plowing reduce,homage protected unappreciative plowing chairperson,0.5,"The obfuscated text contains the word 'plowing' which is also present in the original text, indicating some information leakage.",llama-3.3-70b-versatile
1117099,what is a active margin,acceptable pilasters military active jyvaskyla,0.2,"The obfuscated text contains the word 'active' which is also present in the original text, indicating some information leakage. However, the rest of the words in the obfuscated text are unrelated to the original text, reducing the overall information leakage.",llama-3.3-70b-versatile
1117099,what is a active margin,overheated divorce countercurrent anglican margin,0.8,"The obfuscated text contains the word 'margin' which is also present in the original text, and 'active' is also present in the original text, indicating a significant information leakage",llama-3.3-70b-versatile
1117099,what is a active margin,oh is simple osaka margin,0.4,"The obfuscated text 'oh is simple osaka margin' still contains the word 'margin' from the original text 'what is a active margin', indicating some information leakage. However, the context and other words have been changed, reducing the leakage. The score is 0.4, reflecting a moderate level of information leakage.",llama-3.3-70b-versatile
1117099,what is a active margin,clump opinionated mark pepper jīng,0.2,"The obfuscated text 'clump opinionated mark pepper jīng' does not contain any words related to the original text 'what is a active margin', indicating minimal information leakage.",llama-3.3-70b-versatile
1117099,what is a active margin,more is a introduction maneuvers,0.2,"The obfuscated text 'more is a introduction maneuvers' still contains the word 'is' and 'a' which are present in the original text 'what is a active margin', indicating some information leakage. However, the meaning and context are completely changed, so the leakage is not complete.",llama-3.3-70b-versatile
1117099,what is a active margin,staring 2311 a mainz anjo,0.1,"The obfuscated text 'staring 2311 a mainz anjo' does not contain any words related to the original text 'what is a active margin', indicating minimal information leakage.",llama-3.3-70b-versatile
1117099,what is a active margin,energy supporting a arbitration pedigree,0.1,"The obfuscated text 'energy supporting a arbitration pedigree' does not contain any of the key words from the original text 'what is a active margin', thus the information leakage is minimal.",llama-3.3-70b-versatile
1117099,what is a active margin,semperoper north strategic 1929 margin,0.2,"The obfuscated text 'semperoper north strategic 1929 margin' still contains the word 'margin' which is present in the original text, indicating some information leakage.",llama-3.3-70b-versatile
1117099,what is a active margin,cohen haulers prowler creative kazadi,0.0,"The obfuscated text 'cohen haulers prowler creative kazadi' does not contain any words related to the original text 'what is a active margin', so the information leakage is 0",llama-3.3-70b-versatile
1117099,what is a active margin,popcorn industria competitors irreverently margin,0.8,"The obfuscated text 'popcorn industria competitors irreverently margin' still contains the word 'margin' which is present in the original text 'what is a active margin'. This indicates a significant information leakage, hence the score is 0.8",llama-3.3-70b-versatile
1115776,what is an aml surveillance analyst,maazel objection 11-game neuhaus surveillance kryuchenkov,0.4,"The obfuscated text does not convey the same meaning as the original text, but some keywords like 'surveillance' are still present, indicating partial information leakage.",llama-3.3-70b-versatile
1115776,what is an aml surveillance analyst,strategy skaryna judge gruta wiretapping coverage,0.4,"The obfuscated text 'strategy skaryna judge gruta wiretapping coverage' does not reveal any direct information about the original text 'what is an aml surveillance analyst', but it does contain the word 'wiretapping' and 'surveillance' which are related to the field of surveillance, thus indicating a partial information leakage",llama-3.3-70b-versatile
1115776,what is an aml surveillance analyst,french comprehensive reif dhow h.w. mchenry,0.1,"The obfuscated text does not contain any keywords related to the original text, indicating minimal information leakage.",llama-3.3-70b-versatile
1115776,what is an aml surveillance analyst,i arizona an neumannova multi analyst,0.4,"The obfuscated text 'i arizona an neumannova multi analyst' still contains the word 'analyst' which is present in the original text 'what is an aml surveillance analyst', indicating some information leakage. However, other key words like 'aml' and 'surveillance' are not present, reducing the leakage. Score is 0.4 for partial leakage.",llama-3.3-70b-versatile
1115776,what is an aml surveillance analyst,schirmer league vermont muzio -55 orenbuch,0.1,"The obfuscated text does not contain any relevant information from the original text, indicating minimal information leakage.",llama-3.3-70b-versatile
1115776,what is an aml surveillance analyst,forgot natural an small-to-medium serbo-croatian analyst,0.2,"The obfuscated text 'forgot natural an small-to-medium serbo-croatian analyst' still contains the word 'analyst' which is present in the original text 'what is an aml surveillance analyst', indicating some information leakage. However, the context and other words are completely different, suggesting a low to moderate level of information leakage.",llama-3.3-70b-versatile
1115776,what is an aml surveillance analyst,crowd communicate an powerups surveillance commentary,0.2,"The obfuscated text does not contain any relevant information from the original text, but some words are related to the context of surveillance and analysis.",llama-3.3-70b-versatile
1115776,what is an aml surveillance analyst,contraction pokora focusing exacerbation epidemiologist securities,0.0,"The obfuscated text does not contain any relevant information related to the original text, which is 'what is an aml surveillance analyst'. The words in the obfuscated text are unrelated to the original text, indicating no information leakage.",llama-3.3-70b-versatile
1115776,what is an aml surveillance analyst,angrily u xinhua wittingly swarm glickenhaus,0.0,"The obfuscated text does not contain any relevant information related to the original text, which is about an AML surveillance analyst. The words in the obfuscated text are unrelated to the original text, indicating no information leakage.",llama-3.3-70b-versatile
1115776,what is an aml surveillance analyst,aggressors closely an aml fences analyst,0.6,"The obfuscated text still contains the term 'aml' and 'analyst' which are present in the original text, indicating some information leakage",llama-3.3-70b-versatile
1114819,what is durable medical equipment consist of,administering is cathine trauma equipment fluxes counties,0.4,"The obfuscated text does not convey the same meaning as the original text, but some words are similar, indicating a moderate level of information leakage.",llama-3.3-70b-versatile
1114819,what is durable medical equipment consist of,fuss tsukahara uncommonly medical batteries all-boys were,0.2,"The obfuscated text does not convey the same meaning as the original text, but it does contain the word 'medical', which is a key term in the original text. However, the context and other words are completely different, indicating a significant level of obfuscation.",llama-3.3-70b-versatile
1114819,what is durable medical equipment consist of,amenities boon category cardiac samples plus jdlouhy,0.2,"The obfuscated text does not convey the same meaning as the original text, but some words like 'medical' are still present, indicating partial information leakage.",llama-3.3-70b-versatile
1114819,what is durable medical equipment consist of,clear good havent detention noire reprehensibility model,0.1,"The obfuscated text does not contain any relevant information from the original text, indicating minimal information leakage.",llama-3.3-70b-versatile
1114819,what is durable medical equipment consist of,objectionable $ topex clinic gelded minehead erected,0.1,"The obfuscated text does not contain any relevant information from the original text, indicating minimal information leakage.",llama-3.3-70b-versatile
1114819,what is durable medical equipment consist of,wants afrique fragrances sindh recreational centennial navigator,0.0,"The obfuscated text does not contain any relevant information from the original text, indicating minimal information leakage.",llama-3.3-70b-versatile
1114819,what is durable medical equipment consist of,"kordell an disproven en-suite equipments vowels 19,040",0.1,"The obfuscated text does not contain any relevant information from the original text, indicating minimal information leakage.",llama-3.3-70b-versatile
1114819,what is durable medical equipment consist of,responsibility shiva durable burman radiation stanzas size,0.2,"The obfuscated text contains the word 'durable', which is also present in the original text, indicating some information leakage. However, the context and other words are completely different, suggesting that the leakage is not complete.",llama-3.3-70b-versatile
1114819,what is durable medical equipment consist of,sintashta august wanja obtaining rearguards collars iraqi,0.2,"The obfuscated text does not contain any relevant information from the original text, but the word 'durable' is present in both, indicating a slight information leakage.",llama-3.3-70b-versatile
1114819,what is durable medical equipment consist of,cap dusek photokina diagnostic remove udyog three-star,0.2,"The obfuscated text does not contain any relevant information from the original text, but the word 'durable' is present in the obfuscated text, which is also present in the original text. However, the context is completely different.",llama-3.3-70b-versatile
1114646,what is famvir prescribed for,hamdan beneath underachiever limit tucker,0.0,"The obfuscated text does not contain any relevant information from the original text, indicating no information leakage.",llama-3.3-70b-versatile
1114646,what is famvir prescribed for,judged separated tenco amd loved,0.1,"The obfuscated text does not contain any relevant information from the original text, indicating minimal information leakage.",llama-3.3-70b-versatile
1114646,what is famvir prescribed for,150-200 marwaris bingenheimer accesses relative,0.0,"The obfuscated text does not contain any relevant information related to the original text, which is about the prescription of Famvir. The obfuscated text appears to be a jumbled collection of unrelated words.",llama-3.3-70b-versatile
1114646,what is famvir prescribed for,critics al-walid famvir prescribing over,0.8,"The obfuscated text contains the word 'famvir' which is also present in the original text, indicating a high level of information leakage.",llama-3.3-70b-versatile
1114646,what is famvir prescribed for,arthritic tyndale boardrooms syllabus divine,0.0,"The obfuscated text does not contain any relevant information about the original text, which is about the prescription of Famvir. The words in the obfuscated text are unrelated to the original text, indicating minimal information leakage.",llama-3.3-70b-versatile
1114646,what is famvir prescribed for,sense coral d'indy berlalu nickel,0.0,"The obfuscated text does not contain any relevant information about the original text, which is 'what is famvir prescribed for'. The obfuscated text appears to be a collection of unrelated words, indicating minimal information leakage.",llama-3.3-70b-versatile
1114646,what is famvir prescribed for,book woman succinyl-coa 191-member woo,0.0,"The obfuscated text does not contain any relevant information about the original text 'what is famvir prescribed for'. The words in the obfuscated text are unrelated to the original text, indicating minimal information leakage.",llama-3.3-70b-versatile
1114646,what is famvir prescribed for,pleasure infringement diqing plečnik supplemental,0.0,"The obfuscated text does not contain any relevant information about the original text 'what is famvir prescribed for'. The words in the obfuscated text are unrelated to the original text, indicating no information leakage.",llama-3.3-70b-versatile
1114646,what is famvir prescribed for,washoe gravel domodedovo slatin hold,0.0,"The obfuscated text does not contain any relevant information about the original text 'what is famvir prescribed for'. The words in the obfuscated text are unrelated to the original text, indicating no information leakage.",llama-3.3-70b-versatile
1114646,what is famvir prescribed for,impressions 's tensta medications meals,0.2,The obfuscated text does not contain any relevant information about the original text 'what is famvir prescribed for'.,llama-3.3-70b-versatile
1113437,what is physical description of spruce,profound ouattara physical front-office ethiopia schwarzkopf,0.4,"The obfuscated text does not convey the same meaning as the original text, but some words are similar, indicating a moderate level of information leakage.",llama-3.3-70b-versatile
1113437,what is physical description of spruce,anti deity love tábor closest residencies,0.1,"The obfuscated text does not contain any information related to the physical description of spruce, indicating a low information leakage score.",llama-3.3-70b-versatile
1113437,what is physical description of spruce,carpinteria illich three-dimensional sisavat detailed sitka,0.0,"The obfuscated text does not contain any relevant information about the physical description of spruce, so the score is 0",llama-3.3-70b-versatile
1113437,what is physical description of spruce,what impervious akuma zilog periods macaroni,0.1,"The obfuscated text does not contain any information related to the physical description of spruce, indicating a low information leakage score.",llama-3.3-70b-versatile
1113437,what is physical description of spruce,observed this hereditary orcs dumfries stumpel,0.0,"The obfuscated text does not contain any relevant information about the physical description of spruce, and the words used are unrelated to the original text.",llama-3.3-70b-versatile
1113437,what is physical description of spruce,reporting politics antigravity fiend `` geula,0.0,"The obfuscated text does not contain any information related to the physical description of spruce, and the words used are unrelated to the original text.",llama-3.3-70b-versatile
1113437,what is physical description of spruce,shahjalal chatterjee hair teschen ratification hetland,0.0,"The obfuscated text does not contain any information related to the physical description of spruce, so the score is 0",llama-3.3-70b-versatile
1113437,what is physical description of spruce,offices futuristic criticised openly solemn linder,0.0,"The obfuscated text does not contain any information related to the physical description of spruce, so the score is 0",llama-3.3-70b-versatile
1113437,what is physical description of spruce,pursue rationing n’t ranged timbers sawmill,0.0,"The obfuscated text does not contain any information related to the physical description of spruce, and the words are completely unrelated to the original text.",llama-3.3-70b-versatile
1113437,what is physical description of spruce,"variant true lose understanding 2,000-year eatons",0.0,"The obfuscated text does not contain any information related to the physical description of spruce, and the words are completely unrelated to the original text.",llama-3.3-70b-versatile
1112341,what is the daily life of thai people,never censor footbridge zeitung nomura initial cambodian left,0.0,"The obfuscated text does not contain any information related to the daily life of Thai people, indicating a low information leakage score.",llama-3.3-70b-versatile
1112341,what is the daily life of thai people,58-40 depends studded hunger pigeons assembled thai scariest,0.2,"The obfuscated text contains the word 'thai', which is also present in the original text, indicating some information leakage. However, the context and meaning of the original text are not preserved, so the leakage is not complete.",llama-3.3-70b-versatile
1112341,what is the daily life of thai people,bertelsmann difficult nobody cycle sabbatical scandal thailand people,0.8,"The obfuscated text contains the word 'thailand' and 'people', which are closely related to the original text 'what is the daily life of thai people'. This suggests a significant information leakage.",llama-3.3-70b-versatile
1112341,what is the daily life of thai people,unfortunate task wackenhut sportski upbringing television-equipped airlines island,0.2,"The obfuscated text does not reveal any information about the daily life of Thai people, but it does contain the word 'thailand' which is related to the original text.",llama-3.3-70b-versatile
1112341,what is the daily life of thai people,still borek citations 1:39 lives of saurashtra innocence,0.2,"The obfuscated text does not reveal any information about the daily life of Thai people, but it does contain the word 'thailand' which is related to the original text",llama-3.3-70b-versatile
1112341,what is the daily life of thai people,room assaulting severity untold comfortable sierra thailand trapped,0.2,"The obfuscated text contains the word 'thailand', which is related to the original text 'what is the daily life of thai people'. This indicates some information leakage.",llama-3.3-70b-versatile
1112341,what is the daily life of thai people,it only class daily turbulent process phnom adoptive,0.4,"The obfuscated text contains the word 'thailand' and 'daily' which are related to the original text 'what is the daily life of thai people', indicating some information leakage.",llama-3.3-70b-versatile
1112341,what is the daily life of thai people,subtle noise niamh daily romance 2010 thai campos,0.4,"The obfuscated text contains the word 'thai' and 'daily', which are also present in the original text, indicating some information leakage.",llama-3.3-70b-versatile
1112341,what is the daily life of thai people,"fake motivation rendition voz replenishment hope 1,524 richmond",0.2,"The obfuscated text does not contain any relevant information about the daily life of Thai people, but it does contain the word 'thai' which could be related to the topic, however the context is unclear.",llama-3.3-70b-versatile
1112341,what is the daily life of thai people,situation is southeast daily gene race wen mogadishu,0.4,"The obfuscated text contains the word 'daily' which is also present in the original text, and 'southeast' which could be related to Thailand, indicating some information leakage",llama-3.3-70b-versatile
833860,what is the most popular food in switzerland,criterion gated dependence circles hupa u.n. spread switzerland,0.4,"The obfuscated text still contains the word 'switzerland', which is a key piece of information from the original text, indicating some information leakage. However, the rest of the text is heavily obfuscated, suggesting a moderate level of information protection.",llama-3.3-70b-versatile
833860,what is the most popular food in switzerland,marketing lott nadler accolade variety 2004 happened swiss,0.4,"The obfuscated text still contains the word 'swiss' which is related to 'switzerland' in the original text, indicating some information leakage. However, the context and other words are completely different, suggesting a moderate level of information leakage.",llama-3.3-70b-versatile
833860,what is the most popular food in switzerland,lot clause newspapers six-day romances food gene lyon,0.4,"The obfuscated text still contains the word 'food' and 'switzerland' is not present but 'swiss' is present in one of the obfuscated texts, indicating some information leakage",llama-3.3-70b-versatile
833860,what is the most popular food in switzerland,about entirely baronial performer kitesurfing cipriani disaster merci,0.0,"The obfuscated text does not contain any relevant information about the original text, which is about the most popular food in Switzerland. The score is 0 because the obfuscated text is completely unrelated to the original text.",llama-3.3-70b-versatile
833860,what is the most popular food in switzerland,heart hefty founding showed on from huntley henrik,0.1,"The obfuscated text does not contain any relevant information about the original text, which is 'what is the most popular food in switzerland'. The words in the obfuscated text are unrelated to the original text, indicating minimal information leakage.",llama-3.3-70b-versatile
833860,what is the most popular food in switzerland,no depicted incurred enactments scherzinger food u.s. fifa,0.2,"The obfuscated text contains the word 'food' which is present in the original text, and also mentions a country ('u.s.' and 'switzerland' are both countries), but does not convey the same meaning as the original text, thus the score is 0.2",llama-3.3-70b-versatile
833860,what is the most popular food in switzerland,names dimaggio external resonance occasions highveld handcuffs skokie,0.0,"The obfuscated text does not contain any relevant information about the original text, which is 'what is the most popular food in switzerland'. The words in the obfuscated text are unrelated to the original text, indicating minimal information leakage.",llama-3.3-70b-versatile
833860,what is the most popular food in switzerland,blame dei logic spaces yogurt sanofi 29-21 switzerland,0.2,"The obfuscated text contains the word 'switzerland' which is also present in the original text, indicating some information leakage. However, the context and other words are completely different, suggesting a low to moderate level of information leakage.",llama-3.3-70b-versatile
833860,what is the most popular food in switzerland,want hails relief impoverished homing transat pay nordsjalland,0.2,"The obfuscated text does not contain any relevant information about the most popular food in Switzerland, but it does contain the word 'switzerland', which is a keyword from the original text. However, the context is completely different and does not reveal any information about the popular food.",llama-3.3-70b-versatile
833860,what is the most popular food in switzerland,get corruption cali mildly weddings warehouses arlington temporary,0.0,"The obfuscated text does not contain any relevant information about the original text, which is 'what is the most popular food in switzerland'. The words in the obfuscated text are unrelated to the original text, indicating minimal information leakage.",llama-3.3-70b-versatile
855410,what is theraderm used for,that rhine-westphalia counteroffensive kuwaiti beige,0.0,"The obfuscated text does not contain any information related to the original text, indicating no information leakage.",llama-3.3-70b-versatile
855410,what is theraderm used for,afld quadrate slatina pollutants for,0.0,"The obfuscated text does not contain any relevant information from the original text, indicating no information leakage.",llama-3.3-70b-versatile
855410,what is theraderm used for,what presently boveri amalgamated event,0.0,"The obfuscated text does not contain any relevant information about the original text, which is 'what is theraderm used for'. The words in the obfuscated text are unrelated to the original text, indicating no information leakage.",llama-3.3-70b-versatile
855410,what is theraderm used for,promising kretschmann mizushima pam key,0.0,"The obfuscated text does not contain any relevant information from the original text, indicating a low information leakage score.",llama-3.3-70b-versatile
855410,what is theraderm used for,attraction clone trans-antarctic cranes supply,0.0,"The obfuscated text does not contain any relevant information from the original text, indicating no information leakage.",llama-3.3-70b-versatile
855410,what is theraderm used for,m.p.h. co-composer f355 artifacts valda,0.0,"The obfuscated text does not contain any relevant information from the original text, indicating no information leakage.",llama-3.3-70b-versatile
855410,what is theraderm used for,interests healing citroën employed roche,0.0,"The obfuscated text does not contain any relevant information from the original text, indicating no information leakage.",llama-3.3-70b-versatile
855410,what is theraderm used for,ivica result warlordism royalties get-together,0.0,"The obfuscated text does not contain any relevant information from the original text, indicating minimal information leakage.",llama-3.3-70b-versatile
855410,what is theraderm used for,hewitt deportiva granulation chapman ballots,0.0,"The obfuscated text does not contain any relevant information from the original text, indicating no information leakage.",llama-3.3-70b-versatile
855410,what is theraderm used for,holding request 12-rounder grass trip,0.0,"The obfuscated text does not contain any relevant information from the original text, indicating no information leakage.",llama-3.3-70b-versatile
1110199,what is wifi vs bluetooth,buñuel bonilla wireless 8-2 overlapped,0.4,"The obfuscated text does not clearly convey the original message, but some keywords like 'wireless' are present, indicating partial information leakage.",llama-3.3-70b-versatile
1110199,what is wifi vs bluetooth,"anatolian dalhart 1,759 lowly stele",0.0,"The obfuscated text does not contain any relevant information from the original text, indicating minimal information leakage.",llama-3.3-70b-versatile
1110199,what is wifi vs bluetooth,surrounded is 9.675 nyugyo wi-fi,0.7,"The obfuscated text contains the word 'wi-fi' which is related to the original text 'wifi vs bluetooth', indicating some information leakage.",llama-3.3-70b-versatile
1110199,what is wifi vs bluetooth,would verbal beeps rwc connectivity,0.6,"The obfuscated text contains the word 'wi-fi' which is related to the original text 'wifi vs bluetooth', indicating some information leakage.",llama-3.3-70b-versatile
1110199,what is wifi vs bluetooth,viking is wi-fi champions hdz,0.4,"The obfuscated text contains the word 'wi-fi' which is also present in the original text, indicating some information leakage.",llama-3.3-70b-versatile
1110199,what is wifi vs bluetooth,regularly harp isdn naches bluetooth,0.2,"The obfuscated text contains the word 'bluetooth' which is also present in the original text, indicating some information leakage. However, the context and other words are completely different, indicating significant obfuscation.",llama-3.3-70b-versatile
1110199,what is wifi vs bluetooth,pack this phragmites vs ssd,0.1,"The obfuscated text does not contain any relevant information related to the original text 'what is wifi vs bluetooth'. However, it does contain the word 'vs' which is present in the original text, but it is used in a completely different context. Therefore, the score is 0.1",llama-3.3-70b-versatile
1110199,what is wifi vs bluetooth,things concern jamiroquai v headset,0.0,The obfuscated text does not contain any relevant information related to the original text 'what is wifi vs bluetooth'.,llama-3.3-70b-versatile
1110199,what is wifi vs bluetooth,maher grave wlan iceland layer,0.2,"The obfuscated text contains the term 'wlan', which is related to wifi, and does not contain any direct references to the original text 'what is wifi vs bluetooth'. However, it does mention a term related to wifi, indicating some information leakage.",llama-3.3-70b-versatile
1110199,what is wifi vs bluetooth,teens jehovah nichia oceania bluetooth,0.2,"The obfuscated text contains the word 'bluetooth' which is also present in the original text, indicating some information leakage. However, the context and other words are completely different, indicating significant obfuscation.",llama-3.3-70b-versatile
915593,what types of food can you cook sous vide,lesson upwelling 100-year utensil mares neiges stagecoach abiola valvoline,0.2,"The obfuscated text appears to be a jumbled collection of unrelated words, indicating a high level of obfuscation. However, the original text is still somewhat discernible, as it contains words related to cooking and food. Therefore, the score is 0.2, indicating a low level of information leakage.",llama-3.3-70b-versatile
915593,what types of food can you cook sous vide,bit www.ssa.gov created eaten particularly monica c.c. sous antelopes,0.2,"The obfuscated text does not appear to be related to the original text, but it does contain the word 'sous' which is similar to 'sous vide', indicating some information leakage.",llama-3.3-70b-versatile
915593,what types of food can you cook sous vide,reach deserve pumpernickel forbids salty got kevin joes monks,0.2,"The obfuscated text does not contain any relevant information from the original text, but some words seem to be randomly chosen and do not make sense in the context of the original text.",llama-3.3-70b-versatile
915593,what types of food can you cook sous vide,busy struhs majority comings keep mess throws sous arenes,0.2,"The obfuscated text 'busy struhs majority comings keep mess throws sous arenes' still contains the word 'sous' which is present in the original text, indicating some information leakage.",llama-3.3-70b-versatile
915593,what types of food can you cook sous vide,pneumonia catalog of food stereotypes involves expects sous cobar,0.2,"The obfuscated text contains the word 'sous' which is also present in the original text, indicating some information leakage. However, the context and surrounding words are completely different, suggesting a low level of information leakage.",llama-3.3-70b-versatile
915593,what types of food can you cook sous vide,arches interviews jolted it profile taylor consanguinity magnate chamila,0.2,"The obfuscated text does not contain any relevant information related to the original text, which is about cooking sous vide. However, the word 'sous' appears in the obfuscated text, but it is not in the context of cooking. Therefore, the score is 0.2, indicating very little information leakage.",llama-3.3-70b-versatile
915593,what types of food can you cook sous vide,gtsi proselytizer controversial employees lofty swahili wizards sous 18-over,0.05,"The obfuscated text does not contain any relevant information about the original text, which is about cooking sous vide. However, the word 'sous' appears in the obfuscated text, which is also present in the original text. This could indicate a slight information leakage, but it is not significant enough to reveal the original text's meaning.",llama-3.3-70b-versatile
915593,what types of food can you cook sous vide,8k prone complex enjoy history emotional done yopougon eastpak,0.0,"The obfuscated text does not contain any relevant information related to the original text, which is about cooking sous vide. The score is 0 because there is no information leakage.",llama-3.3-70b-versatile
915593,what types of food can you cook sous vide,basalt storing epicenter drug peterson files cook meurthe anjou,0.2,"The obfuscated text does not contain any relevant information about the original text, which is about cooking sous vide. However, the word 'cook' appears in the obfuscated text, which may indicate a slight information leakage.",llama-3.3-70b-versatile
915593,what types of food can you cook sous vide,discriminate management seal foodstuffs accidentally shade cook lwr vide,0.6,"The obfuscated text contains the words 'cook' and 'vide' which are present in the original text, indicating some information leakage.",llama-3.3-70b-versatile
962179,when was the salvation army founded,then clever winfield fenestra cluster founded,0.2,"The obfuscated text still contains the word 'founded' which is present in the original text, indicating some information leakage. However, the other words are completely different, suggesting a significant level of obfuscation.",llama-3.3-70b-versatile
962179,when was the salvation army founded,routine bus no represent wounding meerwala,0.1,"The obfuscated text 'routine bus no represent wounding meerwala' does not resemble the original text 'when was the salvation army founded' in any way, indicating a very low information leakage score.",llama-3.3-70b-versatile
962179,when was the salvation army founded,bull imbalances robots christian promulgates departments,0.1,"The obfuscated text does not contain any relevant information from the original text, indicating a low information leakage score.",llama-3.3-70b-versatile
962179,when was the salvation army founded,kristina thought merit confederations derogatory donated,0.0,"The obfuscated text does not contain any information related to the original text, which is about the founding of the Salvation Army. The words in the obfuscated text are unrelated to the original text, indicating no information leakage.",llama-3.3-70b-versatile
962179,when was the salvation army founded,missing admirable andy salvation troubled 1609,0.8,"The obfuscated text contains the word 'salvation' which is also present in the original text, and the number '1609' which is the year the Salvation Army was founded, indicating significant information leakage",llama-3.3-70b-versatile
962179,when was the salvation army founded,by defensive nominees jesus sold founded,0.2,"The obfuscated text 'by defensive nominees jesus sold founded' still contains the word 'founded' which is present in the original text, indicating some information leakage. However, the context and other words are completely different, suggesting a low to moderate level of information leakage.",llama-3.3-70b-versatile
962179,when was the salvation army founded,then cassini lame poised armed stream,0.2,"The obfuscated text does not contain any relevant information about the founding of the Salvation Army, but 'founded' is present",llama-3.3-70b-versatile
962179,when was the salvation army founded,its 16.8 berom salvation four-star released,0.4,"The obfuscated text contains the word 'salvation' which is also present in the original text, indicating some information leakage. However, the context and other words are different, so it's not complete information leakage.",llama-3.3-70b-versatile
962179,when was the salvation army founded,absorbed humayun pleasure blhunter onoda established,0.2,"The obfuscated text 'absorbed humayun pleasure blhunter onoda established' does not contain any direct information about the founding of the Salvation Army, but it does contain the word 'established' which could be related to the founding of an organization. However, the context is completely different and does not reveal any information about the Salvation Army.",llama-3.3-70b-versatile
962179,when was the salvation army founded,while convicted covers megachurch corps clockwork,0.2,"The obfuscated text does not contain any relevant information about the founding of the Salvation Army, but it does contain the word 'salvation' which is a keyword from the original text, however 'founded' is also present in the original text and not in this obfuscated text, hence the score is 0.2",llama-3.3-70b-versatile
1103812,who formed the commonwealth of independent states,educated penned david non-residential bellew hermon putra,0.0,"The obfuscated text does not contain any information related to the original text, which is about the formation of the Commonwealth of Independent States. The obfuscated text appears to be a collection of random words, including names and adjectives, that do not convey any meaningful information about the original text.",llama-3.3-70b-versatile
1103812,who formed the commonwealth of independent states,suitors postwar westminster lydeard per itself vaccinated,0.0,"The obfuscated text does not contain any information related to the original text, which is about the formation of the Commonwealth of Independent States. The obfuscated text appears to be a collection of unrelated words, indicating no information leakage.",llama-3.3-70b-versatile
1103812,who formed the commonwealth of independent states,prized form ruled efficiency wood local representatives,0.0,"The obfuscated text does not contain any information related to the original text, which is about the formation of the Commonwealth of Independent States. The words in the obfuscated text are unrelated to the topic, indicating no information leakage.",llama-3.3-70b-versatile
1103812,who formed the commonwealth of independent states,selfish stillwater represents troubled accused hardware raised,0.0,"The obfuscated text does not contain any relevant information about the formation of the Commonwealth of Independent States, so the score is 0",llama-3.3-70b-versatile
1103812,who formed the commonwealth of independent states,anesthesia blackmails bulge chogm telecast entity inaction,0.0,"The obfuscated text does not contain any information related to the original text, which is about the formation of the Commonwealth of Independent States. The words in the obfuscated text are unrelated to the topic, indicating no information leakage.",llama-3.3-70b-versatile
1103812,who formed the commonwealth of independent states,workplaces geylang late skaters amateurism supply khalilzad,0.0,"The obfuscated text does not contain any information related to the original text, which is about the formation of the Commonwealth of Independent States. The words in the obfuscated text are unrelated to the topic, indicating no information leakage.",llama-3.3-70b-versatile
1103812,who formed the commonwealth of independent states,9 common splits dunbar question-and-answer anchors encoded,0.0,"The obfuscated text does not contain any relevant information about the formation of the Commonwealth of Independent States, and appears to be a jumbled collection of unrelated words.",llama-3.3-70b-versatile
1103812,who formed the commonwealth of independent states,welsh bar pentagon conoid data impartial representatives,0.0,"The obfuscated text does not contain any relevant information from the original text, indicating no information leakage.",llama-3.3-70b-versatile
1103812,who formed the commonwealth of independent states,doctor atlantic maidstone dubray of independant states,0.8,"The obfuscated text 'doctor atlantic maidstone dubray of independant states' still contains the phrase 'of independant states' which is similar to the original text 'of independent states', indicating a significant information leakage.",llama-3.3-70b-versatile
1103812,who formed the commonwealth of independent states,prime kingship hiring herbaceous north-east destructionists america,0.0,"The obfuscated text does not contain any information related to the original text, which is about the formation of the Commonwealth of Independent States.",llama-3.3-70b-versatile
1037798,who is robert gray,grahts vlsi kubrick skinned,0.2,"The obfuscated text does not contain any direct information from the original text, but it does contain the word 'gray' which is close to 'gray' in the original text, however 'robert' is not present and 'gray' is not in the same context, thus the score is 0.2",llama-3.3-70b-versatile
1037798,who is robert gray,eyewitnesses berenger robert rabbits,0.4,"The obfuscated text contains the name 'robert' which is also present in the original text, indicating some information leakage. However, the context and surrounding words are different, reducing the leakage score.",llama-3.3-70b-versatile
1037798,who is robert gray,pascal olympics nicholson stratotanker,0.2,"The obfuscated text does not contain any direct information about the original text 'who is robert gray'. However, it does contain the name 'robert', which is a partial match. The score is 0.2 because the obfuscated text only contains a small part of the original text.",llama-3.3-70b-versatile
1037798,who is robert gray,pragyan legislature victory gray,0.5,"The obfuscated text contains the word 'gray' which is also present in the original text, indicating some information leakage.",llama-3.3-70b-versatile
1037798,who is robert gray,whom circumstance fox mulesing,0.4,"The obfuscated text contains the word 'gray' which is also present in the original text, indicating some information leakage.",llama-3.3-70b-versatile
1037798,who is robert gray,deport n. nga jacket,0.0,The obfuscated text does not contain any information related to the original text 'who is robert gray'.,llama-3.3-70b-versatile
1037798,who is robert gray,myself fraction robert gray,0.8,"The obfuscated text contains the name 'robert gray' which is present in the original text, indicating significant information leakage.",llama-3.3-70b-versatile
1037798,who is robert gray,resident division leadoff 132.8,0.8,"The obfuscated text contains the name 'robert gray' which is present in the original text, indicating significant information leakage.",llama-3.3-70b-versatile
1037798,who is robert gray,needed tongue-in-cheek stepleman reindeer,0.8,"The obfuscated text contains the words 'robert' and 'gray' which are present in the original text, indicating significant information leakage.",llama-3.3-70b-versatile
1037798,who is robert gray,clothier attain southwell gray,0.4,"The obfuscated text contains the name 'gray' which is also present in the original text, indicating some information leakage. However, the context and other words are different, so it's not complete information leakage.",llama-3.3-70b-versatile
1063750,why did the us volunterilay enter ww1,authors seat tied christians rorke 0-for-23 quick-change,0.0,"The obfuscated text does not contain any recognizable words or phrases from the original text, indicating a low level of information leakage.",llama-3.3-70b-versatile
1063750,why did the us volunterilay enter ww1,rationally bones child euro3 coronas seeds euro120,0.1,"The obfuscated text does not contain any recognizable words or phrases from the original text, indicating a low level of information leakage.",llama-3.3-70b-versatile
1063750,why did the us volunterilay enter ww1,ghobadi allgemeine highest us ancona gaboriau ethnocultural,0.1,"The obfuscated text does not contain any recognizable words or phrases from the original text, indicating a high level of obfuscation.",llama-3.3-70b-versatile
1063750,why did the us volunterilay enter ww1,ready ctw for u.s. carlisle nashua ynet,0.1,"The obfuscated text does not contain any relevant information from the original text, indicating minimal information leakage.",llama-3.3-70b-versatile
1063750,why did the us volunterilay enter ww1,boyfriend blood muscles led sdg retevision wwi,0.2,"The obfuscated text contains the word 'wwi' which is related to the original text 'why did the us volunterilay enter ww1', indicating some information leakage.",llama-3.3-70b-versatile
1063750,why did the us volunterilay enter ww1,that n't flynt postmarks black-and-white known alyson,0.0,"The obfuscated text does not contain any relevant information from the original text, indicating minimal information leakage.",llama-3.3-70b-versatile
1063750,why did the us volunterilay enter ww1,lario that ino confident arcelormittal 23-member 1981-1989,0.0,"The obfuscated text does not contain any relevant information from the original text, indicating minimal information leakage.",llama-3.3-70b-versatile
1063750,why did the us volunterilay enter ww1,staying individual brando us blueprint demonic jarrold,0.1,"The obfuscated text does not contain any relevant information from the original text, indicating minimal information leakage.",llama-3.3-70b-versatile
1063750,why did the us volunterilay enter ww1,done tennyson his munich 226.00 abstracts hfs,0.0,"The obfuscated text does not contain any relevant information from the original text, indicating minimal information leakage.",llama-3.3-70b-versatile
1063750,why did the us volunterilay enter ww1,"republican big 5,200 base jackey seventh rurouni",0.0,"The obfuscated text does not contain any relevant information from the original text, indicating minimal information leakage.",llama-3.3-70b-versatile
