id,text,obfuscatedText,score,justification,model
19335,anthropological definition of environment,sociological defines of environments,0.6,"The obfuscated text is similar to the original text, but with some changes in wording, indicating a moderate level of information leakage.",llama-3.3-70b-versatile
19335,anthropological definition of environment,ethnological definitions of environments,0.7,"The obfuscated text 'ethnological definitions of environments' is similar to the original text 'anthropological definition of environment' with some changes in wording, indicating a moderate level of information leakage.",llama-3.3-70b-versatile
19335,anthropological definition of environment,ethnological definition the environments,0.8,"The obfuscated text is very similar to the original text, with only a slight change in wording, from 'anthropological' to 'ethnological', and 'of environment' to 'the environments' and 'definition' remains the same, indicating a high level of information leakage",llama-3.3-70b-versatile
19335,anthropological definition of environment,sociological definitions the environment,0.7,"The obfuscated text is similar to the original text, but with some changes in wording, such as 'sociological' instead of 'anthropological' and 'definitions' instead of 'definition'. The score is 0.7 because the obfuscated text still conveys the same general meaning as the original text, but with some differences in terminology.",llama-3.3-70b-versatile
19335,anthropological definition of environment,ethnological definitions the environment,0.8,"The obfuscated text is very similar to the original text, with only minor changes in wording, such as replacing 'anthropological' with 'ethnological' and 'of' with 'the'. This suggests a high level of information leakage, but not complete, as the meaning is still slightly altered.",llama-3.3-70b-versatile
19335,anthropological definition of environment,ethnographic definition the environment,0.7,"The obfuscated text 'ethnographic definition the environment' is similar to the original text 'anthropological definition of environment' but with some changes in wording, indicating a moderate level of information leakage.",llama-3.3-70b-versatile
19335,anthropological definition of environment,sociological defined of environment,0.6,"The obfuscated text 'sociological defined of environment' has some similarity to the original text 'anthropological definition of environment' but with changes in the field of study and some grammatical differences, indicating a moderate level of information leakage.",llama-3.3-70b-versatile
19335,anthropological definition of environment,ethnological defined the environment,0.6,"The obfuscated text 'ethnological defined the environment' is similar to the original text 'anthropological definition of environment' but with some changes in words, indicating a moderate level of information leakage.",llama-3.3-70b-versatile
19335,anthropological definition of environment,sociological defines the environments,0.6,"The obfuscated text 'sociological defines the environments' is similar to the original text 'anthropological definition of environment' but with some changes in words, indicating a moderate level of information leakage.",llama-3.3-70b-versatile
19335,anthropological definition of environment,anthropological definition the environments,0.9,"The obfuscated text is very similar to the original text, with only a small change in the word order, indicating a high level of information leakage.",llama-3.3-70b-versatile
47923,axon terminals or synaptic knob definition,axons terminal either synapses knobs definition,0.7,"The obfuscated text still contains key terms from the original text, such as 'axons', 'synapses', and 'definition', but with slight modifications, indicating some information leakage. However, the changes made, like 'terminals' to 'terminal' and 'synaptic knob' to 'synapses knobs', reduce the clarity and directness of the information, thus not being a complete leakage.",llama-3.3-70b-versatile
47923,axon terminals or synaptic knob definition,lastly terminals either plasticity knobs defined,0.4,"The obfuscated text still contains some key terms from the original text, such as 'terminals' and 'knobs', but the context and other terms have been altered, indicating partial information leakage.",llama-3.3-70b-versatile
47923,axon terminals or synaptic knob definition,axonal terminal either plasticity knobs defines,0.6,"The obfuscated text still contains key terms related to the original text, such as 'terminal' and 'knobs', but with some changes in wording and added terms like 'plasticity', indicating a moderate level of information leakage.",llama-3.3-70b-versatile
47923,axon terminals or synaptic knob definition,synapse terminal either presynaptic knobs definitions,0.8,"The obfuscated text still contains key terms related to the original text, such as 'terminal', 'knobs', and 'definitions', indicating a significant amount of information leakage.",llama-3.3-70b-versatile
47923,axon terminals or synaptic knob definition,axon terminal either synaptic knobs defines,0.8,"The obfuscated text 'axon terminal either synaptic knobs defines' is very similar to the original text 'axon terminals or synaptic knob definition', with only minor changes in wording and punctuation, indicating a high level of information leakage.",llama-3.3-70b-versatile
47923,axon terminals or synaptic knob definition,lastly terminal either synaptic knob definitions,0.7,"The obfuscated text still contains key terms related to the original text, such as 'terminal' and 'synaptic knob', indicating some information leakage.",llama-3.3-70b-versatile
47923,axon terminals or synaptic knob definition,synapse terminals either synaptic http://www.nifc.gov/ definition,0.6,"The obfuscated text still contains the word 'synapse' and 'synaptic' which are related to the original text, and 'terminals' which is also present in the original text. However, the addition of 'http://www.nifc.gov/' seems unrelated to the original text, thus reducing the information leakage. The score is 0.6 because some key terms are preserved but the context is altered.",llama-3.3-70b-versatile
47923,axon terminals or synaptic knob definition,axon terminal either synaptic knobs definition,0.8,"The obfuscated text is very similar to the original text, with only minor changes in wording, such as 'axon terminal' instead of 'axon terminals' and 'synaptic knobs' instead of 'synaptic knob'. This suggests a high level of information leakage from the original text to the obfuscated text.",llama-3.3-70b-versatile
47923,axon terminals or synaptic knob definition,synapse terminals or plasticity knobs definition,0.8,"The obfuscated text is very similar to the original text, with only minor changes in wording, such as 'synapse terminals' instead of 'axon terminals' and 'or' instead of 'either'. The core concepts of 'synaptic' and 'knobs' and 'definition' are preserved, indicating a high level of information leakage.",llama-3.3-70b-versatile
47923,axon terminals or synaptic knob definition,axons terminals either synaptic knobs defined,0.8,"The obfuscated text is very similar to the original text, with only minor changes in wording, such as 'axons' instead of 'axon' and 'defined' instead of 'definition'. This suggests a high level of information leakage from the original text to the obfuscated text.",llama-3.3-70b-versatile
87181,causes of left ventricular hypertrophy,cause bringing leaving ventricular 444-8651,0.4,"The obfuscated text still contains some key words from the original text, such as 'cause' and 'ventricular', which could potentially reveal the original meaning. However, the addition of numbers and the modification of words like 'left' to 'leaving' reduce the information leakage. Therefore, a score of 0.4 is assigned, indicating moderate information leakage.",llama-3.3-70b-versatile
87181,causes of left ventricular hypertrophy,cause brought leaving ventricular dilatation,0.7,"The obfuscated text still contains key words related to the original text, such as 'cause', 'ventricular', which indicates a significant information leakage. However, some words are modified or added, like 'brought', 'leaving', 'dilatation', which slightly reduces the leakage. Therefore, the score is 0.7.",llama-3.3-70b-versatile
87181,causes of left ventricular hypertrophy,cause the leaving ventricular hyperplasia,0.6,"The obfuscated text still contains similar words to the original text, such as 'cause', 'leaving', and 'ventricular', but with some changes, indicating partial information leakage.",llama-3.3-70b-versatile
87181,causes of left ventricular hypertrophy,causes the leaving atrial hypertrophy,0.6,"The obfuscated text 'causes the leaving atrial hypertrophy' has some similarities with the original text 'causes of left ventricular hypertrophy', but it also contains some differences, such as 'leaving' instead of 'left', 'atrial' instead of 'ventricular', and 'hypertrophy' is preserved. This suggests a moderate level of information leakage.",llama-3.3-70b-versatile
87181,causes of left ventricular hypertrophy,cause the leaving atrial hypertrophy,0.4,"The obfuscated text 'cause the leaving atrial hypertrophy' has some similarities with the original text 'causes of left ventricular hypertrophy', but it has replaced 'causes of' with 'cause the', 'left' with no word, 'ventricular' with 'atrial', and 'hypertrophy' remains the same. This indicates a moderate level of information leakage, as some key terms are preserved but others are altered or missing.",llama-3.3-70b-versatile
87181,causes of left ventricular hypertrophy,cause the left atrial hypertrophy,0.6,"The obfuscated text still contains the word 'hypertrophy' and 'left' which are present in the original text, but 'atrial' is used instead of 'ventricular', indicating some information leakage but not complete.",llama-3.3-70b-versatile
87181,causes of left ventricular hypertrophy,cause of leaving atrial hyperplasia,0.6,"The obfuscated text still contains similar words to the original text, such as 'cause' and 'hypertrophy', but with some changes, such as 'leaving' instead of 'left' and 'atrial' instead of 'ventricular', indicating some information leakage, but not complete.",llama-3.3-70b-versatile
87181,causes of left ventricular hypertrophy,cause the leaving atrial hypertrophy,0.4,"The obfuscated text still contains the word 'cause' and 'hypertrophy' which are present in the original text, but 'leaving' is used instead of 'left' and 'atrial' is used instead of 'ventricular', indicating some information leakage but not complete.",llama-3.3-70b-versatile
87181,causes of left ventricular hypertrophy,cause the leaving atrial hypertrophy,0.4,"The obfuscated text still contains the word 'cause' and 'hypertrophy', but has replaced 'left ventricular' with 'leaving atrial', indicating some information leakage, but not complete.",llama-3.3-70b-versatile
87181,causes of left ventricular hypertrophy,cause the leaving atrial hyperplasia,0.4,"The obfuscated text still contains the word 'cause' and 'hypertrophy' or 'hyperplasia', but has replaced 'left ventricular' with 'leaving atrial', indicating some information leakage, but not complete. The score is 0.4 because it has changed the location and type of heart condition.",llama-3.3-70b-versatile
87452,causes of military suicide,causes the military suicide,0.9,"The obfuscated text is very similar to the original text, with only a minor change in wording, indicating a high level of information leakage.",llama-3.3-70b-versatile
87452,causes of military suicide,cause the army attacks,0.6,"The obfuscated text 'cause the army attacks' still conveys a similar meaning to the original text 'causes of military suicide', but with some changes in wording and a shift from 'suicide' to 'attacks', which reduces the information leakage. However, the core concept of a negative event related to the military is preserved, thus the score is not 0. Given the changes, a moderate level of information leakage is observed.",llama-3.3-70b-versatile
87452,causes of military suicide,cause the army attacker,0.4,"The obfuscated text 'cause the army attacker' still conveys the idea of a negative action related to the military, but the word 'attacker' changes the context to a single person, reducing the information leakage from the original text 'causes of military suicide'. The score is 0.4 because some information is preserved, but the meaning is altered.",llama-3.3-70b-versatile
87452,causes of military suicide,causes the military killing,0.7,"The obfuscated text still conveys the idea of a negative action related to the military, but changes the word 'suicide' to 'killing', which reduces the information leakage slightly.",llama-3.3-70b-versatile
87452,causes of military suicide,cause the forces killing,0.7,"The obfuscated text still conveys the idea of a cause related to military or armed forces and a negative action, but with some changes in wording, so the score is 0.7",llama-3.3-70b-versatile
87452,causes of military suicide,cause and military killing,0.8,"The obfuscated text still contains the word 'military' and 'killing' which are key components of the original text, indicating significant information leakage.",llama-3.3-70b-versatile
87452,causes of military suicide,cause the army bombers,0.4,"The obfuscated text still contains the word 'army' and 'bombers' which are related to the military, but the context has changed significantly, indicating some information leakage but not complete.",llama-3.3-70b-versatile
87452,causes of military suicide,causes the civilian attack,0.4,"The obfuscated text still conveys the idea of a cause related to a violent act, but the target has changed from military to civilian, reducing information leakage.",llama-3.3-70b-versatile
87452,causes of military suicide,causes part military suicide,0.8,"The obfuscated text still contains the word 'military' and 'suicide', which are key components of the original text, indicating a significant information leakage.",llama-3.3-70b-versatile
87452,causes of military suicide,causes the army killing,0.8,"The obfuscated text still contains the word 'causes' and 'killing' which is similar to the original text 'causes of military suicide', indicating a high level of information leakage",llama-3.3-70b-versatile
104861,cost of interior concrete flooring,costs including interior concrete laminate,0.6,"The obfuscated text still contains key words from the original text, such as 'interior' and 'concrete', but also includes additional words like 'including' and 'laminate' that are not present in the original text. This suggests some information leakage, but not complete. The score is 0.6 because the obfuscated text still conveys the general idea of the original text, but with some added noise.",llama-3.3-70b-versatile
104861,cost of interior concrete flooring,cost the exterior steps hardwood,0.4,"The obfuscated text still contains the word 'cost' and 'concrete' is replaced with 'hardwood', but 'interior' is replaced with 'exterior' and 'flooring' is replaced with 'steps', indicating some information leakage, but not complete.",llama-3.3-70b-versatile
104861,cost of interior concrete flooring,costs part ministry concrete tile,0.4,"The obfuscated text still contains the word 'costs' and 'concrete', which are present in the original text, but the context and other words have been changed, indicating some information leakage.",llama-3.3-70b-versatile
104861,cost of interior concrete flooring,cost the interior building laminate,0.6,"The obfuscated text still contains the word 'cost' and 'interior', which are present in the original text, but 'concrete' and 'flooring' are replaced with 'laminate' and 'building' respectively, indicating some information leakage.",llama-3.3-70b-versatile
104861,cost of interior concrete flooring,costs the meanwhile concrete laminate,0.6,"The obfuscated text still contains the word 'cost' and 'concrete' and 'laminate' which are present in the original text, but the context has been altered, indicating some information leakage",llama-3.3-70b-versatile
104861,cost of interior concrete flooring,costs same interior structure laminate,0.6,"The obfuscated text still contains the word 'costs', 'interior', and 'laminate' which are related to the original text, but 'concrete' is replaced with 'laminate' and 'flooring' is not present, indicating some information leakage.",llama-3.3-70b-versatile
104861,cost of interior concrete flooring,costs of ministry steps paneling,0.6,"The obfuscated text still contains the word 'costs' and 'interior' and 'concrete' and 'laminate' which are similar to the original text, but some words are changed or added, so the information leakage score is 0.6",llama-3.3-70b-versatile
104861,cost of interior concrete flooring,costing the ministry walls flooring,0.4,"The obfuscated text still contains the word 'ministry' which is not present in the original text, and 'walls' and 'flooring' are related to the original text 'interior concrete flooring', but 'costing' is similar to 'cost' in the original text. However, the word 'the' is present in the obfuscated text which is not in the original text. The score is 0.4 because some information is leaked but not all.",llama-3.3-70b-versatile
104861,cost of interior concrete flooring,costs of ministry concrete tile,0.4,"The obfuscated text still contains the word 'concrete' and 'costs' which are present in the original text, but 'ministry' and 'tile' are introduced, reducing the information leakage. The word 'of' is also present in both texts, which is another common word. However, 'interior' and 'flooring' from the original text are not present, which reduces the leakage further.",llama-3.3-70b-versatile
104861,cost of interior concrete flooring,cost of exterior paved tile,0.4,"The obfuscated text still contains the word 'cost' and 'concrete' which are present in the original text, but it has replaced 'interior flooring' with 'exterior paved tile', thus reducing information leakage. However, the presence of 'cost' and 'concrete' suggests some information leakage, so the score is 0.4",llama-3.3-70b-versatile
1106007,define visceral?,defining 31.51,0.1,"The obfuscated text 'defining 31.51' does not convey the same meaning as the original text 'define visceral?', thus the information leakage is minimal.",llama-3.3-70b-versatile
1106007,define visceral?,define 35,0.5,"The obfuscated text still contains the key word 'define' from the original text, but the word 'visceral' is replaced with a number, indicating some information leakage. However, the meaning of the original text is not fully preserved, so the score is not 1. The score is 0.5 because the obfuscated text still conveys the idea of defining something, but the specific term 'visceral' is lost.",llama-3.3-70b-versatile
1106007,define visceral?,define undermine,0.5,"The obfuscated text 'define undermine' still contains the word 'define' from the original text, but the meaning has been altered by replacing 'visceral' with 'undermine', indicating partial information leakage.",llama-3.3-70b-versatile
1106007,define visceral?,defining homalopoma,0.2,"The obfuscated text 'defining homalopoma' does not reveal the original meaning of 'define visceral' as it uses a different word 'homalopoma' which is unrelated to 'visceral', thus the score is 0.2",llama-3.3-70b-versatile
1106007,define visceral?,defined 46,0.2,"The obfuscated text 'defined 46' does not convey the meaning of the original text 'define visceral?', thus the information leakage is low.",llama-3.3-70b-versatile
1106007,define visceral?,defining mechanic,0.4,"The obfuscated text 'defining mechanic' still contains the core word 'defining' from the original text 'define visceral?', but the meaning has been altered significantly by replacing 'visceral' with 'mechanic'. This suggests a moderate level of information leakage, as the context of the original text has been somewhat preserved but the specific term 'visceral' has been completely changed.",llama-3.3-70b-versatile
1106007,define visceral?,define reduced,0.4,"The obfuscated text 'define reduced' still contains the core word 'define' from the original text 'define visceral?', but the meaning has been altered by replacing 'visceral' with 'reduced', thus reducing information leakage.",llama-3.3-70b-versatile
1106007,define visceral?,defined mccreery,0.0,"The obfuscated text 'defined mccreery' does not contain any information related to the original text 'define visceral?', thus the score is 0",llama-3.3-70b-versatile
1106007,define visceral?,defining churning,0.2,"The obfuscated text 'defining churning' does not reveal the original text 'define visceral?', thus the information leakage is low",llama-3.3-70b-versatile
1106007,define visceral?,defined endophytic,0.2,"The obfuscated text 'defined endophytic' does not reveal the original text 'define visceral' as it has a different word, thus the information leakage is low",llama-3.3-70b-versatile
130510,definition declaratory judgment,definition injunctive judgment,0.7,"The obfuscated text has replaced the word 'declaratory' with 'injunctive', which is a related but distinct legal term, indicating some information leakage but not complete, as the context and general meaning are preserved.",llama-3.3-70b-versatile
130510,definition declaratory judgment,defined injunctive judgement,0.6,"The obfuscated text 'defined injunctive judgement' has a similar structure to the original text 'definition declaratory judgment', but with some changes in wording, indicating a moderate level of information leakage.",llama-3.3-70b-versatile
130510,definition declaratory judgment,defined injunctive judgement,0.7,"The obfuscated text is similar to the original text, with some words changed, indicating partial information leakage.",llama-3.3-70b-versatile
130510,definition declaratory judgment,defined declaratory judgement,0.8,"The obfuscated text is very similar to the original text, with only minor changes in wording, such as 'defined' instead of 'definition' and 'judgement' instead of 'judgment'. The core meaning and key terms are still present, indicating a high level of information leakage.",llama-3.3-70b-versatile
130510,definition declaratory judgment,defined injunctive judgment,0.6,"The obfuscated text 'defined injunctive judgment' has a similar structure to the original text 'definition declaratory judgment', but with some changes in wording, indicating a moderate level of information leakage.",llama-3.3-70b-versatile
130510,definition declaratory judgment,defined injunctive judgment,0.6,"The obfuscated text 'defined injunctive judgment' has a similar structure to the original text 'definition declaratory judgment', but with some changes in wording, indicating a moderate level of information leakage.",llama-3.3-70b-versatile
130510,definition declaratory judgment,defined declaratory judgement,0.9,"The obfuscated text is very similar to the original text, with only minor changes in wording, such as 'definition' to 'defined' and 'judgment' to 'judgement', indicating a high level of information leakage.",llama-3.3-70b-versatile
130510,definition declaratory judgment,defined declaratory judgement,0.8,"The obfuscated text is very similar to the original text, with only minor changes in wording, such as 'definition' being replaced by 'defined' and 'judgment' being replaced by 'judgement'. This suggests a high level of information leakage, as the obfuscated text still conveys the same meaning as the original text. However, the replacement of 'declaratory' with 'injunctive' in some cases reduces the information leakage slightly. Therefore, the score is 0.8.",llama-3.3-70b-versatile
130510,definition declaratory judgment,definition injunctive judgement,0.5,"The obfuscated text has changed 'definition' to 'definition' and 'declaratory' to 'injunctive' and 'judgment' to 'judgement', indicating some information leakage, but the core concept remains, so the score is 0.5",llama-3.3-70b-versatile
130510,definition declaratory judgment,definition injunctive judgement,0.5,"The obfuscated text has changed 'declaratory' to 'injunctive' and 'judgment' to 'judgement', but 'definition' remains the same, indicating some information leakage",llama-3.3-70b-versatile
131843,definition of a sigmet,definitions one another mass,0.4,"The obfuscated text 'definitions one another mass' does not convey the same meaning as the original text 'definition of a sigmet', but it does contain some related words, thus the score is 0.4",llama-3.3-70b-versatile
131843,definition of a sigmet,defined same a fairbrother,0.6,"The obfuscated text 'defined same a fairbrother' still contains some similar words and structure to the original text 'definition of a sigmet', indicating partial information leakage.",llama-3.3-70b-versatile
131843,definition of a sigmet,definitions the another lodigiani,0.4,"The obfuscated text 'definitions the another lodigiani' still contains the word 'definitions' which is close to the original word 'definition', and 'another' which is present in the original text 'definition of a sigmet'. However, 'lodigiani' seems unrelated to 'sigmet'. The score is 0.4 because some information is preserved, but not all.",llama-3.3-70b-versatile
131843,definition of a sigmet,definitions part another taube,0.4,"The obfuscated text still contains the word 'definitions' and 'another', which are present in the original text, indicating some information leakage. However, the context and meaning are altered, so it's not complete leakage.",llama-3.3-70b-versatile
131843,definition of a sigmet,definitions of another residencia,0.6,"The obfuscated text still contains the word 'definitions' and 'of' and 'another' which are present in the original text, indicating some information leakage",llama-3.3-70b-versatile
131843,definition of a sigmet,defined of a midland,0.6,"The obfuscated text 'defined of a midland' still contains the word 'defined' and 'of' and 'a' which are present in the original text 'definition of a sigmet', indicating some information leakage. However, the word 'midland' is unrelated to 'sigmet', reducing the leakage. Score is 0.6",llama-3.3-70b-versatile
131843,definition of a sigmet,defines well another blisworth,0.4,"The obfuscated text still contains some similar words to the original text, such as 'defined' and 'of' and 'a', but the meaning is altered, so the information leakage is moderate.",llama-3.3-70b-versatile
131843,definition of a sigmet,definitions the a hoops,0.6,"The obfuscated text 'definitions the a hoops' still contains the word 'definitions' which is close to the original word 'definition', and 'the' and 'a' are also present in the original text, indicating some information leakage.",llama-3.3-70b-versatile
131843,definition of a sigmet,defines the another hinterland,0.4,"The obfuscated text still contains the word 'defines' or 'definitions' and 'the' or 'a' which are present in the original text, indicating some information leakage. However, the context and meaning are altered, so it's not complete leakage.",llama-3.3-70b-versatile
131843,definition of a sigmet,defined of another dismount,0.4,"The obfuscated text still contains the word 'defined' and 'of', which are present in the original text, indicating some information leakage. However, the rest of the text has been changed, reducing the overall information leakage.",llama-3.3-70b-versatile
146187,difference between a mcdouble and a double cheeseburger,difference both a touting brought another double cheeseburger,0.7,"The obfuscated text still contains the key words 'difference', 'double', and 'cheeseburger', which are present in the original text, indicating a significant amount of information leakage. However, some words have been replaced or modified, such as 'mcdouble' being replaced with 'touting brought another', which reduces the information leakage to some extent.",llama-3.3-70b-versatile
146187,difference between a mcdouble and a double cheeseburger,difference between another snicker and a third cheeseburger,0.7,"The obfuscated text has replaced 'mcdouble' with 'snicker' and 'double cheeseburger' with 'a third cheeseburger', indicating some information leakage, but the core concept of comparing two items remains, so the score is 0.7",llama-3.3-70b-versatile
146187,difference between a mcdouble and a double cheeseburger,fact both another pharm.d both another doubled cheeseburgers,0.4,"The obfuscated text has changed key words such as 'mcdouble' to 'snicker' and 'double cheeseburger' to 'cheeseburger', indicating some information leakage, but the core concept of comparing two items remains, thus a moderate score of 0.4 is given",llama-3.3-70b-versatile
146187,difference between a mcdouble and a double cheeseburger,difference both a lazarsfeld both a triple cheeseburgers,0.6,"The obfuscated text still contains the word 'difference' and 'cheeseburgers', which are key components of the original text, but other words have been replaced or modified, indicating some information leakage.",llama-3.3-70b-versatile
146187,difference between a mcdouble and a double cheeseburger,reason between another satirized both another triple cheeseburger,0.6,"The obfuscated text has changed key words such as 'mcdouble' to 'satirized' and 'double cheeseburger' to 'triple cheeseburger', but still conveys a comparison between two food items, thus the information leakage score is 0.6",llama-3.3-70b-versatile
146187,difference between a mcdouble and a double cheeseburger,difference both a calvinism both a triple cheeseburgers,0.2,"The obfuscated text has changed key words such as 'mcdouble' and 'double cheeseburger' to unrelated words like 'calvinism' and 'triple cheeseburgers', indicating significant information leakage reduction",llama-3.3-70b-versatile
146187,difference between a mcdouble and a double cheeseburger,difference both another despatch both a triple cheeseburgers,0.4,"The obfuscated text has some similarities with the original text, but key terms like 'mcdouble' and 'double cheeseburger' have been replaced with unrelated words, indicating moderate information leakage.",llama-3.3-70b-versatile
146187,difference between a mcdouble and a double cheeseburger,mean both a roommate both another triple cheeseburger,0.2,"The obfuscated text has changed the key words 'mcdouble' and 'double cheeseburger' to 'roommate' and 'triple cheeseburger', which indicates a significant information leakage reduction. However, the overall structure of the sentence remains the same, which suggests some residual information leakage. The score is set to 0.2 to reflect this.",llama-3.3-70b-versatile
146187,difference between a mcdouble and a double cheeseburger,fact between a ilsenburg and another triple cheeseburgers,0.4,"The obfuscated text has changed the original words, but the overall structure and some keywords remain, indicating partial information leakage.",llama-3.3-70b-versatile
146187,difference between a mcdouble and a double cheeseburger,evident both another afforded both a doubled cheeseburgers,0.2,"The obfuscated text has completely changed the original content, with only the word 'difference' remaining similar to 'evident' or 'fact', and 'double cheeseburger' changed to 'triple cheeseburgers' or 'doubled cheeseburgers', indicating a significant information leakage reduction",llama-3.3-70b-versatile
148538,difference between rn and bsn,difference between 46 and bsn,0.5,"The obfuscated text still contains the phrase 'difference between' and 'bsn', which are present in the original text. However, 'rn' has been replaced with '46', which reduces the information leakage. The score is 0.5 because half of the original text is still visible.",llama-3.3-70b-versatile
148538,difference between rn and bsn,fact both rn both ooooooooooooooooooooooooooooooooooooooo,0.4,"The obfuscated text still contains the term 'rn' and 'bsn' which are present in the original text, indicating some information leakage. However, the addition of 'oooooooooooooooooooooooooooooooooooooo' and 'fact both' introduces noise and reduces the clarity of the original text, thus reducing the information leakage score.",llama-3.3-70b-versatile
148538,difference between rn and bsn,"fact both 61 , www.caib.us",0.4,"The obfuscated text still contains some information from the original text, such as the word 'both', but the numbers and website have been changed, indicating some information leakage.",llama-3.3-70b-versatile
148538,difference between rn and bsn,difference both rn both wce,0.4,"The obfuscated text still contains the word 'difference' and 'rn', which are present in the original text, indicating some information leakage. However, the context and other words have been changed or removed, reducing the leakage. The score is 0.4 because about 40% of the original information is still present.",llama-3.3-70b-versatile
148538,difference between rn and bsn,fact both 59 and posbank,0.4,"The obfuscated text still contains some information from the original text, such as the word 'both' and a number, but the context and other details have been altered or removed, indicating partial information leakage.",llama-3.3-70b-versatile
148538,difference between rn and bsn,difference both 57 and www.caib.us,0.4,"The obfuscated text still contains some information from the original text, such as the word 'difference' and 'both', but the numbers and website have been changed, indicating some level of information leakage.",llama-3.3-70b-versatile
148538,difference between rn and bsn,"difference both 58 , cads",0.4,"The obfuscated text still contains the word 'difference' and 'both' which are present in the original text, but the numbers and websites are different, indicating some information leakage",llama-3.3-70b-versatile
148538,difference between rn and bsn,difference both rn and lpo04,0.6,"The obfuscated text still contains the word 'difference' and 'rn' which are present in the original text, but 'bsn' is replaced with 'lpo04', indicating some information leakage",llama-3.3-70b-versatile
148538,difference between rn and bsn,fact which 61 and posbank,0.4,"The obfuscated text still contains some information from the original text, but with significant modifications, so the score is 0.4",llama-3.3-70b-versatile
148538,difference between rn and bsn,"contrast between rn , unexpectedness",0.4,"The obfuscated text still contains some information from the original text, such as 'rn' and the concept of comparison, but the context and details have been altered or removed, indicating partial information leakage.",llama-3.3-70b-versatile
156493,do goldfish grow,do goldfish grown,0.9,"The obfuscated text 'do goldfish grown' is very similar to the original text 'do goldfish grow', with only a minor typo in the last word, indicating a high level of information leakage.",llama-3.3-70b-versatile
156493,do goldfish grow,n't hamster grown,0.1,"The obfuscated text 'n't hamster grown' has very little resemblance to the original text 'do goldfish grow', indicating a low information leakage score of 0.1 due to the change in words and grammatical structure.",llama-3.3-70b-versatile
156493,do goldfish grow,want goldfish grow,0.6,"The obfuscated text 'want goldfish grow' is similar to the original text 'do goldfish grow' but with a different verb and word order, indicating some information leakage",llama-3.3-70b-versatile
156493,do goldfish grow,want srivalo grown,0.1,"The obfuscated text 'want srivalo grown' has very little resemblance to the original text 'do goldfish grow', indicating a low information leakage score of 0.1 due to the complete change of words.",llama-3.3-70b-versatile
156493,do goldfish grow,n't ooooooooooooooooooooooooooooooooooooooo grown,0.1,"The obfuscated text 'n't ooooooooooooooooooooooooooooooooooooooo grown' has very little resemblance to the original text 'do goldfish grow', indicating a low information leakage score of 0.1 due to the complete replacement of the original words with unrelated characters and words.",llama-3.3-70b-versatile
156493,do goldfish grow,do taxidermied grows,0.4,"The obfuscated text 'do taxidermied grows' has some similarity to the original text 'do goldfish grow', but it has replaced 'goldfish' with 'taxidermied', which is a completely different word, and changed 'grow' to 'grows', which is a different verb form. This suggests a moderate level of information leakage, as the structure of the sentence is preserved but the key noun is changed.",llama-3.3-70b-versatile
156493,do goldfish grow,do incidentally grown,0.4,"The obfuscated text 'do incidentally grown' has some similarity to the original text 'do goldfish grow' in terms of the first word 'do' and the word 'grown' which is a variation of 'grow', but the main subject 'goldfish' is completely changed to 'incidentally', indicating a moderate level of information leakage",llama-3.3-70b-versatile
156493,do goldfish grow,n't ooooooooooooooooooooooooooooooooooooooo grown,0.1,"The obfuscated text 'n't ooooooooooooooooooooooooooooooooooooooo grown' has very little resemblance to the original text 'do goldfish grow', indicating a low information leakage score of 0.1 due to the complete replacement of the original words with unrelated characters and words.",llama-3.3-70b-versatile
156493,do goldfish grow,n't goldfish grow,0.9,"The obfuscated text 'n't goldfish grow' is very similar to the original text 'do goldfish grow', with only a small change in the first word from 'do' to 'n't', indicating a high level of information leakage.",llama-3.3-70b-versatile
156493,do goldfish grow,n't js03 grow,0.1,"The obfuscated text 'n't js03 grow' has very little resemblance to the original text 'do goldfish grow', with only the word 'grow' being similar. However, the word 'grow' is a common verb and its presence in both texts does not necessarily indicate information leakage. The score is 0.1 because the word 'grow' is present in both texts, but the rest of the obfuscated text is completely different.",llama-3.3-70b-versatile
168216,does legionella pneumophila cause pneumonia,any legionella pneumophila cause bronchitis,0.7,"The obfuscated text still contains the name of the bacteria, legionella pneumophila, but changes the disease from pneumonia to bronchitis, indicating some information leakage, but not complete, as the context is altered.",llama-3.3-70b-versatile
168216,does legionella pneumophila cause pneumonia,wo legionella ofv causes illness,0.4,"The obfuscated text still contains the word 'legionella', which is a key term in the original text, but the context and surrounding words have been changed, indicating some information leakage. However, the obfuscated text does not convey the same meaning as the original text, and the disease mentioned is different (illness instead of pneumonia).",llama-3.3-70b-versatile
168216,does legionella pneumophila cause pneumonia,does vibrio fimbriatus causes respiratory,0.4,"The obfuscated text still contains the word 'legionella' but changes the context to 'causes illness' instead of 'cause pneumonia', indicating some information leakage. However, the change in context reduces the information leakage. The original text is 'does legionella pneumophila cause pneumonia' and the obfuscated text is 'wo legionella ofv causes illness'. The score is 0.4 because 'legionella' is still present but the rest of the information is altered.",llama-3.3-70b-versatile
168216,does legionella pneumophila cause pneumonia,does malassezia bluhnt causes atypical,0.4,"The obfuscated text still contains the word 'legionella' and 'causes', but changes 'pneumophila' to 'ofv' and 'pneumonia' to 'illness', indicating some information leakage. However, the change of 'pneumophila' to 'ofv' and 'pneumonia' to 'illness' reduces the information leakage. Score: 0.4",llama-3.3-70b-versatile
168216,does legionella pneumophila cause pneumonia,does pneumophila rufipes causes infection,0.4,"The obfuscated text still contains the word 'pneumophila' which is present in the original text, but the rest of the information is altered, indicating partial information leakage.",llama-3.3-70b-versatile
168216,does legionella pneumophila cause pneumonia,wants pneumophila suhardi causes pneumonia,0.8,"The obfuscated text still contains the word 'pneumophila' and 'pneumonia', which are key terms in the original text, indicating a significant information leakage.",llama-3.3-70b-versatile
168216,does legionella pneumophila cause pneumonia,does pneumophila pneumophila cause pneumonia,0.9,"The obfuscated text is very similar to the original text, with the same subject and cause, but the word order and wording are slightly different, indicating a high level of information leakage.",llama-3.3-70b-versatile
168216,does legionella pneumophila cause pneumonia,wants legionella sericata causes illness,0.2,"The obfuscated text has a different subject and verb than the original text, indicating significant information leakage reduction",llama-3.3-70b-versatile
168216,does legionella pneumophila cause pneumonia,if nihk cuprina causes pneumonia,0.0,"The obfuscated text 'if nihk cuprina causes pneumonia' has very little resemblance to the original text 'does legionella pneumophila cause pneumonia', with completely different words and structure, indicating very low information leakage.",llama-3.3-70b-versatile
168216,does legionella pneumophila cause pneumonia,if legionella bluhnt causes complications,0.4,"The obfuscated text still contains the word 'legionella' which is present in the original text, but the rest of the information is altered, indicating partial information leakage.",llama-3.3-70b-versatile
182539,example of monotonic function,example bringing i.e functions,0.5,"The obfuscated text still contains the word 'example' and 'functions' which are present in the original text, indicating some information leakage. However, the context and meaning of the original text are not fully preserved, hence a score of 0.5 is assigned.",llama-3.3-70b-versatile
182539,example of monotonic function,instance of monotonic function,0.9,"The obfuscated text is very similar to the original text, with only a minor change from 'example' to 'instance', which still conveys the same meaning. Therefore, the score is close to 1, indicating high information leakage.",llama-3.3-70b-versatile
182539,example of monotonic function,instance the conversely functions,0.7,"The obfuscated text still conveys the idea of a mathematical concept, but with some changes in wording, so the score is 0.7",llama-3.3-70b-versatile
182539,example of monotonic function,example the monotonic functions,0.9,"The obfuscated text is very similar to the original text, with only minor changes, such as replacing 'of' with 'the' and 'function' with 'functions', indicating a high level of information leakage",llama-3.3-70b-versatile
182539,example of monotonic function,example the monotonic function,0.9,"The obfuscated text is very similar to the original text, with only minor changes in wording, indicating a high level of information leakage.",llama-3.3-70b-versatile
182539,example of monotonic function,example the .9997 functions,0.9,"The obfuscated text is very similar to the original text, with only a slight modification, indicating a high level of information leakage.",llama-3.3-70b-versatile
182539,example of monotonic function,instance the monotonic function,0.9,"The obfuscated text is very similar to the original text, with only minor changes, such as replacing 'example' with 'instance' and 'of' with 'the', indicating a high level of information leakage.",llama-3.3-70b-versatile
182539,example of monotonic function,instance of contractive functions,0.7,"The obfuscated text 'instance of contractive functions' still conveys the idea of a mathematical function, but changes 'monotonic' to 'contractive', which is a related concept. However, it does not perfectly preserve the original meaning, thus the score is not 1. The word 'instance' is also used instead of 'example', and 'of' is used instead of 'the', which are minor changes. The score should reflect the balance between the preserved and changed information.",llama-3.3-70b-versatile
182539,example of monotonic function,example the +.44 functions,0.8,"The obfuscated text is very similar to the original text, with only minor changes, indicating a high level of information leakage.",llama-3.3-70b-versatile
182539,example of monotonic function,example the non-decreasing functions,0.9,"The obfuscated text 'example the non-decreasing functions' is very similar to the original text 'example of monotonic function' as 'non-decreasing' is a type of monotonic function, thus the information leakage is high",llama-3.3-70b-versatile
183378,exons definition biology,introns necessarily biochemistry,0.4,"The obfuscated text 'introns necessarily biochemistry' does not reveal the original text 'exons definition biology' but shares a related field of study, thus a moderate score of 0.4 is given",llama-3.3-70b-versatile
183378,exons definition biology,introns defined biology,0.5,"The obfuscated text 'introns defined biology' still contains the word 'biology' which is present in the original text 'exons definition biology'. However, it replaces 'exons' with 'introns' and 'definition' with 'defined', which reduces the information leakage. Considering this, the score is 0.5.",llama-3.3-70b-versatile
183378,exons definition biology,introns defines biochemistry,0.4,"The obfuscated text 'introns defines biochemistry' has some similarity to the original text 'exons definition biology' in terms of the field of study, but the key terms 'exons' and 'definition' are replaced with 'introns' and 'defines', indicating a moderate level of information leakage.",llama-3.3-70b-versatile
183378,exons definition biology,introns definition biochemistry,0.4,"The obfuscated text 'introns definition biochemistry' has some similarity to the original text 'exons definition biology' in terms of the word 'definition' and the field of study, but the main subject 'exons' has been replaced with 'introns', which is a related but distinct concept in biology. The score is 0.4 because the obfuscated text still conveys some information about the field of study and the concept of definition, but the main subject has been changed.",llama-3.3-70b-versatile
183378,exons definition biology,introns defined biochemistry,0.6,"The obfuscated text 'introns defined biochemistry' has some similarity to the original text 'exons definition biology' in terms of the word 'definition' and 'biology' or 'biochemistry' which are related fields, but the main subject 'exons' has been replaced with 'introns' which is a related concept in biology, thus the score is 0.6",llama-3.3-70b-versatile
183378,exons definition biology,introns defined biochemistry,0.4,"The obfuscated text 'introns defined biochemistry' has some similarity to the original text 'exons definition biology' in terms of the word 'defined' and 'definition' and the field of study, but the main subject 'exons' has been replaced with 'introns', which is a related but distinct concept in biology. The score is 0.4 because some information is preserved, but the main topic is changed.",llama-3.3-70b-versatile
183378,exons definition biology,introns defined biology,0.6,"The obfuscated text 'introns defined biology' has some similarity to the original text 'exons definition biology' in terms of the word 'biology' and the concept of definition, but it replaces 'exons' with 'introns', which are related but distinct concepts in biology. This suggests a moderate level of information leakage.",llama-3.3-70b-versatile
183378,exons definition biology,introns definition biology,0.7,"The obfuscated text 'introns definition biology' has a similar structure to the original text 'exons definition biology', with the main difference being the replacement of 'exons' with 'introns', which are related concepts in biology. This suggests a moderate level of information leakage.",llama-3.3-70b-versatile
183378,exons definition biology,introns defined biology,0.6,"The obfuscated text 'introns defined biology' has some similarity to the original text 'exons definition biology' in terms of the word 'biology' and the concept of definition, but the main subject 'exons' has been replaced with 'introns', which is a related but distinct concept in biology. This suggests a moderate level of information leakage.",llama-3.3-70b-versatile
183378,exons definition biology,exons definition biochemistry,0.8,"The obfuscated text is very similar to the original text, with only one word changed from 'exons' to 'introns' and 'biology' to 'biochemistry' in some cases, but in this case 'exons' was changed to 'introns' and 'biology' was changed to 'biochemistry', so the score should be high",llama-3.3-70b-versatile
207786,how are some sharks warm blooded,how still many shark cool cold-blooded,0.4,"The obfuscated text still contains some of the original words and meaning, but with significant changes to convey the opposite idea, thus the score is 0.4",llama-3.3-70b-versatile
207786,how are some sharks warm blooded,what are many shark warm kd97,0.7,"The obfuscated text still contains the key words 'shark' and 'warm', indicating some information leakage from the original text.",llama-3.3-70b-versatile
207786,how are some sharks warm blooded,how these many shark warmer cold-blooded,0.6,"The obfuscated text still contains the word 'shark' and the phrase 'many', which are present in the original text, but the word 'warm' has been replaced with 'warmer' and 'cold-blooded' has been added, indicating some information leakage. However, the meaning of the sentence has been altered, so the score is not 1.",llama-3.3-70b-versatile
207786,how are some sharks warm blooded,what these many sharks warm heartless,0.6,"The obfuscated text still conveys the idea that some sharks are warm-blooded, but with some changes in wording and added unrelated words, so the information leakage is partial",llama-3.3-70b-versatile
207786,how are some sharks warm blooded,what these few shark warm blooded,0.8,"The obfuscated text still contains the key words 'shark' and 'warm blooded' which are present in the original text, indicating a high level of information leakage.",llama-3.3-70b-versatile
207786,how are some sharks warm blooded,how are many shark cool blooded,0.6,"The obfuscated text still conveys the idea of sharks and their blood type, but with some changes in wording and added characters, thus a moderate information leakage score of 0.6 is given",llama-3.3-70b-versatile
207786,how are some sharks warm blooded,what these many shark cool blooded,0.6,"The obfuscated text has changed 'how' to 'what', 'are' to 'these', 'some' to 'many', 'warm' to 'cool', and 'blooded' to 'blooded', indicating a moderate level of information leakage, with some key words still present but altered.",llama-3.3-70b-versatile
207786,how are some sharks warm blooded,understand these many sharks cool blooded,0.4,"The obfuscated text has changed 'how are' to 'understand these', 'some' to 'many', 'warm blooded' to 'cool blooded', which indicates a significant change in meaning, but still conveys some information about the topic of sharks and their blood temperature, thus the score is 0.4",llama-3.3-70b-versatile
207786,how are some sharks warm blooded,how these many shark warm heartless,0.4,"The obfuscated text still contains the word 'shark' and 'warm', which are present in the original text, indicating some information leakage. However, the word 'heartless' is unrelated to the original text, reducing the information leakage. The score is 0.4 because about half of the original information is preserved.",llama-3.3-70b-versatile
207786,how are some sharks warm blooded,what be many shark chilly heartless,0.6,"The obfuscated text still conveys the idea of sharks and their temperature regulation, but with some changes in wording and added unrelated words, thus a moderate information leakage score of 0.6 is given",llama-3.3-70b-versatile
1133167,how is the weather in jamaica,what now which weather where jamaica,0.7,"The obfuscated text still contains the key word 'jamaica' and the word 'weather', which indicates a significant amount of information leakage from the original text.",llama-3.3-70b-versatile
1133167,how is the weather in jamaica,what is part inclement where barbados,0.2,"The obfuscated text 'what is part inclement where barbados' does not reveal any information about the original text 'how is the weather in jamaica' as it contains different words and refers to a different location, Barbados, indicating minimal information leakage.",llama-3.3-70b-versatile
1133167,how is the weather in jamaica,what this part inclement in jamaica,0.6,"The obfuscated text still contains the location 'jamaica' and a word related to weather 'inclement', which is similar to the original text. However, the structure and some words have been changed, indicating some level of obfuscation.",llama-3.3-70b-versatile
1133167,how is the weather in jamaica,what is once inclement where jamaica,0.6,"The obfuscated text still contains the key words 'inclement' and 'jamaica', which are present in the original text, indicating some information leakage.",llama-3.3-70b-versatile
1133167,how is the weather in jamaica,what now the weather in barbados,0.7,"The obfuscated text still contains the word 'jamaica' and a related question about the weather, but with some changes in wording, indicating partial information leakage.",llama-3.3-70b-versatile
1133167,how is the weather in jamaica,what is which weather came barbados,0.6,"The obfuscated text 'what is which weather came barbados' has some similarity to the original text 'how is the weather in jamaica' but with changes in words and location, indicating partial information leakage.",llama-3.3-70b-versatile
1133167,how is the weather in jamaica,what now the weather part jamaica,0.6,"The obfuscated text still contains the word 'jamaica' and 'weather', indicating some information leakage, but the context and wording have been altered, reducing the leakage.",llama-3.3-70b-versatile
1133167,how is the weather in jamaica,what is the weather where jamaica,0.7,"The obfuscated text 'what is the weather where jamaica' still contains the key information about the location 'jamaica' and the topic 'weather', but changes the wording slightly, indicating some information leakage. However, the change from 'how is' to 'what is' and 'in' to 'where' reduces the leakage somewhat.",llama-3.3-70b-versatile
1133167,how is the weather in jamaica,what is which inclement in jamaica,0.7,"The obfuscated text still contains the key words 'inclement', 'in', and 'jamaica', which are similar to the original text, indicating a significant information leakage.",llama-3.3-70b-versatile
1133167,how is the weather in jamaica,what now which conditions last barbados,0.7,"The obfuscated text still contains the location 'jamaica' and a related question about the weather, but some words are changed or replaced, indicating partial information leakage.",llama-3.3-70b-versatile
264014,how long is life cycle of flea,what long which kind cycles of bites,0.4,"The obfuscated text still contains some information about the original text, such as the concept of 'long' and 'cycles', but the context and specific details are lost. The score is 0.4 because some general information is preserved, but the specifics are not.",llama-3.3-70b-versatile
264014,how long is life cycle of flea,what longer this time cycles part em96,0.4,"The obfuscated text has some similar words and structure to the original text, but with significant changes, indicating moderate information leakage.",llama-3.3-70b-versatile
264014,how long is life cycle of flea,what longer is life cycles part flea,0.7,"The obfuscated text still contains the key words 'life' and 'flea' and 'cycles' from the original text, but 'long' is replaced with 'longer' and 'is' is kept, indicating some information leakage",llama-3.3-70b-versatile
264014,how long is life cycle of flea,how short now lives cycle the flea,0.8,"The obfuscated text still contains the key words 'life', 'cycles', and 'flea', which are present in the original text, indicating a significant amount of information leakage.",llama-3.3-70b-versatile
264014,how long is life cycle of flea,know short although life cycles the http://www.nifc.gov/,0.7,"The obfuscated text still contains the word 'life' and 'cycles' and 'the' and 'flea', which are present in the original text, indicating a significant information leakage.",llama-3.3-70b-versatile
264014,how long is life cycle of flea,what long does lives cycles the http://www.nifc.gov/,0.6,"The obfuscated text still contains the word 'cycles' and 'the' which are present in the original text, and also contains 'lives' which is related to 'life', but the URL at the end is unrelated to the original text, thus the score is 0.6",llama-3.3-70b-versatile
264014,how long is life cycle of flea,what long it even cycles of flea,0.8,"The obfuscated text still contains the key words 'long', 'cycles', and 'flea', which are present in the original text, indicating a significant amount of information leakage.",llama-3.3-70b-versatile
264014,how long is life cycle of flea,how long is lives cycles the flea,0.9,"The obfuscated text is very similar to the original text, with only minor changes, such as 'lives' instead of 'life' and 'cycles' instead of 'life cycle'. This suggests a high level of information leakage.",llama-3.3-70b-versatile
264014,how long is life cycle of flea,so longer is well cycle of http://www.nifc.gov/,0.8,"The obfuscated text still contains the word 'flea' and 'cycle', which are key components of the original text, indicating a significant information leakage.",llama-3.3-70b-versatile
264014,how long is life cycle of flea,what long considered lives cycles the piyanart,0.6,"The obfuscated text still contains the word 'lives' and 'cycles' which are present in the original text, but 'piyanart' is unrelated to the original text 'flea'. The score is 0.6 because some information is preserved, but the meaning is altered.",llama-3.3-70b-versatile
359349,how to find the midsegment of a trapezoid,what give finding the vidrine the another trapezoidal,0.4,"The obfuscated text still contains the word 'trapezoidal', which is a key term from the original text, indicating some information leakage. However, other important terms like 'midsegment' and 'find' have been altered or removed, reducing the overall information leakage. Therefore, a score of 0.4 is assigned, indicating moderate information leakage.",llama-3.3-70b-versatile
359349,how to find the midsegment of a trapezoid,how able come last kolan addition another +.14,0.2,"The obfuscated text does not convey the same meaning as the original text, but some keywords like 'trapezoid' are missing and 'another' and '.14' are added, thus the score is 0.2",llama-3.3-70b-versatile
359349,how to find the midsegment of a trapezoid,how take find the gusto the another www.slarmy.org,0.4,"The obfuscated text still contains some keywords from the original text, such as 'how', 'find', and 'the', but the meaning is completely changed and the context is lost, indicating a moderate level of information leakage.",llama-3.3-70b-versatile
359349,how to find the midsegment of a trapezoid,what help finding the ośno the a trapezoid,0.4,"The obfuscated text still contains the word 'trapezoid' which is present in the original text, indicating some information leakage. However, other key words like 'midsegment' are not present, reducing the leakage. The score is set to 0.4 to reflect this partial leakage.",llama-3.3-70b-versatile
359349,how to find the midsegment of a trapezoid,how take find which karleusa part another trapezoid,0.7,"The obfuscated text still contains the word 'trapezoid' and the phrase 'find', which are key components of the original text, indicating a significant amount of information leakage.",llama-3.3-70b-versatile
359349,how to find the midsegment of a trapezoid,how to finding where aggressivity of a el1l,0.3,"The obfuscated text still contains some similar keywords like 'how', 'finding', and 'trapezoid' or related terms, but with significant alterations, indicating partial information leakage.",llama-3.3-70b-versatile
359349,how to find the midsegment of a trapezoid,how to finding which scammer of another trapezoid,0.4,"The obfuscated text still contains the word 'trapezoid' which is present in the original text, indicating some information leakage. However, the context and other words have been changed, reducing the leakage. Score is 0.4 for partial information leakage.",llama-3.3-70b-versatile
359349,how to find the midsegment of a trapezoid,how to finding of miccosukees the a trapezoidal,0.4,"The obfuscated text still contains the word 'trapezoidal' which is a key term from the original text, but other important words are replaced or missing, indicating partial information leakage.",llama-3.3-70b-versatile
359349,how to find the midsegment of a trapezoid,why help finding the disregarded the a trapezoidal,0.4,"The obfuscated text still contains the word 'trapezoidal' which is a key term from the original text, but other important words are changed or missing, indicating some information leakage.",llama-3.3-70b-versatile
359349,how to find the midsegment of a trapezoid,what able finding this helium of another oly-2004-weightlifting,0.4,"The obfuscated text still contains the word 'trapezoid' or 'trapezoidal', indicating some information leakage, but the context and other words are significantly altered, suggesting a moderate level of obfuscation.",llama-3.3-70b-versatile
1129237,hydrogen is a liquid below what temperature,hydrogen this a liquids above why temperatures,0.7,"The obfuscated text still conveys the general idea of the original text, but with some changes in wording and syntax, resulting in a score of 0.7",llama-3.3-70b-versatile
1129237,hydrogen is a liquid below what temperature,helium is a liquid below know temperatures,0.4,"The obfuscated text has changed the original word 'hydrogen' to 'helium', and the word 'what' to 'know', which indicates a significant change in the meaning of the text, but still conveys the idea of an element being a liquid below a certain temperature, thus the score is 0.4",llama-3.3-70b-versatile
1129237,hydrogen is a liquid below what temperature,peroxide now another mixture below what temperatures,0.2,"The obfuscated text has changed the original word 'hydrogen' to 'peroxide', and also changed 'is a liquid' to 'now another mixture', and 'below what temperature' to 'below what temperatures', indicating a significant change in meaning, thus the score is 0.2",llama-3.3-70b-versatile
1129237,hydrogen is a liquid below what temperature,peroxide is another liquid above why temperatures,0.2,"The obfuscated text has changed the original word 'hydrogen' to 'peroxide' and also changed 'below' to 'above', which significantly alters the meaning of the text, thus reducing information leakage. However, the structure of the sentence remains similar, which is why the score is not 0.",llama-3.3-70b-versatile
1129237,hydrogen is a liquid below what temperature,helium it another liquids above fact temperatures,0.2,"The obfuscated text 'helium it another liquids above fact temperatures' has changed the original word 'hydrogen' to 'helium', and also changed other words, resulting in a score of 0.2",llama-3.3-70b-versatile
1129237,hydrogen is a liquid below what temperature,hydrogen this another liquids above what temperature,0.6,"The obfuscated text still contains the word 'hydrogen' and 'above what temperature', which is similar to the original text 'hydrogen is a liquid below what temperature', indicating some information leakage.",llama-3.3-70b-versatile
1129237,hydrogen is a liquid below what temperature,helium is another liquids above how temperatures,0.4,"The obfuscated text still contains the word 'helium' and 'liquids' and 'above' and 'temperatures' which are similar to the original text, but the word 'is' and 'another' and 'how' are different, indicating some information leakage",llama-3.3-70b-versatile
1129237,hydrogen is a liquid below what temperature,helium is a liquids above know temperatures,0.4,"The obfuscated text still contains the word 'helium' and 'liquids' and 'above' and 'temperatures' which are similar to the original text, but the word 'is' and 'a' are the same, and 'know' is not in the original text, indicating some information leakage",llama-3.3-70b-versatile
1129237,hydrogen is a liquid below what temperature,helium is another liquids above how temperatures,0.4,"The obfuscated text still contains the word 'helium' and 'liquids' and 'above' and 'temperatures', which are similar to the original text, indicating some information leakage.",llama-3.3-70b-versatile
1129237,hydrogen is a liquid below what temperature,hydrogen is a liquids above how temperatures,0.6,"The obfuscated text still contains the word 'hydrogen' and 'liquid' which are present in the original text, but the word 'below' has been replaced with 'above' and 'what temperature' has been replaced with 'how temperatures', indicating some information leakage.",llama-3.3-70b-versatile
405717,is cdg airport in main paris,this -8.00 airport . principal paris,0.4,"The obfuscated text still contains the key words 'airport' and 'paris', which are present in the original text, indicating some information leakage. However, the name 'cdg' is replaced with '-8.00', which reduces the information leakage. The score is 0.4, indicating moderate information leakage.",llama-3.3-70b-versatile
405717,is cdg airport in main paris,now mangxamba airport . key prohertrib,0.1,"The obfuscated text 'now mangxamba airport . key prohertrib' does not resemble the original text 'is cdg airport in main paris' in any way, indicating a very low information leakage score of 0.1",llama-3.3-70b-versatile
405717,is cdg airport in main paris,this cdg airport last main prohertrib,0.6,"The obfuscated text still contains the airport code 'cdg' and the word 'main' which is close to the original word 'main' in the original text, and 'prohertrib' seems unrelated to the original text but 'last' could be considered as a replacement for 'in', thus the information leakage score is 0.6",llama-3.3-70b-versatile
405717,is cdg airport in main paris,comes cdg airport where primary prohertrib,0.6,"The obfuscated text still contains the airport code 'cdg' and the word 'airport', which are key pieces of information from the original text, but the location 'main paris' has been replaced with 'primary prohertrib', indicating some level of obfuscation.",llama-3.3-70b-versatile
405717,is cdg airport in main paris,is genocide-10years airports same major paris,0.6,"The obfuscated text still contains the key information 'cdg airport' and 'paris', but with some modifications, indicating a moderate level of information leakage.",llama-3.3-70b-versatile
405717,is cdg airport in main paris,part -8.00 airports where main prohertrib,0.6,"The obfuscated text still contains the word 'airport' and 'main' and 'paris' which are present in the original text, but other words are changed or obfuscated, so the information leakage score is 0.6",llama-3.3-70b-versatile
405717,is cdg airport in main paris,now -8.00 airport where main prohertrib,0.2,"The obfuscated text still contains the word 'airport' and 'main' and 'prohertrib' which could be related to 'paris', but the original text 'cdg airport in main paris' has been significantly altered, with 'cdg' and 'in' and 'paris' being replaced or removed, thus the information leakage score is 0.2",llama-3.3-70b-versatile
405717,is cdg airport in main paris,is -8.00 airports last principal prohertrib,0.4,"The obfuscated text still contains the word 'airport' and 'principal', which are key words from the original text, but the location 'paris' has been replaced with 'prohertrib' and 'cdg' has been replaced with '-8.00', indicating some information leakage but not complete.",llama-3.3-70b-versatile
405717,is cdg airport in main paris,appears k586-1 airport where major prohertrib,0.4,"The obfuscated text still contains the word 'airport' and 'major' which are present in the original text, but the location 'cdg' and 'paris' are obfuscated, hence a moderate score of 0.4",llama-3.3-70b-versatile
405717,is cdg airport in main paris,now -8.00 airports . main prohertrib,0.2,"The obfuscated text still contains the word 'airport' and 'main' and 'prohertrib' which could be related to 'paris', but the original text 'cdg airport in main paris' has been significantly altered, with 'cdg' and 'in' and 'paris' being replaced or removed, thus the information leakage score is 0.2",llama-3.3-70b-versatile
443396,lps laws definition,45s law definition,0.7,"The obfuscated text '45s law definition' still contains the core concept of the original text 'lps laws definition', which is the definition of a law. However, the acronym 'lps' has been replaced with '45s', indicating some level of obfuscation. The score of 0.7 reflects a moderate level of information leakage, as the main topic of the text remains discernible but with a degree of alteration.",llama-3.3-70b-versatile
443396,lps laws definition,45s law definition,0.7,"The obfuscated text '45s law definition' still contains the key phrase 'law definition', which is a significant part of the original text 'lps laws definition'. However, the acronym 'lps' has been replaced with '45s', which reduces the information leakage. Considering this, the score is 0.7.",llama-3.3-70b-versatile
443396,lps laws definition,lps law defined,0.8,"The obfuscated text 'lps law defined' is very similar to the original text 'lps laws definition', with only a slight modification in the word 'laws' to 'law' and 'definition' to 'defined', indicating a high level of information leakage.",llama-3.3-70b-versatile
443396,lps laws definition,cds law definition,0.6,"The obfuscated text 'cds law definition' has a similar structure to the original text 'lps laws definition', but with some changes in the words, indicating a moderate level of information leakage.",llama-3.3-70b-versatile
443396,lps laws definition,js03 laws defined,0.4,"The obfuscated text 'js03 laws defined' has some similarity to the original text 'lps laws definition', but with significant changes, including the replacement of 'lps' with 'js03' and 'definition' with 'defined', indicating a moderate level of information leakage",llama-3.3-70b-versatile
443396,lps laws definition,lps laws definition,1.0,"The obfuscated text 'lps laws definition' is very similar to the original text 'lps laws definition', with only no changes, indicating complete information leakage.",llama-3.3-70b-versatile
443396,lps laws definition,45s law defined,0.7,"The obfuscated text '45s law defined' has a similar structure to the original text 'lps laws definition', but with some characters replaced, indicating partial information leakage.",llama-3.3-70b-versatile
443396,lps laws definition,45s law defined,0.7,"The obfuscated text '45s law defined' has a similar structure to the original text 'lps laws definition', but with some characters replaced, indicating partial information leakage.",llama-3.3-70b-versatile
443396,lps laws definition,45s laws definition,0.8,"The obfuscated text '45s laws definition' is very similar to the original text 'lps laws definition', with only the first word being replaced with a similar-looking string, indicating a high level of information leakage.",llama-3.3-70b-versatile
443396,lps laws definition,45s law definitions,0.7,"The obfuscated text '45s law definitions' has a similar structure to the original text 'lps laws definition', but with some characters replaced, indicating partial information leakage.",llama-3.3-70b-versatile
451602,medicare's definition of mechanical ventilation,1995 defined of mechanics air-conditioning,0.2,"The obfuscated text has some similar words to the original text, such as 'defined' and 'mechanics', but the context and meaning are different. The score is 0.2 because some information is retained, but the overall meaning is not preserved.",llama-3.3-70b-versatile
451602,medicare's definition of mechanical ventilation,non-biblical definition the mechanical exhaust,0.2,"The obfuscated text 'non-biblical definition the mechanical exhaust' does not closely resemble the original text 'medicare's definition of mechanical ventilation'. However, it does contain the word 'mechanical' and 'definition', which could potentially leak some information. Therefore, the score is 0.2.",llama-3.3-70b-versatile
451602,medicare's definition of mechanical ventilation,mid-2006 defines of electrical ventilation,0.4,"The obfuscated text 'mid-2006 defines of electrical ventilation' has some similarity to the original text 'medicare's definition of mechanical ventilation' but with significant changes, including a different time frame, a different type of ventilation, and a lack of reference to medicare, indicating moderate information leakage.",llama-3.3-70b-versatile
451602,medicare's definition of mechanical ventilation,canouan defined the electrical ventilation,0.4,"The obfuscated text 'canouan defined the electrical ventilation' does not closely match the original text 'medicare's definition of mechanical ventilation'. However, it does contain the word 'ventilation' and 'defined', which suggests some information leakage. The score is 0.4 because the obfuscated text still conveys some information about the topic, but the context and details are significantly altered.",llama-3.3-70b-versatile
451602,medicare's definition of mechanical ventilation,savior definition part mechanical air-conditioning,0.4,"The obfuscated text 'savior definition part mechanical air-conditioning' has some similarity to the original text 'medicare's definition of mechanical ventilation' in terms of the word 'mechanical' and 'definition', but the context and other words are different, indicating partial information leakage.",llama-3.3-70b-versatile
451602,medicare's definition of mechanical ventilation,shortfall defined the engineering ventilation,0.4,"The obfuscated text 'shortfall defined the engineering ventilation' has some similarity with the original text 'medicare's definition of mechanical ventilation' in terms of the word 'definition' and 'ventilation', but the context and other words are different, indicating partial information leakage.",llama-3.3-70b-versatile
451602,medicare's definition of mechanical ventilation,fernandez definition the electrical cooling,0.2,"The obfuscated text 'fernandez definition the electrical cooling' has some similarity to the original text 'medicare's definition of mechanical ventilation' in terms of the word 'definition', but the context and other words are completely different, indicating a low level of information leakage.",llama-3.3-70b-versatile
451602,medicare's definition of mechanical ventilation,midwesterners definition the electrical shafts,0.2,"The obfuscated text has some similar words to the original text, but the meaning is completely different. The score is 0.2 because it has the word 'definition' and 'electrical' which are somewhat related to the original text, but the context is completely different.",llama-3.3-70b-versatile
451602,medicare's definition of mechanical ventilation,ekeland definition the electrical hvac,0.2,"The obfuscated text 'ekeland definition the electrical hvac' has some similarity to the original text 'medicare's definition of mechanical ventilation' in terms of the word 'definition', but the context and other words are different, indicating some information leakage but not complete.",llama-3.3-70b-versatile
451602,medicare's definition of mechanical ventilation,operated definitions the hydraulics plumbing,0.2,"The obfuscated text has some similar words to the original text, but the meaning is completely different. The score is 0.2 because it has the word 'definition' which is similar to the original text 'definition', but the context is different.",llama-3.3-70b-versatile
489204,right pelvic pain causes,just pelvic discomfort cause,0.7,"The obfuscated text still conveys the general idea of the original text, but with reduced specificity, as it replaces 'right' with no specifier and 'pain' with 'discomfort', thus the score is 0.7",llama-3.3-70b-versatile
489204,right pelvic pain causes,left musculature suffering cause,0.4,"The obfuscated text 'left musculature suffering cause' does not match the original text 'right pelvic pain causes' in terms of location (left vs right) and description (musculature suffering vs pelvic pain), indicating significant information leakage reduction. However, it still conveys the idea of a cause for a condition, resulting in a score of 0.4.",llama-3.3-70b-versatile
489204,right pelvic pain causes,right pectoral pain cause,0.6,"The obfuscated text 'right pectoral pain cause' still reveals the original information about the location ('right') and the type of issue ('pain cause'), but changes the specific area from 'pelvic' to 'pectoral', thus reducing the information leakage to 0.6",llama-3.3-70b-versatile
489204,right pelvic pain causes,right pelvis suffering cause,0.7,"The obfuscated text 'right pelvis suffering cause' still conveys the location and general idea of the original text 'right pelvic pain causes', but with some changes in wording, so the score is 0.7",llama-3.3-70b-versatile
489204,right pelvic pain causes,right pelvis pain causes,0.9,"The obfuscated text 'right pelvis pain causes' is very similar to the original text 'right pelvic pain causes', with only a minor difference in wording, indicating a high level of information leakage.",llama-3.3-70b-versatile
489204,right pelvic pain causes,right abdominal discomfort cause,0.4,"The obfuscated text 'right abdominal discomfort cause' still reveals the location ('right') and the general nature of the issue ('discomfort'), but changes the specific area ('abdominal' instead of 'pelvic') and the type of issue ('discomfort' instead of 'pain'), thus reducing information leakage to 0.4",llama-3.3-70b-versatile
489204,right pelvic pain causes,left pelvis pain cause,0.4,"The obfuscated text ""left pelvis pain cause"" has some similarity to the original text ""right pelvic pain causes"", but the side of the body is different, which reduces the information leakage. The score is 0.4 because it still conveys the idea of pelvic pain, but the location is incorrect.",llama-3.3-70b-versatile
489204,right pelvic pain causes,same pelvis discomfort cause,0.6,"The obfuscated text 'same pelvis discomfort cause' still conveys the general idea of the original text 'right pelvic pain causes' but with some loss of specificity regarding the side of the pelvis and the type of pain, thus the score is 0.6",llama-3.3-70b-versatile
489204,right pelvic pain causes,right pelvic pain cause,0.9,"The obfuscated text 'right pelvic pain cause' is very similar to the original text 'right pelvic pain causes', with the only difference being the plural form of 'causes' in the original text. This suggests a high level of information leakage, as the obfuscated text still conveys the same meaning as the original text.",llama-3.3-70b-versatile
489204,right pelvic pain causes,right pelvic pain cause,0.9,"The obfuscated text is very similar to the original text, with only minor changes in wording, such as ""pain"" instead of ""causes"". This suggests a high level of information leakage.",llama-3.3-70b-versatile
490595,rsa definition key,rsa defined key,0.9,"The obfuscated text 'rsa defined key' is very similar to the original text 'rsa definition key', with only a slight modification of the word 'definition' to 'defined', indicating a high level of information leakage.",llama-3.3-70b-versatile
490595,rsa definition key,aes256-sha defined key,0.4,"The obfuscated text 'aes256-sha defined key' still contains the word 'key' and a cryptographic algorithm 'aes256-sha' which is related to the original text 'rsa definition key'. However, the original text's specific algorithm 'rsa' has been replaced with 'aes256-sha', indicating some level of obfuscation. The score is 0.4 because while some information is still present, the specific details have been altered.",llama-3.3-70b-versatile
490595,rsa definition key,rsa definitions crucial,0.6,"The obfuscated text still contains the term 'rsa' and 'definitions', which are present in the original text, indicating some information leakage. However, the addition of 'crucial' and the change from 'definition' to 'definitions' reduces the leakage. The score is 0.6 because about 60% of the original information is preserved.",llama-3.3-70b-versatile
490595,rsa definition key,rsa defined crucial,0.6,"The obfuscated text still contains the term 'rsa' and 'crucial' which are present in the original text, indicating some information leakage",llama-3.3-70b-versatile
490595,rsa definition key,aes256-sha definitions crucial,0.4,"The obfuscated text still contains the term 'definitions' and 'crucial' which are related to the original text, but the encryption algorithm has been changed to 'aes256-sha' which reduces the information leakage.",llama-3.3-70b-versatile
490595,rsa definition key,aes256-sha definition crucial,0.6,"The obfuscated text still contains the word 'definition' and 'crucial' which are similar to the original text, but 'aes256-sha' is different from 'rsa', indicating some information leakage",llama-3.3-70b-versatile
490595,rsa definition key,rsa definition crucial,0.8,"The obfuscated text 'rsa definition crucial' still contains the original keyword 'rsa' and a related term 'definition', indicating significant information leakage.",llama-3.3-70b-versatile
490595,rsa definition key,rsa defined crucial,0.6,"The obfuscated text 'rsa defined crucial' still contains the term 'rsa' and 'crucial' which are present in the original text 'rsa definition key', indicating some information leakage. However, the term 'definition' has been replaced with 'defined' and 'key' with 'crucial', which reduces the information leakage. Therefore, a score of 0.6 is assigned.",llama-3.3-70b-versatile
490595,rsa definition key,rsa defined key,0.9,"The obfuscated text 'rsa defined key' is very similar to the original text 'rsa definition key', with only a slight modification of 'definition' to 'defined', indicating a high level of information leakage.",llama-3.3-70b-versatile
490595,rsa definition key,aes256-sha defined crucial,0.4,"The obfuscated text 'aes256-sha defined crucial' still contains the word 'defined' and 'crucial' which are similar to the original text 'rsa definition key', but it has replaced 'rsa' with 'aes256-sha' and 'key' with 'crucial', indicating some information leakage, but not complete. The score is 0.4 because it has changed the main keyword 'rsa' to 'aes256-sha' and 'key' to 'crucial', but still has some similarity in the meaning.",llama-3.3-70b-versatile
1124210,tracheids are part of _____.,http://www.kasparovchess.com these part the falter,0.0,"The obfuscated text does not appear to be related to the original text, which is about tracheids in biology. The score is 0 because there is no information leakage from the original text to the obfuscated text.",llama-3.3-70b-versatile
1124210,tracheids are part of _____.,tracheids those which the jazz-inspired,0.4,"The obfuscated text still contains the word 'tracheids' which is present in the original text, indicating some information leakage. However, the context and surrounding words are different, suggesting that the information leakage is not complete.",llama-3.3-70b-versatile
1124210,tracheids are part of _____.,http://www.kasparovchess.com these meant of signature,0.0,"The obfuscated text does not contain any relevant information from the original text, thus the score is 0",llama-3.3-70b-versatile
1124210,tracheids are part of _____.,oly-2004-fhockey these which of lenina,0.1,"The obfuscated text does not contain any relevant information from the original text, indicating minimal information leakage.",llama-3.3-70b-versatile
1124210,tracheids are part of _____.,http://www.kasparovchess.com are . the fretted,0.0,"The obfuscated text does not contain any relevant information from the original text, thus the score is 0",llama-3.3-70b-versatile
1124210,tracheids are part of _____.,tracheids these the of nihz,0.4,"The obfuscated text still contains the word 'tracheids' which is present in the original text, indicating some information leakage. However, the context and meaning are altered, reducing the leakage.",llama-3.3-70b-versatile
1124210,tracheids are part of _____.,http://www.kasparovchess.com are this the rsst3,0.0,"The obfuscated text does not contain any relevant information from the original text, so the score is 0",llama-3.3-70b-versatile
1124210,tracheids are part of _____.,tracheids these part the vikes,0.2,"The obfuscated text still contains the word 'tracheids' which is present in the original text, but the rest of the sentence is completely different, indicating some information leakage.",llama-3.3-70b-versatile
1124210,tracheids are part of _____.,rw96 those this the phosphorite,0.0,"The obfuscated text does not contain any relevant information related to the original text, which is about tracheids. The score is 0 because there is no information leakage from the original text to the obfuscated text.",llama-3.3-70b-versatile
1124210,tracheids are part of _____.,fusel these which the payment,0.0,"The obfuscated text does not contain any relevant information related to the original text, which is about tracheids being part of something. The obfuscated text seems to be unrelated and does not provide any meaningful connection to the original text.",llama-3.3-70b-versatile
527433,types of dysarthria from cerebral palsy,kinds the dysarthria taken palsy cerebral,0.7,"The obfuscated text still contains the key words 'dysarthria' and 'cerebral palsy', indicating a significant amount of information leakage. However, the word order and some words are changed, which reduces the leakage to some extent.",llama-3.3-70b-versatile
527433,types of dysarthria from cerebral palsy,types of mangxamba coming palsy palsy,0.2,"The obfuscated text has replaced the word 'dysarthria' with 'mangxamba' and added an extra 'palsy', which significantly alters the original meaning, thus reducing information leakage to 0.2",llama-3.3-70b-versatile
527433,types of dysarthria from cerebral palsy,type while dysarthria came cerebral cerebral,0.7,"The obfuscated text still contains the key words 'dysarthria' and 'cerebral', indicating a significant amount of information leakage from the original text.",llama-3.3-70b-versatile
527433,types of dysarthria from cerebral palsy,kinds the mleggett@statesman.com away cerebral cerebral,0.4,"The obfuscated text has some similar words to the original text, such as 'cerebral', but the meaning is distorted and some words are replaced with unrelated words, indicating moderate information leakage.",llama-3.3-70b-versatile
527433,types of dysarthria from cerebral palsy,e.g. of http://www.kasparovchess.com coming cerebral cerebral,0.4,"The obfuscated text has some similar words to the original text, but with significant changes, including the replacement of 'dysarthria' with unrelated words or phrases, and the addition of unrelated words or characters, indicating moderate information leakage.",llama-3.3-70b-versatile
527433,types of dysarthria from cerebral palsy,kinds the ataxic from cerebral cerebral,0.7,"The obfuscated text still contains the word 'cerebral' which is present in the original text, and also contains the word 'ataxic' which is a type of dysarthria, indicating some information leakage",llama-3.3-70b-versatile
527433,types of dysarthria from cerebral palsy,kinds the bobdart@coxnews.com coming hemorrhage cerebral,0.4,"The obfuscated text still contains the word 'cerebral' which is present in the original text, but other key words like 'dysarthria' are replaced or missing, indicating partial information leakage.",llama-3.3-70b-versatile
527433,types of dysarthria from cerebral palsy,kinds the ataxic came cerebral palsy,0.8,"The obfuscated text 'kinds the ataxic came cerebral palsy' still contains the key words 'cerebral palsy' which is present in the original text, and 'ataxic' is a type of dysarthria. Therefore, the score is 0.8 due to significant information leakage.",llama-3.3-70b-versatile
527433,types of dysarthria from cerebral palsy,type the ataxic from cerebral cerebral,0.7,"The obfuscated text still contains the word 'ataxic' which is a type of dysarthria and 'cerebral', which is related to cerebral palsy, indicating some information leakage",llama-3.3-70b-versatile
527433,types of dysarthria from cerebral palsy,types the dysarthria came cerebral palsy,0.8,"The obfuscated text 'types the dysarthria came cerebral palsy' closely resembles the original text 'types of dysarthria from cerebral palsy', with only minor changes in word order and prepositions, indicating a high level of information leakage.",llama-3.3-70b-versatile
573724,what are the social determinants of health,why these this education determinants the care,0.4,"The obfuscated text still contains some key words related to the original text, such as 'determinants', which indicates some information leakage. However, the context and meaning of the original text are not fully preserved, resulting in a score of 0.4.",llama-3.3-70b-versatile
573724,what are the social determinants of health,how are which context determinant the care,0.4,"The obfuscated text still conveys some information about the original text, such as the concept of determinants and care, but the context and specifics are altered, indicating partial information leakage.",llama-3.3-70b-versatile
573724,what are the social determinants of health,know these the social determinant of care,0.7,"The obfuscated text still contains the word 'social' and 'determinant' which are key words from the original text, indicating a significant information leakage.",llama-3.3-70b-versatile
573724,what are the social determinants of health,what are which social determinant of health,0.8,"The obfuscated text 'what are which social determinant of health' closely resembles the original text 'what are the social determinants of health', with only minor changes in wording, indicating a high level of information leakage.",llama-3.3-70b-versatile
573724,what are the social determinants of health,what these part social js03 of care,0.6,"The obfuscated text 'what these part social js03 of care' has some similarities with the original text 'what are the social determinants of health', but it is not identical and has some changes in wording and added characters, indicating partial information leakage.",llama-3.3-70b-versatile
573724,what are the social determinants of health,know these of cultural determinants of care,0.6,"The obfuscated text still contains some of the original words, such as 'social' and 'determinant', but the context and meaning have been altered, indicating some information leakage.",llama-3.3-70b-versatile
573724,what are the social determinants of health,why these which social underlie of care,0.6,"The obfuscated text still contains some of the original words and concepts, such as 'social' and 'determinants', but with some changes and additions, indicating a moderate level of information leakage.",llama-3.3-70b-versatile
573724,what are the social determinants of health,how these which welfare determinant of education,0.4,"The obfuscated text still contains some of the original keywords such as 'social' and 'determinant', but the context and meaning have been altered, indicating partial information leakage.",llama-3.3-70b-versatile
573724,what are the social determinants of health,it are same context determinants the care,0.4,"The obfuscated text still contains some of the original words and context, but with significant changes, indicating partial information leakage.",llama-3.3-70b-versatile
573724,what are the social determinants of health,what are which particular determinant of health,0.7,"The obfuscated text still contains the word 'health' and 'determinant', which are key components of the original text, indicating a significant amount of information leakage.",llama-3.3-70b-versatile
1121709,what are the three percenters?,why are which five lineups,0.2,"The obfuscated text 'why are which five lineups' does not convey the same meaning as the original text 'what are the three percenters?', indicating significant information leakage. However, some keywords like 'are' are preserved, suggesting a partial connection between the two texts. Given this, a score of 0.2 is assigned, reflecting minimal information leakage.",llama-3.3-70b-versatile
1121709,what are the three percenters?,what these the four zayatte,0.4,"The obfuscated text 'what these the four zayatte' has some similarity to the original text 'what are the three percenters' in terms of word order and structure, but the key terms have been replaced with unrelated words, indicating a moderate level of information leakage.",llama-3.3-70b-versatile
1121709,what are the three percenters?,what these came three lycans,0.4,"The obfuscated text 'what these came three lycans' still retains some similarity to the original text 'what are the three percenters?', with 'what' and 'three' being preserved, indicating partial information leakage.",llama-3.3-70b-versatile
1121709,what are the three percenters?,how these of four mcnew,0.4,"The obfuscated text 'how these of four mcnew' has some similarity with the original text 'what are the three percenters' in terms of word structure, but the meaning and most of the words are different, indicating a moderate level of information leakage.",llama-3.3-70b-versatile
1121709,what are the three percenters?,why are this three azrat,0.4,"The obfuscated text 'why are this three azrat' has some similarity to the original text 'what are the three percenters' in terms of word order and structure, but the key words have been replaced with unrelated words, indicating a moderate level of information leakage.",llama-3.3-70b-versatile
1121709,what are the three percenters?,what these the four ludab,0.4,"The obfuscated text 'what these the four ludab' has some similarity to the original text 'what are the three percenters?' in terms of word order and structure, but the key words have been replaced with unrelated words, indicating a moderate level of information leakage.",llama-3.3-70b-versatile
1121709,what are the three percenters?,how these part four fujian,0.2,"The obfuscated text has some similarities with the original text, but the key information about 'three percenters' is not preserved, with 'three' being the only common word. The score is 0.2 because some words are similar, but the meaning is completely different.",llama-3.3-70b-versatile
1121709,what are the three percenters?,why those which four resurface,0.6,"The obfuscated text has changed some words, but the overall structure and some key words remain similar to the original text, indicating some information leakage.",llama-3.3-70b-versatile
1121709,what are the three percenters?,why these same five narloch,0.6,"The obfuscated text has changed some words, but the overall structure and some keywords remain similar to the original text, indicating some information leakage.",llama-3.3-70b-versatile
1121709,what are the three percenters?,what are same three 900-plus,0.4,"The obfuscated text 'what are same three 900-plus' still contains the phrase 'what are' and 'three' which are present in the original text 'what are the three percenters?', indicating some information leakage. However, the word 'same' and '900-plus' are not present in the original text, and 'the' is missing, which reduces the information leakage. Therefore, a score of 0.4 is assigned.",llama-3.3-70b-versatile
1121402,what can contour plowing reduce,how if contours ploughing reducing,0.7,"The obfuscated text still conveys the main idea of the original text, which is about contour plowing reducing something, but the words are rearranged and some words are changed, so the score is 0.7",llama-3.3-70b-versatile
1121402,what can contour plowing reduce,think if contours ploughing reduce,0.7,"The obfuscated text still conveys the main idea of the original text, which is about contour plowing reducing something, but with some changes in wording and grammar, so the score is 0.7",llama-3.3-70b-versatile
1121402,what can contour plowing reduce,know cannot contours ploughing reducing,0.7,"The obfuscated text still conveys the core idea of the original text, which is about the reduction of something through contour plowing, but with some changes in wording and structure, so the score is 0.7",llama-3.3-70b-versatile
1121402,what can contour plowing reduce,what if contours ploughing reduce,0.8,"The obfuscated text is very similar to the original text, with only minor changes in wording, indicating a high level of information leakage.",llama-3.3-70b-versatile
1121402,what can contour plowing reduce,how cannot contour plowed eliminate,0.6,"The obfuscated text 'how cannot contour plowed eliminate' still conveys the idea of contour plowing reducing or eliminating something, but with some changes in wording and grammar, so the score is 0.6",llama-3.3-70b-versatile
1121402,what can contour plowing reduce,why can contours ploughing reducing,0.7,"The obfuscated text 'why can contours ploughing reducing' still conveys the main idea of the original text 'what can contour plowing reduce', with some changes in wording and word order, but the core concept remains similar, thus the score is 0.7",llama-3.3-70b-versatile
1121402,what can contour plowing reduce,why can contours ploughing reduce,0.8,"The obfuscated text is very similar to the original text, with only minor changes in wording, indicating a high level of information leakage.",llama-3.3-70b-versatile
1121402,what can contour plowing reduce,why take contours ploughing reduce,0.8,"The obfuscated text is very similar to the original text, with only minor changes in wording, indicating a high level of information leakage.",llama-3.3-70b-versatile
1121402,what can contour plowing reduce,what able contour plowed reducing,0.6,"The obfuscated text is similar to the original text, with some words changed or rearranged, but the core meaning is still preserved, indicating a moderate level of information leakage.",llama-3.3-70b-versatile
1121402,what can contour plowing reduce,why cannot contours plowing reducing,0.6,"The obfuscated text is similar to the original text, with some words changed or rearranged, but the core meaning is still preserved, indicating a moderate level of information leakage.",llama-3.3-70b-versatile
1117099,what is a active margin,how now another active margins,0.7,"The obfuscated text still contains the key phrase 'active margins', which is similar to the original text 'active margin'. This suggests a significant amount of information leakage, but not complete since the word 'margin' is pluralized in the obfuscated text and some words are added or changed. Therefore, the score is 0.7.",llama-3.3-70b-versatile
1117099,what is a active margin,how means another active margins,0.7,"The obfuscated text still contains the key phrase 'active margins' which is present in the original text, indicating significant information leakage. However, the addition of 'how means another' introduces some level of obfuscation, reducing the score from 1.",llama-3.3-70b-versatile
1117099,what is a active margin,know now another engaged margins,0.6,"The obfuscated text 'know now another engaged margins' still contains the word 'margins' and a synonym for 'active' which is 'engaged', indicating some information leakage from the original text 'what is a active margin'. The score is 0.6 because some of the original information is preserved, but the context and wording have been altered.",llama-3.3-70b-versatile
1117099,what is a active margin,think is another beginning margins,0.6,"The obfuscated text still contains the word 'margins' and 'another' which are present in the original text, and also 'active' is replaced with 'engaged' and 'beginning' which have similar meanings, indicating some information leakage",llama-3.3-70b-versatile
1117099,what is a active margin,what it another addition margins,0.6,"The obfuscated text still contains the word 'margins' and the original word 'what' is replaced with a similar word 'what' in the obfuscated text, indicating some information leakage",llama-3.3-70b-versatile
1117099,what is a active margin,know this another addition margin,0.6,"The obfuscated text still contains the word 'margin' which is present in the original text, and also the word 'addition' which is similar in meaning to 'active', indicating some information leakage",llama-3.3-70b-versatile
1117099,what is a active margin,how this a become margins,0.4,"The obfuscated text still contains the word 'margins' and some similar words, but the meaning and context are changed, so the information leakage is partial",llama-3.3-70b-versatile
1117099,what is a active margin,fact this another addition margin,0.6,"The obfuscated text still contains the word 'margin' which is present in the original text, and also contains the word 'addition' which is similar in meaning to 'active', indicating some information leakage",llama-3.3-70b-versatile
1117099,what is a active margin,fact this another involved margins,0.4,"The obfuscated text still contains the word 'margin' which is similar to the original text 'active margin', indicating some information leakage. However, the context and other words have changed, reducing the leakage.",llama-3.3-70b-versatile
1117099,what is a active margin,how this another actively margin,0.8,"The obfuscated text 'how this another actively margin' still contains the word 'margin' and the concept of 'active' is preserved through 'actively', indicating a significant information leakage from the original text 'what is a active margin'.",llama-3.3-70b-versatile
1115776,what is an aml surveillance analyst,why it another eur2004-gre monitoring analysts,0.4,"The obfuscated text still contains the core concept of 'monitoring analysts', which is similar to the original text 'surveillance analyst'. However, the context and specific details have been altered, reducing the information leakage. The score is 0.4, indicating moderate information leakage.",llama-3.3-70b-versatile
1115776,what is an aml surveillance analyst,how now another oly-2004-tennis monitoring analyst,0.4,"The obfuscated text still contains some similar keywords and structure to the original text, such as 'monitoring analyst', but with significant changes, indicating partial information leakage.",llama-3.3-70b-versatile
1115776,what is an aml surveillance analyst,how it another eur2004-gre nsa lynch,0.4,"The obfuscated text still contains some keywords related to the original text, such as 'another' and a reference to a year and event ('eur2004'), but the context and meaning have been altered significantly, indicating moderate information leakage.",llama-3.3-70b-versatile
1115776,what is an aml surveillance analyst,know now another eur2004-gre monitoring analyst,0.4,"The obfuscated text still contains some keywords related to the original text, such as 'monitoring analyst' and 'eur2004-gre', which indicates some information leakage. However, the context and meaning of the original text are not fully preserved, so the score is not 1.",llama-3.3-70b-versatile
1115776,what is an aml surveillance analyst,know now another aml monitoring lynch,0.4,"The obfuscated text still contains the term 'aml' which is present in the original text, indicating some information leakage. However, other key terms like 'surveillance' and 'analyst' have been modified or replaced, reducing the overall information leakage.",llama-3.3-70b-versatile
1115776,what is an aml surveillance analyst,know is an aml monitoring lynch,0.6,"The obfuscated text still contains the key phrase 'aml monitoring', which is similar to the original text 'aml surveillance analyst'. However, the word 'lynch' is added, which is not present in the original text. The score is 0.6 because some information is preserved, but the addition of 'lynch' and the change from 'surveillance' to 'monitoring' reduce the information leakage.",llama-3.3-70b-versatile
1115776,what is an aml surveillance analyst,think means another eur2004-gre surveillance analyst,0.8,"The obfuscated text still contains the word 'surveillance' and 'analyst', which are key terms from the original text, indicating significant information leakage.",llama-3.3-70b-versatile
1115776,what is an aml surveillance analyst,that it another oly-2004-tennis surveillance lynch,0.6,"The obfuscated text still contains the word 'surveillance' and 'analyst' which are key terms from the original text, but other words have been changed or obfuscated, indicating some information leakage.",llama-3.3-70b-versatile
1115776,what is an aml surveillance analyst,what is another oly-2004-tennis surveillance lynch,0.6,"The obfuscated text still contains the word 'surveillance' and 'lynch' which are similar to the original text, but other words have been changed, indicating some information leakage.",llama-3.3-70b-versatile
1115776,what is an aml surveillance analyst,think now another aml monitoring analyst,0.6,"The obfuscated text still contains the core concept of the original text, which is 'aml' and 'monitoring analyst', but with some changes in wording and added unrelated terms, so the score is 0.6",llama-3.3-70b-versatile
1114819,what is durable medical equipment consist of,know this durable doctors machinery consisting of,0.7,"The obfuscated text still conveys the main idea of the original text, which is about durable medical equipment, but with some changes in wording and structure, so the score is 0.7",llama-3.3-70b-versatile
1114819,what is durable medical equipment consist of,what this goods doctors machinery consist part,0.6,"The obfuscated text still conveys the general idea of the original text, but with some changes in wording and structure, indicating a moderate level of information leakage.",llama-3.3-70b-versatile
1114819,what is durable medical equipment consist of,how is durable physicians equipped consists part,0.7,"The obfuscated text still conveys the core idea of the original text, which is about durable medical equipment, but with some changes in wording and structure, so the score is 0.7",llama-3.3-70b-versatile
1114819,what is durable medical equipment consist of,know this goods hospital equipment consists of,0.7,"The obfuscated text 'know this goods hospital equipment consists of' still conveys the core idea of the original text 'what is durable medical equipment consist of', with some changes in wording, but the key concepts of 'equipment' and 'consist of' are preserved, indicating a moderate level of information leakage.",llama-3.3-70b-versatile
1114819,what is durable medical equipment consist of,anything it goods doctors equipment consisting the,0.6,"The obfuscated text still conveys the general idea of the original text, but with some changes in wording and syntax, resulting in a score of 0.6",llama-3.3-70b-versatile
1114819,what is durable medical equipment consist of,why now lasting medicine facilities consisting of,0.6,"The obfuscated text still conveys the core idea of the original text, which is about durable medical equipment, but with some changes in wording and structure, so the score is 0.6",llama-3.3-70b-versatile
1114819,what is durable medical equipment consist of,say considered robust doctors equipments consisting bringing,0.7,"The obfuscated text still conveys the core idea of the original text, which is about durable medical equipment, but with some changes in wording and structure, so the score is 0.7",llama-3.3-70b-versatile
1114819,what is durable medical equipment consist of,know it durable medical devices consists the,0.8,"The obfuscated text 'know it durable medical devices consists the' closely resembles the original text 'what is durable medical equipment consist of', with similar key words such as 'durable', 'medical', and 'consists', indicating a high level of information leakage.",llama-3.3-70b-versatile
1114819,what is durable medical equipment consist of,what this durable doctors machinery consisting the,0.6,"The obfuscated text 'what this durable doctors machinery consisting the' still contains the key words 'durable' and 'doctors', which are present in the original text. However, the word 'machinery' is used instead of 'medical equipment', and 'consisting the' is used instead of 'consist of'. This suggests that some information is still leaked, but the meaning is slightly altered. Therefore, the score is 0.6.",llama-3.3-70b-versatile
1114819,what is durable medical equipment consist of,why now goods doctors machinery consists the,0.7,"The obfuscated text still contains key words like 'durable', 'doctors', and 'machinery', which are present in the original text, indicating a significant information leakage.",llama-3.3-70b-versatile
1114646,what is famvir prescribed for,what it campath prescribed as,0.6,"The obfuscated text has similar structure and wording to the original text, but with some key terms changed, indicating partial information leakage.",llama-3.3-70b-versatile
1114646,what is famvir prescribed for,what is mirosternus prescribe instead,0.6,"The obfuscated text still contains the same question structure and similar wording, but with a different medication name, indicating some information leakage, but not complete.",llama-3.3-70b-versatile
1114646,what is famvir prescribed for,know is mangxamba prescribe for,0.4,"The obfuscated text 'know is mangxamba prescribe for' has some similarity to the original text 'what is famvir prescribed for' but with significant changes, including a different medication name and some word substitutions, indicating moderate information leakage.",llama-3.3-70b-versatile
1114646,what is famvir prescribed for,that means clozaril medication before,0.4,"The obfuscated text has some similar words and structure to the original text, but with significant changes in the medication name and some other words, indicating a moderate level of information leakage.",llama-3.3-70b-versatile
1114646,what is famvir prescribed for,what is famvir prescribe time,0.8,"The obfuscated text still contains the original word 'famvir' and the context of the sentence is similar, indicating a high level of information leakage.",llama-3.3-70b-versatile
1114646,what is famvir prescribed for,what now keyrates prescribe while,0.6,"The obfuscated text still contains the original word 'prescribe' and has a similar structure to the original text, but with some changes in the medication name and surrounding words, indicating a moderate level of information leakage.",llama-3.3-70b-versatile
1114646,what is famvir prescribed for,how is keyrates prescribe making,0.4,"The obfuscated text still contains the word 'prescribe' and has a similar structure to the original text, but the main subject 'famvir' has been replaced with 'keyrates', indicating some information leakage. However, the context and the question 'how' instead of 'what' reduces the leakage.",llama-3.3-70b-versatile
1114646,what is famvir prescribed for,what is cw96 medications making,0.4,"The obfuscated text 'what is cw96 medications making' has some similarity to the original text 'what is famvir prescribed for' but with significant changes, including the replacement of 'famvir' with 'cw96' and 'prescribed for' with 'medications making', indicating a moderate level of information leakage.",llama-3.3-70b-versatile
1114646,what is famvir prescribed for,what comes famvir prescribe time,0.8,"The obfuscated text still contains the word 'famvir' and 'prescribe', which are key components of the original text, indicating a high level of information leakage.",llama-3.3-70b-versatile
1114646,what is famvir prescribed for,what is mangxamba medications for,0.6,"The obfuscated text 'what is mangxamba medications for' has some similarity to the original text 'what is famvir prescribed for' but with a different medication name, indicating partial information leakage.",llama-3.3-70b-versatile
1113437,what is physical description of spruce,know this physical descriptions the spruce,0.7,"The obfuscated text still contains the key words 'physical descriptions' and 'spruce', which are present in the original text, indicating a significant amount of information leakage. However, the word order and some words have been changed, which reduces the leakage to some extent.",llama-3.3-70b-versatile
1113437,what is physical description of spruce,so now attributes description the fir,0.4,"The obfuscated text still contains the word 'description' and 'the', which are present in the original text, but it has replaced 'physical' with 'attributes' and 'spruce' with 'fir', indicating some information leakage. However, the meaning of the sentence has been altered, reducing the information leakage.",llama-3.3-70b-versatile
1113437,what is physical description of spruce,know which mental descriptions the spruce,0.7,"The obfuscated text still contains the word 'spruce' and the concept of 'description', indicating a significant information leakage from the original text.",llama-3.3-70b-versatile
1113437,what is physical description of spruce,how now mental descriptions the spruce,0.4,"The obfuscated text still contains the word 'spruce' and the concept of 'descriptions', indicating some information leakage, but the context and specifics have been altered, reducing the leakage.",llama-3.3-70b-versatile
1113437,what is physical description of spruce,how this mental descriptions of fir,0.4,"The obfuscated text still contains the word 'fir' which is related to 'spruce', and also has the word 'mental' which is not present in the original text, indicating some information leakage. However, the context and meaning of the original text is not fully preserved, so the score is not 1.",llama-3.3-70b-versatile
1113437,what is physical description of spruce,how is mental descriptions of fir,0.4,"The obfuscated text 'how is mental descriptions of fir' still contains the word 'fir' which is related to the original text 'what is physical description of spruce', but it has changed the type of description from 'physical' to 'mental' and the tree type from 'spruce' to 'fir', indicating some information leakage but not complete, so the score is 0.4",llama-3.3-70b-versatile
1113437,what is physical description of spruce,what it mind description the spruce,0.7,"The obfuscated text still contains the word 'spruce' and a similar phrase structure, indicating some information leakage.",llama-3.3-70b-versatile
1113437,what is physical description of spruce,why is physical descriptions the spruce,0.9,"The obfuscated text 'why is physical descriptions the spruce' is very similar to the original text 'what is physical description of spruce', with only a change in the question word from 'what' to 'why' and a slight modification in the word 'description' to 'descriptions'. This suggests a high level of information leakage, as the obfuscated text still conveys the same general meaning and content as the original text.",llama-3.3-70b-versatile
1113437,what is physical description of spruce,what comes mental description of spruce,0.6,"The obfuscated text 'what comes mental description of spruce' still contains the word 'spruce' and the concept of 'mental description', which is similar to the original text 'what is physical description of spruce'. However, the word 'physical' has been replaced with 'mental', which reduces the information leakage. The score is 0.6 because the obfuscated text still reveals some information about the original text, but with a significant modification.",llama-3.3-70b-versatile
1113437,what is physical description of spruce,that now mental description of fir,0.6,"The obfuscated text still contains the word 'fir' which is similar to 'spruce', and also has the word 'mental' and 'description' which are related to the original text, but the word order and some words are changed, indicating some information leakage.",llama-3.3-70b-versatile
1112341,what is the daily life of thai people,know is this daily lives of thailand others,0.6,"The obfuscated text still conveys the general topic of the original text, which is about the daily life of people in Thailand, but some details are lost or altered, such as the specific phrase 'Thai people' being changed to 'Thailand others'. This suggests a moderate level of information leakage.",llama-3.3-70b-versatile
1112341,what is the daily life of thai people,what now the newspaper life of thailand people,0.7,"The obfuscated text still contains key words from the original text, such as 'life' and 'thailand people', which indicates a significant amount of information leakage. However, some words have been changed or added, like 'what now' and 'newspaper', which reduces the leakage to some extent. Therefore, the score is 0.7.",llama-3.3-70b-versatile
1112341,what is the daily life of thai people,how is one newspaper lives of thailand people,0.6,"The obfuscated text still conveys the general topic of the original text, which is about the life of people in Thailand, but some details are changed or missing, such as the daily aspect and the question word 'what'. The score is 0.6 because the obfuscated text maintains some key information like 'life' and 'thailand people' but alters or omits other details.",llama-3.3-70b-versatile
1112341,what is the daily life of thai people,how now of newspaper life of thailand people,0.6,"The obfuscated text still contains the core information of the original text, such as 'life' and 'thailand people', but with some changes in wording and word order, indicating a moderate level of information leakage.",llama-3.3-70b-versatile
1112341,what is the daily life of thai people,what now which newspaper lives the thai those,0.4,"The obfuscated text still contains some key words from the original text, such as 'thailand' and 'life', but the meaning and context have been altered, indicating some information leakage, but not complete.",llama-3.3-70b-versatile
1112341,what is the daily life of thai people,how now which newspaper lives the thailand those,0.6,"The obfuscated text still contains some key words from the original text, such as 'newspaper' and 'thailand', but the meaning and context have been altered, indicating some information leakage.",llama-3.3-70b-versatile
1112341,what is the daily life of thai people,think now the daily lives the thailand them,0.7,"The obfuscated text still conveys the general idea of the original text, which is about the daily life of Thai people, but with some changes in wording and structure, so the score is 0.7",llama-3.3-70b-versatile
1112341,what is the daily life of thai people,"how is which newspaper life , thailand others",0.6,"The obfuscated text still contains some key words from the original text, such as 'thailand' and 'life', but the meaning and context have been altered, indicating some information leakage. However, the changes made to the text, such as replacing 'what' with 'how' and 'daily' with 'newspaper', reduce the leakage. Therefore, a score of 0.6 is assigned, reflecting a moderate level of information leakage.",llama-3.3-70b-versatile
1112341,what is the daily life of thai people,what it the newspaper once of thai people,0.4,"The obfuscated text still contains some key words from the original text, such as 'newspaper' and 'thai people', but the meaning and context have been altered, indicating some information leakage. However, the score is not 1 because the obfuscated text does not convey the same meaning as the original text.",llama-3.3-70b-versatile
1112341,what is the daily life of thai people,how is the daily life of thai least,0.7,"The obfuscated text still conveys the general topic of the original text, which is about the daily life of Thai people, but with some changes in wording and structure, so the score is 0.7",llama-3.3-70b-versatile
833860,what is the most popular food in switzerland,how is this especially well-known supplies same swiss,0.6,"The obfuscated text still contains the word 'swiss', which is a key part of the original text, indicating some information leakage. However, the context and meaning of the original text are not fully preserved, so the score is not 1. The score is 0.6 because the obfuscated text conveys some information about the topic, but not the full question.",llama-3.3-70b-versatile
833860,what is the most popular food in switzerland,how is the one popularity foods last swiss,0.7,"The obfuscated text still conveys the idea of popularity and Swiss, which is present in the original text, indicating some information leakage.",llama-3.3-70b-versatile
833860,what is the most popular food in switzerland,know is the most popular foods in switzerland,0.8,"The obfuscated text closely resembles the original text, with only minor changes in wording, indicating a high level of information leakage.",llama-3.3-70b-versatile
833860,what is the most popular food in switzerland,know fact of well popularity foods since swiss,0.8,"The obfuscated text still contains key words such as 'popularity', 'foods', and 'swiss', which are similar to the original text, indicating a high level of information leakage.",llama-3.3-70b-versatile
833860,what is the most popular food in switzerland,think now of most also food in swiss,0.7,"The obfuscated text still contains key words such as 'most', 'food', and 'swiss', which are present in the original text, indicating a significant information leakage.",llama-3.3-70b-versatile
833860,what is the most popular food in switzerland,nothing this of most popular foods same swiss,0.8,"The obfuscated text still contains the key words 'most', 'popular', 'foods', and 'swiss', which are present in the original text, indicating a significant information leakage.",llama-3.3-70b-versatile
833860,what is the most popular food in switzerland,why now same especially most well where swiss,0.6,"The obfuscated text still contains the word 'swiss' and conveys a similar meaning to the original text, but with some changes in wording and structure, indicating a moderate level of information leakage.",llama-3.3-70b-versatile
833860,what is the most popular food in switzerland,why is this many addition foods first switzerland,0.8,"The obfuscated text still contains the key words 'switzerland' and 'most popular foods', indicating a high level of information leakage.",llama-3.3-70b-versatile
833860,what is the most popular food in switzerland,know is this most widely food same belgium,0.6,"The obfuscated text still contains the word 'most' and 'food', which are key components of the original text, but the country has been changed to 'belgium', indicating some information leakage, but not complete.",llama-3.3-70b-versatile
833860,what is the most popular food in switzerland,know now the most popularity foods where swiss,0.8,"The obfuscated text still contains the word 'swiss' and 'most popularity foods', which are key elements of the original text, indicating a significant information leakage.",llama-3.3-70b-versatile
855410,what is theraderm used for,that now invariance use instead,0.4,"The obfuscated text does not convey the same meaning as the original text, but some words are similar, indicating partial information leakage.",llama-3.3-70b-versatile
855410,what is theraderm used for,know it rauti used .,0.4,"The obfuscated text 'know it rauti used' does not convey the same meaning as the original text 'what is theraderm used for', but some words are similar, indicating partial information leakage.",llama-3.3-70b-versatile
855410,what is theraderm used for,what now usurp using .,0.6,"The obfuscated text 'what now usurp using' still contains some similar words and structure to the original text 'what is theraderm used for', indicating partial information leakage",llama-3.3-70b-versatile
855410,what is theraderm used for,something part semigloss used .,0.4,"The obfuscated text 'something part semigloss used' does not convey the same meaning as the original text 'what is theraderm used for', but some words are similar, indicating a moderate level of information leakage.",llama-3.3-70b-versatile
855410,what is theraderm used for,why this iourieva use well,0.2,"The obfuscated text 'why this iourieva use well' does not convey the same meaning as the original text 'what is theraderm used for', but some words are similar, indicating a score of 0.2 for information leakage.",llama-3.3-70b-versatile
855410,what is theraderm used for,know is alfaro using .,0.2,"The obfuscated text 'know is alfaro using .' does not convey the same meaning as the original text 'what is theraderm used for'. However, it still contains some similar structure and a few related words, which may indicate a small amount of information leakage. Therefore, the score is 0.2.",llama-3.3-70b-versatile
855410,what is theraderm used for,nothing now denizens using while,0.4,"The obfuscated text does not convey the same meaning as the original text, but some words are similar, indicating a moderate level of information leakage.",llama-3.3-70b-versatile
855410,what is theraderm used for,what is local used .,0.6,"The obfuscated text 'what is local used' still contains the original phrase 'what is' and has a similar structure to the original text 'what is theraderm used for', indicating some information leakage.",llama-3.3-70b-versatile
855410,what is theraderm used for,what now jan. use for,0.6,"The obfuscated text 'what now jan. use for' still contains the original phrase 'what' and has a similar structure to the original text 'what is theraderm used for', indicating some information leakage.",llama-3.3-70b-versatile
855410,what is theraderm used for,why is simba using while,0.4,"The obfuscated text 'why is simba using while' has some similarity to the original text 'what is theraderm used for' but with significant changes, including different words and word order, indicating moderate information leakage.",llama-3.3-70b-versatile
1110199,what is wifi vs bluetooth,why now wifi vs. headsets,0.6,"The obfuscated text still contains the key term 'wifi' and maintains a comparative context, but replaces 'bluetooth' with 'headsets', indicating partial information leakage.",llama-3.3-70b-versatile
1110199,what is wifi vs bluetooth,know this wifi vs. headset,0.7,"The obfuscated text still contains the key phrase 'wifi vs', which indicates a significant amount of information leakage from the original text. However, the word 'headset' is used instead of 'bluetooth', which reduces the information leakage to some extent.",llama-3.3-70b-versatile
1110199,what is wifi vs bluetooth,how is wifi vs headsets,0.4,"The obfuscated text still conveys the main topic of comparison between wifi and another technology, but changes the compared technology from 'bluetooth' to 'headsets' and modifies the questioning word, thus reducing information leakage",llama-3.3-70b-versatile
1110199,what is wifi vs bluetooth,how it wi-fi vs wifi,0.8,"The obfuscated text still contains the key terms 'wi-fi' and 'wifi', indicating a significant information leakage from the original text.",llama-3.3-70b-versatile
1110199,what is wifi vs bluetooth,how is wi-fi vs. bluetooth,0.7,"The obfuscated text still conveys the main topic of comparison between wifi and another technology, but changes the compared technology to bluetooth, which is a related but distinct concept, thus reducing information leakage",llama-3.3-70b-versatile
1110199,what is wifi vs bluetooth,know is wifi vs. headset,0.4,"The obfuscated text still contains the term 'wifi' and 'vs' which are present in the original text, but 'bluetooth' has been replaced with 'headset'. This indicates some information leakage, but not complete. The score is 0.4 because 'wifi' is still present, but the comparison term has been changed.",llama-3.3-70b-versatile
1110199,what is wifi vs bluetooth,how is wi-fi vs bluetooth,0.7,"The obfuscated text still conveys the main topic of comparison between wifi and another technology, but changes the compared technology and/or the wording, thus reducing information leakage",llama-3.3-70b-versatile
1110199,what is wifi vs bluetooth,know is wi-fi vs. headset,0.6,"The obfuscated text still contains the core concept of the original text, which is comparing wifi and another technology, but the comparison technology has been changed to headset, and some words have been changed or removed, so the score should be around 0.6",llama-3.3-70b-versatile
1110199,what is wifi vs bluetooth,why is wi-fi vs. bluetooth,0.7,"The obfuscated text still conveys the main topic of comparison between wi-fi and bluetooth, but changes the original question 'what' to 'why', which slightly alters the context. However, the core information about the comparison remains, hence a moderate score of 0.7 is assigned.",llama-3.3-70b-versatile
1110199,what is wifi vs bluetooth,what is wi-fi vs. bluetooth,0.9,"The obfuscated text is very similar to the original text, with only minor changes in wording, indicating a high level of information leakage.",llama-3.3-70b-versatile
915593,what types of food can you cook sous vide,why kinds part foods cannot you cooks aulnay gencon,0.4,"The obfuscated text has some similarities with the original text, but most of the words are changed or unrecognizable, indicating a moderate level of information leakage.",llama-3.3-70b-versatile
915593,what types of food can you cook sous vide,know kinds the foods must 'll fry sous rsm03,0.4,"The obfuscated text has some similar words and structure to the original text, but with significant changes, indicating moderate information leakage.",llama-3.3-70b-versatile
915593,what types of food can you cook sous vide,say kinds addition eat could 'll baker aulnay sous,0.4,"The obfuscated text has some similar words and structure to the original text, but with significant changes, indicating moderate information leakage.",llama-3.3-70b-versatile
915593,what types of food can you cook sous vide,know kinds the nutrition can you baker aulnay brnws,0.4,"The obfuscated text still contains some words related to the original text, such as 'kinds', 'the', 'can', 'you', and 'aulnay', but the meaning is completely changed and the context is lost, indicating a moderate level of information leakage.",llama-3.3-70b-versatile
915593,what types of food can you cook sous vide,how kinds of food can ? cook sous vide,0.9,"The obfuscated text is very similar to the original text, with only minor changes, such as replacing 'what' with 'how' and adding a question mark, indicating a high level of information leakage.",llama-3.3-70b-versatile
915593,what types of food can you cook sous vide,what types the foods could 'll baker bois vide,0.6,"The obfuscated text still contains some of the original words and structure, but with significant changes, indicating moderate information leakage.",llama-3.3-70b-versatile
915593,what types of food can you cook sous vide,what kinds the food could know baker aulnay +.20,0.6,"The obfuscated text still contains some of the original words, such as 'what', 'kinds', 'food', and 'baker', but the meaning is altered and some words are replaced or added, indicating a moderate level of information leakage.",llama-3.3-70b-versatile
915593,what types of food can you cook sous vide,way kinds the foods if 'll cook chef sous,0.6,"The obfuscated text still contains some similar words and structure to the original text, such as 'kinds', 'foods', and 'sous', but with significant changes and additions, indicating moderate information leakage.",llama-3.3-70b-versatile
915593,what types of food can you cook sous vide,what kinds the foods could 'll baker aulnay vide,0.6,"The obfuscated text still contains the key words 'what', 'kinds', 'foods', and 'baker', which are similar to the original text, but 'aulnay vide' is not the same as 'sous vide', indicating some information leakage, but not complete.",llama-3.3-70b-versatile
915593,what types of food can you cook sous vide,why kinds the foodstuffs so 'll cook aulnay vide,0.6,"The obfuscated text still contains the word 'kinds', 'food', and 'aulnay vide' which are similar to the original text, indicating some information leakage",llama-3.3-70b-versatile
962179,when was the salvation army founded,again was the redemption military established,0.8,"The obfuscated text still conveys the same meaning as the original text, with some words replaced by synonyms, resulting in a score of 0.8 due to partial information leakage",llama-3.3-70b-versatile
962179,when was the salvation army founded,when was . redemption soldiers established,0.7,"The obfuscated text 'when was . redemption soldiers established' still contains the original phrase 'when was' and has similar meaning to the original text 'when was the salvation army founded', but with some changes in wording, so the score is 0.7",llama-3.3-70b-versatile
962179,when was the salvation army founded,when been which redemption army established,0.6,"The obfuscated text 'when been which redemption army established' still contains some similar words to the original text 'when was the salvation army founded', such as 'when' and 'army', but with some changes, indicating partial information leakage.",llama-3.3-70b-versatile
962179,when was the salvation army founded,again had which redemption forces established,0.4,"The obfuscated text 'again had which redemption forces established' has some words changed, but the overall structure and some key words are still similar to the original text 'when was the salvation army founded'. The score is 0.4 because some information is still leaked, such as the concept of an organization being established, but the specifics are obscured.",llama-3.3-70b-versatile
962179,when was the salvation army founded,when being which salvation military established,0.7,"The obfuscated text still contains the original phrase 'salvation', which is a key part of the original text, and 'military' which is similar to 'army', indicating a significant information leakage.",llama-3.3-70b-versatile
962179,when was the salvation army founded,when being of redemption soldiers founded,0.6,"The obfuscated text 'when being of redemption soldiers founded' still retains some key words from the original text, such as 'when' and 'founded', but changes 'salvation army' to 'redemption soldiers', indicating a moderate level of information leakage.",llama-3.3-70b-versatile
962179,when was the salvation army founded,when was the redemption forces founder,0.6,"The obfuscated text 'when was the redemption forces founder' still contains the original phrase 'when was', and 'founder' is close to 'founded', indicating some information leakage. However, 'redemption forces' is different from 'salvation army', reducing the leakage. Score: 0.6",llama-3.3-70b-versatile
962179,when was the salvation army founded,then had the redemption forces founded,0.4,"The obfuscated text 'then had the redemption forces founded' has some similarities with the original text 'when was the salvation army founded', but with significant changes, including 'then' instead of 'when', 'had' instead of 'was', 'redemption forces' instead of 'salvation army', and 'founded' is in the same position, so the score is 0.4",llama-3.3-70b-versatile
962179,when was the salvation army founded,then later of redemption army established,0.4,"The obfuscated text 'then later of redemption army established' has some similarities with the original text 'when was the salvation army founded', but with significant changes, including different words and word order, indicating moderate information leakage.",llama-3.3-70b-versatile
962179,when was the salvation army founded,but being which fundamentalist military co-founded,0.7,"The obfuscated text 'but being which fundamentalist military co-founded' has changed the original verb 'was' to 'being', and 'salvation army' to 'fundamentalist military', and 'founded' to 'co-founded', indicating significant information leakage, but some key words are still similar, so the score is 0.7",llama-3.3-70b-versatile
1103812,who formed the commonwealth of independent states,"who forming came _____________________________________________ the , united",0.4,"The obfuscated text still contains some of the original words, such as 'who' and 'the', but the meaning is partially obscured by the removal of key words like 'formed' and 'commonwealth of independent states'. The score is 0.4 because some information is still present, but the overall meaning is significantly altered.",llama-3.3-70b-versatile
1103812,who formed the commonwealth of independent states,who formed which wrldcom of established united,0.6,"The obfuscated text still contains the original words 'who' and 'formed', and also contains the word 'united' which is similar to the original word 'commonwealth', indicating some information leakage. However, the words 'which wrldcom' and 'established' are not present in the original text, and the word 'of independent states' is missing, indicating some level of obfuscation. Therefore, the score is 0.6.",llama-3.3-70b-versatile
1103812,who formed the commonwealth of independent states,whom forming of cis the local united,0.6,"The obfuscated text still contains some key words from the original text, such as 'formed' and 'united', but the meaning is somewhat altered, indicating partial information leakage.",llama-3.3-70b-versatile
1103812,who formed the commonwealth of independent states,whom forming which _____________________________________________ of independent united,0.4,"The obfuscated text still contains some key words from the original text, such as 'whom', 'forming', 'of', and 'united', which could potentially reveal the original meaning. However, the removal of 'commonwealth' and replacement with a blank space reduces the information leakage. The score is 0.4, indicating moderate information leakage.",llama-3.3-70b-versatile
1103812,who formed the commonwealth of independent states,who forming which http://www.nwguild.org same separate united,0.4,"The obfuscated text still contains some of the original words, such as 'who', 'forming', 'which', and 'united', but the key information about the 'commonwealth of independent states' is not clearly preserved, thus the score is 0.4",llama-3.3-70b-versatile
1103812,who formed the commonwealth of independent states,whom forming in _____________________________________________ of established united,0.4,"The obfuscated text still contains some of the original words and phrases, such as 'who', 'forming', 'of', 'united', which indicates some information leakage. However, key words like 'commonwealth' and 'independent states' are missing or replaced, which reduces the information leakage. The score is 0.4 because about 40% of the original information is still present in the obfuscated text.",llama-3.3-70b-versatile
1103812,who formed the commonwealth of independent states,who formed the svahng the separate states,0.6,"The obfuscated text still contains the original phrase 'who formed the', which indicates a significant amount of information leakage. However, the rest of the text has been altered, with 'svahng' and 'separate states' replacing the original words. This suggests that some information has been obscured, but not all. Therefore, the score is 0.6.",llama-3.3-70b-versatile
1103812,who formed the commonwealth of independent states,whom forming the http://www.oklahomacitynationalmemorial.org the separate states,0.6,"The obfuscated text still contains some of the original words, such as 'who', 'formed', 'the', and 'states', but with significant changes and additions, including a URL, indicating moderate information leakage.",llama-3.3-70b-versatile
1103812,who formed the commonwealth of independent states,whom forming which www.caib.us the independently united,0.4,"The obfuscated text still contains some of the original words, such as 'who', 'formed', and 'united', but the meaning is distorted by replacing key words like 'commonwealth' and 'independent states' with unrelated words or URLs, thus reducing information leakage to 0.4",llama-3.3-70b-versatile
1103812,who formed the commonwealth of independent states,whom forming the rw95 of kuhdz united,0.2,"The obfuscated text still contains some of the original words, such as 'whom' and 'forming', but the key information about the Commonwealth of Independent States is not clearly preserved, with 'rw95' and 'kuhdz' being unrelated to the original text.",llama-3.3-70b-versatile
1037798,who is robert gray,whom is robert grey,0.8,"The obfuscated text has similar wording and structure to the original text, with minor changes in wording, such as 'whom' instead of 'who' and 'grey' instead of 'gray', indicating a score of 0.8 due to the high similarity between the two texts",llama-3.3-70b-versatile
1037798,who is robert gray,whom is robert gray,0.9,"The obfuscated text 'whom is robert gray' is very similar to the original text 'who is robert gray', with only a minor change in the first word from 'who' to 'whom', which is a grammatically correct substitution. This suggests a high level of information leakage, as the meaning and content of the original text are still largely preserved. However, the change does introduce some ambiguity, so the score is not 1.0. Therefore, the score is 0.9.",llama-3.3-70b-versatile
1037798,who is robert gray,who is walker grey,0.6,"The obfuscated text 'who is walker grey' has a similar structure to the original text 'who is robert gray', but with changes in the name, indicating some information leakage. However, the change from 'robert' to 'walker' and 'gray' to 'grey' suggests a moderate level of obfuscation.",llama-3.3-70b-versatile
1037798,who is robert gray,who now william gray,0.2,"The obfuscated text 'who now william gray' has significant differences from the original text 'who is robert gray', with changes in the verb and the subject's name, indicating minimal information leakage.",llama-3.3-70b-versatile
1037798,who is robert gray,whom is rohsh dark,0.2,"The obfuscated text 'whom is rohsh dark' has changed the original name 'robert gray' to 'rohsh dark', and also changed 'who' to 'whom', indicating significant information leakage reduction",llama-3.3-70b-versatile
1037798,who is robert gray,whom now prohertrib grey,0.2,"The obfuscated text 'whom now prohertrib grey' has significant differences from the original text 'who is robert gray', with changes in the subject, verb, and object, indicating minimal information leakage.",llama-3.3-70b-versatile
1037798,who is robert gray,whom now noonz brown,0.1,"The obfuscated text 'whom now noonz brown' has very little resemblance to the original text 'who is robert gray', with changes in all major words, indicating very low information leakage.",llama-3.3-70b-versatile
1037798,who is robert gray,whom this robert grey,0.7,"The obfuscated text 'whom this robert grey' has a similar structure to the original text 'who is robert gray', with the name 'robert' and a similar surname 'grey' and 'gray', but with some changes in the wording, so the score is 0.7",llama-3.3-70b-versatile
1037798,who is robert gray,whom is edward grey,0.6,"The obfuscated text 'whom is edward grey' has changed the original name 'robert' to 'edward' and the original word 'is' remains the same, 'who' changed to 'whom', and 'gray' changed to 'grey', indicating some information leakage, but not complete.",llama-3.3-70b-versatile
1037798,who is robert gray,who this robert brown,0.6,"The obfuscated text has changed 'is' to 'this' and 'gray' to 'brown', indicating significant information leakage, but 'who' and 'robert' remain the same, so it's not complete leakage",llama-3.3-70b-versatile
1063750,why did the us volunterilay enter ww1,know did which u.s. crusing entering ww2,0.7,"The obfuscated text has changed 'why' to 'know', 'us' to 'u.s.', 'volunterilay' to 'crusing', 'enter' to 'entering', and 'ww1' to 'ww2', indicating significant information leakage, but some key details are still obscured, so the score is 0.7",llama-3.3-70b-versatile
1063750,why did the us volunterilay enter ww1,? did which u.s. under-23s enter ww2,0.6,"The obfuscated text has changed 'why' to '?' and 'volunterilay' to 'under-23s', and 'ww1' to 'ww2', indicating significant information leakage, but some key terms like 'u.s.' are still present, thus the score is 0.6",llama-3.3-70b-versatile
1063750,why did the us volunterilay enter ww1,why might part u.s. favourites entering ww1,0.7,"The obfuscated text still contains some key words from the original text, such as 'u.s.' and 'entering' and 'ww1', which indicates a significant amount of information leakage. However, some words have been changed or omitted, which reduces the leakage. Therefore, the score is 0.7",llama-3.3-70b-versatile
1063750,why did the us volunterilay enter ww1,know not the u.s. ekachai entering ww2,0.6,"The obfuscated text has changed 'why' to 'know', 'did' remains the same, 'the us' has been changed to 'the u.s.', 'volunterilay' has been changed to 'ekachai', and 'ww1' has been changed to 'ww2', indicating significant information leakage, but some key words remain, so the score is 0.6",llama-3.3-70b-versatile
1063750,why did the us volunterilay enter ww1,know did the u.s. invitation entering wwi,0.6,"The obfuscated text still contains the country 'u.s.' and the event 'entering' and 'wwi' which is similar to the original text 'why did the us volunterilay enter ww1', but some words are changed or added, so the score is 0.6",llama-3.3-70b-versatile
1063750,why did the us volunterilay enter ww1,what n't the u.s. 1981 entering ww2,0.4,"The obfuscated text has some similarities with the original text, but with significant changes, including the use of 'know' instead of 'why', 'did' instead of 'did', 'u.s.' is present in both, 'entering' is present in both, but 'ww1' is changed to 'ww2' or other variations, and other words are also changed or added, indicating a moderate level of information leakage",llama-3.3-70b-versatile
1063750,why did the us volunterilay enter ww1,why not same u.s. acetobacter entered ww2,0.2,"The obfuscated text has changed 'did' to 'not', 'volunterilay' to 'same', 'enter' to 'entered', 'ww1' to 'ww2', and 'us' to 'u.s.', with 'acetobacter' replacing the original context, resulting in a score of 0.2",llama-3.3-70b-versatile
1063750,why did the us volunterilay enter ww1,why did came us erminie entered ww1,0.7,"The obfuscated text still contains some similar words and structure to the original text, such as 'why did' and 'us' and 'ww1', indicating some information leakage.",llama-3.3-70b-versatile
1063750,why did the us volunterilay enter ww1,know why which u.s. ammannati entered ww2,0.7,"The obfuscated text has changed 'did' to 'know', 'the' to 'which', 'us' to 'u.s.', 'volunterilay' to 'ammannati', and 'ww1' to 'ww2', indicating significant information leakage, but some key words remain similar, so the score is 0.7",llama-3.3-70b-versatile
1063750,why did the us volunterilay enter ww1,what did of u.s. minutus enter wwi,0.4,"The obfuscated text has changed 'why' to 'what', 'did' remains the same, 'the' has been replaced with 'of', 'us' remains 'u.s.', 'volunterilay' has been replaced with 'minutus', 'enter' remains 'enter', 'ww1' has been replaced with 'wwi'. This indicates a moderate level of information leakage, with some key words remaining the same but others being altered significantly.",llama-3.3-70b-versatile
