id,text,obfuscatedText,score,justification,model
19335,anthropological definition of environment,sociological definition of nature,0.6,"The obfuscated text has changed the word 'anthropological' to 'sociological' and 'environment' to 'nature', which are related but distinct concepts, indicating some information leakage but not complete.",llama-3.3-70b-versatile
19335,anthropological definition of environment,ethnological definitions of legislation,0.2,"The obfuscated text 'ethnological definitions of legislation' has a significant difference in meaning compared to the original text 'anthropological definition of environment', indicating a low information leakage score of 0.2 due to the change in field of study and concept.",llama-3.3-70b-versatile
19335,anthropological definition of environment,philological definition time resources,0.1,"The obfuscated text 'philological definition time resources' has very little resemblance to the original text 'anthropological definition of environment', indicating a low information leakage score of 0.1 due to the lack of similar keywords and context.",llama-3.3-70b-versatile
19335,anthropological definition of environment,sociological definitions mainly environment,0.7,"The obfuscated text is similar to the original text, with the word 'sociological' replacing 'anthropological' and 'definitions' replacing 'definition', but it still conveys the same general meaning of 'definition of environment'.",llama-3.3-70b-versatile
19335,anthropological definition of environment,ethnological definitions initial environment,0.6,"The obfuscated text 'ethnological definitions initial environment' still contains the word 'environment' which is present in the original text 'anthropological definition of environment'. However, the word 'anthropological' has been replaced with 'ethnological' and 'definition' has been replaced with 'definitions' and 'initial' has been added, indicating some level of obfuscation. The score is 0.6 because some information is still leaked due to the presence of the word 'environment'.",llama-3.3-70b-versatile
19335,anthropological definition of environment,archaeology 0-948817-19-4 book environments,0.4,"The obfuscated text 'archaeology 0-948817-19-4 book environments' has some relation to the original text 'anthropological definition of environment' as archaeology is a field related to anthropology and the word 'environments' is present, but the score is not 1 because the obfuscated text does not directly define environment in an anthropological context and includes unrelated information like the number.",llama-3.3-70b-versatile
19335,anthropological definition of environment,sociological definitions of environment,0.9,"The obfuscated text is very similar to the original text, with only a slight change in the field of study from anthropological to sociological, indicating a high level of information leakage.",llama-3.3-70b-versatile
19335,anthropological definition of environment,petroglyphs defined turn environment,0.8,"The obfuscated text 'sociological definitions of environment' is very similar to the original text 'anthropological definition of environment', with only a slight change in the field of study from 'anthropological' to 'sociological', which still conveys the same general meaning. This suggests a high level of information leakage, but not complete, as the field of study has been altered.",llama-3.3-70b-versatile
19335,anthropological definition of environment,ethnographic defines the agriculture,0.4,"The obfuscated text 'ethnographic defines the agriculture' has some similarity to the original text 'anthropological definition of environment' in terms of the field of study, but the topic and context are different, indicating a moderate level of information leakage.",llama-3.3-70b-versatile
19335,anthropological definition of environment,anthropological interpreted the infrastructure,0.8,"The obfuscated text is very similar to the original text, with the same root word 'anthropological' and a related concept 'infrastructure' which is closely related to 'environment'.",llama-3.3-70b-versatile
47923,axon terminals or synaptic knob definition,minutia herpin which synapses plexiglas definition,0.4,"The obfuscated text does not convey the same meaning as the original text, but some words are similar, indicating partial information leakage.",llama-3.3-70b-versatile
47923,axon terminals or synaptic knob definition,third-parties terminals instead plasticity knobs presentation,0.7,"The obfuscated text still contains key terms related to the original text, such as 'terminals' and 'knobs', which are synonyms for 'axon terminals' and 'synaptic knob', indicating a significant information leakage. However, the context and some terms have been altered, reducing the leakage to some extent.",llama-3.3-70b-versatile
47923,axon terminals or synaptic knob definition,axonal configured much plasticity kentuck defines,0.4,"The obfuscated text still contains the word 'axonal' and 'plasticity' which are related to the original text, but other key terms are changed or missing, indicating partial information leakage.",llama-3.3-70b-versatile
47923,axon terminals or synaptic knob definition,presynaptic furtive and/or presynaptic knobs hdtv,0.7,"The obfuscated text still contains the word 'presynaptic' and 'knobs' which are key terms from the original text, indicating a significant information leakage.",llama-3.3-70b-versatile
47923,axon terminals or synaptic knob definition,synapse terminal sometimes synaptic fehér defines,0.8,"The obfuscated text still contains key terms related to the original text, such as 'synapse', 'terminal', and 'synaptic', indicating a significant amount of information leakage.",llama-3.3-70b-versatile
47923,axon terminals or synaptic knob definition,retract terminal was synaptic knob definitions,0.8,"The obfuscated text 'retract terminal was synaptic knob definitions' still contains key terms related to the original text 'axon terminals or synaptic knob definition', such as 'terminal', 'synaptic', and 'knob definitions', indicating a significant amount of information leakage.",llama-3.3-70b-versatile
47923,axon terminals or synaptic knob definition,schwann terminals and/or synaptic montage definition,0.7,"The obfuscated text 'schwann terminals and/or synaptic montage definition' still contains key terms related to the original text 'axon terminals or synaptic knob definition', such as 'terminals' and 'synaptic', indicating a significant information leakage. However, the addition of 'schwann', 'and/or', and 'montage' introduces some level of obfuscation. Therefore, the score is 0.7.",llama-3.3-70b-versatile
47923,axon terminals or synaptic knob definition,axon offices rather synaptic gunsmiths definition,0.4,"The obfuscated text 'axon offices rather synaptic gunsmiths definition' still contains the key terms 'axon' and 'synaptic', which are present in the original text 'axon terminals or synaptic knob definition'. However, the context and surrounding words have been changed, indicating some level of obfuscation. The score is 0.4, indicating moderate information leakage.",llama-3.3-70b-versatile
47923,axon terminals or synaptic knob definition,presynaptic terminals or synapse knobs definition,0.9,"The obfuscated text 'presynaptic terminals or synapse knobs definition' closely matches the original text 'axon terminals or synaptic knob definition', with similar key terms and structure, indicating a high level of information leakage.",llama-3.3-70b-versatile
47923,axon terminals or synaptic knob definition,pre-programmed terminals rather synaptic suppose defined,0.7,"The obfuscated text 'pre-programmed terminals rather synaptic suppose defined' still contains key terms related to the original text 'axon terminals or synaptic knob definition', such as 'terminals' and 'synaptic', indicating a significant amount of information leakage. However, the addition of 'pre-programmed' and 'suppose defined' introduces some level of obfuscation, reducing the leakage slightly. Therefore, the score is 0.7",llama-3.3-70b-versatile
87181,causes of left ventricular hypertrophy,cause bringing right ventricular b-raf,0.4,"The obfuscated text has changed 'left' to 'right' and 'hypertrophy' to 'b-raf', indicating some information leakage, but the core concept of 'cause' and 'ventricular' is preserved, thus a moderate score of 0.4 is given",llama-3.3-70b-versatile
87181,causes of left ventricular hypertrophy,cause brought leaving atrial dilatation,0.4,"The obfuscated text still contains the word 'cause' and 'leaving' which is similar to 'left', and 'atrial dilatation' is related to heart conditions, so there is some information leakage from the original text to the obfuscated text.",llama-3.3-70b-versatile
87181,causes of left ventricular hypertrophy,cause the injured ventricular anemic,0.4,"The obfuscated text still contains the word 'cause' and 'ventricular', which are present in the original text, indicating some information leakage. However, the context and other words have been changed, reducing the leakage. The score is 0.4 because 'cause' and 'ventricular' are key terms in the original text, but the obfuscated text does not convey the same meaning as the original text.",llama-3.3-70b-versatile
87181,causes of left ventricular hypertrophy,causes meanwhile he atrial hypertrophy,0.6,"The obfuscated text still contains the word 'causes' and 'atrial hypertrophy' which are similar to the original text 'causes of left ventricular hypertrophy', indicating some information leakage",llama-3.3-70b-versatile
87181,causes of left ventricular hypertrophy,cause may leaving arrhythmias hypertrophy,0.4,"The obfuscated text still contains the word 'hypertrophy' and 'cause', which are present in the original text, indicating some information leakage. However, the context and surrounding words have been altered, reducing the leakage. The score is 0.4, reflecting a moderate level of information leakage.",llama-3.3-70b-versatile
87181,causes of left ventricular hypertrophy,cause one leaving atrial hypertrophy,0.6,"The obfuscated text still contains the word 'cause' and 'atrial hypertrophy' which are related to the original text 'causes of left ventricular hypertrophy', but 'left ventricular' is replaced with 'atrial', indicating some information leakage. However, the word 'hypertrophy' is preserved, which is a key term in the original text. The score is 0.6 because the obfuscated text partially preserves the original meaning, but with some changes.",llama-3.3-70b-versatile
87181,causes of left ventricular hypertrophy,cause of leaving atrial aliased,0.4,"The obfuscated text still contains the word 'cause' and 'atrial' which are related to the original text, but 'hypertrophy' is replaced with 'aliased' and 'left ventricular' is replaced with 'atrial', indicating some information leakage. However, the meaning is altered, so the score is not 1.",llama-3.3-70b-versatile
87181,causes of left ventricular hypertrophy,cause part leaving atrial hypertrophy,0.6,"The obfuscated text still contains the word 'cause' and 'atrial hypertrophy' which are similar to the original text 'causes of left ventricular hypertrophy', indicating some information leakage",llama-3.3-70b-versatile
87181,causes of left ventricular hypertrophy,cause what leaving atrial hypertrophy,0.6,"The obfuscated text still contains the word 'cause' and 'atrial hypertrophy' which are related to the original text 'causes of left ventricular hypertrophy', but the context and some words are changed, indicating partial information leakage.",llama-3.3-70b-versatile
87181,causes of left ventricular hypertrophy,cause around leaving atrial typeset,0.6,"The obfuscated text still contains the word 'cause' and 'atrial hypertrophy' which are related to the original text 'causes of left ventricular hypertrophy', but with some changes, so the score is 0.6",llama-3.3-70b-versatile
87452,causes of military suicide,causes apart military bomber,0.7,"The obfuscated text still contains the word 'military' and 'causes', which are key components of the original text, indicating a significant amount of information leakage. However, the word 'suicide' has been replaced with 'bomber', which reduces the information leakage to some extent. Therefore, the score is 0.7.",llama-3.3-70b-versatile
87452,causes of military suicide,occurs the army bombers,0.4,"The obfuscated text 'occurs the army bombers' still conveys some information about the original text 'causes of military suicide', such as the context of the military, but the meaning has been altered significantly, with 'occurs' replacing 'causes', 'the army' replacing 'military', and 'bombers' being unrelated to 'suicide'. This suggests a moderate level of information leakage, but not complete.",llama-3.3-70b-versatile
87452,causes of military suicide,sorts up army attacker,0.4,"The obfuscated text 'sorts up army attacker' still conveys some information about the original text 'causes of military suicide', such as the presence of 'army' which is related to 'military', but the meaning has been significantly altered, with 'sorts up' and 'attacker' not being directly related to 'causes' or 'suicide'. The score is 0.4, indicating moderate information leakage.",llama-3.3-70b-versatile
87452,causes of military suicide,causes media officers death,0.6,"The obfuscated text still contains the word 'causes' and 'death' which are related to the original text 'causes of military suicide', indicating some information leakage",llama-3.3-70b-versatile
87452,causes of military suicide,cause near russian killing,0.6,"The obfuscated text still contains the word 'cause' which is similar to 'causes' in the original text, and 'killing' which is related to 'suicide', indicating some information leakage",llama-3.3-70b-versatile
87452,causes of military suicide,cause and military another,0.6,"The obfuscated text still contains the word 'cause' and 'military', which are present in the original text, indicating some information leakage.",llama-3.3-70b-versatile
87452,causes of military suicide,cause according forces detonated,0.6,"The obfuscated text still contains the word 'cause' and 'military' or related words, indicating some information leakage from the original text.",llama-3.3-70b-versatile
87452,causes of military suicide,causes part civilian physician-assisted,0.6,"The obfuscated text still contains the word 'causes' and 'civilian' which are related to the original text 'causes of military suicide', indicating some information leakage",llama-3.3-70b-versatile
87452,causes of military suicide,causes in military suicide,0.9,"The obfuscated text still contains the words 'causes', 'military', and 'suicide', which are the main components of the original text, indicating a high level of information leakage.",llama-3.3-70b-versatile
87452,causes of military suicide,causes in support killing,0.8,"The obfuscated text still contains the word 'causes' and 'killing' which is similar to the original text 'causes of military suicide', indicating a high level of information leakage",llama-3.3-70b-versatile
104861,cost of interior concrete flooring,costing including interior concrete sapwood,0.6,"The obfuscated text still contains key words from the original text, such as 'interior' and 'concrete', but replaces 'flooring' with 'sapwood', which is unrelated. This suggests some information leakage, but not complete. Score: 0.6",llama-3.3-70b-versatile
104861,cost of interior concrete flooring,cost the exterior push hardwood,0.4,"The obfuscated text 'cost the exterior push hardwood' has some similarities with the original text 'cost of interior concrete flooring', but it also contains different words, indicating some information leakage. The word 'cost' is preserved, but 'interior' is replaced with 'exterior', and 'concrete' is replaced with 'hardwood'. The score is 0.4 because some information is preserved, but significant details are changed or omitted.",llama-3.3-70b-versatile
104861,cost of interior concrete flooring,taking complete ministry concrete heather,0.4,"The obfuscated text 'taking complete ministry concrete heather' has some similar words to the original text 'cost of interior concrete flooring', but with significant changes, indicating moderate information leakage.",llama-3.3-70b-versatile
104861,cost of interior concrete flooring,costs over interior building furnishing,0.4,"The obfuscated text still contains the word 'costs' and 'interior', which are present in the original text, indicating some information leakage. However, the context has been altered, reducing the leakage.",llama-3.3-70b-versatile
104861,cost of interior concrete flooring,cost which deteriorated concrete furniture,0.6,"The obfuscated text still contains the word 'cost' and 'concrete' which are present in the original text, but 'interior' is replaced with 'deteriorated' and 'flooring' is replaced with 'furniture', indicating some information leakage",llama-3.3-70b-versatile
104861,cost of interior concrete flooring,15 as interior structure laminate,0.4,"The obfuscated text still contains the word 'interior' and 'structure' which is similar to 'concrete flooring', but the numbers and other words are different, indicating some information leakage",llama-3.3-70b-versatile
104861,cost of interior concrete flooring,pay of ministry precast linoleum,0.4,"The obfuscated text 'pay of ministry precast linoleum' has some similar words to the original text 'cost of interior concrete flooring', but the meaning is altered significantly, with 'pay' instead of 'cost', 'ministry' instead of 'interior', 'precast' instead of 'concrete', and 'linoleum' instead of 'flooring'. However, 'pay' and 'cost' are related, and 'precast' is a type of concrete product, so there is some information leakage.",llama-3.3-70b-versatile
104861,cost of interior concrete flooring,costly the cabinet walls terrazzo,0.4,"The obfuscated text 'costly the cabinet walls terrazzo' still contains the word 'costly' which is related to the original text 'cost of interior concrete flooring', and also contains the word 'walls' which could be related to 'interior', but 'cabinet' and 'terrazzo' are not related to the original text, thus the information leakage score is 0.4",llama-3.3-70b-versatile
104861,cost of interior concrete flooring,costing of department concrete tile,0.6,"The obfuscated text still contains the word 'concrete' which is present in the original text, and also contains the word 'costing' which is similar to 'cost' in the original text, indicating some information leakage",llama-3.3-70b-versatile
104861,cost of interior concrete flooring,cost of noteworthy paved tile,0.4,"The obfuscated text 'cost of noteworthy paved tile' still contains the word 'cost' and 'tile' which are present in the original text 'cost of interior concrete flooring', indicating some information leakage. However, the words 'noteworthy', 'paved' are not present in the original text, and 'interior' and 'concrete' are missing, which reduces the information leakage. Therefore, a score of 0.4 is assigned.",llama-3.3-70b-versatile
1106007,define visceral?,definitions 31.51,0.2,"The obfuscated text does not reveal the definition of visceral, but it does provide a vague reference to a definition, hence a score of 0.2",llama-3.3-70b-versatile
1106007,define visceral?,define preceding,0.5,"The obfuscated text 'define preceding' still contains the word 'define' which is present in the original text 'define visceral?', thus indicating some information leakage. However, the word 'visceral' is not present in the obfuscated text, which reduces the information leakage. Considering this, a score of 0.5 is assigned.",llama-3.3-70b-versatile
1106007,define visceral?,define undermining,0.4,"The obfuscated text 'define undermining' still contains the keyword 'define' which is present in the original text 'define visceral?', indicating some information leakage. However, the term 'undermining' is unrelated to 'visceral', suggesting partial information leakage.",llama-3.3-70b-versatile
1106007,define visceral?,transform crookedly,0.2,"The obfuscated text 'transform crookedly' does not convey the same meaning as the original text 'define visceral?', thus the information leakage is low.",llama-3.3-70b-versatile
1106007,define visceral?,interaction platters,0.0,"The obfuscated text does not contain any information related to the original text 'define visceral?', thus the score is 0",llama-3.3-70b-versatile
1106007,define visceral?,defining mechanic,0.6,"The obfuscated text 'defining mechanic' still contains the word 'defining' which is similar to the original text 'define visceral?', indicating some information leakage.",llama-3.3-70b-versatile
1106007,define visceral?,define growth,0.3,"The obfuscated text 'define growth' still contains the word 'define' which is present in the original text 'define visceral?', indicating some information leakage. However, the word 'growth' is unrelated to 'visceral', reducing the leakage score.",llama-3.3-70b-versatile
1106007,define visceral?,defined declan,0.0,"The obfuscated text 'defined declan' does not reveal any information about the original text 'define visceral?', hence the score is 0",llama-3.3-70b-versatile
1106007,define visceral?,defining 've,0.2,"The obfuscated text 'defining 've' is somewhat related to the original text 'define visceral' as it contains the word 'defining', but the meaning is completely different and does not reveal any information about the original text.",llama-3.3-70b-versatile
1106007,define visceral?,defined endophytic,0.4,"The obfuscated text 'defined endophytic' still contains the word 'defined' which is similar to the original text 'define visceral', indicating some information leakage. However, the word 'endophytic' is unrelated to 'visceral', reducing the leakage score.",llama-3.3-70b-versatile
130510,definition declaratory judgment,definition injunctive judgment,0.7,"The obfuscated text has replaced the word 'declaratory' with 'injunctive', which is a related but distinct legal term, indicating some information leakage but not complete, as the overall meaning of the text is still preserved.",llama-3.3-70b-versatile
130510,definition declaratory judgment,defined injunctions judgement,0.7,"The obfuscated text still conveys the general meaning of the original text, but with some changes in wording, so the score is 0.7",llama-3.3-70b-versatile
130510,definition declaratory judgment,conform annet judgement,0.4,"The obfuscated text 'conform annet judgement' has some similarity to the original text 'definition declaratory judgment', but with significant changes, indicating moderate information leakage.",llama-3.3-70b-versatile
130510,definition declaratory judgment,define declaratory judgement,0.9,"The obfuscated text 'define declaratory judgement' is very similar to the original text 'definition declaratory judgment', with only minor changes in wording, indicating a high level of information leakage.",llama-3.3-70b-versatile
130510,definition declaratory judgment,requires exhortation judgment,0.4,"The obfuscated text 'requires exhortation judgment' has some similarity to the original text 'definition declaratory judgment', but with significant changes in key words, indicating moderate information leakage.",llama-3.3-70b-versatile
130510,definition declaratory judgment,confines liturgist judgment,0.2,"The obfuscated text 'confines liturgist judgment' has a significant difference in meaning compared to the original text 'definition declaratory judgment', with 'confines' and 'liturgist' being unrelated to 'definition' and 'declaratory'. However, 'judgment' remains the same, indicating some information leakage.",llama-3.3-70b-versatile
130510,definition declaratory judgment,implies declaratory judgement,0.8,"The obfuscated text 'implies declaratory judgement' is very similar to the original text 'definition declaratory judgment', with only minor changes in wording, indicating a high level of information leakage.",llama-3.3-70b-versatile
130510,definition declaratory judgment,digital declaratory judgement,0.7,"The obfuscated text 'digital declaratory judgement' has a similar structure to the original text 'definition declaratory judgment', but with some changes in wording, indicating a moderate level of information leakage.",llama-3.3-70b-versatile
130510,definition declaratory judgment,methodology bare-breasted judgement,0.1,"The obfuscated text 'methodology bare-breasted judgement' has significant differences from the original text 'definition declaratory judgment', with changes in all major words, indicating very low information leakage",llama-3.3-70b-versatile
130510,definition declaratory judgment,definition injunctive judgement,0.6,"The obfuscated text 'definition injunctive judgement' has a similar structure to the original text 'definition declaratory judgment', but with some changes in wording, indicating a moderate level of information leakage.",llama-3.3-70b-versatile
131843,definition of a sigmet,definitions one another prayer,0.4,"The obfuscated text does not convey the same meaning as the original text, but some words are similar, indicating a moderate level of information leakage.",llama-3.3-70b-versatile
131843,definition of a sigmet,defined http://www.nifc.gov/ a arca,0.7,"The obfuscated text still contains the word 'defined' which is similar to the original text 'definition', and also contains a relevant link to a website, indicating some information leakage.",llama-3.3-70b-versatile
131843,definition of a sigmet,abundance whose though parnassos,0.0,"The obfuscated text 'abundance whose though parnassos' does not contain any relevant information from the original text 'definition of a sigmet', thus the score is 0",llama-3.3-70b-versatile
131843,definition of a sigmet,definitions tranquility another astra,0.2,"The obfuscated text 'definitions tranquility another astra' does not convey the same meaning as the original text 'definition of a sigmet'. However, it contains the word 'definitions' which is related to the original text, thus some information leakage is present.",llama-3.3-70b-versatile
131843,definition of a sigmet,definitions of ended residencia,0.4,"The obfuscated text 'definitions of ended residencia' still contains the word 'definitions' and 'of' which are present in the original text 'definition of a sigmet', indicating some information leakage. However, the meaning and context are altered, so it's not complete leakage.",llama-3.3-70b-versatile
131843,definition of a sigmet,— caused a midland,0.0,The obfuscated text does not contain any relevant information from the original text 'definition of a sigmet'. The words are completely different and do not convey the same meaning.,llama-3.3-70b-versatile
131843,definition of a sigmet,that much another blisworth,0.0,The obfuscated text does not contain any relevant information from the original text 'definition of a sigmet'.,llama-3.3-70b-versatile
131843,definition of a sigmet,definitions caused a bounds,0.2,"The obfuscated text 'definitions caused a bounds' still contains the word 'definitions' which is present in the original text 'definition of a sigmet', indicating some information leakage. However, the rest of the text is completely different, suggesting that the information leakage is not complete.",llama-3.3-70b-versatile
131843,definition of a sigmet,defines consisted kind humaid,0.2,"The obfuscated text 'defines consisted kind humaid' does not closely resemble the original text 'definition of a sigmet', but it does contain the word 'defines' which is similar to 'definition'. However, the rest of the text is unrelated, so the information leakage is minimal.",llama-3.3-70b-versatile
131843,definition of a sigmet,applies of another saux,0.2,"The obfuscated text 'applies of another saux' does not closely resemble the original text 'definition of a sigmet'. However, it does contain the word 'of' which is present in the original text, and 'applies' could be considered a synonym of 'definition' in some contexts. Therefore, the score is 0.2.",llama-3.3-70b-versatile
146187,difference between a mcdouble and a double cheeseburger,happened 15 a maroney brought sign double cheeseburger,0.7,"The obfuscated text still contains the key phrase 'double cheeseburger' which is present in the original text, indicating significant information leakage. However, the context and other details have been altered, reducing the leakage to some extent.",llama-3.3-70b-versatile
146187,difference between a mcdouble and a double cheeseburger,difference between helped cn 2003-2004 sort handed cheeseburger,0.7,"The obfuscated text still contains the key words 'difference', 'between', and 'cheeseburger', which are present in the original text, indicating a significant amount of information leakage. However, the context and other details have been altered, reducing the leakage to some extent.",llama-3.3-70b-versatile
146187,difference between a mcdouble and a double cheeseburger,difference may another astaxanthin equally another dipped crooned,0.2,"The obfuscated text still contains the word 'difference' which is present in the original text, but other key words like 'mcdouble' and 'double cheeseburger' are not present or are heavily modified, indicating some information leakage, but not complete.",llama-3.3-70b-versatile
146187,difference between a mcdouble and a double cheeseburger,"difference july a klotzbach well a scoring 6,220",0.2,"The obfuscated text still contains the word 'difference', which is present in the original text, but the rest of the content is completely different and does not reveal any information about the original text.",llama-3.3-70b-versatile
146187,difference between a mcdouble and a double cheeseburger,"clear between interbk 1,330 further another quadruple 1968-70",0.2,"The obfuscated text still contains the word 'between' which is present in the original text, but most of the other words are unrelated, indicating some information leakage but not complete.",llama-3.3-70b-versatile
146187,difference between a mcdouble and a double cheeseburger,difference both a lipowa both a triple chengyi,0.4,"The obfuscated text still contains the word 'difference' and 'between' is not present but 'both' is present which is similar to 'between', and also contains the word 'triple' which is related to the original text 'mcdouble', but 'cheeseburger' is not present, so the information leakage is moderate",llama-3.3-70b-versatile
146187,difference between a mcdouble and a double cheeseburger,difference friendship another mittleman and/or a ninth cheeseburgers,0.6,"The obfuscated text still contains the word 'difference' and 'cheeseburgers', which are key components of the original text, indicating some information leakage.",llama-3.3-70b-versatile
146187,difference between a mcdouble and a double cheeseburger,basis around a resident both another triple cheeseburgers,0.4,"The obfuscated text still contains the word 'cheeseburgers' and 'triple' which are related to the original text, but the context and other words are completely different, indicating some information leakage.",llama-3.3-70b-versatile
146187,difference between a mcdouble and a double cheeseburger,illustrates between a morrin and another triple beo,0.4,"The obfuscated text still contains the word 'between' and 'triple', which are related to the original text 'difference between a mcdouble and a double cheeseburger', indicating some information leakage.",llama-3.3-70b-versatile
146187,difference between a mcdouble and a double cheeseburger,"shift may simple lande , a doubled né",0.2,"The obfuscated text still contains the word 'difference' and 'between' and also has 'double' which is related to the original text 'mcdouble and a double cheeseburger', but other words are not related to the original text, so the score should be low",llama-3.3-70b-versatile
148538,difference between rn and bsn,difference between č and bsn,0.5,"The obfuscated text still contains the word 'difference' and 'bsn', which are present in the original text, indicating some information leakage. However, the replacement of 'rn' with 'č' reduces the information leakage, resulting in a score of 0.5.",llama-3.3-70b-versatile
148538,difference between rn and bsn,distinction strained 88 while awesomeness,0.2,"The obfuscated text has changed the original words to unrelated words, but the overall structure of the sentence is still somewhat similar, indicating some information leakage.",llama-3.3-70b-versatile
148538,difference between rn and bsn,precisely encounter .24 without full-duplex,0.9,"The obfuscated text 'precisely encounter .24 without full-duplex' does not convey the same meaning as the original text 'difference between rn and bsn', indicating significant information leakage. However, some words like 'between' could be inferred from 'encounter', but overall the meaning is completely lost.",llama-3.3-70b-versatile
148538,difference between rn and bsn,difference referring rn worked loanable,0.6,"The obfuscated text still contains the word 'difference' and 'rn' which are present in the original text, indicating some information leakage",llama-3.3-70b-versatile
148538,difference between rn and bsn,seems different clr and jikiri,0.6,"The obfuscated text 'seems different clr and jikiri' still conveys the idea of a difference between two things, but the original terms 'rn' and 'bsn' are not present, suggesting some information leakage. However, the core concept of comparison remains, indicating partial information leakage.",llama-3.3-70b-versatile
148538,difference between rn and bsn,difference from 60 and bangers,0.2,"The obfuscated text still contains the word 'difference' and 'and', but the original words 'rn' and 'bsn' have been replaced with '60' and 'bangers', which have no clear relation to the original words, indicating a significant reduction in information leakage.",llama-3.3-70b-versatile
148538,difference between rn and bsn,"difference where 58 , fraudsters",0.4,"The obfuscated text still contains the word 'difference' and 'bsn' is replaced with a number, indicating some information leakage, but the context is lost.",llama-3.3-70b-versatile
148538,difference between rn and bsn,difference part rn 35 mbl,0.4,"The obfuscated text still contains the word 'difference' and 'rn' which are present in the original text, indicating some information leakage. However, the rest of the text has been significantly altered, reducing the overall information leakage.",llama-3.3-70b-versatile
148538,difference between rn and bsn,"both 18 49 , sprite",0.1,"The obfuscated text 'both 18 49 , sprite' does not convey the original meaning of 'difference between rn and bsn' as it contains unrelated words and numbers, thus the information leakage is minimal.",llama-3.3-70b-versatile
148538,difference between rn and bsn,"compared and rn , carbureted",0.4,"The obfuscated text still contains the key phrase 'rn' which is present in the original text, indicating some information leakage. However, the surrounding context has been altered, reducing the overall information leakage.",llama-3.3-70b-versatile
156493,do goldfish grow,do goldfish grown,0.9,"The obfuscated text 'do goldfish grown' is very similar to the original text 'do goldfish grow', with only a minor typo in the last word, indicating a high level of information leakage.",llama-3.3-70b-versatile
156493,do goldfish grow,take hamster 10.2,0.0,"The obfuscated text 'take hamster 10.2' is completely different from the original text 'do goldfish grow', indicating no information leakage.",llama-3.3-70b-versatile
156493,do goldfish grow,speak goldfish grow,0.8,"The obfuscated text 'speak goldfish grow' still contains the key words 'goldfish' and 'grow' from the original text 'do goldfish grow', indicating a significant information leakage.",llama-3.3-70b-versatile
156493,do goldfish grow,want candle grown,0.4,"The obfuscated text 'want candle grown' has some similarity to the original text 'do goldfish grow' in terms of the word 'grown' which is similar to 'grow', but the context and most of the words are different, indicating a moderate level of information leakage",llama-3.3-70b-versatile
156493,do goldfish grow,cannot caveman grown,0.0,"The obfuscated text 'cannot caveman grown' has very little similarity to the original text 'do goldfish grow', with completely different words and meaning, indicating almost no information leakage.",llama-3.3-70b-versatile
156493,do goldfish grow,ca taxidermied grows,0.1,"The obfuscated text 'ca taxidermied grows' has very little similarity to the original text 'do goldfish grow', with completely different words and meaning, indicating very low information leakage.",llama-3.3-70b-versatile
156493,do goldfish grow,do bait grown,0.4,"The obfuscated text 'do bait grown' still contains the core idea of the original text 'do goldfish grow' but with a different subject, indicating some information leakage. However, the change from 'goldfish' to 'bait' and 'grow' to 'grown' reduces the leakage, so the score is not 1. The score is 0.4 because the obfuscated text maintains the same question format and verb tense, but changes the subject and verb form, resulting in partial information leakage.",llama-3.3-70b-versatile
156493,do goldfish grow,want casu grew,0.2,"The obfuscated text 'want casu grew' has some similarity to the original text 'do goldfish grow' but with significant changes, including different words and grammatical structure, indicating moderate information leakage.",llama-3.3-70b-versatile
156493,do goldfish grow,you goldfish grow,0.9,"The obfuscated text 'you goldfish grow' is very similar to the original text 'do goldfish grow', with only the first word changed from 'do' to 'you', which is a minor modification. This suggests a high level of information leakage from the original text to the obfuscated text.",llama-3.3-70b-versatile
156493,do goldfish grow,n’t vitrine grow,0.1,"The obfuscated text 'n’t vitrine grow' has very little similarity to the original text 'do goldfish grow', with completely different words and no clear connection, indicating very low information leakage.",llama-3.3-70b-versatile
168216,does legionella pneumophila cause pneumonia,does legionella pneumophila cause bronchitis,0.7,"The obfuscated text still contains the name of the bacteria, but changes the disease from pneumonia to bronchitis, indicating some information leakage, but not complete.",llama-3.3-70b-versatile
168216,does legionella pneumophila cause pneumonia,wo legionella close-ratio caused illness,0.4,"The obfuscated text still contains the word 'legionella', which is a key term in the original text, but the context and surrounding words have been altered, indicating some information leakage. However, the change from 'pneumophila' to 'close-ratio' and 'pneumonia' to 'illness' or 'bronchitis' reduces the information leakage. The score is 0.4, indicating moderate information leakage.",llama-3.3-70b-versatile
168216,does legionella pneumophila cause pneumonia,reason gnat nadhir caused illness,0.1,"The obfuscated text 'reason gnat nadhir caused illness' does not convey the same meaning as the original text 'does legionella pneumophila cause pneumonia' due to the replacement of key terms with unrelated words, resulting in minimal information leakage.",llama-3.3-70b-versatile
168216,does legionella pneumophila cause pneumonia,longer malassezia (978) reason 65,0.0,"The obfuscated text 'longer malassezia (978) reason 65' has no relation to the original text 'does legionella pneumophila cause pneumonia', indicating a very low information leakage.",llama-3.3-70b-versatile
168216,does legionella pneumophila cause pneumonia,does rotifers giardiasis inevitably infection,0.4,"The obfuscated text still contains some relevant information about the original text, such as the topic of microorganisms and disease, but the specific details have been altered, indicating partial information leakage.",llama-3.3-70b-versatile
168216,does legionella pneumophila cause pneumonia,wants coli janevski causes pneumonia,0.4,"The obfuscated text still contains the word 'pneumonia' which is present in the original text, and 'coli' is a type of bacteria, but 'janevski' is not related to 'legionella pneumophila', so the score is 0.4",llama-3.3-70b-versatile
168216,does legionella pneumophila cause pneumonia,does menston pneumophila cause pneumonia,0.9,"The obfuscated text 'does menston pneumophila cause pneumonia' is very similar to the original text 'does legionella pneumophila cause pneumonia', with only 'menston' replacing 'legionella', which is a key term. This suggests a high level of information leakage.",llama-3.3-70b-versatile
168216,does legionella pneumophila cause pneumonia,does legionella econobox causes coma,0.6,"The obfuscated text still contains the word 'legionella' and 'pneumophila' which are key terms in the original text, but the disease caused is changed to 'coma' which is not the same as 'pneumonia', indicating some information leakage but not complete.",llama-3.3-70b-versatile
168216,does legionella pneumophila cause pneumonia,use p45 maben causes pneumonia,0.1,"The obfuscated text 'use p45 maben causes pneumonia' has very little resemblance to the original text 'does legionella pneumophila cause pneumonia', with completely different words and structure, indicating very low information leakage.",llama-3.3-70b-versatile
168216,does legionella pneumophila cause pneumonia,if legionella wvu causes meningitis,0.4,"The obfuscated text still contains the word 'legionella' which is a key part of the original text, but the rest of the text has been changed to 'wvu' and 'meningitis' which is different from the original text 'pneumophila' and 'pneumonia'. This indicates some information leakage, but not complete. The score is 0.4 because 'legionella' is still present, but the context and details have been altered.",llama-3.3-70b-versatile
182539,example of monotonic function,example death whyatt functions,0.4,"The obfuscated text still contains the word 'example' and 'functions' which are present in the original text, indicating some information leakage. However, the context and meaning of the original text have been altered, reducing the information leakage score.",llama-3.3-70b-versatile
182539,example of monotonic function,few of monotonic function,0.8,"The obfuscated text 'few of monotonic function' still contains the key phrase 'monotonic function' from the original text 'example of monotonic function', indicating a significant amount of information leakage. However, the word 'example' has been replaced with 'few', which slightly reduces the information leakage. Therefore, the score is 0.8.",llama-3.3-70b-versatile
182539,example of monotonic function,instance present decreasing optimal,0.6,"The obfuscated text still conveys the concept of a mathematical function, but with a different wording, thus partial information leakage",llama-3.3-70b-versatile
182539,example of monotonic function,example included monotonic functions,0.8,"The obfuscated text 'example included monotonic functions' is very similar to the original text 'example of monotonic function', with the main difference being the word 'included' instead of 'of' and the addition of 's' to 'function'. This suggests a high level of information leakage, but not complete, as the meaning is still somewhat preserved.",llama-3.3-70b-versatile
182539,example of monotonic function,[ is monotonic function,0.8,"The obfuscated text '[ is monotonic function' still contains the key phrase 'monotonic function' from the original text 'example of monotonic function', indicating significant information leakage.",llama-3.3-70b-versatile
182539,example of monotonic function,example which dpe cannot,0.8,"The obfuscated text still contains the word 'example' and 'monotonic function' which are present in the original text, indicating a high level of information leakage",llama-3.3-70b-versatile
182539,example of monotonic function,instance running monotonic function,0.8,"The obfuscated text 'instance running monotonic function' still contains the key phrase 'monotonic function' which is present in the original text, indicating a significant information leakage.",llama-3.3-70b-versatile
182539,example of monotonic function,suggests of non-convex functions,0.7,"The obfuscated text still contains the word 'monotonic' and 'function', which are key terms from the original text, indicating a significant information leakage.",llama-3.3-70b-versatile
182539,example of monotonic function,"example areas 1,256 functions",0.6,"The obfuscated text still contains the word 'example' and 'functions' which are present in the original text, indicating some information leakage",llama-3.3-70b-versatile
182539,example of monotonic function,… years blather functions,0.0,"The obfuscated text '… years blather functions' has very little resemblance to the original text 'example of monotonic function', with completely different words and no apparent connection, indicating very low information leakage.",llama-3.3-70b-versatile
183378,exons definition biology,kaites necessarily biochemistry,0.2,"The obfuscated text 'kaites necessarily biochemistry' does not convey the same meaning as the original text 'exons definition biology', but it does contain a related term 'biochemistry' which is a field of study related to biology. The score is 0.2 because some information about the field of study is preserved, but the specific terms 'exons' and 'definition' are not.",llama-3.3-70b-versatile
183378,exons definition biology,introns view chemistry,0.4,"The obfuscated text 'introns view chemistry' does not convey the same meaning as the original text 'exons definition biology', but some related concepts are present, such as biology/chemistry. However, 'introns' is related to 'exons' in biology, thus the score is not 0.",llama-3.3-70b-versatile
183378,exons definition biology,undergrounds concept biochemistry,0.2,"The obfuscated text 'undergrounds concept biochemistry' does not reveal any information about the original text 'exons definition biology', but 'biochemistry' is related to 'biology'. Therefore, the score is 0.2",llama-3.3-70b-versatile
183378,exons definition biology,introns definition mammalian,0.4,"The obfuscated text 'introns definition mammalian' still contains the word 'definition' and a term 'introns' which is related to biology, indicating some information leakage from the original text 'exons definition biology'. However, the term 'mammalian' is more specific than the original text, which reduces the information leakage. Therefore, the score is 0.4.",llama-3.3-70b-versatile
183378,exons definition biology,mrna format microbiology,0.4,"The obfuscated text 'mrna format microbiology' still contains relevant biological terms, but the context and specific information from the original text 'exons definition biology' is not directly preserved, indicating some information leakage. However, key terms like 'exons' and 'definition' are not present, suggesting a significant level of obfuscation.",llama-3.3-70b-versatile
183378,exons definition biology,introns signal studied,0.4,"The obfuscated text 'introns signal studied' still contains the term 'introns' which is related to the original text 'exons definition biology', indicating some information leakage. However, the context and other terms have been changed, reducing the leakage. Score: 0.4",llama-3.3-70b-versatile
183378,exons definition biology,asturian clearly biology,0.4,"The obfuscated text 'asturian clearly biology' has some similarity to the original text 'exons definition biology' in that both contain the word 'biology', but the key terms 'exons' and 'definition' are not present, indicating a moderate level of information leakage.",llama-3.3-70b-versatile
183378,exons definition biology,plesu definition biology,0.4,"The obfuscated text 'plesu definition biology' has some similarity to the original text 'exons definition biology', with 'definition' and 'biology' being the same, but 'plesu' is not related to 'exons', indicating partial information leakage.",llama-3.3-70b-versatile
183378,exons definition biology,never-before concept physiology,0.2,"The obfuscated text 'never-before concept physiology' has some similarity to the original text 'exons definition biology' in terms of the word 'concept' and 'biology' or related fields, but the main subject 'exons' is completely replaced with 'never-before' which is unrelated, thus the score should be low.",llama-3.3-70b-versatile
183378,exons definition biology,introns definition evolutionary,0.4,"The obfuscated text 'introns definition evolutionary' still contains the word 'introns' and 'definition' which are related to the original text 'exons definition biology', indicating some information leakage. However, the context has changed from 'exons' to 'introns' and from 'biology' to 'evolutionary', which reduces the information leakage. The score is 0.4 because it partially reveals the original text's meaning.",llama-3.3-70b-versatile
207786,how are some sharks warm blooded,how particularly forced bruins rewarded nettles,0.4,"The obfuscated text does not convey the same meaning as the original text, but some words have similar sounds or prefixes, indicating a moderate level of information leakage.",llama-3.3-70b-versatile
207786,how are some sharks warm blooded,what these many shark warm non-tropical,0.7,"The obfuscated text still contains the word 'shark' and 'warm', which are key components of the original text, indicating a significant amount of information leakage.",llama-3.3-70b-versatile
207786,how are some sharks warm blooded,how those others darlington friendly cold-blooded,0.7,"The obfuscated text still contains the word 'shark' and 'cold-blooded', which are key terms from the original text, indicating a significant information leakage.",llama-3.3-70b-versatile
207786,how are some sharks warm blooded,so many more sharks warm ferociously,0.8,"The obfuscated text still contains the key words 'sharks' and 'warm', which are present in the original text, indicating a significant information leakage.",llama-3.3-70b-versatile
207786,how are some sharks warm blooded,go were though upset stays blooded,0.4,"The obfuscated text still contains the word 'blooded' which is similar to 'warm blooded' in the original text, indicating some information leakage",llama-3.3-70b-versatile
207786,how are some sharks warm blooded,how are many shark warmed blooded,0.9,"The obfuscated text 'how are many shark warmed blooded' closely resembles the original text 'how are some sharks warm blooded', with similar wording and structure, indicating a high level of information leakage.",llama-3.3-70b-versatile
207786,how are some sharks warm blooded,why other many dolphins evening blooded,0.4,"The obfuscated text still contains the word 'many' and 'blooded' which are present in the original text, but the meaning and context have been altered significantly, indicating some information leakage.",llama-3.3-70b-versatile
207786,how are some sharks warm blooded,how many perhaps sharks warmth blooded,0.8,"The obfuscated text still contains the key words 'sharks' and 'blooded', which are present in the original text, indicating a significant amount of information leakage.",llama-3.3-70b-versatile
207786,how are some sharks warm blooded,does these people shark warm acknowledgement,0.6,"The obfuscated text still contains the words 'shark' and 'warm', which are present in the original text, indicating some information leakage.",llama-3.3-70b-versatile
207786,how are some sharks warm blooded,look be have cats chilly chilling,0.0,"The obfuscated text 'look be have cats chilly chilling' does not retain any information from the original text 'how are some sharks warm blooded', thus the score is 0",llama-3.3-70b-versatile
1133167,how is the weather in jamaica,how now third weather 17 jamaica,0.6,"The obfuscated text still contains the key words 'weather' and 'jamaica', which are present in the original text, indicating some information leakage. However, the addition of 'how now third' and '17' introduces some level of obfuscation, reducing the information leakage. Therefore, a score of 0.6 is assigned, indicating moderate information leakage.",llama-3.3-70b-versatile
1133167,how is the weather in jamaica,how is panel meteorologists they bahamas,0.4,"The obfuscated text still contains some of the original words, such as 'how' and 'jamaica' is replaced with 'bahamas' which is a similar location, but the context is changed with the addition of 'panel meteorologists' and 'they', indicating some information leakage but not complete.",llama-3.3-70b-versatile
1133167,how is the weather in jamaica,what this part inclement elsewhere jamaica,0.4,"The obfuscated text still contains the word 'jamaica' which is present in the original text, indicating some information leakage. However, the context and other words have been changed, reducing the leakage. The score is 0.4 because 'jamaica' is a key piece of information, but the rest of the text has been sufficiently altered.",llama-3.3-70b-versatile
1133167,how is the weather in jamaica,sometimes is aging noted where jamaica,0.4,"The obfuscated text still contains the word 'jamaica' which is present in the original text, and also the word 'is' which is also present in the original text, indicating some information leakage",llama-3.3-70b-versatile
1133167,how is the weather in jamaica,how a the weather account barbados,0.6,"The obfuscated text still contains the word 'jamaica' and some similar sentence structure, but with some changes in wording, indicating partial information leakage.",llama-3.3-70b-versatile
1133167,how is the weather in jamaica,really is this weather time barbados,0.4,"The obfuscated text still contains the word 'is' and 'barbados' which is similar to 'jamaica', indicating some information leakage",llama-3.3-70b-versatile
1133167,how is the weather in jamaica,explaining now the weather part jamaica,0.6,"The obfuscated text still contains the word 'jamaica' and 'weather', which are key components of the original text, indicating some information leakage.",llama-3.3-70b-versatile
1133167,how is the weather in jamaica,everyday is along weather elsewhere jamaica,0.6,"The obfuscated text still contains the word 'jamaica' and 'weather', which are key components of the original text, but the surrounding words have been changed, indicating some information leakage.",llama-3.3-70b-versatile
1133167,how is the weather in jamaica,why is given inclement in jamaica,0.6,"The obfuscated text still contains the word 'jamaica' and 'inclement' which is related to weather, indicating some information leakage",llama-3.3-70b-versatile
1133167,how is the weather in jamaica,know means whose conditions widely tobago,0.4,"The obfuscated text still contains the word 'jamaica' and some related words like 'weather' and 'inclement', but the meaning is altered and some words are changed or added, so the information leakage score is 0.4",llama-3.3-70b-versatile
264014,how long is life cycle of flea,what long which context unfolds of bitten,0.6,"The obfuscated text still conveys the general idea of the original text, but with some key words changed, resulting in a moderate level of information leakage.",llama-3.3-70b-versatile
264014,how long is life cycle of flea,relates longer an mercurial cycles 4 phytosaur,0.4,"The obfuscated text 'relates longer an mercurial cycles 4 phytosaur' does not convey the same meaning as the original text 'how long is life cycle of flea', but some words like 'longer' and 'cycles' are related to the original text, indicating a partial information leakage.",llama-3.3-70b-versatile
264014,how long is life cycle of flea,follow decades is life cycles edge flea,0.8,"The obfuscated text still contains the word 'flea' and 'life cycles', which are key components of the original text, indicating a significant information leakage.",llama-3.3-70b-versatile
264014,how long is life cycle of flea,how concluded located he cycle independent peppers,0.6,"The obfuscated text still contains the word 'cycle' and 'flea' is not present but 'life' is not present, however 'cycle' is present which is related to the original text",llama-3.3-70b-versatile
264014,how long is life cycle of flea,tell wrote although himself stages despite herbst,0.4,"The obfuscated text still contains some words related to the original text, such as 'cycle' and 'life', but the context and meaning are altered, indicating some information leakage.",llama-3.3-70b-versatile
264014,how long is life cycle of flea,why long does exposed cycles of snakes,0.4,"The obfuscated text still contains the word 'cycles' which is present in the original text, indicating some information leakage. However, the context and other words have been changed, reducing the leakage. The score is 0.4 because the obfuscated text does not directly answer the question about the life cycle of a flea, but it still contains related words.",llama-3.3-70b-versatile
264014,how long is life cycle of flea,got long it lifetime cycles of flea,0.8,"The obfuscated text 'got long it lifetime cycles of flea' still contains the key words 'long', 'lifetime', 'cycles', and 'flea', which are present in the original text 'how long is life cycle of flea'. This suggests a significant amount of information leakage, as the main concepts are still discernible. However, the word order and some words have been changed, which reduces the leakage slightly. Therefore, the score is 0.8.",llama-3.3-70b-versatile
264014,how long is life cycle of flea,how extending is devoted cycles in senegalese,0.6,"The obfuscated text still contains the word 'cycles' and the phrase 'how long', which are similar to the original text, indicating some information leakage.",llama-3.3-70b-versatile
264014,how long is life cycle of flea,difficult means is finding cycle of fireflies,0.4,"The obfuscated text still contains the word 'cycle' and 'of', which are present in the original text, but the context and other words are different, indicating some information leakage.",llama-3.3-70b-versatile
264014,how long is life cycle of flea,what long considered span cycles of pulido,0.4,"The obfuscated text still contains the word 'cycle' and 'long', which are present in the original text, but the context and other words are different, indicating some information leakage.",llama-3.3-70b-versatile
359349,how to find the midsegment of a trapezoid,what get somewhere the recuperative 10 typical huhhot,0.0,"The obfuscated text does not contain any relevant information from the original text, indicating a low information leakage score.",llama-3.3-70b-versatile
359349,how to find the midsegment of a trapezoid,how resist find twice vandam included which pagliarulo,0.3,"The obfuscated text still contains some of the original words, such as 'find', but the meaning is completely lost due to the replacement of other words with unrelated terms, indicating a moderate level of information leakage.",llama-3.3-70b-versatile
359349,how to find the midsegment of a trapezoid,how take find the gusto man if fixated,0.4,"The obfuscated text still contains some of the original keywords such as 'how', 'find', and 'the', indicating partial information leakage.",llama-3.3-70b-versatile
359349,how to find the midsegment of a trapezoid,determined help soon the lightroom the a trapezoid,0.4,"The obfuscated text still contains the word 'trapezoid' which is present in the original text, indicating some information leakage, but the context and other words are changed, so the leakage is not complete.",llama-3.3-70b-versatile
359349,how to find the midsegment of a trapezoid,how rather finds ahead inlander fashion another trapezoid,0.7,"The obfuscated text still contains the key words 'how', 'find', and 'trapezoid', which are present in the original text, indicating a significant information leakage.",llama-3.3-70b-versatile
359349,how to find the midsegment of a trapezoid,how to finding where aggressivity of a ashihara,0.4,"The obfuscated text still contains some of the original keywords such as 'how' and 'trapezoid' but with significant changes, indicating moderate information leakage.",llama-3.3-70b-versatile
359349,how to find the midsegment of a trapezoid,how to finding of laeisz of chapel trapezoid,0.6,"The obfuscated text still contains the key words 'how to', 'finding', and 'trapezoid', which are present in the original text, indicating some information leakage.",llama-3.3-70b-versatile
359349,how to find the midsegment of a trapezoid,equally to finding of perfected 30 a affordance,0.2,"The obfuscated text does not contain any relevant information about the original text, but some words are similar in meaning or sound, indicating a small amount of information leakage.",llama-3.3-70b-versatile
359349,how to find the midsegment of a trapezoid,how decided why on sneh the a uploader,0.0,"The obfuscated text does not contain any relevant information about the original text, which is about finding the midsegment of a trapezoid. The words in the obfuscated text are unrelated to the original text, indicating no information leakage.",llama-3.3-70b-versatile
359349,how to find the midsegment of a trapezoid,understand staff find this kilometre of another hochdorf,0.0,"The obfuscated text does not contain any relevant information about the original text, which is about finding the midsegment of a trapezoid. The words in the obfuscated text are unrelated to the original text, indicating no information leakage.",llama-3.3-70b-versatile
1129237,hydrogen is a liquid below what temperature,hydrogen nothing a microwave exactly believe temperatures,0.2,"The obfuscated text does not reveal the original information about the temperature at which hydrogen is a liquid, but some words are similar, so the score is 0.2",llama-3.3-70b-versatile
1129237,hydrogen is a liquid below what temperature,nitrogen is a liquid below come temperatures,0.7,"The obfuscated text still conveys the same general idea as the original text, but with some changes in wording and details, so the score is not 1. However, it does reveal that the original text is about an element being a liquid below a certain temperature, so the score is not 0 either. A reasonable score would be 0.7 because the obfuscated text maintains the core concept of the original text but alters some specifics.",llama-3.3-70b-versatile
1129237,hydrogen is a liquid below what temperature,peroxide are another cans below fact temperatures,0.4,"The obfuscated text 'peroxide are another cans below fact temperatures' does not resemble the original text 'hydrogen is a liquid below what temperature' in terms of content or meaning, indicating significant information leakage reduction. However, the structure and some keywords like 'below' and 'temperatures' are preserved, suggesting some residual information. Thus, a moderate score of 0.4 is assigned.",llama-3.3-70b-versatile
1129237,hydrogen is a liquid below what temperature,peroxide is first liquid above why temperatures,0.4,"The obfuscated text does not match the original text, but some words are similar, indicating partial information leakage.",llama-3.3-70b-versatile
1129237,hydrogen is a liquid below what temperature,helium incredibly person absorbed zero what decreases,0.1,"The obfuscated text 'helium incredibly person absorbed zero what decreases' does not convey the same meaning as the original text 'hydrogen is a liquid below what temperature', and most of the key words are different, indicating very little information leakage.",llama-3.3-70b-versatile
1129237,hydrogen is a liquid below what temperature,hydrogen this full liquids above what temperature,0.8,"The obfuscated text still contains the word 'hydrogen' and 'temperature', which are key elements of the original text, indicating significant information leakage.",llama-3.3-70b-versatile
1129237,hydrogen is a liquid below what temperature,methanol profile another cooking above what temperatures,0.4,"The obfuscated text does not match the original text, but some key words are similar, indicating partial information leakage.",llama-3.3-70b-versatile
1129237,hydrogen is a liquid below what temperature,helium is a liquids above what temperatures,0.6,"The obfuscated text still contains the word 'helium' and 'above what temperatures' which is similar to the original text 'hydrogen is a liquid below what temperature', indicating some information leakage",llama-3.3-70b-versatile
1129237,hydrogen is a liquid below what temperature,helium is another light above that temperatures,0.4,"The obfuscated text still contains the word 'helium' and 'above', which are present in the original text, indicating some information leakage. However, the word 'light' is added and 'a liquid' is changed to 'another light', which reduces the information leakage. The score is 0.4 because the obfuscated text still reveals the substance and the general relationship with temperature, but the details are altered.",llama-3.3-70b-versatile
1129237,hydrogen is a liquid below what temperature,hydrogen is a ink above okay atmospheric,0.4,"The obfuscated text still contains the word 'hydrogen' and the concept of a state of matter, but the temperature and other details are obscured, indicating some information leakage.",llama-3.3-70b-versatile
405717,is cdg airport in main paris,part en-route airport emphasis principal paris,0.6,"The obfuscated text still contains the key words 'paris' and 'airport', which are present in the original text, indicating some information leakage. However, the context and meaning of the original text are not fully preserved, as 'part en-route airport' does not convey the same information as 'cdg airport in main paris'. Therefore, the score is 0.6, reflecting a moderate level of information leakage.",llama-3.3-70b-versatile
405717,is cdg airport in main paris,means frolinat airport country key prohertrib,0.7,"The obfuscated text still contains the word 'airport' and 'paris', which are key components of the original text, indicating a significant amount of information leakage. However, the surrounding context has been altered, reducing the leakage to some extent.",llama-3.3-70b-versatile
405717,is cdg airport in main paris,’s cdg airport long main budapest,0.6,"The obfuscated text 's cdg airport long main budapest' still contains the airport code 'cdg' and the word 'airport', but the location has been changed to 'budapest' instead of 'paris', indicating some information leakage. However, the change in location reduces the leakage, so the score is not 1. The score is 0.6 because the airport code is still present, but the location is incorrect.",llama-3.3-70b-versatile
405717,is cdg airport in main paris,appears cdg airport while primary london,0.4,"The obfuscated text still contains the airport code 'cdg' and the word 'airport', but the location has been changed to 'london', which is not the same as the original text 'paris'. This suggests some information leakage, but not complete. The score is 0.4 because the airport code is still present, but the location is incorrect.",llama-3.3-70b-versatile
405717,is cdg airport in main paris,is mp-3 airports same namely paris,0.7,"The obfuscated text still contains the key information about the airport being in Paris, but with some changes in wording and added irrelevant information, so the score is 0.7",llama-3.3-70b-versatile
405717,is cdg airport in main paris,a pluggers airports held main stockholm,0.4,"The obfuscated text still contains the word 'airports' and 'main' which are present in the original text, but the location has been changed to 'stockholm' which is not present in the original text. The score is 0.4 because some information is still present but the location has been altered.",llama-3.3-70b-versatile
405717,is cdg airport in main paris,today komsomolsk-na-amure airport man main france,0.6,"The obfuscated text still contains the word 'airport' and 'main' and 'france' which are present in the original text, but 'cdg' and 'paris' are replaced with 'komsomolsk-na-amure' and 'france' respectively, indicating some information leakage.",llama-3.3-70b-versatile
405717,is cdg airport in main paris,fact cytochalasin airports year principal france,0.4,"The obfuscated text still contains the word 'france' and 'principal' which are related to the original text, but other key words are changed or missing, indicating some information leakage.",llama-3.3-70b-versatile
405717,is cdg airport in main paris,appears cdg airport 1976 major prohertrib,0.4,"The obfuscated text still contains the original airport code 'cdg' and a year, indicating some information leakage, but the context and location are altered, reducing the leakage.",llama-3.3-70b-versatile
405717,is cdg airport in main paris,only al-hakam airports others main france,0.6,"The obfuscated text still contains the key information 'cdg airport' and 'france' or 'paris', which are present in the original text, but with some changes in wording and added unrelated words, thus the score is 0.6",llama-3.3-70b-versatile
443396,lps laws definition,clannad law definition,0.4,"The obfuscated text 'clannad law definition' still contains the word 'law' and 'definition' which are present in the original text 'lps laws definition', indicating some information leakage. However, 'clannad' is unrelated to 'lps', reducing the leakage. Score: 0.4",llama-3.3-70b-versatile
443396,lps laws definition,78s law definition,0.4,"The obfuscated text '78s law definition' has a significant difference from the original text 'lps laws definition', with '78s' being unrelated to 'lps' and 'law' being a subset of 'laws', indicating a moderate level of information leakage",llama-3.3-70b-versatile
443396,lps laws definition,lps enforcing defined,0.8,"The obfuscated text 'lps enforcing defined' still contains the original term 'lps' and a related concept 'enforcing defined', which is similar to the original text 'lps laws definition'. This suggests a significant amount of information leakage, but not complete as the word 'laws' is replaced. Therefore, the score is 0.8.",llama-3.3-70b-versatile
443396,lps laws definition,reissues law definition,0.2,"The obfuscated text 'reissues law definition' has some similarity to the original text 'lps laws definition' in terms of the word 'law' and 'definition', but the main subject 'lps' has been completely changed to 'reissues', indicating a significant reduction in information leakage.",llama-3.3-70b-versatile
443396,lps laws definition,goff laws definition,0.6,"The obfuscated text 'goff laws definition' has a similar structure to the original text 'lps laws definition', but with some changes in the words, indicating a moderate level of information leakage.",llama-3.3-70b-versatile
443396,lps laws definition,lps laws definition,1.0,"The obfuscated text is identical to the original text, indicating complete information leakage.",llama-3.3-70b-versatile
443396,lps laws definition,45-46 licensing defined,0.4,"The obfuscated text '45-46 licensing defined' has some similarity to the original text 'lps laws definition' but with significant changes, indicating moderate information leakage",llama-3.3-70b-versatile
443396,lps laws definition,219.6 infrastructure criteria,0.1,"The obfuscated text '219.6 infrastructure criteria' has very little resemblance to the original text 'lps laws definition', indicating a low information leakage score of 0.1 due to the lack of similar keywords or phrases.",llama-3.3-70b-versatile
443396,lps laws definition,vinyl laws definition,0.6,"The obfuscated text 'vinyl laws definition' has some similarity to the original text 'lps laws definition' as 'vinyl' and 'lps' can both refer to music records, but the information leakage is not complete as the terms are not identical.",llama-3.3-70b-versatile
443396,lps laws definition,45s statutes definitions,0.4,"The obfuscated text '45s statutes definitions' has some similarity to the original text 'lps laws definition' in terms of the topic of laws and definitions, but the specific terms are different, indicating some information leakage but not complete.",llama-3.3-70b-versatile
451602,medicare's definition of mechanical ventilation,31 defined of technicians lubrication,0.4,"The obfuscated text does not convey the same meaning as the original text, but some words are similar, indicating a moderate level of information leakage.",llama-3.3-70b-versatile
451602,medicare's definition of mechanical ventilation,amisha definition second mechanical exhaust,0.4,"The obfuscated text 'amisha definition second mechanical exhaust' still contains the key words 'definition' and 'mechanical' which are present in the original text 'medicare's definition of mechanical ventilation'. This suggests that there is some information leakage, but the context and meaning have been altered. Therefore, the score is 0.4",llama-3.3-70b-versatile
451602,medicare's definition of mechanical ventilation,demurs defines of engineers exhaust,0.4,"The obfuscated text 'demurs defines of engineers exhaust' has some similarity to the original text 'medicare's definition of mechanical ventilation' with the presence of 'defines' and 'exhaust' which could be related to 'definition' and 'ventilation', but the context and most of the words are different, indicating a moderate level of information leakage",llama-3.3-70b-versatile
451602,medicare's definition of mechanical ventilation,muanda indicates part malfunction ventilation,0.7,"The obfuscated text 'muanda indicates part malfunction ventilation' still contains the key words 'ventilation' and 'malfunction' which are related to the original text 'medicare's definition of mechanical ventilation', indicating a significant information leakage.",llama-3.3-70b-versatile
451602,medicare's definition of mechanical ventilation,raunch defines included gain air-conditioning,0.2,"The obfuscated text 'raunch defines included gain air-conditioning' does not closely resemble the original text 'medicare's definition of mechanical ventilation'. However, it does contain some similar concepts, such as 'defines' which could relate to 'definition', and 'air-conditioning' which is related to ventilation. The score is 0.2 because there is some minor information leakage due to these similarities, but the overall meaning is not preserved.",llama-3.3-70b-versatile
451602,medicare's definition of mechanical ventilation,staring see in engineers ventilation,0.4,"The obfuscated text 'staring see in engineers ventilation' still contains the word 'ventilation' which is present in the original text 'medicare's definition of mechanical ventilation', indicating some information leakage. However, the context and other words are different, so it's not a complete leakage.",llama-3.3-70b-versatile
451602,medicare's definition of mechanical ventilation,fernandez definition latest horseman cooling,0.2,"The obfuscated text 'fernandez definition latest horseman cooling' does not closely match the original text 'medicare's definition of mechanical ventilation'. However, it does contain the word 'definition' which is present in the original text, and 'cooling' could be related to 'ventilation' in a broad sense. The score is 0.2 because there is some minor semantic connection between the two texts, but the majority of the content is unrelated.",llama-3.3-70b-versatile
451602,medicare's definition of mechanical ventilation,midwesterners definition ranging electrical shafts,0.2,The obfuscated text does not contain any relevant information related to the original text 'medicare's definition of mechanical ventilation'.,llama-3.3-70b-versatile
451602,medicare's definition of mechanical ventilation,swithun definition prior hydraulic stairwells,0.0,The obfuscated text 'swithun definition prior hydraulic stairwells' does not contain any information related to the original text 'medicare's definition of mechanical ventilation'. The words are completely different and do not convey the same meaning.,llama-3.3-70b-versatile
451602,medicare's definition of mechanical ventilation,operated strictly present robotic plumbing,0.1,"The obfuscated text does not contain any relevant information from the original text, indicating minimal information leakage.",llama-3.3-70b-versatile
489204,right pelvic pain causes,yes pelvic headaches cause,0.6,"The obfuscated text still contains the word 'pelvic' which is present in the original text, indicating some information leakage. However, the words 'right' and 'pain' have been replaced with 'yes' and 'headaches', which reduces the information leakage. The word 'causes' has been replaced with 'cause', which is a minor change. Considering these changes, the score is 0.6.",llama-3.3-70b-versatile
489204,right pelvic pain causes,hand wallow suffering cause,0.2,"The obfuscated text 'hand wallow suffering cause' does not convey the same meaning as the original text 'right pelvic pain causes', but it still contains the word 'cause' which is related to the original text. However, the context and the specific details are completely lost. Therefore, the score is 0.2.",llama-3.3-70b-versatile
489204,right pelvic pain causes,right pectoral pain cause,0.6,"The obfuscated text 'right pectoral pain cause' still contains the word 'right' and 'pain' and 'cause' which are present in the original text 'right pelvic pain causes', but 'pectoral' is different from 'pelvic'. This suggests some information leakage, but not complete. Therefore, the score is 0.6",llama-3.3-70b-versatile
489204,right pelvic pain causes,right manipulable sting cause,0.4,"The obfuscated text 'right manipulable sting cause' still contains the word 'right' and 'cause' from the original text 'right pelvic pain causes', but 'manipulable' and 'sting' are unrelated to 'pelvic' and 'pain', indicating some information leakage but not complete.",llama-3.3-70b-versatile
489204,right pelvic pain causes,right pelvis pain causes,0.9,"The obfuscated text 'right pelvis pain causes' is very similar to the original text 'right pelvic pain causes', with only a slight variation in spelling ('pelvis' instead of 'pelvic') and the addition of 's' at the end of 'causes'. This suggests a high level of information leakage, as the obfuscated text still conveys the same meaning as the original text.",llama-3.3-70b-versatile
489204,right pelvic pain causes,right spasms giddiness causes,0.4,"The obfuscated text 'right spasms giddiness causes' has some similarity with the original text 'right pelvic pain causes' in terms of the word 'right' and 'causes', but the main content is different, indicating moderate information leakage.",llama-3.3-70b-versatile
489204,right pelvic pain causes,edge musculature pain cause,0.4,"The obfuscated text 'edge musculature pain cause' still conveys the idea of pain and cause, but the original meaning of 'right pelvic pain causes' is partially lost due to the replacement of 'right pelvic' with 'edge musculature'. The word 'pain' and 'cause' are preserved, but the location and context are altered, resulting in a score of 0.4",llama-3.3-70b-versatile
489204,right pelvic pain causes,regardless anal feeling cause,0.4,"The obfuscated text 'regardless anal feeling cause' has some similarity with the original text 'right pelvic pain causes' but the words are not identical, indicating some information leakage. However, the meaning is partially preserved, with 'anal' being related to 'pelvic' and 'feeling' being related to 'pain'. The score is 0.4 because the obfuscated text still conveys some information about the original text, but with significant changes.",llama-3.3-70b-versatile
489204,right pelvic pain causes,right pelvic pain cause,0.9,"The obfuscated text 'right pelvic pain cause' is very similar to the original text 'right pelvic pain causes', with only a minor difference in the plural form of 'cause' vs 'causes', indicating a high level of information leakage.",llama-3.3-70b-versatile
489204,right pelvic pain causes,right pelvic pain cause,0.9,"The obfuscated text is almost identical to the original text, with only minor changes in wording, indicating a high level of information leakage.",llama-3.3-70b-versatile
490595,rsa definition key,rsa defined makes,0.8,"The obfuscated text 'rsa defined makes' still contains the core concept of the original text 'rsa definition key', with 'rsa' and a related term 'defined' being present, indicating a significant information leakage of 0.8",llama-3.3-70b-versatile
490595,rsa definition key,651 hertz key,0.3,"The obfuscated text '651 hertz key' has some similarity to the original text 'rsa definition key' in that it contains the word 'key', but the other words are completely different, indicating a moderate level of information leakage.",llama-3.3-70b-versatile
490595,rsa definition key,rsa essentially essential,0.8,"The obfuscated text 'rsa essentially essential' still contains the original term 'rsa' and conveys a similar meaning to the original text 'rsa definition key', indicating a high level of information leakage.",llama-3.3-70b-versatile
490595,rsa definition key,renard standard .000660,0.0,"The obfuscated text 'renard standard .000660' does not resemble the original text 'rsa definition key' in any way, indicating a very low information leakage.",llama-3.3-70b-versatile
490595,rsa definition key,sha-256 definitions crucial,0.8,"The obfuscated text 'sha-256 definitions crucial' still contains the core concept of the original text 'rsa definition key', which is about cryptographic definitions and keys, thus indicating a significant information leakage.",llama-3.3-70b-versatile
490595,rsa definition key,aes256-sha definition crucial,0.7,"The obfuscated text 'aes256-sha definition crucial' still contains the core concept of the original text 'rsa definition key', which is about cryptographic definitions and keys, but with a different algorithm (AES256-SHA) and a similar context (definition and crucial), thus the information leakage score is 0.7",llama-3.3-70b-versatile
490595,rsa definition key,rsa definition point,0.7,"The obfuscated text 'rsa definition point' still contains the core concept of 'rsa' and 'definition', which are present in the original text 'rsa definition key'. However, the word 'key' has been replaced with 'point', reducing the information leakage. The score is 0.7 because the obfuscated text still conveys the main idea of the original text but with some reduction in specificity.",llama-3.3-70b-versatile
490595,rsa definition key,aes256-sha specifications iraq,0.4,"The obfuscated text 'aes256-sha specifications iraq' still contains the term 'aes256-sha' which is related to the original text 'rsa definition key', but it has been modified to include 'specifications iraq' which seems unrelated to the original text. However, the presence of 'aes256-sha' indicates some information leakage. The score is 0.4 because 'aes256-sha' is a different encryption algorithm than 'rsa', but both are related to cryptography.",llama-3.3-70b-versatile
490595,rsa definition key,rsa broadened key,0.7,"The obfuscated text 'rsa broadened key' still contains the term 'rsa' and 'key', which are present in the original text 'rsa definition key'. This suggests a significant information leakage, as the obfuscated text still reveals the main topic and a crucial keyword. However, the term 'definition' has been replaced with 'broadened', which reduces the information leakage to some extent. Therefore, the score is 0.7",llama-3.3-70b-versatile
490595,rsa definition key,mos defined crucial,0.4,"The obfuscated text 'mos defined crucial' still contains the word 'defined' and 'crucial' which are related to the original text 'rsa definition key', indicating some information leakage.",llama-3.3-70b-versatile
1124210,tracheids are part of _____.,blood-related these part the ioakim,0.4,"The obfuscated text does not clearly convey the meaning of the original text, but some words are related to the original text's context, thus a moderate score of information leakage is given",llama-3.3-70b-versatile
1124210,tracheids are part of _____.,tracheids are which zapolice lonestar,0.4,"The obfuscated text still contains the word 'tracheids' and the phrase 'are', which is similar to the original text, indicating some information leakage. However, the rest of the text is obfuscated, reducing the leakage. Therefore, a score of 0.4 is assigned.",llama-3.3-70b-versatile
1124210,tracheids are part of _____.,cd34 those intended of carlo,0.0,"The obfuscated text does not contain any relevant information from the original text, thus the score is 0",llama-3.3-70b-versatile
1124210,tracheids are part of _____.,1959-1964 these only of miele,0.0,"The obfuscated text does not contain any relevant information related to the original text, which is about tracheids being part of something, so the score is 0",llama-3.3-70b-versatile
1124210,tracheids are part of _____.,aiha are where hours fretted,0.2,"The obfuscated text 'aiha are where hours fretted' does not closely resemble the original text 'tracheids are part of ____'. However, 'aiha' could be related to 'tracheids' and 'are' is present in both, but the rest of the sentence is completely different, indicating some information leakage but not complete.",llama-3.3-70b-versatile
1124210,tracheids are part of _____.,tracheids now only of grell,0.8,"The obfuscated text still contains the word 'tracheids' which is present in the original text, indicating significant information leakage.",llama-3.3-70b-versatile
1124210,tracheids are part of _____.,choueifat are part founding cuprate,0.8,"The obfuscated text still contains the word 'tracheids' and 'are' and 'part', which are present in the original text, indicating significant information leakage.",llama-3.3-70b-versatile
1124210,tracheids are part of _____.,tracheids both part the vikes,0.8,"The obfuscated text still contains the word 'tracheids' and 'part', which are present in the original text, indicating significant information leakage.",llama-3.3-70b-versatile
1124210,tracheids are part of _____.,grandfield those operation head harelbeke,0.6,"The obfuscated text 'tracheids both part the vikes' still contains the word 'tracheids' and the phrase 'part', which are present in the original text. However, the word 'both' and 'the vikes' are added, which changes the meaning of the sentence. The score is 0.6 because some information is preserved, but the added words change the context.",llama-3.3-70b-versatile
1124210,tracheids are part of _____.,fusel unlike dominated present fleck,0.2,"The obfuscated text does not contain any relevant information related to the original text, which is about tracheids being part of something. The score is 0.2 because some words are similar but the meaning is completely different.",llama-3.3-70b-versatile
527433,types of dysarthria from cerebral palsy,these part topeng preserved infarction cerebral,0.4,"The obfuscated text still contains the word 'cerebral' which is a key term from the original text, indicating some information leakage. However, other key terms like 'dysarthria' and 'types' are not present, suggesting partial information leakage.",llama-3.3-70b-versatile
527433,types of dysarthria from cerebral palsy,types of dfl-supercup coming edema cerebral,0.4,"The obfuscated text still contains the word 'cerebral' which is present in the original text, and also contains the word 'types of' which is also present in the original text. However, 'dfl-supercup' and 'edema' are not related to the original text, indicating some level of obfuscation. The score is 0.4 because about 40% of the original information is preserved.",llama-3.3-70b-versatile
527433,types of dysarthria from cerebral palsy,type while dysarthria air neurological cerebral,0.7,"The obfuscated text still contains the key words 'dysarthria' and 'cerebral', which are present in the original text, indicating a significant information leakage.",llama-3.3-70b-versatile
527433,types of dysarthria from cerebral palsy,kinds represents chikkamagaluru nearly cerebral acyclovir,0.2,"The obfuscated text still contains the word 'cerebral' which is present in the original text, but other key words like 'dysarthria' are not preserved or are replaced with unrelated words, indicating some information leakage. However, the overall meaning and context are not preserved, thus the score is not 1.",llama-3.3-70b-versatile
527433,types of dysarthria from cerebral palsy,e.g. of palitana sections cerebral retardation,0.4,"The obfuscated text still contains the word 'cerebral' which is present in the original text, but other key words like 'dysarthria' and 'types' are not preserved or are replaced with unrelated words, indicating some information leakage. However, the overall meaning and context are significantly altered, suggesting a moderate level of obfuscation.",llama-3.3-70b-versatile
527433,types of dysarthria from cerebral palsy,other the folgate from cerebral cerebral,0.2,"The obfuscated text 'other the folgate from cerebral cerebral' does not convey the same meaning as the original text 'types of dysarthria from cerebral palsy', but it does contain the word 'cerebral' which is present in the original text, indicating some information leakage. However, the context and meaning are completely different, so the score should be relatively low.",llama-3.3-70b-versatile
527433,types of dysarthria from cerebral palsy,include the yingde relatively hemorrhage autistic,0.2,"The obfuscated text still contains the word 'cerebral' which is present in the original text, but other key words like 'dysarthria' are missing or replaced with unrelated words, indicating partial information leakage.",llama-3.3-70b-versatile
527433,types of dysarthria from cerebral palsy,these fame ataxic went cerebral palsy,0.8,"The obfuscated text still contains the key phrase 'cerebral palsy' which is present in the original text, indicating significant information leakage.",llama-3.3-70b-versatile
527433,types of dysarthria from cerebral palsy,types or codice_18 while cerebral brower,0.6,"The obfuscated text still contains the word 'cerebral' which is present in the original text, and also contains the word 'types' which is also present in the original text, indicating some information leakage",llama-3.3-70b-versatile
527433,types of dysarthria from cerebral palsy,types 40 dysarthria 1980s cerebral palsy,0.8,"The obfuscated text still contains the key words 'types', 'dysarthria', and 'cerebral palsy', which are present in the original text, indicating a significant information leakage.",llama-3.3-70b-versatile
573724,what are the social determinants of health,learned unfortunately this education determinants one illness,0.6,"The obfuscated text still contains key words related to the original text, such as 'determinants', which indicates some information leakage. However, the context and meaning of the original text are not fully preserved, resulting in a score of 0.6.",llama-3.3-70b-versatile
573724,what are the social determinants of health,like are oly-2004-fhockey came longer-term place diseases,0.4,"The obfuscated text does not convey the same meaning as the original text, but some keywords like 'diseases' are related to 'health', which is present in the original text. However, the overall meaning is significantly altered, indicating moderate information leakage.",llama-3.3-70b-versatile
573724,what are the social determinants of health,everything were the social enquires of care,0.4,"The obfuscated text still contains the word 'social' which is a key term in the original text, indicating some information leakage. However, the context and other words have been changed, reducing the leakage.",llama-3.3-70b-versatile
573724,what are the social determinants of health,what are as social neagoe addition health,0.8,"The obfuscated text 'what are as social neagoe addition health' still contains the key phrases 'what are', 'social', and 'health', which are present in the original text 'what are the social determinants of health'. This suggests a significant amount of information leakage, as the main concepts are still discernible. However, the word 'determinants' is replaced with 'neagoe addition', which reduces the leakage slightly. Therefore, the score is 0.8.",llama-3.3-70b-versatile
573724,what are the social determinants of health,things all part social determinants of care,0.7,"The obfuscated text retains key phrases from the original text, such as 'social determinants', but replaces 'health' with 'care', indicating some information leakage. However, the core concept is preserved, suggesting a moderate level of information leakage.",llama-3.3-70b-versatile
573724,what are the social determinants of health,say available of connections determinants of illness,0.8,"The obfuscated text still contains the key phrase 'determinants of illness', which is very similar to the original phrase 'social determinants of health'. This suggests a high level of information leakage.",llama-3.3-70b-versatile
573724,what are the social determinants of health,why they purpose social libet of care,0.7,"The obfuscated text still contains the key phrase 'social' and 'determinants of', which are crucial components of the original text, indicating a significant information leakage.",llama-3.3-70b-versatile
573724,what are the social determinants of health,how these which challenges multifunctional of education,0.4,"The obfuscated text still contains some key words from the original text, such as 'social' and 'determinants', but the context and meaning have been altered, indicating some information leakage. However, the overall meaning and specific details have been obscured, suggesting a moderate level of information protection.",llama-3.3-70b-versatile
573724,what are the social determinants of health,it are specifically being determinants the care,0.7,"The obfuscated text still contains the word 'determinants' and 'care', which are key components of the original text, indicating a significant information leakage.",llama-3.3-70b-versatile
573724,what are the social determinants of health,what are building as invasives of health,0.6,"The obfuscated text 'what are building as invasives of health' still contains some key words from the original text such as 'what are' and 'of health', indicating a moderate level of information leakage.",llama-3.3-70b-versatile
1121709,what are the three percenters?,referring are added three tushino,0.4,"The obfuscated text 'referring are added three tushino' has some similarity to the original text 'what are the three percenters?', with the presence of the word 'three' and a similar sentence structure, but the meaning and most of the words are different, indicating partial information leakage.",llama-3.3-70b-versatile
1121709,what are the three percenters?,exactly either the four compadres,0.1,"The obfuscated text 'exactly either the four compadres' does not convey the same meaning as the original text 'what are the three percenters?', thus the score should be low.",llama-3.3-70b-versatile
1121709,what are the three percenters?,what these last four iif,0.3,"The obfuscated text 'what these last four iif' does not convey the same meaning as the original text 'what are the three percenters?', but it retains some similarity in structure and starting words, indicating partial information leakage.",llama-3.3-70b-versatile
1121709,what are the three percenters?,extent either gives four matvey,0.2,"The obfuscated text 'extent either gives four matvey' does not convey the same meaning as the original text 'what are the three percenters?', thus the information leakage is low.",llama-3.3-70b-versatile
1121709,what are the three percenters?,nothing are this five kyte,0.4,"The obfuscated text does not convey the same meaning as the original text, but some words are similar, indicating a moderate level of information leakage.",llama-3.3-70b-versatile
1121709,what are the three percenters?,seems these the five perry,0.2,"The obfuscated text does not convey the same meaning as the original text, but some words are similar, indicating a low level of information leakage.",llama-3.3-70b-versatile
1121709,what are the three percenters?,just those ever three visit,0.4,"The obfuscated text 'just those ever three visit' has some similarity to the original text 'what are the three percenters?', with 'three' being a common word, but the context and meaning are significantly altered, indicating moderate information leakage.",llama-3.3-70b-versatile
1121709,what are the three percenters?,why likely same three alvaro,0.2,"The obfuscated text 'why likely same three alvaro' does not convey the same meaning as the original text 'what are the three percenters?', but it does contain the word 'three' which is also present in the original text, indicating some information leakage.",llama-3.3-70b-versatile
1121709,what are the three percenters?,what these same three theroux,0.4,"The obfuscated text 'what these same three theroux' still contains the word 'what' and 'three' which are present in the original text 'what are the three percenters?', indicating some information leakage. However, the meaning and context are altered, so the score is not 1. The score is 0.4 because some key words are preserved but the overall meaning is changed.",llama-3.3-70b-versatile
1121709,what are the three percenters?,done are means four mongul,0.2,"The obfuscated text 'done are means four mongul' has some similarities with the original text 'what are the three percenters?', but the meaning and most of the words are different, indicating a low information leakage.",llama-3.3-70b-versatile
1121402,what can contour plowing reduce,lot whereby contours veer reducing,0.6,"The obfuscated text still conveys the idea of contours reducing something, which is similar to the original text. However, the words have been replaced with synonyms, reducing the information leakage. The score is 0.6 because the obfuscated text still retains some meaning from the original text, but the words have been changed, making it less direct.",llama-3.3-70b-versatile
1121402,what can contour plowing reduce,think be approximating shoveling reduce,0.6,"The obfuscated text still conveys the idea of reducing something, but the context and specific action are altered, indicating some information leakage.",llama-3.3-70b-versatile
1121402,what can contour plowing reduce,what cannot contours ploughing reducing,0.8,"The obfuscated text 'what cannot contours ploughing reducing' is very similar to the original text 'what can contour plowing reduce', with only minor changes in wording and spelling, indicating a high level of information leakage.",llama-3.3-70b-versatile
1121402,what can contour plowing reduce,what do sestet plow reduce,0.7,"The obfuscated text 'what do sestet plow reduce' still conveys the main idea of the original text 'what can contour plowing reduce' with some changes in wording, but the core concept of 'plowing' and 'reduce' remains, thus the score is 0.7",llama-3.3-70b-versatile
1121402,what can contour plowing reduce,how used contour minefield confine,0.6,"The obfuscated text still conveys the idea of contour and reduction, but with some changes in wording and added words, thus justifying a score of 0.6",llama-3.3-70b-versatile
1121402,what can contour plowing reduce,question can exomars andys cuts,0.4,"The obfuscated text 'question can exomars andys cuts' has some similarity to the original text 'what can contour plowing reduce' in terms of word order and structure, but the words themselves are quite different, indicating a moderate level of information leakage.",llama-3.3-70b-versatile
1121402,what can contour plowing reduce,know can ostinato ploughing reduce,0.7,"The obfuscated text 'know can ostinato ploughing reduce' still conveys the main idea of the original text 'what can contour plowing reduce' with some changes in wording, but the core concept of 'plowing' and 'reduce' is preserved, thus the score is 0.7",llama-3.3-70b-versatile
1121402,what can contour plowing reduce,whatever take contours digging reduce,0.7,"The obfuscated text 'whatever take contours digging reduce' still conveys the idea of reducing something through a method similar to contour plowing, thus the information leakage is significant",llama-3.3-70b-versatile
1121402,what can contour plowing reduce,what able contour plowed reducing,0.8,"The obfuscated text 'what able contour plowed reducing' closely resembles the original text 'what can contour plowing reduce', with similar key words and meaning, indicating a high level of information leakage.",llama-3.3-70b-versatile
1121402,what can contour plowing reduce,why can four-point plowing reducing,0.7,"The obfuscated text 'why can four-point plowing reducing' still conveys the main idea of the original text 'what can contour plowing reduce' with some changes in wording, but the core concept of plowing and reduction is preserved, thus the score is 0.7",llama-3.3-70b-versatile
1117099,what is a active margin,how cornice another active margins,0.4,"The obfuscated text still contains the word 'active' which is present in the original text, indicating some information leakage. However, the context and other words have been changed, reducing the leakage. Score is 0.4",llama-3.3-70b-versatile
1117099,what is a active margin,what is another active widest,0.5,"The obfuscated text 'what is another active widest' still contains the key phrase 'active' from the original text 'what is a active margin', indicating some information leakage. However, the word 'margin' has been replaced with 'widest', which reduces the information leakage. Therefore, the score is 0.5.",llama-3.3-70b-versatile
1117099,what is a active margin,? now simple activity percentage,0.2,"The obfuscated text '? now simple activity percentage' still contains the word 'activity' which is related to 'active' in the original text, but the context and other words are completely different, indicating some information leakage.",llama-3.3-70b-versatile
1117099,what is a active margin,think nature another decade margins,0.4,"The obfuscated text still contains the word 'margins' and 'another', which are present in the original text, but the context and other words have been changed, indicating some information leakage.",llama-3.3-70b-versatile
1117099,what is a active margin,more it kind introduction margins,0.4,"The obfuscated text still contains the word 'margins' which is present in the original text, indicating some information leakage",llama-3.3-70b-versatile
1117099,what is a active margin,going presently another known margin,0.6,"The obfuscated text still contains the word 'margin', which is similar to 'active margin' in the original text, indicating some information leakage.",llama-3.3-70b-versatile
1117099,what is a active margin,how this a become advantage,0.2,"The obfuscated text has some similar words to the original text, such as 'active' and 'margin', but the meaning and context are different, indicating some information leakage.",llama-3.3-70b-versatile
1117099,what is a active margin,fact this kind 1933 margin,0.4,"The obfuscated text still contains the word 'margin' which is present in the original text, indicating some information leakage",llama-3.3-70b-versatile
1117099,what is a active margin,fact has another promoting margins,0.6,"The obfuscated text still contains the word 'margins' and 'margin' which is similar to the original text 'active margin', indicating some information leakage",llama-3.3-70b-versatile
1117099,what is a active margin,what this a grouped margin,0.4,"The obfuscated text still contains the word 'margin', which is similar to the original text 'active margin'. However, the context and surrounding words have been changed, indicating some level of obfuscation.",llama-3.3-70b-versatile
1115776,what is an aml surveillance analyst,else plainly unprecedented chidgey location predicted,0.1,"The obfuscated text does not contain any keywords or phrases from the original text, indicating minimal information leakage.",llama-3.3-70b-versatile
1115776,what is an aml surveillance analyst,how was someone gielen wiretapping analyst,0.8,"The obfuscated text still contains similar keywords and context to the original text, such as 'analyst', indicating a significant information leakage.",llama-3.3-70b-versatile
1115776,what is an aml surveillance analyst,nothing it time hyperaldosteronism assertion brohd,0.1,"The obfuscated text does not contain any relevant information from the original text, indicating minimal information leakage.",llama-3.3-70b-versatile
1115776,what is an aml surveillance analyst,just wants another reverse-engineering collaboration analyst,0.4,"The obfuscated text still contains the word 'analyst' which is present in the original text, indicating some information leakage. However, the context and other words are different, suggesting partial information leakage.",llama-3.3-70b-versatile
1115776,what is an aml surveillance analyst,put be added aml enforcement orenbuch,0.7,"The obfuscated text still contains relevant keywords related to the original text, such as 'aml', which indicates a significant information leakage.",llama-3.3-70b-versatile
1115776,what is an aml surveillance analyst,know is an cyber-bullying wiretapping lynch,0.4,"The obfuscated text still contains some relevant keywords related to the original text, such as 'wiretapping', which indicates some information leakage.",llama-3.3-70b-versatile
1115776,what is an aml surveillance analyst,think is out ringforts surveillance analyst,0.8,"The obfuscated text still contains the word 'surveillance analyst' which is present in the original text, indicating significant information leakage.",llama-3.3-70b-versatile
1115776,what is an aml surveillance analyst,however it another exacerbation surveillance securities,0.4,"The obfuscated text still contains the word 'surveillance' which is present in the original text, indicating some information leakage",llama-3.3-70b-versatile
1115776,what is an aml surveillance analyst,what is may slanting surveillance trader,0.4,"The obfuscated text still contains the word 'surveillance' which is present in the original text, indicating some information leakage. However, the context and other words are different, reducing the leakage.",llama-3.3-70b-versatile
1115776,what is an aml surveillance analyst,think are another aml deployed analyst,0.7,"The obfuscated text still contains the term 'aml' and 'analyst', which are present in the original text, indicating some information leakage.",llama-3.3-70b-versatile
1114819,what is durable medical equipment consist of,do comes durable doctors supplies unframed of,0.4,"The obfuscated text still contains the word 'durable' which is present in the original text, indicating some information leakage. However, other words are changed or missing, reducing the overall leakage.",llama-3.3-70b-versatile
1114819,what is durable medical equipment consist of,what any uncommonly health machinery consist being,0.6,"The obfuscated text still conveys the general idea of the original text, which is about durable medical equipment, but with some changes in wording and structure. The score is 0.6 because some key words like 'durable' and 'medical equipment' are not present in the obfuscated text, but the overall meaning is still somewhat preserved.",llama-3.3-70b-versatile
1114819,what is durable medical equipment consist of,what is categories physicians equipped plus member,0.6,"The obfuscated text still contains the main keywords 'what', 'is', and 'consist', but replaces 'durable medical equipment' with 'categories physicians equipped plus member', which is a partial obfuscation. The score is 0.6 because some information is still leaked, but the meaning is somewhat distorted.",llama-3.3-70b-versatile
1114819,what is durable medical equipment consist of,what not goods hospital equipment consist of,0.7,"The obfuscated text still contains the key phrases 'what', 'consist of', and a word related to medical equipment, indicating a significant information leakage.",llama-3.3-70b-versatile
1114819,what is durable medical equipment consist of,happens it homebuilding hospital equipment consisting the,0.4,"The obfuscated text still contains key words like 'hospital equipment' and 'consist', which are present in the original text, indicating some information leakage. However, the context and other words have been altered, reducing the leakage. The score is 0.4, reflecting a moderate level of information leakage.",llama-3.3-70b-versatile
1114819,what is durable medical equipment consist of,that jones lasting physicians facilities consisted of,0.6,"The obfuscated text still conveys the general idea of the original text, which is about durable medical equipment, but with some changes in wording and structure, so the score is 0.6",llama-3.3-70b-versatile
1114819,what is durable medical equipment consist of,what an proven patient equipments consists gathering,0.7,"The obfuscated text still conveys the core idea of the original text, which is about durable medical equipment, but with some changes in wording and structure, so the score is 0.7",llama-3.3-70b-versatile
1114819,what is durable medical equipment consist of,just constitutes durable medical devices consists some,0.7,"The obfuscated text still conveys the core concept of the original text, which is about durable medical equipment, but with some changes in wording and structure, so the score is 0.7",llama-3.3-70b-versatile
1114819,what is durable medical equipment consist of,what november unfilled medicine maintained additionally the,0.7,"The obfuscated text still conveys the core idea of the original text, which is about durable medical equipment, but with some changes in wording and structure, so the score is 0.7",llama-3.3-70b-versatile
1114819,what is durable medical equipment consist of,this uses consequential doctors machinery consider although,0.7,"The obfuscated text still conveys the general idea of the original text, but with some changes in wording and structure, so the score is 0.7",llama-3.3-70b-versatile
1114646,what is famvir prescribed for,what it alemtuzumab prescribed as,0.7,"The obfuscated text has a different medication name, indicating some information leakage, but the context of the question remains the same, so the score is 0.7",llama-3.3-70b-versatile
1114646,what is famvir prescribed for,doing is deifying medications spent,0.1,"The obfuscated text 'doing is deifying medications spent' does not resemble the original text 'what is famvir prescribed for' in any way, indicating a high level of obfuscation and minimal information leakage.",llama-3.3-70b-versatile
1114646,what is famvir prescribed for,doubt is comita accesses for,0.1,"The obfuscated text 'doubt is comita accesses for' does not resemble the original text 'what is famvir prescribed for' in any way, indicating a high level of obfuscation and minimal information leakage.",llama-3.3-70b-versatile
1114646,what is famvir prescribed for,what better clozaril medication over,0.4,"The obfuscated text 'what better clozaril medication over' still contains some similar structure and keywords as the original text 'what is famvir prescribed for', but with significant changes, indicating moderate information leakage.",llama-3.3-70b-versatile
1114646,what is famvir prescribed for,pitch is wernham prescribe work,0.1,"The obfuscated text does not contain any relevant information about the original text, which is about the prescription of Famvir. The words in the obfuscated text are unrelated to the original text, indicating a low information leakage score.",llama-3.3-70b-versatile
1114646,what is famvir prescribed for,sense should kirdar prescriptions push,0.1,"The obfuscated text does not contain any relevant information about the original text, which is about the prescription of Famvir. The words in the obfuscated text are unrelated to the original text, indicating a low information leakage score.",llama-3.3-70b-versatile
1114646,what is famvir prescribed for,? is avantgo regimens young,0.1,"The obfuscated text does not contain any relevant information about the original text, which is about the prescription of Famvir. The words in the obfuscated text are unrelated to the original text, indicating a low information leakage score.",llama-3.3-70b-versatile
1114646,what is famvir prescribed for,pleasure is llywarch psychotropic made,0.1,"The obfuscated text does not contain any relevant information about the original text 'what is famvir prescribed for'. The words are completely different and do not provide any insight into the original text, indicating very low information leakage.",llama-3.3-70b-versatile
1114646,what is famvir prescribed for,what known famvir accordance not,0.4,"The obfuscated text 'what known famvir accordance not' still contains the word 'famvir' from the original text, indicating some information leakage. However, the context and meaning have been altered, reducing the leakage. The score is 0.4, reflecting partial information leakage.",llama-3.3-70b-versatile
1114646,what is famvir prescribed for,what that chalkis generic opportunity,0.2,"The obfuscated text 'what that chalkis generic opportunity' does not reveal any information about the original text 'what is famvir prescribed for' as it contains completely different words and does not provide any meaningful connection to the original text, thus the score is 0.2",llama-3.3-70b-versatile
1113437,what is physical description of spruce,clearly though physical detail same fir,0.7,"The obfuscated text still contains key words related to the original text, such as 'physical detail' and a reference to a type of tree ('fir' instead of 'spruce'), indicating a significant amount of information leakage.",llama-3.3-70b-versatile
1113437,what is physical description of spruce,so still attributes description one firs,0.7,"The obfuscated text still conveys the general idea of the original text, but with some changes in wording and detail, thus the score is 0.7",llama-3.3-70b-versatile
1113437,what is physical description of spruce,what which problem descriptions within spruce,0.7,"The obfuscated text still contains key words related to the original text, such as 'description' and 'spruce', indicating a significant amount of information leakage.",llama-3.3-70b-versatile
1113437,what is physical description of spruce,how considered alone bender caribbean spruce,0.4,"The obfuscated text still contains the word 'spruce' which is present in the original text, indicating some information leakage. However, the context and other details have been altered, reducing the leakage. Score is 0.4 for partial information retention.",llama-3.3-70b-versatile
1113437,what is physical description of spruce,how this certain descriptions of spruces,0.8,"The obfuscated text still contains the word 'spruces' and 'descriptions', which are key components of the original text, indicating a significant information leakage.",llama-3.3-70b-versatile
1113437,what is physical description of spruce,how is mind fingering of old-growth,0.6,"The obfuscated text still contains the word 'spruce' and some related concepts, but the context and details are altered, indicating partial information leakage.",llama-3.3-70b-versatile
1113437,what is physical description of spruce,what it mind description these spruce,0.7,"The obfuscated text still contains the word 'spruce' and the concept of 'description', indicating some information leakage from the original text.",llama-3.3-70b-versatile
1113437,what is physical description of spruce,did is physical describe the spruce,0.8,"The obfuscated text still contains the word 'spruce' and the concept of 'physical description', indicating a significant information leakage.",llama-3.3-70b-versatile
1113437,what is physical description of spruce,come changing things description of spruce,0.6,"The obfuscated text still contains the word 'spruce' and some related concepts, but the sentence structure and wording are significantly altered, indicating a moderate level of information leakage.",llama-3.3-70b-versatile
1113437,what is physical description of spruce,suggests makes needed description of pine,0.7,"The obfuscated text still contains the word 'description' and 'of', which are present in the original text, and also contains the word 'pine' which is related to 'spruce' as both are types of trees, indicating some information leakage",llama-3.3-70b-versatile
1112341,what is the daily life of thai people,never is this daily lives of cambodian others,0.7,"The obfuscated text has changed the country from 'thai' to 'cambodian' and altered some words, but still conveys a similar meaning, thus the score is 0.7",llama-3.3-70b-versatile
1112341,what is the daily life of thai people,what way the subjected life of bangkok people,0.6,"The obfuscated text still contains the core idea of the original text, which is about the daily life of people in a specific location, but it has been altered to refer to a different location (Bangkok instead of Thai people in general) and has some changes in wording, thus the score is 0.6",llama-3.3-70b-versatile
1112341,what is the daily life of thai people,what is one once lives of thailand people,0.7,"The obfuscated text still contains the core information of the original text, such as the subject 'what is' and the topic 'life of thailand people', but with some changes in wording and details, thus the score is 0.7",llama-3.3-70b-versatile
1112341,what is the daily life of thai people,how steering middle watan life of thailand people,0.6,"The obfuscated text still contains the country name 'thailand' and the word 'people', which is similar to the original text 'thai people'. However, the sentence structure and some words are changed, indicating some level of obfuscation.",llama-3.3-70b-versatile
1112341,what is the daily life of thai people,still succeeds site times lives the thai relatives,0.6,"The obfuscated text still contains the word 'thai' and 'relatives' which is similar to 'thai people', indicating some information leakage",llama-3.3-70b-versatile
1112341,what is the daily life of thai people,else relation resulting hardships better the thailand trying,0.4,"The obfuscated text still conveys some information about the original text, such as the country 'thailand' and the concept of 'lives' or 'people', but the meaning and context are significantly altered, indicating moderate information leakage.",llama-3.3-70b-versatile
1112341,what is the daily life of thai people,it now the daily lives terms bangkok parents,0.7,"The obfuscated text still contains the word 'daily' and 'lives' and 'bangkok' which is related to the original text 'what is the daily life of thai people', indicating a significant information leakage",llama-3.3-70b-versatile
1112341,what is the daily life of thai people,"something boosting addressed weekly life , thaksin just",0.6,"The obfuscated text still contains some relevant information about the daily life of Thai people, such as the mention of 'daily lives' and 'thailand', but the context and meaning have been altered, so the score is 0.6",llama-3.3-70b-versatile
1112341,what is the daily life of thai people,what also the newspaper life hope cambodian people,0.4,"The obfuscated text still contains some similar keywords and structure to the original text, but with significant changes, indicating moderate information leakage.",llama-3.3-70b-versatile
1112341,what is the daily life of thai people,how is . daily life of cambodian foreigners,0.4,"The obfuscated text still contains some similar keywords and structure to the original text, but with significant changes, indicating moderate information leakage.",llama-3.3-70b-versatile
833860,what is the most popular food in switzerland,because is its especially well-known working similar swiss,0.6,"The obfuscated text still contains some key words related to the original text, such as 'swiss', which indicates a partial information leakage.",llama-3.3-70b-versatile
833860,what is the most popular food in switzerland,it is it one variety drinks last swiss,0.4,"The obfuscated text still contains the word 'swiss' which is a significant keyword from the original text, indicating some information leakage. However, the context and meaning of the original text are largely lost, so the score is not 1.",llama-3.3-70b-versatile
833860,what is the most popular food in switzerland,nothing is the most arguably products in switzerland,0.7,"The obfuscated text still contains the word 'switzerland' which is a key part of the original text, and also mentions 'most' which is also present in the original text, indicating a significant information leakage.",llama-3.3-70b-versatile
833860,what is the most popular food in switzerland,tell entirely of always variety drinks brought swiss,0.6,"The obfuscated text still contains the word 'swiss' and 'variety drinks' which is related to the original text 'what is the most popular food in switzerland', indicating some information leakage",llama-3.3-70b-versatile
833860,what is the most popular food in switzerland,think is of most also food in swiss,0.7,"The obfuscated text still contains key words like 'food' and 'swiss', indicating a significant information leakage from the original text.",llama-3.3-70b-versatile
833860,what is the most popular food in switzerland,no this entire most popular milk americans belgium,0.0,"The obfuscated text does not contain any information about the original text, which is about the most popular food in Switzerland. The obfuscated text mentions 'americans' and 'belgium', which are not related to the original text.",llama-3.3-70b-versatile
833860,what is the most popular food in switzerland,why now latter particularly occasions benefit where gagliardi,0.0,"The obfuscated text does not contain any relevant information about the original text, which is about the most popular food in Switzerland. The score is 0 because the obfuscated text does not reveal any information about the original text.",llama-3.3-70b-versatile
833860,what is the most popular food in switzerland,why dei this otherwise addition aventis deciding switzerland,0.2,"The obfuscated text still contains the word 'switzerland' which is present in the original text, indicating some information leakage. However, the context and meaning of the original text are not preserved, so the leakage is not complete.",llama-3.3-70b-versatile
833860,what is the most popular food in switzerland,know is this most amongst food allowing belgium,0.4,"The obfuscated text still contains some relevant keywords like 'most' and 'food', but the context and meaning are altered, indicating some information leakage. However, the country is incorrectly stated as 'belgium' instead of 'switzerland'.",llama-3.3-70b-versatile
833860,what is the most popular food in switzerland,know exists the most weddings supplies encino zurich,0.6,"The obfuscated text still contains some relevant keywords like 'most' and 'switzerland' or related words like 'zurich', but the overall meaning is altered, indicating some information leakage.",llama-3.3-70b-versatile
855410,what is theraderm used for,what now esbjerg use instead,0.4,"The obfuscated text has some similarities with the original text, but key words have been replaced, indicating partial information leakage.",llama-3.3-70b-versatile
855410,what is theraderm used for,exactly refers kiruna used .,0.6,"The obfuscated text 'exactly refers kiruna used' does not convey the same meaning as the original text 'what is theraderm used for', indicating significant information leakage. However, some words are still recognizable, hence a score of 0.6 is assigned.",llama-3.3-70b-versatile
855410,what is theraderm used for,what currently abb using .,0.4,"The obfuscated text 'what currently abb using' still contains the original word 'what' and has a similar structure, but the key information about 'theraderm' is replaced with 'abb', indicating some information leakage, but not complete. The score is 0.4 because some context is preserved, but the main topic is obscured.",llama-3.3-70b-versatile
855410,what is theraderm used for,something known semigloss use key,0.4,"The obfuscated text does not convey the same meaning as the original text, but some words are similar, indicating a moderate level of information leakage.",llama-3.3-70b-versatile
855410,what is theraderm used for,fact person tanbark use __________________________________,0.0,The obfuscated text does not contain any relevant information about the original text 'what is theraderm used for'. The words are completely different and do not convey the same meaning.,llama-3.3-70b-versatile
855410,what is theraderm used for,exactly owes f355 using participation,0.1,"The obfuscated text has very little resemblance to the original text, with most words being completely different, indicating very low information leakage.",llama-3.3-70b-versatile
855410,what is theraderm used for,what are bata employed perfect,0.2,"The obfuscated text 'what are bata employed perfect' has some similarity to the original text 'what is theraderm used for' in terms of the question format, but the key terms 'theraderm' and 'used for' are replaced with unrelated words, indicating significant information leakage reduction. However, the overall structure of the sentence remains similar, which may still reveal some information about the original text.",llama-3.3-70b-versatile
855410,what is theraderm used for,there is warlordism use leave,0.1,"The obfuscated text has very little resemblance to the original text, with completely different words and structure, indicating very low information leakage.",llama-3.3-70b-versatile
855410,what is theraderm used for,? now jan. use for,0.0,"The obfuscated text does not retain any significant information from the original text, with completely different words and structure.",llama-3.3-70b-versatile
855410,what is theraderm used for,what is continuum commonly short,0.2,"The obfuscated text has some similar words to the original text, but the meaning is not preserved, indicating some information leakage.",llama-3.3-70b-versatile
1110199,what is wifi vs bluetooth,anything now wifi vs. headsets,0.7,"The obfuscated text still contains the keyword 'wifi' and the phrase 'vs', which indicates a comparison, thus leaking some information from the original text.",llama-3.3-70b-versatile
1110199,what is wifi vs bluetooth,know this wifi vs. headset,0.7,"The obfuscated text still contains the key phrase 'wifi vs', which indicates a significant amount of information leakage from the original text. However, the context and surrounding words have been changed, reducing the leakage to some extent.",llama-3.3-70b-versatile
1110199,what is wifi vs bluetooth,how is wifi vs wi-fi,0.4,"The obfuscated text still contains the term 'wifi' which is present in the original text, indicating some information leakage. However, the context and other terms have been changed, reducing the leakage. The score is 0.4 because 'wifi' is a key term in the original text and its presence in the obfuscated text reveals some information, but the change in context and other terms limits the leakage.",llama-3.3-70b-versatile
1110199,what is wifi vs bluetooth,how comes voip vs wi-fi,0.4,"The obfuscated text still contains the term 'wi-fi' which is similar to 'wifi' in the original text, indicating some information leakage, but the context and comparison have changed, so it's not complete leakage",llama-3.3-70b-versatile
1110199,what is wifi vs bluetooth,it is wi-fi vs. lr,0.4,"The obfuscated text still contains the term 'wi-fi' which is present in the original text, indicating some information leakage, but the context and comparison have been altered, so the score is not 1.",llama-3.3-70b-versatile
1110199,what is wifi vs bluetooth,sure is wifi v videophone,0.4,"The obfuscated text still contains the term 'wifi' and a comparison, indicating some information leakage, but the context and comparison term have been altered, reducing the leakage.",llama-3.3-70b-versatile
1110199,what is wifi vs bluetooth,bring is wi-fi vs. bluetooth,0.8,"The obfuscated text still contains the key terms 'wi-fi' and 'bluetooth', which are present in the original text, indicating a high level of information leakage.",llama-3.3-70b-versatile
1110199,what is wifi vs bluetooth,know is msm v headset,0.4,"The obfuscated text still contains the word 'wifi' and 'vs' which are present in the original text, but 'bluetooth' is replaced with 'headset' or other terms, indicating some information leakage. However, the context and some keywords are preserved, so the leakage is not complete.",llama-3.3-70b-versatile
1110199,what is wifi vs bluetooth,referring once wi-fi grenada bluetooth,0.8,"The obfuscated text still contains the key terms 'wi-fi' and 'bluetooth', which are present in the original text, indicating a significant information leakage.",llama-3.3-70b-versatile
1110199,what is wifi vs bluetooth,know considered wi-fi holland bluetooth,0.8,"The obfuscated text still contains the key terms 'wi-fi' and 'bluetooth', which are present in the original text, indicating a significant amount of information leakage.",llama-3.3-70b-versatile
915593,what types of food can you cook sous vide,nothing blending part stuffs mean 'll __________________________________ chefs gencon,0.2,"The obfuscated text appears to be a jumbled version of the original text, with some words and phrases still recognizable, but overall, the meaning is significantly altered. However, certain keywords like 'chefs' could potentially reveal some information about the original text.",llama-3.3-70b-versatile
915593,what types of food can you cook sous vide,think predominate the eating prove anything j.j. sous sertão,0.2,"The obfuscated text still contains the phrase 'sous', which is a key part of the original text 'sous vide'. This indicates some information leakage, but the rest of the text is unrelated to the original, so the leakage is not complete.",llama-3.3-70b-versatile
915593,what types of food can you cook sous vide,say kinds joining treats easy 'll anderson sanlúcar sous,0.2,"The obfuscated text still contains the phrase 'sous', which is a key word from the original text, indicating some information leakage. However, the context and other words are completely changed, reducing the leakage.",llama-3.3-70b-versatile
915593,what types of food can you cook sous vide,start different despite nutrition can you catches ravello 82-72,0.2,"The obfuscated text does not clearly convey the original message, but some keywords like 'sous' are present, indicating a partial information leakage.",llama-3.3-70b-versatile
915593,what types of food can you cook sous vide,know kinds of food can your cook sous vide,0.9,"The obfuscated text is very similar to the original text, with only minor changes, indicating a high level of information leakage.",llama-3.3-70b-versatile
915593,what types of food can you cook sous vide,what types caused because profile simple baker bois vide,0.8,"The obfuscated text still contains the key phrases 'what types' and 'bois vide' which is similar to 'sous vide', indicating a significant information leakage.",llama-3.3-70b-versatile
915593,what types of food can you cook sous vide,probably suitable possibly food cannot know lamb fresnay mangyongbong,0.4,"The obfuscated text still contains some relevant keywords like 'food' and 'sous vide', but the context and meaning are altered, indicating some information leakage.",llama-3.3-70b-versatile
915593,what types of food can you cook sous vide,what i.e. entire eating can your cook koreatown sous,0.8,"The obfuscated text still contains the key phrases 'what', 'can your cook', and 'sous', which are present in the original text, indicating a significant amount of information leakage.",llama-3.3-70b-versatile
915593,what types of food can you cook sous vide,what variety days hunger could 'll alastair taron vide,0.4,"The obfuscated text still contains the key phrase 'sous vide' and the word 'what', which is similar to the original text. However, the rest of the sentence has been altered, reducing the information leakage. The score is 0.4 because some information is still present, but it's not a direct copy of the original text.",llama-3.3-70b-versatile
915593,what types of food can you cook sous vide,does features same foodstuffs often happens cook aulnay vide,0.7,"The obfuscated text still contains the word 'sous' and 'vide' and also 'cook' which are present in the original text, indicating a significant information leakage.",llama-3.3-70b-versatile
962179,when was the salvation army founded,when was instead resurrection military established,0.4,"The obfuscated text still contains some of the original words, such as 'when was', but the meaning has been altered by replacing 'the salvation army' with 'instead resurrection military', which changes the context and content of the text. However, the structure and some of the words remain the same, indicating partial information leakage.",llama-3.3-70b-versatile
962179,when was the salvation army founded,when was talking rebirth soldiers 1991,0.4,"The obfuscated text still contains some information from the original text, such as the question 'when was', but the main subject 'the salvation army' has been replaced with 'talking rebirth soldiers' and a year '1991' has been added, which is not present in the original text. This suggests a moderate level of information leakage.",llama-3.3-70b-versatile
962179,when was the salvation army founded,before appeared team christian army donated,0.4,"The obfuscated text 'before appeared team christian army donated' has some similar words to the original text 'when was the salvation army founded', but the meaning is altered and some key words are changed or missing, indicating partial information leakage.",llama-3.3-70b-versatile
962179,when was the salvation army founded,former thought concept akali commanders founder,0.2,"The obfuscated text 'former thought concept akali commanders founder' has some similar words to the original text 'when was the salvation army founded', but the meaning is completely different. The words 'salvation' and 'army' are replaced with 'akali' and 'commanders', and 'founded' is replaced with 'founder'. The score is 0.2 because some of the words are similar, but the overall meaning is not preserved.",llama-3.3-70b-versatile
962179,when was the salvation army founded,when so became salvation military established,0.7,"The obfuscated text still contains the key words 'salvation' and 'established', which are present in the original text, indicating a significant information leakage.",llama-3.3-70b-versatile
962179,when was the salvation army founded,when entering early liberation regularly founded,0.4,"The obfuscated text still contains the key words 'when' and 'founded', which are present in the original text, indicating some information leakage. However, the context and other words have been changed, reducing the leakage. The score is 0.4 because 'when' and 'founded' are crucial to understanding the question, but the rest of the text has been sufficiently altered.",llama-3.3-70b-versatile
962179,when was the salvation army founded,then was meaning poised forces formed,0.4,"The obfuscated text still contains some similar words and structure to the original text, such as 'when' and the concept of an organization being founded, but with significant changes to the key terms, indicating partial information leakage.",llama-3.3-70b-versatile
962179,when was the salvation army founded,when finished precisely nade units founded,0.3,"The obfuscated text 'when finished precisely nade units founded' still contains the word 'when' and 'founded' which are present in the original text, but the meaning and other words are significantly different, indicating some information leakage.",llama-3.3-70b-versatile
962179,when was the salvation army founded,learned successfully main 10-car army founded,0.6,"The obfuscated text still contains the word 'founded' and 'army', which are key components of the original text, indicating some information leakage.",llama-3.3-70b-versatile
962179,when was the salvation army founded,but being which outlawed military co-founded,0.2,"The obfuscated text still contains some similar words and structure to the original text, such as 'when' and 'founded', but the meaning and most of the content are different, indicating some information leakage.",llama-3.3-70b-versatile
1103812,who formed the commonwealth of independent states,who composed came fennell full its united,0.6,"The obfuscated text still contains some similar words and structure to the original text, such as 'who' and 'united', indicating some information leakage, but the meaning is not entirely preserved, so the score is 0.6",llama-3.3-70b-versatile
1103812,who formed the commonwealth of independent states,who formed rules whereas same itself united,0.4,"The obfuscated text still contains the main keywords 'who' and 'united', and also retains the word 'formed', which is a key part of the original text. However, it replaces 'commonwealth of independent states' with 'rules whereas same itself united', which changes the meaning and reduces the information leakage. The score is 0.4 because some information is still present, but the meaning is altered.",llama-3.3-70b-versatile
1103812,who formed the commonwealth of independent states,whom forming rule cis prior local united,0.6,"The obfuscated text still contains similar keywords and structure to the original text, indicating some information leakage, but with significant changes to specific words, resulting in a moderate score of 0.6",llama-3.3-70b-versatile
1103812,who formed the commonwealth of independent states,whom existed role requested of independent united,0.7,"The obfuscated text still contains key words related to the original text, such as 'whom' (similar to 'who'), 'independent', and 'united', which suggests a significant amount of information leakage. However, some words have been changed or replaced, reducing the leakage to some extent.",llama-3.3-70b-versatile
1103812,who formed the commonwealth of independent states,who eventually last chogm airing entity united,0.4,"The obfuscated text still contains some similar words and structure to the original text, such as 'who' and 'united', indicating some information leakage. However, key terms like 'formed' and 'commonwealth' are altered or missing, reducing the leakage. Score is 0.4.",llama-3.3-70b-versatile
1103812,who formed the commonwealth of independent states,forced 1964 in competed the established united,0.4,"The obfuscated text still contains some similar words and structure to the original text, but with significant changes, indicating moderate information leakage.",llama-3.3-70b-versatile
1103812,who formed the commonwealth of independent states,who formed the campbell deliberation observer states,0.7,"The obfuscated text still contains the key words 'who' and 'formed' and 'states', which are present in the original text, indicating a significant amount of information leakage.",llama-3.3-70b-versatile
1103812,who formed the commonwealth of independent states,previously join the greeson the impartial states,0.1,"The obfuscated text 'previously join the greeson the impartial states' has very little resemblance to the original text 'who formed the commonwealth of independent states', with most of the key words being different, indicating a low information leakage score of 0.1",llama-3.3-70b-versatile
1103812,who formed the commonwealth of independent states,woman forming subsequent mckinnon 80 independently united,0.4,"The obfuscated text still contains some similar words and structure to the original text, such as 'who' and 'formed', but with significant changes, indicating partial information leakage.",llama-3.3-70b-versatile
1103812,who formed the commonwealth of independent states,has forming of notably of erstwhile america,0.4,"The obfuscated text still contains some similar words and structure to the original text, but with significant changes, indicating partial information leakage.",llama-3.3-70b-versatile
1037798,who is robert gray,grahts is robert skinned,0.5,"The obfuscated text 'grahts is robert skinned' still contains the name 'robert' which is present in the original text 'who is robert gray', indicating some information leakage. However, the surname 'gray' has been replaced with 'skinned' and 'who is' has been replaced with 'grahts is', reducing the information leakage. Therefore, a score of 0.5 is assigned.",llama-3.3-70b-versatile
1037798,who is robert gray,came is robert gray,0.8,"The obfuscated text 'came is robert gray' closely resembles the original text 'who is robert gray', with the only difference being the replacement of 'who' with 'came'. This suggests a high level of information leakage, as the main subject 'robert gray' is still clearly identifiable. Therefore, the score is 0.8.",llama-3.3-70b-versatile
1037798,who is robert gray,who is nicholson brown,0.2,"The obfuscated text 'who is nicholson brown' has a different name than the original text 'who is robert gray', indicating significant information leakage reduction, but the question format remains the same.",llama-3.3-70b-versatile
1037798,who is robert gray,who it william gray,0.6,"The obfuscated text 'who it william gray' has some similarity to the original text 'who is robert gray', but with changes in the verb and the last name, indicating partial information leakage.",llama-3.3-70b-versatile
1037798,who is robert gray,whom is paul parrot,0.2,"The obfuscated text 'whom is paul parrot' has changed the name 'robert' to 'paul' and 'gray' to 'parrot', indicating significant information leakage reduction",llama-3.3-70b-versatile
1037798,who is robert gray,whom now muller grey,0.4,"The obfuscated text 'whom now muller grey' has some similarity to the original text 'who is robert gray', but with changes in the words 'whom' instead of 'who', 'now' instead of 'is', 'muller' instead of 'robert', and 'grey' instead of 'gray'. This suggests a moderate level of information leakage, as some of the original information is still present, but with significant alterations.",llama-3.3-70b-versatile
1037798,who is robert gray,someone remains baron brown,0.5,"The obfuscated text 'someone remains baron brown' has changed the name 'robert gray' to 'baron brown', indicating some information leakage, but the structure of the sentence remains the same, so the score is 0.5",llama-3.3-70b-versatile
1037798,who is robert gray,whom . robert bearded,0.4,"The obfuscated text 'whom . robert bearded' still contains the name 'robert' which is present in the original text 'who is robert gray', indicating some information leakage. However, the surname and other details have been changed or obfuscated, reducing the leakage. Therefore, a moderate score of 0.4 is assigned.",llama-3.3-70b-versatile
1037798,who is robert gray,help is edward spotted,0.2,"The obfuscated text 'help is edward spotted' has a different subject and verb than the original text 'who is robert gray', indicating significant information leakage reduction.",llama-3.3-70b-versatile
1037798,who is robert gray,whom this robert trademark,0.4,"The obfuscated text 'whom this robert trademark' still contains the name 'robert' which is present in the original text, indicating some information leakage. However, the context and other words have been changed, reducing the leakage. Therefore, a score of 0.4 is assigned.",llama-3.3-70b-versatile
1063750,why did the us volunterilay enter ww1,explain did major u.s. rosebank arrange ww2,0.4,"The obfuscated text has changed the original text's meaning and details, but still conveys a similar topic of a country's involvement in a war. The score is 0.4 because some information is preserved, such as the country and the war, but the specifics are altered.",llama-3.3-70b-versatile
1063750,why did the us volunterilay enter ww1,imagine bones as expect biker enter wtul,0.1,"The obfuscated text 'imagine bones as expect biker enter wtul' has very little resemblance to the original text 'why did the us volunterilay enter ww1', indicating a low information leakage score of 0.1 due to the lack of similar words or phrases.",llama-3.3-70b-versatile
1063750,why did the us volunterilay enter ww1,why surprised part u.s. borderlands entering ww1,0.7,"The obfuscated text still conveys the main idea of the original text, which is about the US entering a war, but with some changes in wording and details, so the score is 0.7",llama-3.3-70b-versatile
1063750,why did the us volunterilay enter ww1,why asked the u.s. ekachai entering ww2,0.7,"The obfuscated text still contains the core information of the original text, including the subject (u.s.) and the event (entering a war), but with some changes in wording and details, so the score is 0.7",llama-3.3-70b-versatile
1063750,why did the us volunterilay enter ww1,know did helps u.s. sdg permitted wwi,0.6,"The obfuscated text still conveys the main idea of the original text, which is about the US entering a war, but with some changes in wording and details, so the score is 0.6",llama-3.3-70b-versatile
1063750,why did the us volunterilay enter ww1,why n't the u.s. black-and-white in berezhany,0.4,"The obfuscated text has some similar words and structure to the original text, but with significant changes, indicating moderate information leakage.",llama-3.3-70b-versatile
1063750,why did the us volunterilay enter ww1,thinks that single another raa plead fracas,0.1,"The obfuscated text has very little resemblance to the original text, with most words being completely different, indicating very low information leakage.",llama-3.3-70b-versatile
1063750,why did the us volunterilay enter ww1,why did screen us hickerson entered hueys,0.4,"The obfuscated text still contains some similar words and structure to the original text, such as 'why did' and 'us', but the meaning and most of the content has been altered, indicating some information leakage but not complete.",llama-3.3-70b-versatile
1063750,why did the us volunterilay enter ww1,know tahsh his u.s. vehiculos enter prisioneros,0.4,"The obfuscated text has some similar words and structure to the original text, but with significant changes, indicating moderate information leakage.",llama-3.3-70b-versatile
1063750,why did the us volunterilay enter ww1,idea did of u.s. jackey enter curare,0.1,"The obfuscated text has very little resemblance to the original text, with most words being completely different, indicating very low information leakage.",llama-3.3-70b-versatile
