id,text,obfuscatedText,score,justification,model
19335,anthropological definition of environment,dieng narvik males handel,0.1,"The obfuscated text 'dieng narvik males handel' does not resemble the original text 'anthropological definition of environment' in any way, indicating a very low information leakage score of 0.1",llama-3.3-70b-versatile
19335,anthropological definition of environment,naturalized ghandour ermita linval,0.1,"The obfuscated text 'naturalized ghandour ermita linval' does not resemble the original text 'anthropological definition of environment' in any way, indicating a very low information leakage score of 0.1.",llama-3.3-70b-versatile
19335,anthropological definition of environment,yomi chaton cahn pyrus,0.1,"The obfuscated text 'yomi chaton cahn pyrus' does not contain any recognizable words or phrases related to the original text 'anthropological definition of environment', indicating a low information leakage score of 0.1.",llama-3.3-70b-versatile
19335,anthropological definition of environment,incoming reax republic breakup,0.2,"The obfuscated text does not contain any words related to the original text 'anthropological definition of environment', indicating a low information leakage score of 0.2",llama-3.3-70b-versatile
19335,anthropological definition of environment,guntis checkitout dawei calmus,0.1,"The obfuscated text does not contain any recognizable words or phrases related to the original text 'anthropological definition of environment', indicating a low information leakage score.",llama-3.3-70b-versatile
19335,anthropological definition of environment,hollyoaks focac aiadmk 55-11-3023-3331,0.0,"The obfuscated text does not contain any recognizable words or phrases related to the original text 'anthropological definition of environment', indicating a low information leakage score.",llama-3.3-70b-versatile
19335,anthropological definition of environment,gehman b-17 50-run esd,0.0,The obfuscated text does not contain any information related to the original text 'anthropological definition of environment'.,llama-3.3-70b-versatile
19335,anthropological definition of environment,aguayo teaspoons seq electives,0.0,The obfuscated text does not contain any information related to the original text 'anthropological definition of environment'.,llama-3.3-70b-versatile
19335,anthropological definition of environment,hobey tambon ljubicic howmeh,0.0,The obfuscated text does not contain any information related to the original text 'anthropological definition of environment'.,llama-3.3-70b-versatile
19335,anthropological definition of environment,lithuanian djia role-playing upe,0.0,The obfuscated text does not contain any information related to the original text 'anthropological definition of environment'.,llama-3.3-70b-versatile
47923,axon terminals or synaptic knob definition,soldierly sgarbi mofaz botswana oly expediency,0.0,"The obfuscated text does not contain any words related to the original text, indicating no information leakage.",llama-3.3-70b-versatile
47923,axon terminals or synaptic knob definition,fisnik lnwr everding antisense ovc autoimmune,0.0,"The obfuscated text does not contain any words related to the original text, indicating no information leakage.",llama-3.3-70b-versatile
47923,axon terminals or synaptic knob definition,mcilvaine ventas interpol oblanceolate post-production eurogroup,0.1,"The obfuscated text does not contain any recognizable words or phrases related to the original text, indicating a low level of information leakage.",llama-3.3-70b-versatile
47923,axon terminals or synaptic knob definition,poalei loney decriminalize pound-for-pound poset abstaining,0.1,"The obfuscated text does not contain any recognizable words or phrases related to the original text, indicating a low information leakage score.",llama-3.3-70b-versatile
47923,axon terminals or synaptic knob definition,mfdc convention noy obstante voicu kniazkov,0.1,"The obfuscated text does not contain any recognizable words or phrases related to the original text, indicating a low information leakage score.",llama-3.3-70b-versatile
47923,axon terminals or synaptic knob definition,ndlea boigny reactor undemarcated factor kemar,0.1,"The obfuscated text does not contain any recognizable words or phrases related to the original text, indicating a low information leakage score.",llama-3.3-70b-versatile
47923,axon terminals or synaptic knob definition,13.95 asiax radiological synaptic denoueix douglas-fir,0.2,"The obfuscated text does not contain any relevant information from the original text, indicating minimal information leakage.",llama-3.3-70b-versatile
47923,axon terminals or synaptic knob definition,tjx 545-seat national eucalypt undecidable shaukat,0.0,"The obfuscated text does not contain any relevant information from the original text, indicating no information leakage.",llama-3.3-70b-versatile
47923,axon terminals or synaptic knob definition,arrendel o.s.k. fomento waqt chosŏn ferdowsi,0.0,"The obfuscated text does not contain any relevant information from the original text, indicating no information leakage.",llama-3.3-70b-versatile
47923,axon terminals or synaptic knob definition,biao 5-to-4 2-percentage mohnhaupt bocconi morphologically,0.0,"The obfuscated text does not contain any relevant information from the original text, indicating no information leakage.",llama-3.3-70b-versatile
87181,causes of left ventricular hypertrophy,nuys 2014-2015 markelov beatifying haaretz,0.0,"The obfuscated text does not contain any information related to the original text, which is about medical causes of left ventricular hypertrophy. The obfuscated text appears to be a jumbled collection of unrelated words and names, indicating no information leakage.",llama-3.3-70b-versatile
87181,causes of left ventricular hypertrophy,28-dec kataev (305) skipper orderly,0.0,"The obfuscated text does not contain any relevant information related to the original text, which is about the causes of left ventricular hypertrophy. The obfuscated text appears to be a jumbled collection of unrelated words and numbers, indicating no information leakage.",llama-3.3-70b-versatile
87181,causes of left ventricular hypertrophy,regions episcopal u.s.-manned horrorfest live,0.0,"The obfuscated text does not contain any relevant information related to the original text, which is about medical causes. The obfuscated text appears to be a jumbled collection of unrelated words, indicating minimal information leakage.",llama-3.3-70b-versatile
87181,causes of left ventricular hypertrophy,pozarevac ahronot boonen urho convulsions,0.0,"The obfuscated text does not contain any relevant information related to the original text, which is about medical causes. The words in the obfuscated text seem unrelated to the original text, indicating minimal to no information leakage.",llama-3.3-70b-versatile
87181,causes of left ventricular hypertrophy,telesis vitis usfk gillig pacers,0.0,"The obfuscated text does not contain any relevant information related to the original text, which is about medical causes. The words in the obfuscated text seem unrelated to the original text, indicating minimal to no information leakage.",llama-3.3-70b-versatile
87181,causes of left ventricular hypertrophy,her najibullah anzus ventricular nidzica,0.2,"The obfuscated text does not appear to be related to the original text, but the word 'ventricular' is present in both, indicating some information leakage.",llama-3.3-70b-versatile
87181,causes of left ventricular hypertrophy,undertreated 50-point wojtyla afferent www.blogs.tampabay.com,0.0,"The obfuscated text does not contain any relevant information related to the original text, which is about the causes of left ventricular hypertrophy. The obfuscated text appears to be a collection of unrelated words, including names, locations, and terms from various fields, but none of them are related to the original text. Therefore, the score is 0, indicating no information leakage.",llama-3.3-70b-versatile
87181,causes of left ventricular hypertrophy,moussaieff krajowa njombe casamayor noetherian,0.0,"The obfuscated text does not contain any relevant information related to the original text, which is about the causes of left ventricular hypertrophy. The obfuscated text appears to be a collection of unrelated words, including names, locations, and terms from various fields, but none of them are related to the original topic. Therefore, the score is 0, indicating no information leakage.",llama-3.3-70b-versatile
87181,causes of left ventricular hypertrophy,kūh greenspan dweik zurabov megat,0.0,"The obfuscated text does not contain any relevant information related to the original text, which is about causes of left ventricular hypertrophy. The obfuscated text appears to be a collection of unrelated words, including names, locations, and terms from various fields. Therefore, the score for information leakage is 0.",llama-3.3-70b-versatile
87181,causes of left ventricular hypertrophy,military-civilian knees 13-under trinkl central-eastern,0.0,"The obfuscated text does not contain any relevant information related to the original text, which is about causes of left ventricular hypertrophy. The obfuscated text appears to be a collection of unrelated words, including names, locations, and terms from various fields, but none of them are related to the original text. Therefore, the score is 0, indicating no information leakage.",llama-3.3-70b-versatile
87452,causes of military suicide,causes maxi pervez l'equipe,0.2,"The obfuscated text 'causes maxi pervez l'equipe' still contains the word 'causes' from the original text 'causes of military suicide', indicating some information leakage. However, the rest of the text has been significantly altered, reducing the overall information leakage. Therefore, a score of 0.2 is assigned, reflecting a low level of information leakage.",llama-3.3-70b-versatile
87452,causes of military suicide,cell-cell dujail istat falconiformes,0.2,"The obfuscated text 'cell-cell dujail istat falconiformes' does not convey the same meaning as the original text 'causes of military suicide', but some words like 'cell' could potentially be related to 'military cell' or 'cell' as in a small unit, however, the context is completely lost. The score is 0.2 because only a very small part of the original text's meaning might be vaguely inferred.",llama-3.3-70b-versatile
87452,causes of military suicide,endoderm lord-in-waiting proportionally ld,0.2,"The obfuscated text 'endoderm lord-in-waiting proportionally ld' does not convey the same meaning as the original text 'causes of military suicide', but some words like 'lord-in-waiting' and 'proportionally' may give a hint about the context, thus the score is 0.2",llama-3.3-70b-versatile
87452,causes of military suicide,postmenopausal otitis bibliothèque ratification,0.1,"The obfuscated text does not contain any direct references to the original text 'causes of military suicide', but some words may be vaguely related to the topic, such as 'postmenopausal' which could be related to health issues, however, the connection is very weak.",llama-3.3-70b-versatile
87452,causes of military suicide,natanz ariana armenian mi,0.1,"The obfuscated text does not contain any direct references to the original text 'causes of military suicide', but some words may be vaguely related to military or geopolitical contexts, such as 'natanz' which could refer to a nuclear facility in Iran. However, the connection is very weak and does not reveal any significant information about the original text.",llama-3.3-70b-versatile
87452,causes of military suicide,"1,861 youri rape benfica",0.0,"The obfuscated text does not contain any relevant information related to the original text 'causes of military suicide', thus the score is 0",llama-3.3-70b-versatile
87452,causes of military suicide,pc-8801 reichmann hazing v1,0.0,"The obfuscated text does not contain any information related to the original text 'causes of military suicide'. The words are completely unrelated, indicating no information leakage.",llama-3.3-70b-versatile
87452,causes of military suicide,pushpa zhahn telescope nengō,0.0,The obfuscated text does not contain any information related to the original text 'causes of military suicide'.,llama-3.3-70b-versatile
87452,causes of military suicide,aggressors raipur kanawha died,0.0,The obfuscated text does not contain any relevant information related to the original text 'causes of military suicide'.,llama-3.3-70b-versatile
87452,causes of military suicide,post-shakedown sewing guilty ahmadabad,0.0,"The obfuscated text does not contain any information related to the original text 'causes of military suicide'. The words are completely unrelated, indicating no information leakage.",llama-3.3-70b-versatile
104861,cost of interior concrete flooring,cough great-grandchildren syarief escott sapwood,0.0,"The obfuscated text does not contain any information related to the original text, indicating no information leakage.",llama-3.3-70b-versatile
104861,cost of interior concrete flooring,wyser they brera 12/30 soutien,0.0,"The obfuscated text does not contain any information related to the original text, indicating no information leakage.",llama-3.3-70b-versatile
104861,cost of interior concrete flooring,goodbyes serc dorothee concrete mackillop,0.4,"The obfuscated text contains the word 'concrete' which is also present in the original text, indicating some information leakage.",llama-3.3-70b-versatile
104861,cost of interior concrete flooring,5150 tom schrager sikh seiya,0.0,"The obfuscated text does not contain any relevant information from the original text, except for none of the keywords, indicating very low information leakage.",llama-3.3-70b-versatile
104861,cost of interior concrete flooring,judenplatz tour calleri monie limited-overs,0.0,"The obfuscated text does not contain any relevant information from the original text, except none of the words are related to the original text.",llama-3.3-70b-versatile
104861,cost of interior concrete flooring,gunpla mri kostić bersani strathcona,0.0,"The obfuscated text does not contain any relevant information from the original text, indicating no information leakage.",llama-3.3-70b-versatile
104861,cost of interior concrete flooring,flair velocity bitterroot plaxton euphemistically,0.0,"The obfuscated text does not contain any relevant information from the original text, indicating no information leakage.",llama-3.3-70b-versatile
104861,cost of interior concrete flooring,4-over incursion wildcards macarthur tiniest,0.0,The obfuscated text does not contain any relevant information related to the original text 'cost of interior concrete flooring'.,llama-3.3-70b-versatile
104861,cost of interior concrete flooring,hvls islamabad cibitoke hyleas 3/32,0.0,The obfuscated text does not contain any relevant information related to the original text 'cost of interior concrete flooring'.,llama-3.3-70b-versatile
104861,cost of interior concrete flooring,gao soflá corrective baikonur castillejo,0.0,The obfuscated text does not contain any information related to the original text 'cost of interior concrete flooring'.,llama-3.3-70b-versatile
1106007,define visceral?,radioactively mcgeorge,0.0,"The obfuscated text 'radioactively mcgeorge' does not resemble the original text 'define visceral?' in any way, indicating a very low information leakage.",llama-3.3-70b-versatile
1106007,define visceral?,nagpur monthly,0.0,"The obfuscated text 'nagpur monthly' does not contain any information related to the original text 'define visceral?', thus the score is 0",llama-3.3-70b-versatile
1106007,define visceral?,berghaus filaments,0.0,"The obfuscated text 'berghaus filaments' does not contain any information related to the original text 'define visceral?', thus the score is 0",llama-3.3-70b-versatile
1106007,define visceral?,surtur a-million,0.0,"The obfuscated text 'surtur a-million' does not contain any information related to the original text 'define visceral?', thus the score is 0",llama-3.3-70b-versatile
1106007,define visceral?,lipid 110-meter,0.0,"The obfuscated text 'lipid 110-meter' does not contain any information related to the definition of 'visceral', thus the score is 0",llama-3.3-70b-versatile
1106007,define visceral?,importation petanque,0.0,"The obfuscated text does not contain any information related to the definition of visceral, so the score is 0",llama-3.3-70b-versatile
1106007,define visceral?,allahu growth,0.0,"The obfuscated text 'allahu growth' does not resemble the original text 'define visceral?' in any way, indicating a very low information leakage.",llama-3.3-70b-versatile
1106007,define visceral?,act korzun,0.0,"The obfuscated text 'act korzun' does not contain any information related to the original text 'define visceral?', thus the score is 0",llama-3.3-70b-versatile
1106007,define visceral?,district condolences,0.0,"The obfuscated text does not contain any information related to the original text 'define visceral?', thus the score is 0",llama-3.3-70b-versatile
1106007,define visceral?,koskie picidae,0.0,"The obfuscated text does not contain any information related to the original text 'define visceral?', so the score is 0",llama-3.3-70b-versatile
130510,definition declaratory judgment,"sauls euro1 4,984",0.0,"The obfuscated text 'sauls euro1 4,984' does not resemble the original text 'definition declaratory judgment' in any way, indicating a very low information leakage score.",llama-3.3-70b-versatile
130510,definition declaratory judgment,jugovic wigand integrity,0.1,"The obfuscated text 'jugovic wigand integrity' does not appear to be related to the original text 'definition declaratory judgment', indicating minimal information leakage.",llama-3.3-70b-versatile
130510,definition declaratory judgment,tues. dihedral ayodhya,0.0,"The obfuscated text 'tues. dihedral ayodhya' does not contain any information from the original text 'definition declaratory judgment', so the score is 0",llama-3.3-70b-versatile
130510,definition declaratory judgment,paleographically thursdays diocletian,0.0,"The obfuscated text 'paleographically thursdays diocletian' does not contain any information from the original text 'definition declaratory judgment', so the score is 0",llama-3.3-70b-versatile
130510,definition declaratory judgment,247.5 ongc ccd,0.0,"The obfuscated text '247.5 ongc ccd' does not contain any recognizable words or phrases from the original text 'definition declaratory judgment', indicating a very low information leakage.",llama-3.3-70b-versatile
130510,definition declaratory judgment,diagrammed sykora preliminary,0.0,"The obfuscated text does not contain any information from the original text, so the score is 0",llama-3.3-70b-versatile
130510,definition declaratory judgment,price gokhan lyall,0.0,"The obfuscated text does not contain any information related to the original text 'definition declaratory judgment', so the score is 0",llama-3.3-70b-versatile
130510,definition declaratory judgment,olayan taib are,0.0,The obfuscated text does not contain any information related to the original text 'definition declaratory judgment'.,llama-3.3-70b-versatile
130510,definition declaratory judgment,4-wood houvenaghel marla,0.0,"The obfuscated text does not contain any information related to the original text 'definition declaratory judgment', so the score is 0",llama-3.3-70b-versatile
130510,definition declaratory judgment,omino overbought juche,0.0,"The obfuscated text does not contain any information from the original text, so the score is 0",llama-3.3-70b-versatile
131843,definition of a sigmet,isdell 44.6 wortley prayers,0.0,"The obfuscated text does not contain any keywords or phrases from the original text, indicating minimal information leakage.",llama-3.3-70b-versatile
131843,definition of a sigmet,boxiong zaiqing korzun nyse,0.0,"The obfuscated text 'boxiong zaiqing korzun nyse' does not contain any information from the original text 'definition of a sigmet', so the score is 0",llama-3.3-70b-versatile
131843,definition of a sigmet,sixth-round blink-182 modrak understate,0.0,"The obfuscated text does not contain any relevant information from the original text, indicating no information leakage.",llama-3.3-70b-versatile
131843,definition of a sigmet,thanjavur stojanovic city cecafa,0.0,"The obfuscated text does not contain any relevant information from the original text, indicating no information leakage.",llama-3.3-70b-versatile
131843,definition of a sigmet,sandpipers ecotourist seoul maximov,0.0,"The obfuscated text does not contain any information related to the original text 'definition of a sigmet', which refers to a specific weather phenomenon. The obfuscated text appears to be a collection of unrelated words, indicating no information leakage.",llama-3.3-70b-versatile
131843,definition of a sigmet,sanjak uncontrollable 3/4 stratford-upon-avon,0.0,"The obfuscated text does not contain any information related to the original text 'definition of a sigmet', which is a meteorological term. The obfuscated text appears to be a collection of unrelated words, indicating no information leakage.",llama-3.3-70b-versatile
131843,definition of a sigmet,zvezda mitt udeid khaimah,0.0,"The obfuscated text does not contain any information related to the original text 'definition of a sigmet', so the score is 0",llama-3.3-70b-versatile
131843,definition of a sigmet,ipiranga velar malleefowl krumholz,0.0,"The obfuscated text does not contain any information related to the original text 'definition of a sigmet', which is a meteorological term. The obfuscated text appears to be a collection of unrelated words, indicating no information leakage.",llama-3.3-70b-versatile
131843,definition of a sigmet,defines races vakhushti p.o.d.,0.2,"The obfuscated text 'defines races vakhushti p.o.d.' does not appear to be related to the original text 'definition of a sigmet', but it does contain the word 'defines' which is similar to 'definition', indicating some information leakage.",llama-3.3-70b-versatile
131843,definition of a sigmet,plot warrantless singles 2-0-1,0.0,The obfuscated text does not contain any relevant information from the original text 'definition of a sigmet'.,llama-3.3-70b-versatile
146187,difference between a mcdouble and a double cheeseburger,duquette wozniacki dealer jtwc confederate 1.4825 nasscom ildstad,0.0,"The obfuscated text does not contain any recognizable words or phrases from the original text, indicating a low information leakage score.",llama-3.3-70b-versatile
146187,difference between a mcdouble and a double cheeseburger,proper hitters seidlin ibar declassified blazer unikom blogs.tampabay.com,0.0,"The obfuscated text does not contain any information related to the original text, which is about the difference between a McDouble and a Double Cheeseburger. The obfuscated text appears to be a collection of random words, including names, terms, and a URL, that do not reveal any information about the original text.",llama-3.3-70b-versatile
146187,difference between a mcdouble and a double cheeseburger,"rashtrakuta cppib popular pencilling disease qualification berjaya 3,000-3",0.0,"The obfuscated text does not contain any relevant information from the original text, indicating minimal information leakage.",llama-3.3-70b-versatile
146187,difference between a mcdouble and a double cheeseburger,multivitamin munoz spokeswoman walheim 44-day krajisnik yao 23.57,0.0,"The obfuscated text does not contain any information related to the original text, which is about the difference between a McDouble and a Double Cheeseburger. The obfuscated text appears to be a collection of random words, including names, terms, and numbers, that do not reveal any information about the original text.",llama-3.3-70b-versatile
146187,difference between a mcdouble and a double cheeseburger,moneytalk mice wgc turn-by-turn votorantim haroon 85kg sprint,0.0,"The obfuscated text does not contain any relevant information from the original text, indicating minimal information leakage.",llama-3.3-70b-versatile
146187,difference between a mcdouble and a double cheeseburger,mukhtaran rytter wisden 43.18 saberi kobliner kazuhisa chengyi,0.0,"The obfuscated text does not contain any relevant information from the original text, indicating minimal information leakage.",llama-3.3-70b-versatile
146187,difference between a mcdouble and a double cheeseburger,shinkansen macrophage suspended grt newscom catholic drug xxxviii,0.0,"The obfuscated text does not contain any information related to the original text, which is about the difference between a McDouble and a Double Cheeseburger. The obfuscated text appears to be a collection of random words, including proper nouns, words related to biology, and numbers, but none of them are related to the topic of the original text. Therefore, the score is 0, indicating no information leakage.",llama-3.3-70b-versatile
146187,difference between a mcdouble and a double cheeseburger,elian horwitz conduct pelzer rhodes jieqiong nab c,0.0,"The obfuscated text does not contain any information related to the original text, which is about the difference between a McDouble and a Double Cheeseburger. The obfuscated text appears to be a collection of random words, including names, terms, and numbers, that do not provide any meaningful connection to the original text.",llama-3.3-70b-versatile
146187,difference between a mcdouble and a double cheeseburger,equations furthering three-judge quattrocchi rubin tamilnet.com aviano 59-ball,0.0,"The obfuscated text does not contain any information related to the original text, which is about the difference between a McDouble and a Double Cheeseburger. The obfuscated text appears to be a collection of random words and phrases, indicating no information leakage.",llama-3.3-70b-versatile
146187,difference between a mcdouble and a double cheeseburger,berberovic bronze judge audiotape yongchaiyudh aqsa ellice strathearn,0.0,"The obfuscated text does not contain any information related to the original text, which is about the difference between a McDouble and a Double Cheeseburger. The obfuscated text appears to be a collection of random words, including names, locations, and terms from various fields, with no discernible connection to the original text.",llama-3.3-70b-versatile
148538,difference between rn and bsn,dry pence minatitlan glottal kembla,0.0,"The obfuscated text does not contain any recognizable words or phrases from the original text, indicating a low information leakage score.",llama-3.3-70b-versatile
148538,difference between rn and bsn,semifinalist saucepan krumm marleau menstrual,0.0,"The obfuscated text does not contain any relevant information from the original text, indicating no information leakage.",llama-3.3-70b-versatile
148538,difference between rn and bsn,mappings ihd aronoff giambi shagging,0.0,"The obfuscated text does not contain any recognizable words or phrases related to the original text, indicating a low level of information leakage.",llama-3.3-70b-versatile
148538,difference between rn and bsn,66-run wayans hoovers shuozhou (514),0.0,"The obfuscated text does not contain any relevant information from the original text, indicating no information leakage.",llama-3.3-70b-versatile
148538,difference between rn and bsn,buyout clasico mikardo (713) 6/32,0.0,"The obfuscated text does not contain any relevant information from the original text, indicating no information leakage.",llama-3.3-70b-versatile
148538,difference between rn and bsn,getafe imports bigha lakers devonian,0.0,"The obfuscated text does not contain any relevant information from the original text, indicating no information leakage.",llama-3.3-70b-versatile
148538,difference between rn and bsn,allegiances omo glickenhaus karanusic deductibles,0.0,"The obfuscated text does not contain any relevant information from the original text, indicating no information leakage.",llama-3.3-70b-versatile
148538,difference between rn and bsn,sandretto hirschbeck darcheville cdy odostomia,0.0,"The obfuscated text does not contain any information related to the original text 'difference between rn and bsn', so the score is 0",llama-3.3-70b-versatile
148538,difference between rn and bsn,abd sub-districts zammar gene sprite,0.0,"The obfuscated text does not contain any relevant information from the original text, indicating no information leakage.",llama-3.3-70b-versatile
148538,difference between rn and bsn,rev. hoisin terns parczew 14-cylinder,0.0,"The obfuscated text does not contain any relevant information from the original text, indicating no information leakage.",llama-3.3-70b-versatile
156493,do goldfish grow,inclination negroid non-mandatory,0.0,"The obfuscated text does not contain any information related to the original text, indicating no information leakage.",llama-3.3-70b-versatile
156493,do goldfish grow,recordkeeping gasp 0401,0.0,"The obfuscated text 'recordkeeping gasp 0401' does not contain any information related to the original text 'do goldfish grow', indicating no information leakage.",llama-3.3-70b-versatile
156493,do goldfish grow,ryobi guineas demographic,0.0,"The obfuscated text 'ryobi guineas demographic' does not contain any information related to the original text 'do goldfish grow', indicating a low information leakage score.",llama-3.3-70b-versatile
156493,do goldfish grow,hetmanate travnik kampfgeschwader,0.0,"The obfuscated text 'hetmanate travnik kampfgeschwader' does not contain any information from the original text 'do goldfish grow', so the score is 0",llama-3.3-70b-versatile
156493,do goldfish grow,queloz denish hail,0.0,"The obfuscated text does not contain any information related to the original text, so the score is 0",llama-3.3-70b-versatile
156493,do goldfish grow,"congressional 12,000-strong hajj",0.0,"The obfuscated text does not contain any information related to the original text 'do goldfish grow', so the score is 0",llama-3.3-70b-versatile
156493,do goldfish grow,tatung sylviidae londono,0.0,"The obfuscated text does not contain any information related to the original text 'do goldfish grow', so the score is 0",llama-3.3-70b-versatile
156493,do goldfish grow,windows poly beeching,0.0,"The obfuscated text 'windows poly beeching' does not contain any information related to the original text 'do goldfish grow', indicating a low information leakage score.",llama-3.3-70b-versatile
156493,do goldfish grow,unfunded okah panhandles,0.0,The obfuscated text does not contain any information related to the original text 'do goldfish grow'. The words are unrelated and do not provide any context or meaning similar to the original text.,llama-3.3-70b-versatile
156493,do goldfish grow,deflandre 100-to-1 chandraswami,0.0,"The obfuscated text does not contain any information related to the original text 'do goldfish grow', so the score is 0",llama-3.3-70b-versatile
168216,does legionella pneumophila cause pneumonia,serzhen legionella celilo ventas collenette,0.4,"The obfuscated text does not clearly convey the original message, but some keywords like 'legionella' are still present, indicating partial information leakage.",llama-3.3-70b-versatile
168216,does legionella pneumophila cause pneumonia,blinder olestra diw 13-19 strike-shortened,0.0,"The obfuscated text does not contain any relevant information from the original text, indicating minimal information leakage.",llama-3.3-70b-versatile
168216,does legionella pneumophila cause pneumonia,www.nytsyn.com jockeying panzanini cbrc daikyo,0.0,"The obfuscated text does not contain any relevant information from the original text, indicating minimal information leakage.",llama-3.3-70b-versatile
168216,does legionella pneumophila cause pneumonia,armor isango (401) l'ain pellicano,0.0,"The obfuscated text does not contain any relevant information related to the original text, indicating minimal information leakage.",llama-3.3-70b-versatile
168216,does legionella pneumophila cause pneumonia,2000th ellet state-recognized eckhard krahn,0.0,"The obfuscated text does not contain any relevant information related to the original text, indicating minimal information leakage.",llama-3.3-70b-versatile
168216,does legionella pneumophila cause pneumonia,strait salmonella fei mortaza corruption,0.2,"The obfuscated text does not contain any relevant information related to the original text 'does legionella pneumophila cause pneumonia'. The words in the obfuscated text are unrelated to the original text, indicating no information leakage.",llama-3.3-70b-versatile
168216,does legionella pneumophila cause pneumonia,"kudrow 18,200 undesignated alloying cdc",0.0,"The obfuscated text does not contain any relevant information related to the original text, which is about Legionella pneumophila causing pneumonia. The obfuscated text appears to be a jumbled collection of unrelated words, including names, numbers, and terms from different fields. Therefore, the score for information leakage is 0.",llama-3.3-70b-versatile
168216,does legionella pneumophila cause pneumonia,sapotaceae tanrich tepelena mayo blanco,0.0,"The obfuscated text does not contain any relevant information related to the original text, which is about Legionella pneumophila causing pneumonia. The obfuscated text appears to be a jumbled collection of unrelated words, including plant names, locations, and other terms. Therefore, the score for information leakage is 0.",llama-3.3-70b-versatile
168216,does legionella pneumophila cause pneumonia,magnetron rebooked olsza bertolli 35-hour,0.0,"The obfuscated text does not contain any relevant information related to the original text, which is about Legionella pneumophila causing pneumonia. The obfuscated text appears to be a jumbled collection of unrelated words.",llama-3.3-70b-versatile
168216,does legionella pneumophila cause pneumonia,junius fallow wvu singida rades,0.0,"The obfuscated text does not contain any relevant information related to the original text, which is about Legionella pneumophila causing pneumonia. The obfuscated text appears to be a jumbled collection of unrelated words.",llama-3.3-70b-versatile
182539,example of monotonic function,recollection patric cafs overcome,0.2,"The obfuscated text does not resemble the original text in any way, indicating a low information leakage score.",llama-3.3-70b-versatile
182539,example of monotonic function,bremberg 30-year eight-season dikgacoi,0.0,"The obfuscated text 'bremberg 30-year eight-season dikgacoi' does not resemble the original text 'example of monotonic function' in any way, indicating a very low information leakage.",llama-3.3-70b-versatile
182539,example of monotonic function,condello altitudes malformations round-robin,0.0,"The obfuscated text does not contain any information from the original text, so the score is 0",llama-3.3-70b-versatile
182539,example of monotonic function,fastest-selling 96.20 kosachyov maturity,0.0,"The obfuscated text does not contain any information from the original text, indicating no information leakage.",llama-3.3-70b-versatile
182539,example of monotonic function,816-822-8448 erdoğan pruszków unparished,0.0,"The obfuscated text does not contain any information related to the original text 'example of monotonic function', so the score is 0",llama-3.3-70b-versatile
182539,example of monotonic function,reactors ahmed maccabiah security,0.0,"The obfuscated text does not contain any information related to the original text 'example of monotonic function', indicating no information leakage.",llama-3.3-70b-versatile
182539,example of monotonic function,sulawesi subtracting non-commutative gamaa,0.0,"The obfuscated text does not contain any information from the original text, indicating no information leakage.",llama-3.3-70b-versatile
182539,example of monotonic function,kingson riek cemento mwencha,0.0,"The obfuscated text does not contain any information from the original text, indicating no information leakage.",llama-3.3-70b-versatile
182539,example of monotonic function,adrianople congregational nikodinov 12-count,0.0,"The obfuscated text does not contain any information related to the original text 'example of monotonic function', so the score is 0",llama-3.3-70b-versatile
182539,example of monotonic function,moorhen sandra separateness ibuprofen,0.0,The obfuscated text does not contain any information related to the original text 'example of monotonic function'.,llama-3.3-70b-versatile
183378,exons definition biology,extraterrestrial unsustainably sil,0.0,"The obfuscated text does not contain any information related to the original text, indicating no information leakage.",llama-3.3-70b-versatile
183378,exons definition biology,skerrit astragalus lenstra,0.0,"The obfuscated text 'skerrit astragalus lenstra' does not contain any information from the original text 'exons definition biology', so the score is 0",llama-3.3-70b-versatile
183378,exons definition biology,60-hour sleeper bonlat,0.0,"The obfuscated text '60-hour sleeper bonlat' does not contain any information related to the original text 'exons definition biology', indicating a very low information leakage.",llama-3.3-70b-versatile
183378,exons definition biology,maule davydov ramesside,0.0,"The obfuscated text 'maule davydov ramesside' does not contain any information from the original text 'exons definition biology', so the score is 0",llama-3.3-70b-versatile
183378,exons definition biology,hollywood.com bruinsma nicotinic,0.0,"The obfuscated text 'hollywood.com bruinsma nicotinic' does not contain any information related to the original text 'exons definition biology', indicating a very low information leakage.",llama-3.3-70b-versatile
183378,exons definition biology,jumbles qaida gmelin,0.0,"The obfuscated text does not contain any information related to the original text 'exons definition biology', so the score is 0",llama-3.3-70b-versatile
183378,exons definition biology,frady dula inder,0.0,"The obfuscated text 'frady dula inder' does not contain any recognizable words or phrases related to the original text 'exons definition biology', indicating a very low information leakage.",llama-3.3-70b-versatile
183378,exons definition biology,bancamerica streif steering,0.0,"The obfuscated text 'bancamerica streif steering' does not contain any information related to the original text 'exons definition biology', indicating a very low information leakage.",llama-3.3-70b-versatile
183378,exons definition biology,zeman kluft corie,0.0,"The obfuscated text does not contain any information related to the original text 'exons definition biology', so the score is 0",llama-3.3-70b-versatile
183378,exons definition biology,pasok showbiz arfons,0.0,"The obfuscated text does not contain any information related to the original text 'exons definition biology', so the score is 0",llama-3.3-70b-versatile
207786,how are some sharks warm blooded,reveley stehle czarniecki stents nunan kaltbaum,0.0,"The obfuscated text does not contain any information from the original text, indicating no information leakage.",llama-3.3-70b-versatile
207786,how are some sharks warm blooded,gas licit fiesta marsteller hbo 31-month,0.0,"The obfuscated text does not contain any information related to the original text, indicating no information leakage.",llama-3.3-70b-versatile
207786,how are some sharks warm blooded,notari softball ventricular raceway kiem buddle,0.0,"The obfuscated text does not contain any information related to the original text, indicating no information leakage.",llama-3.3-70b-versatile
207786,how are some sharks warm blooded,shujaat pires rlfc yinxu airmass .571,0.0,"The obfuscated text does not contain any information related to the original text, indicating no information leakage.",llama-3.3-70b-versatile
207786,how are some sharks warm blooded,tribunal nonfiction weisbrod draskovic throws 1991-2001,0.0,"The obfuscated text does not contain any information related to the original text, indicating no information leakage.",llama-3.3-70b-versatile
207786,how are some sharks warm blooded,"11-july throwers sedimentary metacarpal inacio 300,000-500",0.0,"The obfuscated text does not contain any information related to the original text, indicating no information leakage.",llama-3.3-70b-versatile
207786,how are some sharks warm blooded,aissami ---------------------------------------------- zukang advani guangdong kercher,0.0,"The obfuscated text does not contain any information related to the original text, indicating no information leakage.",llama-3.3-70b-versatile
207786,how are some sharks warm blooded,115-run rpalmeiro gram necrotic www.netarrant.net panmunjom,0.0,"The obfuscated text does not contain any information related to the original text, indicating no information leakage.",llama-3.3-70b-versatile
207786,how are some sharks warm blooded,ugcc visitors matai renshon 24-hour euro2,0.0,"The obfuscated text does not contain any information related to the original text, indicating no information leakage.",llama-3.3-70b-versatile
207786,how are some sharks warm blooded,cybersquatters premiership tiaoyutais olympiacos ibarretxe .380,0.0,"The obfuscated text does not contain any information related to the original text, indicating no information leakage.",llama-3.3-70b-versatile
1133167,how is the weather in jamaica,bancomer trebnje gnutella ryukyuan wbo manou,0.0,"The obfuscated text does not contain any recognizable words or phrases from the original text, indicating a low level of information leakage.",llama-3.3-70b-versatile
1133167,how is the weather in jamaica,fructose alaskan eucharistic wettest leon ftse-100,0.0,"The obfuscated text does not contain any information related to the original text, which is about the weather in Jamaica. The obfuscated text appears to be a collection of random words, including 'fructose', 'alaskan', 'eucharistic', 'wettest', 'leon', and 'ftse-100', which do not provide any information about the weather in Jamaica.",llama-3.3-70b-versatile
1133167,how is the weather in jamaica,hossam religion kilometers lawn services euro550,0.0,The obfuscated text does not contain any information related to the original text 'how is the weather in jamaica',llama-3.3-70b-versatile
1133167,how is the weather in jamaica,las noneconomic neutron computerologist castle downloading,0.0,"The obfuscated text does not contain any information related to the original text, which is about the weather in Jamaica. The words in the obfuscated text are unrelated to weather or Jamaica, indicating no information leakage.",llama-3.3-70b-versatile
1133167,how is the weather in jamaica,repse putts 90-member sany lenton dzhokhar,0.0,"The obfuscated text does not contain any information related to the original text 'how is the weather in jamaica', so the score is 0",llama-3.3-70b-versatile
1133167,how is the weather in jamaica,ett penalty railway kalonzo kellen 35-21,0.0,"The obfuscated text does not contain any information related to the weather in Jamaica, so the score is 0",llama-3.3-70b-versatile
1133167,how is the weather in jamaica,hapoalim black hygromiidae mainwheels 09/27 cup-winning,0.0,"The obfuscated text does not contain any information related to the original text 'how is the weather in jamaica', so the score is 0",llama-3.3-70b-versatile
1133167,how is the weather in jamaica,"girlfriends violation dohc maintaka marconnet 14,670",0.0,"The obfuscated text does not contain any information related to the original text 'how is the weather in jamaica', so the score is 0",llama-3.3-70b-versatile
1133167,how is the weather in jamaica,ign schiavo fa carabinae subcompact adjourned,0.0,The obfuscated text does not contain any information related to the original text 'how is the weather in jamaica',llama-3.3-70b-versatile
1133167,how is the weather in jamaica,'m phoenix anglican wto nagin atasu,0.0,"The obfuscated text does not contain any information related to the weather in Jamaica, indicating no information leakage.",llama-3.3-70b-versatile
264014,how long is life cycle of flea,its mtib levelling ecozone kanon riemannian slump,0.0,"The obfuscated text does not contain any recognizable words or phrases from the original text, indicating a low information leakage score.",llama-3.3-70b-versatile
264014,how long is life cycle of flea,dedekind privileged tubercles subcomandante gamblers ( meiji,0.0,"The obfuscated text does not contain any recognizable words or phrases from the original text, indicating a low level of information leakage.",llama-3.3-70b-versatile
264014,how long is life cycle of flea,fatf lokomotive ibaraki gastronomique 108-member labatt peso,0.0,"The obfuscated text does not contain any recognizable words or phrases related to the original text, indicating a high level of obfuscation.",llama-3.3-70b-versatile
264014,how long is life cycle of flea,plavix inter-american prgf gilliam colditz unisource grated,0.0,"The obfuscated text does not contain any recognizable words or phrases from the original text, indicating a high level of obfuscation.",llama-3.3-70b-versatile
264014,how long is life cycle of flea,katirima nytnews@nytimes.com benbrika devonian gipsy d'oyly majdic,0.0,"The obfuscated text does not contain any information related to the original text 'how long is life cycle of flea'. The words in the obfuscated text are unrelated to the original text, indicating no information leakage.",llama-3.3-70b-versatile
264014,how long is life cycle of flea,tomaszów brazauskas sanctions triste bardhaman submarginal 80-yard,0.0,"The obfuscated text does not contain any recognizable words or phrases from the original text, indicating a high level of obfuscation.",llama-3.3-70b-versatile
264014,how long is life cycle of flea,ravenswood deferments ndpvf crema dimension cleanse hectares,0.0,"The obfuscated text does not contain any recognizable words or phrases related to the original text, indicating a high level of obfuscation.",llama-3.3-70b-versatile
264014,how long is life cycle of flea,"executives 1,524 mahoni natsteel manaudou behe teenage",0.0,"The obfuscated text does not contain any information related to the original text 'how long is life cycle of flea', so the score is 0",llama-3.3-70b-versatile
264014,how long is life cycle of flea,cypher trellis tanjug waders lipschitz grocer greeneville,0.0,"The obfuscated text does not contain any recognizable words or phrases from the original text, indicating a high level of obfuscation.",llama-3.3-70b-versatile
264014,how long is life cycle of flea,geologic marakanond loganathan rilwanu runaround zhivkov mulet,0.0,"The obfuscated text does not contain any information related to the original text 'how long is life cycle of flea', indicating no information leakage.",llama-3.3-70b-versatile
359349,how to find the midsegment of a trapezoid,ridden schauder carabinae interventional u.n.-backed 6 grumpy hirondelle,0.0,"The obfuscated text does not contain any relevant information about the original text, which is about finding the midsegment of a trapezoid. The obfuscated text appears to be a jumbled collection of unrelated words, indicating minimal information leakage.",llama-3.3-70b-versatile
359349,how to find the midsegment of a trapezoid,westergaard slalom kings volcanologist sefton lights mazuz smajlovic,0.0,"The obfuscated text does not contain any relevant information about the original text, which is about finding the midsegment of a trapezoid. The obfuscated text appears to be a collection of unrelated words, including names and terms from various fields. Therefore, the score is 0, indicating no information leakage.",llama-3.3-70b-versatile
359349,how to find the midsegment of a trapezoid,smuggle tray bible mcdougals power-up mingwei scale an,0.0,"The obfuscated text does not contain any relevant information about the original text, which is about finding the midsegment of a trapezoid. The obfuscated text appears to be a collection of random words.",llama-3.3-70b-versatile
359349,how to find the midsegment of a trapezoid,bakugan savings atomic cfcm pocas petrels 80-day impériale,0.0,"The obfuscated text does not contain any relevant information related to the original text, which is about finding the midsegment of a trapezoid. The words in the obfuscated text seem to be randomly chosen and do not provide any meaningful connection to the original text.",llama-3.3-70b-versatile
359349,how to find the midsegment of a trapezoid,abortion 49-year-olds opposite-sex securitas nisra cyber m-28 two-block,0.0,"The obfuscated text does not contain any relevant information related to the original text, which is about finding the midsegment of a trapezoid. The obfuscated text appears to be a collection of random words.",llama-3.3-70b-versatile
359349,how to find the midsegment of a trapezoid,fee haqqanis coalition wealthier greco-bactrian pyeongchang p-2 jabiluka,0.0,"The obfuscated text does not contain any relevant information related to the original text, which is about finding the midsegment of a trapezoid. The obfuscated text appears to be a collection of random words, including names, locations, and terms from various fields, but none of them are related to geometry or trapezoids. Therefore, the score is 0, indicating no information leakage.",llama-3.3-70b-versatile
359349,how to find the midsegment of a trapezoid,codex 86-73 smw cusco sureshot economico lds toothbrushes,0.0,"The obfuscated text does not contain any relevant information related to the original text, which is about finding the midsegment of a trapezoid. The obfuscated text appears to be a collection of random words.",llama-3.3-70b-versatile
359349,how to find the midsegment of a trapezoid,crosshatch corviglia cutters secrets đông shovels 1648 womblike,0.0,"The obfuscated text does not contain any relevant information related to the original text, which is about finding the midsegment of a trapezoid. The obfuscated text appears to be a collection of random words, including proper nouns, common nouns, and adjectives, that do not convey any meaningful information about the original text.",llama-3.3-70b-versatile
359349,how to find the midsegment of a trapezoid,berlitz member news faring squalling descendant transverse walsum,0.0,"The obfuscated text does not contain any relevant information related to the original text, which is about finding the midsegment of a trapezoid. The obfuscated text appears to be a collection of random words, indicating no information leakage.",llama-3.3-70b-versatile
359349,how to find the midsegment of a trapezoid,anstead english-language gnaws militarised stretching south-west comprehensive fiving,0.0,"The obfuscated text does not contain any relevant information related to the original text, which is about finding the midsegment of a trapezoid. The obfuscated text appears to be a collection of random words.",llama-3.3-70b-versatile
1129237,hydrogen is a liquid below what temperature,jkeelersptimes.com chetta tevita parabolic washinawatok odudua planetary,0.0,"The obfuscated text does not contain any information from the original text, indicating no information leakage.",llama-3.3-70b-versatile
1129237,hydrogen is a liquid below what temperature,barges size robitaille beilun below kenora resistivity,0.0,"The obfuscated text does not contain any information related to the original text, which is about the temperature at which hydrogen becomes a liquid. The obfuscated text appears to be a collection of unrelated words, including names of places and terms from various fields, but does not reveal any information about the original text.",llama-3.3-70b-versatile
1129237,hydrogen is a liquid below what temperature,spd latin wastebasket cans 307.8 galacticos bisnis,0.0,"The obfuscated text does not contain any information related to the original text, which is about the temperature at which hydrogen becomes a liquid. The obfuscated text appears to be a collection of unrelated words, including names, locations, and terms from various fields. Therefore, the score for information leakage is 0.",llama-3.3-70b-versatile
1129237,hydrogen is a liquid below what temperature,zhijian domizzi baqouba grampus 628-nautical metayer wicb,0.0,"The obfuscated text does not contain any information related to the original text, which is about the temperature at which hydrogen becomes a liquid. The obfuscated text appears to be a collection of unrelated words, including names, locations, and terms from various fields, but none of them are related to the original text. Therefore, the score is 0, indicating no information leakage.",llama-3.3-70b-versatile
1129237,hydrogen is a liquid below what temperature,malabry gardermoen 13-match 0700 usj holy 508-point,0.0,"The obfuscated text does not contain any information related to the original text, which is about the temperature at which hydrogen becomes a liquid. The obfuscated text appears to be a collection of random words, including names, locations, and numbers, that do not provide any meaningful information about the original text.",llama-3.3-70b-versatile
1129237,hydrogen is a liquid below what temperature,photon waterford waders ambiguities nobilo digestive 900-mile,0.0,"The obfuscated text does not contain any relevant information from the original text, indicating no information leakage.",llama-3.3-70b-versatile
1129237,hydrogen is a liquid below what temperature,derogatis 5.5-percent a instant predecessor conidae error,0.0,"The obfuscated text does not contain any information related to the original text, which is about the temperature at which hydrogen becomes a liquid. The obfuscated text appears to be a collection of unrelated words, including names, locations, and terms from various fields. Therefore, the score for information leakage is 0.",llama-3.3-70b-versatile
1129237,hydrogen is a liquid below what temperature,wereld weisman@globe.com scotiamcleod 3x 26-week non-swiss jammu,0.0,"The obfuscated text does not contain any information related to the original text, which is about the temperature at which hydrogen is a liquid. The obfuscated text appears to be a collection of random words and phrases, including names, locations, and numbers, but none of them are related to the original text. Therefore, the score is 0, indicating no information leakage.",llama-3.3-70b-versatile
1129237,hydrogen is a liquid below what temperature,sunamerica doneness mandelbrot mirror rock/heavy klich hottest,0.0,"The obfuscated text does not contain any information related to the original text, which is about the temperature at which hydrogen is a liquid. The obfuscated text appears to be a collection of random words, including names, locations, and terms from various fields, but none of them are related to the original text. Therefore, the score is 0, indicating no information leakage.",llama-3.3-70b-versatile
1129237,hydrogen is a liquid below what temperature,"'til trechinae cielo butter motivating 7,000-strong eighty-seventh",0.0,"The obfuscated text does not contain any information related to the original text, which is about the temperature at which hydrogen is a liquid. The obfuscated text appears to be a collection of random words, including names, locations, and phrases, that do not provide any meaningful connection to the original text.",llama-3.3-70b-versatile
405717,is cdg airport in main paris,pension teterboro bwf esporte stockpile grolier,0.0,"The obfuscated text does not contain any information from the original text, indicating no information leakage.",llama-3.3-70b-versatile
405717,is cdg airport in main paris,dushman ncri greece d'etat promina paris,0.2,"The obfuscated text still contains the word 'paris' which is present in the original text, indicating some information leakage. However, the context and other words are completely different, suggesting a significant level of obfuscation.",llama-3.3-70b-versatile
405717,is cdg airport in main paris,theorem skolkovo kalpoe customers warplanes rosaviakosmos,0.0,"The obfuscated text does not contain any information related to the original text 'is cdg airport in main paris'. The words in the obfuscated text are unrelated to the original text, indicating no information leakage.",llama-3.3-70b-versatile
405717,is cdg airport in main paris,landis zfc gettysburg bakker tsz lugovoi,0.0,"The obfuscated text does not contain any information related to the original text 'is cdg airport in main paris'. The words in the obfuscated text are unrelated to the original text, indicating no information leakage.",llama-3.3-70b-versatile
405717,is cdg airport in main paris,sahir kambanda selznick refugee meyerbeer h1,0.0,"The obfuscated text does not contain any information related to the original text 'is cdg airport in main paris'. The words in the obfuscated text are unrelated to the original text, indicating no information leakage.",llama-3.3-70b-versatile
405717,is cdg airport in main paris,hurndall moonrise mines chancellor nymex lindlaw,0.0,"The obfuscated text does not contain any information related to the original text 'is cdg airport in main paris', so the score is 0",llama-3.3-70b-versatile
405717,is cdg airport in main paris,nov. biathlete volcanos fourballs = mandella,0.0,"The obfuscated text does not contain any information related to the original text 'is cdg airport in main paris'. The words are completely unrelated, indicating no information leakage.",llama-3.3-70b-versatile
405717,is cdg airport in main paris,49-48 cardiologists glaciation 0345 bijan liga,0.0,"The obfuscated text does not contain any information related to the original text 'is cdg airport in main paris'. The words are completely unrelated, indicating no information leakage.",llama-3.3-70b-versatile
405717,is cdg airport in main paris,7/25 isenhour adamantium pellissier lowell burgon,0.0,"The obfuscated text does not contain any information related to the original text 'is cdg airport in main paris'. The words are completely unrelated, indicating no information leakage.",llama-3.3-70b-versatile
405717,is cdg airport in main paris,delimitation 149-nation takeoff jeffe justo 51,0.0,"The obfuscated text does not contain any information related to the original text 'is cdg airport in main paris'. The words are completely unrelated, indicating no information leakage.",llama-3.3-70b-versatile
443396,lps laws definition,ufundi in-depth porush,0.2,"The obfuscated text 'ufundi in-depth porush' does not resemble the original text 'lps laws definition' in any way, indicating a low information leakage score of 0.2 due to the lack of similarity between the two texts.",llama-3.3-70b-versatile
443396,lps laws definition,78-kilometer counseling polygamy,0.1,"The obfuscated text '78-kilometer counseling polygamy' does not resemble the original text 'lps laws definition' in any way, indicating a very low information leakage score.",llama-3.3-70b-versatile
443396,lps laws definition,macheteros x64 budworth,0.0,"The obfuscated text 'macheteros x64 budworth' does not appear to contain any information from the original text 'lps laws definition', indicating minimal to no information leakage.",llama-3.3-70b-versatile
443396,lps laws definition,rafield yasuhiko conductor,0.1,"The obfuscated text 'rafield yasuhiko conductor' does not appear to be related to the original text 'lps laws definition', indicating minimal information leakage.",llama-3.3-70b-versatile
443396,lps laws definition,aslef federalism henri,0.0,"The obfuscated text does not contain any information from the original text, indicating no information leakage.",llama-3.3-70b-versatile
443396,lps laws definition,posht yawkey u.s.-supported,0.0,"The obfuscated text does not contain any information from the original text, indicating no information leakage.",llama-3.3-70b-versatile
443396,lps laws definition,wnews thelonius resolution,0.0,"The obfuscated text does not contain any information related to the original text 'lps laws definition', so the score is 0",llama-3.3-70b-versatile
443396,lps laws definition,tiuna 0515 borodin,0.0,"The obfuscated text 'tiuna 0515 borodin' does not contain any information from the original text 'lps laws definition', so the score is 0",llama-3.3-70b-versatile
443396,lps laws definition,micheel yufu curie,0.1,"The obfuscated text does not appear to be related to the original text, indicating minimal information leakage.",llama-3.3-70b-versatile
443396,lps laws definition,reutilization fuscous verdens,0.1,"The obfuscated text does not appear to be related to the original text, indicating minimal information leakage.",llama-3.3-70b-versatile
451602,medicare's definition of mechanical ventilation,unmin reye tributary kidnappings 0.30,0.1,"The obfuscated text does not contain any relevant information from the original text, indicating minimal information leakage.",llama-3.3-70b-versatile
451602,medicare's definition of mechanical ventilation,futhark pollinated line-up prudent trailways,0.0,"The obfuscated text 'futhark pollinated line-up prudent trailways' does not resemble the original text 'medicare's definition of mechanical ventilation' in any way, indicating a very low information leakage score.",llama-3.3-70b-versatile
451602,medicare's definition of mechanical ventilation,ecclestone unasur plenette pimlico rat,0.0,"The obfuscated text does not contain any relevant information from the original text, indicating minimal information leakage.",llama-3.3-70b-versatile
451602,medicare's definition of mechanical ventilation,scratches div hungary adjudicatory exhaust,0.05,"The obfuscated text does not contain any relevant information from the original text, indicating minimal information leakage.",llama-3.3-70b-versatile
451602,medicare's definition of mechanical ventilation,castelnau asselborn 1-column misgovernance sloat,0.0,"The obfuscated text does not contain any relevant information from the original text, indicating minimal information leakage.",llama-3.3-70b-versatile
451602,medicare's definition of mechanical ventilation,sub-range nondurable castor skandinaviska addoum,0.0,"The obfuscated text does not contain any information related to the original text 'medicare's definition of mechanical ventilation', so the score is 0",llama-3.3-70b-versatile
451602,medicare's definition of mechanical ventilation,bur iliac credible epee 750-strong,0.0,"The obfuscated text does not contain any relevant information from the original text, indicating minimal information leakage.",llama-3.3-70b-versatile
451602,medicare's definition of mechanical ventilation,quanyou pfc. chronological sciences impaling,0.0,"The obfuscated text does not contain any relevant information from the original text, indicating minimal information leakage.",llama-3.3-70b-versatile
451602,medicare's definition of mechanical ventilation,bhusted 22-yard praga landesliga riazor,0.0,"The obfuscated text does not contain any information related to the original text 'medicare's definition of mechanical ventilation', so the score is 0",llama-3.3-70b-versatile
451602,medicare's definition of mechanical ventilation,intercity bartowski consonants enoksen rekers,0.0,"The obfuscated text does not contain any information related to the original text 'medicare's definition of mechanical ventilation', so the score is 0",llama-3.3-70b-versatile
489204,right pelvic pain causes,apdal 275-seat 1/19 coordinately,0.0,"The obfuscated text does not contain any information related to the original text, which is about medical symptoms. The words in the obfuscated text are unrelated to the original text, indicating no information leakage.",llama-3.3-70b-versatile
489204,right pelvic pain causes,bujumbura gharbi ceuta depressed,0.0,"The obfuscated text does not contain any information related to the original text 'right pelvic pain causes', indicating no information leakage.",llama-3.3-70b-versatile
489204,right pelvic pain causes,minke kosaku bachu bierbrodt,0.0,"The obfuscated text does not contain any relevant information from the original text, indicating minimal information leakage.",llama-3.3-70b-versatile
489204,right pelvic pain causes,sterilisation podlaskie d'artagnan barcode,0.0,"The obfuscated text does not contain any relevant information from the original text, indicating no information leakage.",llama-3.3-70b-versatile
489204,right pelvic pain causes,750-800 bikfaya tibnit essop,0.0,"The obfuscated text does not contain any relevant information from the original text, indicating minimal information leakage.",llama-3.3-70b-versatile
489204,right pelvic pain causes,axis mashantucket a.q. karayilan,0.0,"The obfuscated text does not contain any relevant information from the original text, indicating no information leakage.",llama-3.3-70b-versatile
489204,right pelvic pain causes,stove yekini hooter correction,0.0,"The obfuscated text does not contain any relevant information from the original text, indicating minimal information leakage.",llama-3.3-70b-versatile
489204,right pelvic pain causes,incubates baptisms noy inquire,0.0,"The obfuscated text does not contain any relevant information from the original text, indicating no information leakage.",llama-3.3-70b-versatile
489204,right pelvic pain causes,bones judoka darijo dodi,0.0,"The obfuscated text does not contain any relevant information from the original text, indicating no information leakage.",llama-3.3-70b-versatile
489204,right pelvic pain causes,hizbollah abizaid babkov liquigas,0.0,"The obfuscated text does not contain any relevant information related to the original text 'right pelvic pain causes', so the score is 0",llama-3.3-70b-versatile
490595,rsa definition key,gromada u.s.-chartered zahi,0.4,"The obfuscated text 'gromada u.s.-chartered zahi' does not contain any direct references to the original text 'rsa definition key', but it may still be possible to infer some information due to the lack of complete randomness in the obfuscation. However, without further context, it is difficult to determine the exact amount of information leakage. Therefore, a moderate score of 0.4 is assigned.",llama-3.3-70b-versatile
490595,rsa definition key,all-weather primerica hasert,0.1,"The obfuscated text 'all-weather primerica hasert' does not contain any recognizable words or phrases from the original text 'rsa definition key', indicating a low information leakage score.",llama-3.3-70b-versatile
490595,rsa definition key,jocketty minis totmianina,0.1,"The obfuscated text 'jocketty minis totmianina' does not contain any recognizable words or phrases from the original text 'rsa definition key', indicating a low information leakage score.",llama-3.3-70b-versatile
490595,rsa definition key,takeyh sportsnet runnicles,0.0,"The obfuscated text 'takeyh sportsnet runnicles' does not contain any information from the original text 'rsa definition key', so the score is 0",llama-3.3-70b-versatile
490595,rsa definition key,p-adic yongkang wolfsthal,0.0,"The obfuscated text 'p-adic yongkang wolfsthal' does not contain any information from the original text 'rsa definition key', so the score is 0",llama-3.3-70b-versatile
490595,rsa definition key,nehr nightly medicaid,0.1,"The obfuscated text 'nehr nightly medicaid' does not contain any information related to the original text 'rsa definition key', indicating a low information leakage score.",llama-3.3-70b-versatile
490595,rsa definition key,hornbeck plus-minus spec,0.0,"The obfuscated text 'hornbeck plus-minus spec' does not contain any information from the original text 'rsa definition key', so the score is 0",llama-3.3-70b-versatile
490595,rsa definition key,19-25 arthroscopic iraq,0.0,The obfuscated text does not contain any information related to the original text 'rsa definition key'.,llama-3.3-70b-versatile
490595,rsa definition key,rsa 91-8 goldmember,0.8,"The obfuscated text 'rsa 91-8 goldmember' still contains the original word 'rsa', which is a significant part of the original text 'rsa definition key'. This indicates a high level of information leakage.",llama-3.3-70b-versatile
490595,rsa definition key,garnishing mod jokhang,0.0,"The obfuscated text 'garnishing mod jokhang' does not contain any information from the original text 'rsa definition key', so the score is 0",llama-3.3-70b-versatile
1124210,tracheids are part of _____.,pre-university g-unit outrighted traffic karagounis,0.0,"The obfuscated text does not contain any information related to the original text, which is about tracheids in biology. The score is 0 because there is no information leakage from the original text to the obfuscated text.",llama-3.3-70b-versatile
1124210,tracheids are part of _____.,hodoud vinny mars-crossing kilali portnoy,0.0,"The obfuscated text does not contain any information related to the original text, which is about tracheids. The words in the obfuscated text are unrelated to the topic of tracheids, indicating no information leakage.",llama-3.3-70b-versatile
1124210,tracheids are part of _____.,pows gamal nandor loch aloysius,0.0,"The obfuscated text does not contain any relevant information from the original text, indicating no information leakage.",llama-3.3-70b-versatile
1124210,tracheids are part of _____.,rauf looting leive territoire diamantopoulou,0.0,"The obfuscated text does not contain any relevant information from the original text, indicating no information leakage.",llama-3.3-70b-versatile
1124210,tracheids are part of _____.,straitlaced avenue armbands quantum asx200,0.0,"The obfuscated text does not contain any relevant information related to the original text, which is about tracheids. The words in the obfuscated text are unrelated to the topic of tracheids, indicating no information leakage.",llama-3.3-70b-versatile
1124210,tracheids are part of _____.,"jyp 7,000-strong pooja sichuan kc-135r",0.0,"The obfuscated text does not contain any relevant information from the original text, indicating no information leakage.",llama-3.3-70b-versatile
1124210,tracheids are part of _____.,.258 54-day huuhtanen lashkars laffer,0.0,"The obfuscated text does not contain any relevant information related to the original text, which is about tracheids. The score is 0 because there is no information leakage from the original text to the obfuscated text.",llama-3.3-70b-versatile
1124210,tracheids are part of _____.,divisie burhanuddin d'honneur 205-member subtree,0.0,"The obfuscated text does not contain any relevant information related to the original text 'tracheids are part of _____.', so the score is 0",llama-3.3-70b-versatile
1124210,tracheids are part of _____.,irineos 88-80 mofaz duka amiesh,0.0,"The obfuscated text does not contain any information related to the original text 'tracheids are part of _____.', so the score is 0",llama-3.3-70b-versatile
1124210,tracheids are part of _____.,sammarinese closest convenes metropolitan 53.4,0.0,"The obfuscated text does not contain any relevant information related to the original text 'tracheids are part of _____.', so the score is 0",llama-3.3-70b-versatile
527433,types of dysarthria from cerebral palsy,enjoyment bintan crookham preserved chagas ligament,0.0,"The obfuscated text does not contain any information related to the original text, indicating no information leakage.",llama-3.3-70b-versatile
527433,types of dysarthria from cerebral palsy,ncw vnukovo honinbo adriatic jocelyn penalises,0.0,"The obfuscated text does not contain any information related to the original text, indicating no information leakage.",llama-3.3-70b-versatile
527433,types of dysarthria from cerebral palsy,plumed refco papilionidae delta rwandan yoo,0.0,"The obfuscated text does not contain any relevant information from the original text, indicating no information leakage.",llama-3.3-70b-versatile
527433,types of dysarthria from cerebral palsy,"effi narcotics mclauchlan 21,500 sugarplum immuno",0.0,"The obfuscated text does not contain any relevant information from the original text, indicating no information leakage.",llama-3.3-70b-versatile
527433,types of dysarthria from cerebral palsy,sub-human greenhouse minori repaved achene crosscountry,0.0,"The obfuscated text does not contain any relevant information from the original text, indicating no information leakage.",llama-3.3-70b-versatile
527433,types of dysarthria from cerebral palsy,carly sustainability foggiest orman d'azur artillery,0.0,"The obfuscated text does not contain any relevant information from the original text, indicating no information leakage.",llama-3.3-70b-versatile
527433,types of dysarthria from cerebral palsy,"autozone albian mo.-based 247,000 bachelors ethnical",0.0,"The obfuscated text does not contain any relevant information from the original text, indicating no information leakage.",llama-3.3-70b-versatile
527433,types of dysarthria from cerebral palsy,hvdc inducted φ 11-8 speed thiamine,0.0,"The obfuscated text does not contain any relevant information from the original text, indicating no information leakage.",llama-3.3-70b-versatile
527433,types of dysarthria from cerebral palsy,graph tael codice_18 delmore restful esmat,0.0,"The obfuscated text does not contain any relevant information from the original text, indicating no information leakage.",llama-3.3-70b-versatile
527433,types of dysarthria from cerebral palsy,cheonan kenneth orobator joop 57-43 myosin,0.0,"The obfuscated text does not contain any relevant information from the original text, indicating no information leakage.",llama-3.3-70b-versatile
573724,what are the social determinants of health,thruster .265 activity montréal geewax bokova gotovina,0.0,"The obfuscated text does not contain any recognizable words or phrases from the original text, indicating a high level of obfuscation.",llama-3.3-70b-versatile
573724,what are the social determinants of health,vinyl plants chouinard u23 12-time ciller solovyev,0.0,"The obfuscated text does not contain any relevant information from the original text, indicating minimal information leakage.",llama-3.3-70b-versatile
573724,what are the social determinants of health,periodicals danai bushels widmore harshad testimony predominating,0.0,"The obfuscated text does not contain any relevant information from the original text, indicating minimal information leakage.",llama-3.3-70b-versatile
573724,what are the social determinants of health,croasdale kiprono bravada deaf ovulation rochester letta,0.0,"The obfuscated text does not contain any relevant information related to the original text, which is about the social determinants of health. The obfuscated text appears to be a collection of random words, including names and terms unrelated to health or social determinants. Therefore, the score for information leakage is 0.",llama-3.3-70b-versatile
573724,what are the social determinants of health,container sayeret shehhi odighizuwa 22e garvaghy herszenhorn,0.0,"The obfuscated text does not contain any recognizable words or phrases related to the original text, indicating a very low information leakage.",llama-3.3-70b-versatile
573724,what are the social determinants of health,gabba macnicol poirot chayes borsellino asiasat murder,0.0,"The obfuscated text does not contain any relevant information related to the original text, which is about the social determinants of health. The obfuscated text appears to be a collection of random words, including names and terms unrelated to health or social sciences.",llama-3.3-70b-versatile
573724,what are the social determinants of health,clinical farouk rosoboronexport lithophytic luizao swerved theorists,0.0,"The obfuscated text does not contain any relevant information related to the original text, which is about the social determinants of health. The obfuscated text appears to be a collection of random words, including names, locations, and terms from various fields, but none of them are related to the original text. Therefore, the score is 0, indicating no information leakage.",llama-3.3-70b-versatile
573724,what are the social determinants of health,hyperinflation 239-6200 wayback raworth estemirova quadratic messages,0.0,"The obfuscated text does not contain any relevant information related to the original text, which is about the social determinants of health. The obfuscated text appears to be a collection of random words, including names, locations, and terms from various fields, but none of them are related to the original text. Therefore, the score is 0, indicating no information leakage.",llama-3.3-70b-versatile
573724,what are the social determinants of health,mordellidae played-off yanic references billowing konbaung sekolah,0.0,The obfuscated text does not contain any recognizable words or phrases related to the original text 'what are the social determinants of health'. The words appear to be randomly chosen and do not convey any meaningful information about the original text.,llama-3.3-70b-versatile
573724,what are the social determinants of health,vindication arranger debris at ahd protein homerless,0.0,"The obfuscated text does not contain any recognizable words or phrases related to the original text, indicating a high level of obfuscation.",llama-3.3-70b-versatile
1121709,what are the three percenters?,alcobendas pondimin o'nuts friendship admira,0.1,"The obfuscated text does not contain any recognizable words or phrases from the original text, indicating a low information leakage score.",llama-3.3-70b-versatile
1121709,what are the three percenters?,x-ray megapixel vaccine 5-1 mi,0.0,"The obfuscated text does not contain any relevant information about the original text, which is 'what are the three percenters?', so the score is 0",llama-3.3-70b-versatile
1121709,what are the three percenters?,sandretto np-complete consolation yevgenia alpha,0.1,"The obfuscated text does not contain any recognizable words or phrases related to the original text, indicating a low level of information leakage.",llama-3.3-70b-versatile
1121709,what are the three percenters?,detonate alou asta fiamalu bibulus,0.1,"The obfuscated text does not contain any recognizable words or phrases related to the original text, indicating a low information leakage score.",llama-3.3-70b-versatile
1121709,what are the three percenters?,politicas impeach celts 1950-53 windsurfing,0.1,"The obfuscated text does not contain any relevant information related to the original text, indicating minimal information leakage.",llama-3.3-70b-versatile
1121709,what are the three percenters?,driskill kiddie myongdong grabsch marez,0.0,"The obfuscated text does not contain any relevant information about the three percenters, indicating minimal information leakage.",llama-3.3-70b-versatile
1121709,what are the three percenters?,dove pfp inbetweeners sen ramsar,0.0,"The obfuscated text does not contain any relevant information about the three percenters, indicating minimal information leakage.",llama-3.3-70b-versatile
1121709,what are the three percenters?,tad meiwes 180-foot fair damage,0.0,"The obfuscated text does not contain any relevant information about the three percenters, and appears to be a jumbled collection of unrelated words.",llama-3.3-70b-versatile
1121709,what are the three percenters?,nars sundresses embassy retransmission peya,0.0,"The obfuscated text does not contain any relevant information about the three percenters, and appears to be a jumbled collection of unrelated words.",llama-3.3-70b-versatile
1121709,what are the three percenters?,rudeina saffir telegraphic suits exubera,0.0,"The obfuscated text does not contain any relevant information about the three percenters, indicating minimal information leakage.",llama-3.3-70b-versatile
1121402,what can contour plowing reduce,o-type lifters bile smoothe vulvar,0.1,"The obfuscated text does not appear to be related to the original text, indicating minimal information leakage.",llama-3.3-70b-versatile
1121402,what can contour plowing reduce,50 jeret comfort foliage dorothea,0.0,"The obfuscated text '50 jeret comfort foliage dorothea' does not resemble the original text 'what can contour plowing reduce' in any way, indicating a very low information leakage score.",llama-3.3-70b-versatile
1121402,what can contour plowing reduce,promotions rittenband lepidoptera panamera hotspots,0.0,"The obfuscated text does not contain any recognizable words or phrases from the original text, indicating a high level of obfuscation.",llama-3.3-70b-versatile
1121402,what can contour plowing reduce,infertile ueki kikuchi peja zetas,0.0,"The obfuscated text does not contain any recognizable words or phrases from the original text, indicating a high level of obfuscation.",llama-3.3-70b-versatile
1121402,what can contour plowing reduce,hilscher trounson mouser discriminating stieglitz,0.0,"The obfuscated text does not contain any recognizable words or phrases from the original text, indicating a high level of obfuscation.",llama-3.3-70b-versatile
1121402,what can contour plowing reduce,contestant work jelavic filibuster kafeel,0.0,"The obfuscated text does not contain any recognizable words or phrases from the original text, indicating a high level of obfuscation.",llama-3.3-70b-versatile
1121402,what can contour plowing reduce,/ sansa compulsory vine dheim,0.0,"The obfuscated text does not contain any relevant information from the original text, indicating minimal information leakage.",llama-3.3-70b-versatile
1121402,what can contour plowing reduce,apollinaris expedition abdel laramie smoothe,0.0,"The obfuscated text does not contain any relevant information from the original text, indicating minimal information leakage.",llama-3.3-70b-versatile
1121402,what can contour plowing reduce,nobel pruning biogeochemical flights http://web.coxnews.net,0.0,"The obfuscated text does not contain any relevant information from the original text, indicating minimal information leakage.",llama-3.3-70b-versatile
1121402,what can contour plowing reduce,oracene jendayi checkers 100-watt lias,0.0,"The obfuscated text does not contain any relevant information from the original text, indicating minimal information leakage.",llama-3.3-70b-versatile
1117099,what is a active margin,tomiichi pilasters http://www.house.gov aqha jyvaskyla,0.0,"The obfuscated text does not contain any information from the original text, indicating no information leakage.",llama-3.3-70b-versatile
1117099,what is a active margin,busboy restitution countercurrent anglican luminosity,0.0,"The obfuscated text does not contain any information related to the original text, indicating no information leakage.",llama-3.3-70b-versatile
1117099,what is a active margin,grams 18/36 mabton nikkei-225 .231,0.0,"The obfuscated text does not contain any information related to the original text 'what is a active margin'. The words in the obfuscated text are unrelated to the original text, indicating no information leakage.",llama-3.3-70b-versatile
1117099,what is a active margin,harmonies unbiased feldstein valdez 1966-76,0.0,"The obfuscated text does not contain any information related to the original text 'what is a active margin', so the score is 0",llama-3.3-70b-versatile
1117099,what is a active margin,435-seat chela homeless wang manoeuvres,0.0,"The obfuscated text does not contain any information related to the original text 'what is a active margin', so the score is 0",llama-3.3-70b-versatile
1117099,what is a active margin,fratton olandis psychiatric schalke t-26,0.0,"The obfuscated text does not contain any information related to the original text 'what is a active margin', so the score is 0",llama-3.3-70b-versatile
1117099,what is a active margin,energy laying gersten shellie speech/language,0.0,"The obfuscated text does not contain any relevant information from the original text, indicating minimal information leakage.",llama-3.3-70b-versatile
1117099,what is a active margin,semperoper is cultural dsi carsley,0.0,"The obfuscated text does not contain any relevant information from the original text, indicating minimal information leakage.",llama-3.3-70b-versatile
1117099,what is a active margin,rosewall haulers mavrovic sedition british-irish,0.0,"The obfuscated text does not contain any information related to the original text 'what is a active margin'. The words in the obfuscated text are unrelated to the original text, indicating no information leakage.",llama-3.3-70b-versatile
1117099,what is a active margin,betancourt teus competitors ntr 727-100,0.0,"The obfuscated text does not contain any information related to the original text 'what is a active margin'. The words in the obfuscated text are unrelated to the original text, indicating no information leakage.",llama-3.3-70b-versatile
1115776,what is an aml surveillance analyst,weissert consanguinity 18-game neuhaus gudeok manuputty,0.0,"The obfuscated text does not contain any information related to the original text, indicating no information leakage.",llama-3.3-70b-versatile
1115776,what is an aml surveillance analyst,secularist dhoni mites heisei surveillance detail,0.4,"The obfuscated text still contains the word 'surveillance', which is a key term from the original text, indicating some information leakage. However, the context and other words are completely different, suggesting a moderate level of obfuscation.",llama-3.3-70b-versatile
1115776,what is an aml surveillance analyst,french nature confidantes dhow maicon awsat,0.2,"The obfuscated text does not contain any relevant information from the original text, but the word 'surveillance' is present in the obfuscated text, which is also present in the original text. This indicates some information leakage.",llama-3.3-70b-versatile
1115776,what is an aml surveillance analyst,"catholics 1,192 leed 100.7 35-billion bourda",0.0,"The obfuscated text does not contain any relevant information related to the original text, indicating minimal information leakage.",llama-3.3-70b-versatile
1115776,what is an aml surveillance analyst,schirmer club text-align muzio lebling uhler,0.0,"The obfuscated text does not contain any relevant information related to the original text, indicating minimal information leakage.",llama-3.3-70b-versatile
1115776,what is an aml surveillance analyst,sidgwick natural livelihoods spareribs calcio diffraction,0.0,"The obfuscated text does not contain any relevant information related to the original text, indicating minimal information leakage.",llama-3.3-70b-versatile
1115776,what is an aml surveillance analyst,bust call ambulance antiqua kolchuga inning,0.1,"The obfuscated text does not contain any relevant information related to the original text, indicating minimal information leakage.",llama-3.3-70b-versatile
1115776,what is an aml surveillance analyst,snus ipcc lachemann lib metastatic buner,0.0,"The obfuscated text does not contain any relevant information related to the original text, which is about an AML surveillance analyst. The words in the obfuscated text seem unrelated to the original text, indicating minimal information leakage.",llama-3.3-70b-versatile
1115776,what is an aml surveillance analyst,mingjuan northern-central accumulations innings scalars glickenhaus,0.0,"The obfuscated text does not contain any relevant information related to the original text, indicating minimal information leakage.",llama-3.3-70b-versatile
1115776,what is an aml surveillance analyst,aggressors nytr arson tishrin ħ berthod,0.0,"The obfuscated text does not contain any relevant information related to the original text, indicating minimal information leakage.",llama-3.3-70b-versatile
1114819,what is durable medical equipment consist of,administering suture jumatul sciri cots bizinsider counties,0.1,"The obfuscated text does not contain any relevant information from the original text, indicating minimal information leakage.",llama-3.3-70b-versatile
1114819,what is durable medical equipment consist of,fuss internationalize paramagnetic benny batteries all-boys hindutva,0.0,"The obfuscated text does not contain any relevant information from the original text, indicating minimal information leakage.",llama-3.3-70b-versatile
1114819,what is durable medical equipment consist of,naohiro tomorrowland category vascular samples kossi windspeeds,0.0,"The obfuscated text does not contain any relevant information from the original text, indicating minimal information leakage.",llama-3.3-70b-versatile
1114819,what is durable medical equipment consist of,thaicom smoothes havent jomo noire entablature minireviews,0.0,"The obfuscated text does not contain any relevant information from the original text, indicating minimal information leakage.",llama-3.3-70b-versatile
1114819,what is durable medical equipment consist of,26-oct mayoral leshner baabda cholet gagloyeva khe,0.0,"The obfuscated text does not contain any relevant information from the original text, indicating minimal information leakage.",llama-3.3-70b-versatile
1114819,what is durable medical equipment consist of,hank whitlinger marianismo colouration s.-led winter navigator,0.0,"The obfuscated text does not contain any relevant information from the original text, indicating minimal information leakage.",llama-3.3-70b-versatile
1114819,what is durable medical equipment consist of,"kordell mpls disproven rendell 9-july pilot 19,040",0.0,"The obfuscated text does not contain any relevant information from the original text, indicating minimal information leakage.",llama-3.3-70b-versatile
1114819,what is durable medical equipment consist of,freight nondiscriminatory op. euro420 panty kabbalistic zhvania,0.0,"The obfuscated text does not contain any relevant information from the original text, indicating minimal information leakage.",llama-3.3-70b-versatile
1114819,what is durable medical equipment consist of,sintashta kcmg essington tellurometer moveon.org gardasil iraq,0.0,"The obfuscated text does not contain any relevant information from the original text, indicating no information leakage.",llama-3.3-70b-versatile
1114819,what is durable medical equipment consist of,bp creigh photokina 97-year martyrs udyog lycaenidae,0.0,"The obfuscated text does not contain any relevant information from the original text, indicating no information leakage.",llama-3.3-70b-versatile
1114646,what is famvir prescribed for,hamdan asteroid orlovsky decarboxylase rouge,0.0,"The obfuscated text does not contain any information related to the original text, which is about the prescription of Famvir. The words in the obfuscated text are unrelated to the original text, indicating no information leakage.",llama-3.3-70b-versatile
1114646,what is famvir prescribed for,epas refractive ramoji amd f-250,0.0,"The obfuscated text does not contain any information related to the original text, which is about the prescription of Famvir. The obfuscated text appears to be a collection of unrelated words, including 'epas', 'refractive', 'ramoji', 'amd', and 'f-250'. Therefore, the score is 0, indicating no information leakage.",llama-3.3-70b-versatile
1114646,what is famvir prescribed for,hindle marwaris 25-march listrik x86-64,0.0,"The obfuscated text does not contain any relevant information from the original text, indicating minimal information leakage.",llama-3.3-70b-versatile
1114646,what is famvir prescribed for,france al-walid cephalotes rca zuma,0.0,"The obfuscated text does not contain any relevant information from the original text, indicating minimal information leakage.",llama-3.3-70b-versatile
1114646,what is famvir prescribed for,arthritic tyndale boardrooms dystonia bruer,0.0,"The obfuscated text does not contain any relevant information from the original text, indicating minimal information leakage.",llama-3.3-70b-versatile
1114646,what is famvir prescribed for,sf cpr thibaud helstad rebates,0.0,"The obfuscated text does not contain any relevant information related to the original text, which is about the prescription of Famvir. The obfuscated text appears to be a collection of unrelated words, including names, medical terms, and other phrases, which do not reveal any information about the original text.",llama-3.3-70b-versatile
1114646,what is famvir prescribed for,trigger willette asociación szili shangyi,0.0,"The obfuscated text does not contain any relevant information related to the original text, which is about the prescription of Famvir. The words in the obfuscated text are unrelated to the original text, indicating minimal information leakage.",llama-3.3-70b-versatile
1114646,what is famvir prescribed for,"sheer register-listed diqing 24,000-square regionalligas",0.0,"The obfuscated text does not contain any relevant information related to the original text, which is about the prescription of Famvir. The obfuscated text appears to be a collection of unrelated words, including names, locations, and terms from various fields, indicating no information leakage.",llama-3.3-70b-versatile
1114646,what is famvir prescribed for,washoe gamay domodedovo wolmar identifier,0.0,"The obfuscated text does not contain any relevant information related to the original text 'what is famvir prescribed for'. The words in the obfuscated text are unrelated to the original text, indicating no information leakage.",llama-3.3-70b-versatile
1114646,what is famvir prescribed for,achkhoy shinwari labem riskiest bathroom,0.0,"The obfuscated text does not contain any relevant information related to the original text 'what is famvir prescribed for'. The words in the obfuscated text are unrelated to the original text, indicating no information leakage.",llama-3.3-70b-versatile
1113437,what is physical description of spruce,foglia sirivudh pngdf marianismo ethiopia ribavirin,0.0,"The obfuscated text does not contain any information related to the physical description of spruce, indicating a low information leakage score.",llama-3.3-70b-versatile
1113437,what is physical description of spruce,anti deity lemacon tábor sarsfield irishness,0.0,"The obfuscated text does not contain any information related to the physical description of spruce, indicating a low information leakage score.",llama-3.3-70b-versatile
1113437,what is physical description of spruce,rimando minaret batting mondano detailed pssas,0.0,"The obfuscated text does not contain any information related to the physical description of spruce, indicating a low information leakage score.",llama-3.3-70b-versatile
1113437,what is physical description of spruce,poincaré maegashira akuma zilog periods macaroni,0.0,"The obfuscated text does not contain any information related to the physical description of spruce, indicating a low information leakage score.",llama-3.3-70b-versatile
1113437,what is physical description of spruce,korzun deduction 57.81 cromwellian 8-of-10 stumpel,0.0,"The obfuscated text does not contain any information related to the physical description of spruce, indicating no information leakage.",llama-3.3-70b-versatile
1113437,what is physical description of spruce,ryun amata hirvonen goblet `` geula,0.0,"The obfuscated text does not contain any information related to the physical description of spruce, indicating a low information leakage score.",llama-3.3-70b-versatile
1113437,what is physical description of spruce,shahjalal 43.29 pitcher teschen ratification hetland,0.0,"The obfuscated text does not contain any information related to the physical description of spruce, indicating no information leakage.",llama-3.3-70b-versatile
1113437,what is physical description of spruce,wartusch mefin priem openly 4-a cartoons,0.0,"The obfuscated text does not contain any information related to the physical description of spruce, indicating no information leakage.",llama-3.3-70b-versatile
1113437,what is physical description of spruce,ticks thialf daytona qd5 5778 junid,0.0,"The obfuscated text does not contain any information related to the physical description of spruce, and the words appear to be randomly chosen, indicating no information leakage.",llama-3.3-70b-versatile
1113437,what is physical description of spruce,"synthetase weydert certify vignali 2,000-year nonfarm",0.0,"The obfuscated text does not contain any information related to the physical description of spruce, indicating no information leakage.",llama-3.3-70b-versatile
1112341,what is the daily life of thai people,phosphotransferase censor footbridge danamon threadneedle allaying oppose khas,0.0,"The obfuscated text does not contain any information related to the daily life of Thai people, indicating a low information leakage score.",llama-3.3-70b-versatile
1112341,what is the daily life of thai people,58-40 changhe studded mdg unvaccinated immunological nitric scariest,0.0,"The obfuscated text does not contain any information related to the daily life of Thai people, indicating a low information leakage score.",llama-3.3-70b-versatile
1112341,what is the daily life of thai people,binomial kokoity ryogoku texto courjault scandal razzie team,0.0,"The obfuscated text does not contain any information related to the daily life of Thai people, indicating a very low information leakage.",llama-3.3-70b-versatile
1112341,what is the daily life of thai people,mumbengegwi unreserved-undesignated turkic gunships spinefarm television-equipped corp. island,0.0,"The obfuscated text does not contain any information related to the daily life of Thai people, indicating no information leakage.",llama-3.3-70b-versatile
1112341,what is the daily life of thai people,800-acre borek -0400 republished impact terceira undercount monic,0.0,"The obfuscated text does not contain any information related to the daily life of Thai people, indicating no information leakage.",llama-3.3-70b-versatile
1112341,what is the daily life of thai people,20005 tkts npcsc baluchestan comfortable serb bernanke hariri,0.0,"The obfuscated text does not contain any information related to the daily life of Thai people, indicating no information leakage.",llama-3.3-70b-versatile
1112341,what is the daily life of thai people,religiously signed industralised lanceolate gorbachev campaign sundaravej adoptive,0.0,"The obfuscated text does not contain any information related to the daily life of Thai people, indicating no information leakage.",llama-3.3-70b-versatile
1112341,what is the daily life of thai people,squadron noise puddled pop-folk romance moderate g-music cinquefoil,0.0,"The obfuscated text does not contain any information related to the daily life of Thai people, indicating a very low information leakage.",llama-3.3-70b-versatile
1112341,what is the daily life of thai people,ious arum rhinoviruses embezzlement hawpe expert mexican richmond,0.0,"The obfuscated text does not contain any information related to the daily life of Thai people, indicating no information leakage.",llama-3.3-70b-versatile
1112341,what is the daily life of thai people,reading hartson (510) l kmt alamitos pertuan overath,0.0,"The obfuscated text does not contain any information related to the daily life of Thai people, indicating no information leakage.",llama-3.3-70b-versatile
833860,what is the most popular food in switzerland,wilpon gated pedals husted jarvik-7 u.n. oxyrhynchus suisse,0.0,"The obfuscated text does not contain any information related to the original text, which is about the most popular food in Switzerland. The obfuscated text appears to be a collection of unrelated words, including names, terms, and locations, that do not reveal any information about the original text.",llama-3.3-70b-versatile
833860,what is the most popular food in switzerland,cingular miss. nadler emmitt bxc5 revco duty swiss,0.2,"The obfuscated text does not contain any relevant information about the original text, which is 'what is the most popular food in switzerland'. The words in the obfuscated text are unrelated to the original text, indicating no information leakage.",llama-3.3-70b-versatile
833860,what is the most popular food in switzerland,menashe clause newspapers six-day 0.05 karlin kinase auxerre,0.0,"The obfuscated text does not contain any relevant information about the original text, which is 'what is the most popular food in switzerland'. The words in the obfuscated text are unrelated to the original text, indicating no information leakage.",llama-3.3-70b-versatile
833860,what is the most popular food in switzerland,pasuya celil cushions bayern prix cipriani violations malukus,0.0,"The obfuscated text does not contain any relevant information about the original text, which is 'what is the most popular food in switzerland'. The words in the obfuscated text are unrelated to the original text, indicating no information leakage.",llama-3.3-70b-versatile
833860,what is the most popular food in switzerland,les kolelas ndfb seizure campaign republic huntley allatoona,0.0,"The obfuscated text does not contain any relevant information about the original text, which is 'what is the most popular food in switzerland'. The words in the obfuscated text are unrelated to the original text, indicating no information leakage.",llama-3.3-70b-versatile
833860,what is the most popular food in switzerland,lawless greyhawk incurred vérendrye dickel 3.0-percent icsc committee,0.0,"The obfuscated text does not contain any relevant information about the original text, which is 'what is the most popular food in switzerland'. The obfuscated text appears to be a collection of unrelated words, including proper nouns and technical terms, that do not provide any insight into the original text. Therefore, the score is 0.0.",llama-3.3-70b-versatile
833860,what is the most popular food in switzerland,shougang rudonja prolapse competitions aqha nautile hilary jehad,0.0,"The obfuscated text does not contain any information related to the original text, which is about the most popular food in Switzerland. The obfuscated text appears to be a collection of random words, including names, locations, and terms from various fields, but none of them are related to food or Switzerland.",llama-3.3-70b-versatile
833860,what is the most popular food in switzerland,bacanovic berlanga u.s.-iraq spaces bocog loots long-form coruna,0.0,"The obfuscated text does not contain any information related to the original text, which is about the most popular food in Switzerland. The obfuscated text appears to be a collection of random words, including names, locations, and terms unrelated to food or Switzerland.",llama-3.3-70b-versatile
833860,what is the most popular food in switzerland,iroquois jvazquez hander gambier provident transat em.tv microcontrollers,0.0,"The obfuscated text does not contain any information related to the original text, which is about the most popular food in Switzerland. The obfuscated text appears to be a collection of random words, including proper nouns, that do not reveal any information about the original text.",llama-3.3-70b-versatile
833860,what is the most popular food in switzerland,43.69 platyninae cali dentate mitzvahs transhipment watauga temporary,0.0,"The obfuscated text does not contain any information related to the original text, which is about the most popular food in Switzerland. The score is 0 because there is no information leakage.",llama-3.3-70b-versatile
855410,what is theraderm used for,handsome past-president u.s.-iraqi kuwaiti beige,0.0,"The obfuscated text does not contain any relevant information about the original text, which is a question about the use of Theraderm. The words in the obfuscated text are unrelated to the original text, indicating a low information leakage score.",llama-3.3-70b-versatile
855410,what is theraderm used for,ljm radiologic pinthongta riske toll,0.1,"The obfuscated text 'ljm radiologic pinthongta riske toll' does not contain any recognizable words or phrases from the original text 'what is theraderm used for', indicating a very low information leakage score of 0.1",llama-3.3-70b-versatile
855410,what is theraderm used for,laughing transactions boveri urban-type event,0.1,"The obfuscated text does not contain any relevant information about the original text, which is 'what is theraderm used for'. The obfuscated text appears to be a collection of random words, indicating minimal information leakage.",llama-3.3-70b-versatile
855410,what is theraderm used for,truce kretschmann mircorp borland for,0.1,"The obfuscated text does not contain any relevant information from the original text, indicating minimal information leakage.",llama-3.3-70b-versatile
855410,what is theraderm used for,poaching clone guardino pernfors nanang,0.0,"The obfuscated text does not contain any relevant information from the original text, indicating minimal information leakage.",llama-3.3-70b-versatile
855410,what is theraderm used for,u.s.-picked kosachyov blk 34-month 30303,0.0,"The obfuscated text does not contain any relevant information about the original text 'what is theraderm used for'. The words in the obfuscated text are unrelated to the original text, indicating no information leakage.",llama-3.3-70b-versatile
855410,what is theraderm used for,chagonda sugared citroën cantonments airbus,0.0,"The obfuscated text does not contain any relevant information about the original text 'what is theraderm used for'. The words in the obfuscated text are unrelated to the original text, indicating no information leakage.",llama-3.3-70b-versatile
855410,what is theraderm used for,teaspoon kospi hausfeld royalties alimony,0.0,"The obfuscated text does not contain any relevant information about the original text 'what is theraderm used for'. The words in the obfuscated text are unrelated to the original text, indicating no information leakage.",llama-3.3-70b-versatile
855410,what is theraderm used for,azizul kawal subgenus moxley milosevski,0.0,"The obfuscated text does not contain any relevant information from the original text, indicating minimal information leakage.",llama-3.3-70b-versatile
855410,what is theraderm used for,"2,660 affricate 12-rounder genus amedeo",0.0,"The obfuscated text does not contain any relevant information from the original text, indicating minimal information leakage.",llama-3.3-70b-versatile
1110199,what is wifi vs bluetooth,batons mngomeni projective skibowl l2,0.0,"The obfuscated text does not contain any recognizable words or phrases from the original text, indicating a low level of information leakage.",llama-3.3-70b-versatile
1110199,what is wifi vs bluetooth,fault junichi school-leaving u21s repatriates,0.0,"The obfuscated text 'fault junichi school-leaving u21s repatriates' does not contain any recognizable words or phrases from the original text 'what is wifi vs bluetooth', indicating a very low information leakage.",llama-3.3-70b-versatile
1110199,what is wifi vs bluetooth,stalinesque vampire bhumi summit carnatic,0.0,"The obfuscated text does not contain any recognizable words or phrases from the original text, indicating a high level of obfuscation.",llama-3.3-70b-versatile
1110199,what is wifi vs bluetooth,bordry kuntz 8610 ouko gentlest,0.0,"The obfuscated text does not contain any recognizable words or phrases from the original text, indicating a high level of obfuscation.",llama-3.3-70b-versatile
1110199,what is wifi vs bluetooth,70.85 medak enersis champions winkeljohn,0.0,"The obfuscated text does not contain any recognizable words or phrases related to the original text, indicating a high level of obfuscation.",llama-3.3-70b-versatile
1110199,what is wifi vs bluetooth,buckmaster gladstein stylewatch 7.84 cordless,0.0,"The obfuscated text does not contain any recognizable words or phrases from the original text, indicating a high level of obfuscation.",llama-3.3-70b-versatile
1110199,what is wifi vs bluetooth,ticket debub ziggy bbwaa receivable,0.0,"The obfuscated text does not contain any recognizable words or phrases related to the original text 'what is wifi vs bluetooth', indicating a very low information leakage.",llama-3.3-70b-versatile
1110199,what is wifi vs bluetooth,fbi einaudi lzr finegan 197.5,0.0,"The obfuscated text does not contain any information related to the original text 'what is wifi vs bluetooth'. The words in the obfuscated text are unrelated to the original text, indicating no information leakage.",llama-3.3-70b-versatile
1110199,what is wifi vs bluetooth,presidente sandgrouse polytopes latortue najibullah,0.0,"The obfuscated text does not contain any information related to the original text 'what is wifi vs bluetooth', so the score is 0",llama-3.3-70b-versatile
1110199,what is wifi vs bluetooth,"fazlullah cnn-ibn zue 1,000-metre flatts",0.0,"The obfuscated text does not contain any information related to the original text 'what is wifi vs bluetooth'. The words are completely unrelated, indicating no information leakage.",llama-3.3-70b-versatile
915593,what types of food can you cook sous vide,acrolepiidae 14-over 100-year 279-4000 43.29 101.8 stagecoach octuplets valvoline,0.0,"The obfuscated text does not contain any information related to the original text, which is about cooking food sous vide. The obfuscated text appears to be a collection of random words and numbers, indicating no information leakage.",llama-3.3-70b-versatile
915593,what types of food can you cook sous vide,schedded taliban kpa insects fiercely monica planeta medelci preah,0.0,"The obfuscated text does not contain any relevant information from the original text, indicating minimal information leakage.",llama-3.3-70b-versatile
915593,what types of food can you cook sous vide,pakistani undivided unica teresi perching korean audiences 34-nation monks,0.0,"The obfuscated text does not contain any relevant information about cooking sous vide, and the words appear to be randomly chosen, indicating minimal information leakage.",llama-3.3-70b-versatile
915593,what types of food can you cook sous vide,"start struhs darrent comings 110-story 380,000-dollar touchdowns decompress quebeckers",0.0,"The obfuscated text does not contain any relevant information about cooking sous vide, and the words appear to be randomly chosen, indicating very little to no information leakage from the original text.",llama-3.3-70b-versatile
915593,what types of food can you cook sous vide,pneumonia 2-car jcaho pullbacks swabi receptor quarter dominici schema,0.0,"The obfuscated text does not contain any relevant information related to the original text, which is about cooking sous vide. The obfuscated text appears to be a collection of random words, including medical terms, proper nouns, and unrelated concepts, indicating no information leakage.",llama-3.3-70b-versatile
915593,what types of food can you cook sous vide,sppf brief kempthorne eds mantiri (816) et learnings gugsa,0.0,"The obfuscated text does not contain any relevant information related to the original text, which is about cooking sous vide. The obfuscated text appears to be a collection of random words, including names, locations, and terms from various fields, with no discernible connection to the original text.",llama-3.3-70b-versatile
915593,what types of food can you cook sous vide,wirtschaft abney tomakomai employees undernourished megahed episcopalians shahrak-e acheulean,0.0,"The obfuscated text does not contain any relevant information related to the original text, which is about cooking sous vide. The obfuscated text appears to be a collection of random words, including names, locations, and terms from various fields, with no discernible connection to the original text.",llama-3.3-70b-versatile
915593,what types of food can you cook sous vide,custis descending extratropical fktu 83-year heartfelt corzine pression kasparov,0.0,"The obfuscated text does not contain any relevant information related to the original text, which is about cooking sous vide. The obfuscated text appears to be a collection of random words, including names, locations, and terms from various fields, with no discernible connection to the original text.",llama-3.3-70b-versatile
915593,what types of food can you cook sous vide,basalt cosmopolitan botomian narcotics ladens usba attender meurthe softbank,0.0,"The obfuscated text does not contain any relevant information related to the original text, which is about cooking sous vide. The obfuscated text appears to be a collection of random words, including proper nouns, locations, and terms from various fields, but none of them are related to cooking or food.",llama-3.3-70b-versatile
915593,what types of food can you cook sous vide,warblers features seal chimanikire kongra bpd a330s wtsi colostomy,0.0,"The obfuscated text does not contain any relevant information related to the original text, indicating no information leakage.",llama-3.3-70b-versatile
962179,when was the salvation army founded,johnny clever yakama fenestra shells santo,0.0,"The obfuscated text does not contain any information related to the original text, which is 'when was the salvation army founded'. The words in the obfuscated text are unrelated to the original text, indicating no information leakage.",llama-3.3-70b-versatile
962179,when was the salvation army founded,raanan bus interdental salvation wounding mahmoudiya,0.2,"The obfuscated text contains the word 'salvation', which is also present in the original text, indicating some information leakage. However, the context and other words are completely different, suggesting that the leakage is not complete.",llama-3.3-70b-versatile
962179,when was the salvation army founded,del sasac h-2a mandurah promulgates jornal,0.2,"The obfuscated text does not contain any relevant information from the original text, but 'salvation' is present in the obfuscated text, indicating some information leakage.",llama-3.3-70b-versatile
962179,when was the salvation army founded,kristina wellink eramet tanweer disparaging chidchob,0.0,"The obfuscated text does not contain any information related to the original text, which is 'when was the salvation army founded'. The words in the obfuscated text are unrelated to the original text, indicating no information leakage.",llama-3.3-70b-versatile
962179,when was the salvation army founded,capriati holum sol leyte allaying patent,0.0,"The obfuscated text does not contain any information related to the founding of the Salvation Army, so the score is 0",llama-3.3-70b-versatile
962179,when was the salvation army founded,sang doneness anti-ballistic trek tilsley 1-yard,0.2,"The obfuscated text does not contain any relevant information about the founding of the Salvation Army, but it does contain the word 'salvation' which is related to the original text.",llama-3.3-70b-versatile
962179,when was the salvation army founded,sentence integer befor www.whitehouse.gov 155mm northward,0.2,"The obfuscated text does not contain any relevant information about the founding of the Salvation Army, but it does contain the word 'salvation' which is related to the original text.",llama-3.3-70b-versatile
962179,when was the salvation army founded,sternest 1-for-4 berom 101-99 four-star released,0.0,"The obfuscated text does not contain any relevant information about the founding of the Salvation Army, so the score is 0",llama-3.3-70b-versatile
962179,when was the salvation army founded,faezeh charadriiformes 2:06 6-car mahre marshalled,0.0,"The obfuscated text does not contain any information related to the founding of the Salvation Army, so the score is 0",llama-3.3-70b-versatile
962179,when was the salvation army founded,fatah zahir manganese home-field procures capillary,0.0,"The obfuscated text does not contain any information related to the founding of the Salvation Army, so the score is 0",llama-3.3-70b-versatile
1103812,who formed the commonwealth of independent states,allback eurodance gilks hih crawlies electrolux kl,0.0,"The obfuscated text does not contain any information related to the original text, indicating no information leakage.",llama-3.3-70b-versatile
1103812,who formed the commonwealth of independent states,humala utc-6 cross-ownership hindin capita aioc sergeants,0.0,"The obfuscated text does not contain any information related to the original text, which is about the formation of the Commonwealth of Independent States. The obfuscated text appears to be a collection of unrelated words, indicating no information leakage.",llama-3.3-70b-versatile
1103812,who formed the commonwealth of independent states,textiles alpirez zoning efficiency gov. broadcaster muirfield,0.0,"The obfuscated text does not contain any relevant information from the original text, indicating no information leakage.",llama-3.3-70b-versatile
1103812,who formed the commonwealth of independent states,facs fulling l reais khum bainimarama coudert,0.0,"The obfuscated text does not contain any relevant information from the original text, indicating no information leakage.",llama-3.3-70b-versatile
1103812,who formed the commonwealth of independent states,caesareans upazila massoud chogm airing haramain grumet,0.0,"The obfuscated text does not contain any relevant information from the original text, indicating no information leakage.",llama-3.3-70b-versatile
1103812,who formed the commonwealth of independent states,estas nld volcanic single-elimination colter electricity khalilzad,0.0,"The obfuscated text does not contain any relevant information from the original text, indicating no information leakage.",llama-3.3-70b-versatile
1103812,who formed the commonwealth of independent states,f convection splits johnstone elapses horwill encoded,0.0,"The obfuscated text does not contain any relevant information from the original text, indicating no information leakage.",llama-3.3-70b-versatile
1103812,who formed the commonwealth of independent states,counties heysel pentagon chebeya data jeetan upbeat,0.0,"The obfuscated text does not contain any relevant information from the original text, indicating no information leakage.",llama-3.3-70b-versatile
1103812,who formed the commonwealth of independent states,ohio mezzo-soprano maidstone dubray approximately fibrillation tax,0.0,"The obfuscated text does not contain any relevant information from the original text, indicating no information leakage.",llama-3.3-70b-versatile
1103812,who formed the commonwealth of independent states,kalam mantises hiring moggi cheesecloth ivone muntazer,0.0,"The obfuscated text does not contain any relevant information from the original text, indicating no information leakage.",llama-3.3-70b-versatile
1037798,who is robert gray,graz vlsi dubilier bah,0.1,"The obfuscated text does not contain any recognizable words or phrases from the original text, indicating a low level of information leakage.",llama-3.3-70b-versatile
1037798,who is robert gray,"1,191 camelback sexually aoti",0.1,"The obfuscated text does not contain any recognizable words or phrases from the original text, indicating a low level of information leakage.",llama-3.3-70b-versatile
1037798,who is robert gray,pascal hyphae upali jakaya,0.1,"The obfuscated text does not contain any recognizable words or phrases from the original text, indicating minimal information leakage.",llama-3.3-70b-versatile
1037798,who is robert gray,pragyan normalize loch pedal,0.1,"The obfuscated text 'pragyan normalize loch pedal' does not contain any recognizable words or phrases from the original text 'who is robert gray', indicating minimal information leakage.",llama-3.3-70b-versatile
1037798,who is robert gray,leptin p.l. 20006 zahorchak,0.1,"The obfuscated text does not contain any recognizable words or phrases from the original text, indicating minimal information leakage.",llama-3.3-70b-versatile
1037798,who is robert gray,indexes rotavirus yatim citicorp,0.0,"The obfuscated text 'indexes rotavirus yatim citicorp' does not contain any recognizable information from the original text 'who is robert gray', thus the score is 0",llama-3.3-70b-versatile
1037798,who is robert gray,someone remaining sicheianytimes.com 250-seat,0.0,The obfuscated text does not contain any information related to the original text 'who is robert gray'.,llama-3.3-70b-versatile
1037798,who is robert gray,cellars gt1 urban-rural displaysearch,0.0,The obfuscated text does not contain any information related to the original text 'who is robert gray'.,llama-3.3-70b-versatile
1037798,who is robert gray,15.60 procreation stepleman fertilized,0.0,The obfuscated text does not contain any information related to the original text 'who is robert gray'.,llama-3.3-70b-versatile
1037798,who is robert gray,newsfeature oilseed southwell clipped,0.0,The obfuscated text does not contain any information related to the original text 'who is robert gray'.,llama-3.3-70b-versatile
1063750,why did the us volunterilay enter ww1,playwrights seat södra mahkota hotmail.com trover demographers,0.0,"The obfuscated text does not contain any information from the original text, indicating no information leakage.",llama-3.3-70b-versatile
1063750,why did the us volunterilay enter ww1,milenio lobacheva child sikharulidze 88-member seeds euro120,0.0,"The obfuscated text does not contain any information related to the original text, indicating no information leakage.",llama-3.3-70b-versatile
1063750,why did the us volunterilay enter ww1,ghobadi gemina alberta hilarie ancona stefanou ethnocultural,0.0,"The obfuscated text does not contain any information related to the original text, indicating no information leakage.",llama-3.3-70b-versatile
1063750,why did the us volunterilay enter ww1,usopen mwangura species hollyoaks 9-10th cinemascore notimex,0.0,"The obfuscated text does not contain any information related to the original text, indicating no information leakage.",llama-3.3-70b-versatile
1063750,why did the us volunterilay enter ww1,zsa 3407 engineman debtholders euro121 retevision senkaku,0.0,"The obfuscated text does not contain any relevant information from the original text, indicating minimal information leakage.",llama-3.3-70b-versatile
1063750,why did the us volunterilay enter ww1,communications emphatically flynt postmarks 20.60 miocene cianci,0.0,"The obfuscated text does not contain any relevant information from the original text, indicating minimal information leakage.",llama-3.3-70b-versatile
1063750,why did the us volunterilay enter ww1,lario contain ballenas busload rsmc plead stouffville,0.0,"The obfuscated text does not contain any information related to the original text, indicating no information leakage.",llama-3.3-70b-versatile
1063750,why did the us volunterilay enter ww1,cognitive tankōbon screen armario blueprint glamoc www.boston.com,0.0,"The obfuscated text does not contain any relevant information from the original text, indicating minimal to no information leakage.",llama-3.3-70b-versatile
1063750,why did the us volunterilay enter ww1,redshirted roswell playing wwd njg abstracts hfs,0.0,"The obfuscated text does not contain any relevant information from the original text, indicating no information leakage.",llama-3.3-70b-versatile
1063750,why did the us volunterilay enter ww1,"firebomb seattle 2,100-mile base yahn ozone u-2",0.0,"The obfuscated text does not contain any information related to the original text, indicating no information leakage.",llama-3.3-70b-versatile
