id,text,obfuscatedText,score,justification,model
19335,anthropological definition of environment,sociological standard of environments,0.6,"The obfuscated text 'sociological standard of environments' still conveys a similar meaning to the original text 'anthropological definition of environment', but with some changes in wording, indicating a moderate level of information leakage.",llama-3.3-70b-versatile
19335,anthropological definition of environment,ethnological definitions of environments,0.7,"The obfuscated text 'ethnological definitions of environments' is similar to the original text 'anthropological definition of environment' with some changes in wording, indicating a moderate level of information leakage.",llama-3.3-70b-versatile
19335,anthropological definition of environment,ethnological definition the environments,0.7,"The obfuscated text 'ethnological definition the environments' is similar to the original text 'anthropological definition of environment' but with some changes in wording, indicating a moderate level of information leakage.",llama-3.3-70b-versatile
19335,anthropological definition of environment,sociological definitions part environment,0.6,"The obfuscated text 'sociological definitions part environment' still conveys the core concept of the original text 'anthropological definition of environment', but with some changes in wording and specificity, thus scoring 0.6 for information leakage",llama-3.3-70b-versatile
19335,anthropological definition of environment,ethnological definitions initial environment,0.8,"The obfuscated text 'ethnological definitions initial environment' still conveys the core concept of the original text 'anthropological definition of environment', with a change in the field of study from 'anthropological' to 'ethnological' and a slight modification in wording, thus indicating a significant information leakage.",llama-3.3-70b-versatile
19335,anthropological definition of environment,ethnographic definition the environments,0.6,"The obfuscated text 'ethnographic definition the environments' is similar to the original text 'anthropological definition of environment' but with some changes in wording, indicating a moderate level of information leakage.",llama-3.3-70b-versatile
19335,anthropological definition of environment,sociological definitions of environment,0.6,"The obfuscated text 'sociological definitions of environment' is similar to the original text 'anthropological definition of environment' with some changes in words, but the overall meaning is preserved, indicating a moderate level of information leakage.",llama-3.3-70b-versatile
19335,anthropological definition of environment,ethnology defined the environment,0.6,"The obfuscated text 'ethnology defined the environment' is similar to the original text 'anthropological definition of environment' but with some changes in wording, indicating a moderate level of information leakage.",llama-3.3-70b-versatile
19335,anthropological definition of environment,sociological defines the environmental,0.7,"The obfuscated text 'sociological defines the environmental' has similar meaning to the original text 'anthropological definition of environment', but with some changes in wording and terminology, indicating a moderate level of information leakage.",llama-3.3-70b-versatile
19335,anthropological definition of environment,anthropological interpreted the environments,0.8,"The obfuscated text 'anthropological interpreted the environments' is very similar to the original text 'anthropological definition of environment', with only minor changes in wording, indicating a high level of information leakage.",llama-3.3-70b-versatile
47923,axon terminals or synaptic knob definition,dendrites terminal either synapses gearshift definition,0.6,"The obfuscated text still contains key terms related to the original text, such as 'terminal' and 'synapses', which are crucial for understanding the concept of axon terminals or synaptic knobs. However, some terms have been replaced or modified, reducing the information leakage. The score is 0.6 because while the obfuscated text does not directly reveal the original text, it still conveys some relevant information.",llama-3.3-70b-versatile
47923,axon terminals or synaptic knob definition,third-parties terminals instead plasticity knobs defined,0.4,"The obfuscated text still contains key terms related to the original text, such as 'terminals' and 'definition', indicating some information leakage. However, the context and specific details have been altered, reducing the leakage. Score is 0.4.",llama-3.3-70b-versatile
47923,axon terminals or synaptic knob definition,axonal terminal either plasticity knobs defines,0.6,"The obfuscated text 'axonal terminal either plasticity knobs defines' still contains key terms related to the original text 'axon terminals or synaptic knob definition', such as 'terminal', 'plasticity', and 'knobs', which are related to the concepts of axon terminals and synaptic knobs. However, some terms have been altered or added, reducing the direct information leakage. The score is 0.6 because while the obfuscated text does not directly reveal the original text, it still conveys related information.",llama-3.3-70b-versatile
47923,axon terminals or synaptic knob definition,synapse terminal either presynaptic knobs definitions,0.8,"The obfuscated text still contains key terms related to the original text, such as 'terminal', 'knobs', and 'definitions', indicating a significant amount of information leakage.",llama-3.3-70b-versatile
47923,axon terminals or synaptic knob definition,axon terminal either synaptic knobs defines,0.8,"The obfuscated text is very similar to the original text, with only minor changes in wording, indicating a high level of information leakage.",llama-3.3-70b-versatile
47923,axon terminals or synaptic knob definition,"2,260 terminal either synaptic knob definitions",0.8,"The obfuscated text still contains the key terms 'terminal', 'synaptic', and 'knob', which are present in the original text, indicating a significant information leakage.",llama-3.3-70b-versatile
47923,axon terminals or synaptic knob definition,synapse terminals either synaptic http://www.nifc.gov/ definition,0.6,"The obfuscated text still contains the key terms 'synapse', 'terminals', and 'synaptic', which are closely related to the original text 'axon terminals or synaptic knob definition'. However, the addition of 'http://www.nifc.gov/' seems unrelated to the original text, and the word 'definition' is present in both texts. The score is 0.6 because the obfuscated text partially preserves the original meaning but introduces unrelated information.",llama-3.3-70b-versatile
47923,axon terminals or synaptic knob definition,axon terminal rather synaptic knobs definition,0.8,"The obfuscated text still contains key terms related to the original text, such as 'axon terminal' and 'synaptic knobs', indicating a significant amount of information leakage.",llama-3.3-70b-versatile
47923,axon terminals or synaptic knob definition,presynaptic terminals or synapse knobs definition,0.8,"The obfuscated text still contains key terms related to the original text, such as 'presynaptic', 'terminals', 'synapse', and 'knobs', indicating a significant amount of information leakage.",llama-3.3-70b-versatile
47923,axon terminals or synaptic knob definition,axons terminals rather synaptic knobs defined,0.8,"The obfuscated text still contains key terms related to the original text, such as 'axons', 'terminals', 'synaptic', and 'knobs', indicating a significant amount of information leakage.",llama-3.3-70b-versatile
87181,causes of left ventricular hypertrophy,cause bringing right ventricular b-raf,0.4,"The obfuscated text still contains the word 'ventricular' and 'cause', which are present in the original text, indicating some information leakage. However, the word 'left' is replaced with 'right' and 'hypertrophy' is replaced with 'b-raf', which reduces the information leakage. Therefore, a score of 0.4 is assigned.",llama-3.3-70b-versatile
87181,causes of left ventricular hypertrophy,cause brought leaving atrial dilatation,0.4,"The obfuscated text still contains the word 'cause' and 'leaving' which is similar to 'left', and 'atrial dilatation' is related to heart conditions, indicating some information leakage from the original text.",llama-3.3-70b-versatile
87181,causes of left ventricular hypertrophy,cause the leaving ventricular hyperplasia,0.6,"The obfuscated text still contains the word 'cause' and 'leaving ventricular', which are similar to the original text 'causes of left ventricular hypertrophy'. However, 'leaving' instead of 'left' and 'hyperplasia' instead of 'hypertrophy' indicate some level of obfuscation. The score is 0.6 because while some information is still present, the changes made to the text do reduce the clarity of the original information.",llama-3.3-70b-versatile
87181,causes of left ventricular hypertrophy,causes the leaving atrial hypertrophy,0.4,"The obfuscated text still contains the word 'causes' and 'hypertrophy' which are present in the original text, but 'left ventricular' has been replaced with 'leaving atrial', indicating some information leakage. However, the meaning has been altered significantly, so the score is not 1.",llama-3.3-70b-versatile
87181,causes of left ventricular hypertrophy,cause making leaving atrial hypertrophy,0.6,"The obfuscated text still contains the word 'hypertrophy' and 'atrial' which are related to the original text 'causes of left ventricular hypertrophy', but with some changes, so the score is 0.6",llama-3.3-70b-versatile
87181,causes of left ventricular hypertrophy,cause the left atrial hypertrophy,0.6,"The obfuscated text still contains the word 'hypertrophy' and 'left', which are present in the original text, indicating some information leakage. However, 'atrial' is used instead of 'ventricular', which reduces the information leakage.",llama-3.3-70b-versatile
87181,causes of left ventricular hypertrophy,cause of leaving atrial hyperplasia,0.4,"The obfuscated text still contains the word 'cause' and 'atrial hypertrophy' which are related to the original text, but 'left' is replaced with 'leaving' and 'ventricular' is replaced with 'atrial', indicating some information leakage. However, the meaning is altered, so it's not complete leakage.",llama-3.3-70b-versatile
87181,causes of left ventricular hypertrophy,cause part leaving atrial hypertrophy,0.4,"The obfuscated text still contains the word 'cause' and 'atrial hypertrophy' which are related to the original text, but 'left ventricular' has been changed to 'atrial', indicating some information leakage. However, the key terms 'left' and 'ventricular' are missing, and 'hypertrophy' is preserved, thus the score is 0.4",llama-3.3-70b-versatile
87181,causes of left ventricular hypertrophy,cause what leaving atrial hypertrophy,0.4,"The obfuscated text still contains the word 'cause' and 'hypertrophy', but changes 'left ventricular' to 'leaving atrial', indicating some information leakage. However, the change in location from 'ventricular' to 'atrial' and the addition of 'leaving' instead of 'left' reduces the leakage. Score: 0.4",llama-3.3-70b-versatile
87181,causes of left ventricular hypertrophy,cause the leaving atrial hyperplasia,0.4,"The obfuscated text still contains the word 'cause' and 'hypertrophy' or 'hyperplasia' which are related to the original text, but 'left ventricular' is replaced with 'leaving atrial', indicating some information leakage, but not complete.",llama-3.3-70b-versatile
87452,causes of military suicide,causes the military attack,0.7,"The obfuscated text still contains the word 'causes' and 'military', which are key components of the original text, indicating a significant information leakage. However, the word 'suicide' has been replaced with 'attack', which changes the context and reduces the information leakage to some extent.",llama-3.3-70b-versatile
87452,causes of military suicide,cause the army bombers,0.4,"The obfuscated text still contains the word 'cause' which is similar to 'causes' in the original text, and 'army' which is related to 'military', indicating some information leakage",llama-3.3-70b-versatile
87452,causes of military suicide,cause one army attacker,0.4,"The obfuscated text still contains the word 'cause' and 'army', which is related to the original text 'causes of military suicide'. However, the meaning has been altered to 'cause one army attacker', which is not directly related to the original text. The score is 0.4 because some information is still present, but the context has been significantly changed.",llama-3.3-70b-versatile
87452,causes of military suicide,causes around army killing,0.6,"The obfuscated text still conveys the idea of a negative event related to the military, but the specifics are altered, indicating some information leakage.",llama-3.3-70b-versatile
87452,causes of military suicide,"cause , forces killing",0.6,"The obfuscated text still contains the word 'cause' and 'killing' which are related to the original text 'causes of military suicide', indicating some information leakage.",llama-3.3-70b-versatile
87452,causes of military suicide,cause and military killing,0.8,"The obfuscated text still contains the word 'military' and 'killing' which are closely related to the original text 'causes of military suicide', indicating a significant information leakage.",llama-3.3-70b-versatile
87452,causes of military suicide,cause the army bomb,0.6,"The obfuscated text still contains the word 'cause' and 'army' or 'military' which are present in the original text, indicating some information leakage",llama-3.3-70b-versatile
87452,causes of military suicide,causes part civilian attack,0.4,"The obfuscated text still contains the word 'causes' and 'attack' which are similar to the original text 'causes of military suicide', indicating some information leakage. However, the context has been altered to 'civilian attack' which is different from 'military suicide'.",llama-3.3-70b-versatile
87452,causes of military suicide,causes in military suicide,0.8,"The obfuscated text still contains the words 'causes' and 'military' and 'suicide' which are present in the original text, indicating significant information leakage",llama-3.3-70b-versatile
87452,causes of military suicide,causes . forces killing,0.8,"The obfuscated text still contains the word 'causes' and 'forces killing' which is similar to the original text 'causes of military suicide', indicating a high level of information leakage",llama-3.3-70b-versatile
104861,cost of interior concrete flooring,costing including interior concrete laminate,0.6,"The obfuscated text still contains key words such as 'interior' and 'concrete', which are present in the original text, indicating some information leakage. However, the addition of 'laminate' and change from 'cost' to 'costing including' reduces the direct similarity, thus the score is not 1. The score of 0.6 reflects a moderate level of information leakage.",llama-3.3-70b-versatile
104861,cost of interior concrete flooring,cost the exterior steps hardwood,0.3,"The obfuscated text 'cost the exterior steps hardwood' has some similarity to the original text 'cost of interior concrete flooring' in terms of the word 'cost', but the rest of the words are different, indicating a moderate level of information leakage.",llama-3.3-70b-versatile
104861,cost of interior concrete flooring,costs part ministry concrete .70952,0.4,"The obfuscated text 'costs part ministry concrete .70952' has some similarity to the original text 'cost of interior concrete flooring' in terms of the word 'cost' and 'concrete', but the context and other words are different, indicating partial information leakage.",llama-3.3-70b-versatile
104861,cost of interior concrete flooring,cost the interior building laminate,0.6,"The obfuscated text still contains the word 'cost' and 'interior', which are present in the original text, but it has replaced 'concrete' with 'laminate' and 'flooring' with 'building', indicating some information leakage, but not complete.",llama-3.3-70b-versatile
104861,cost of interior concrete flooring,costing the meanwhile concrete hardwood,0.4,"The obfuscated text still contains the word 'concrete' and 'costing' which is similar to 'cost', indicating some information leakage, but the context and other words are different, so it's not complete leakage",llama-3.3-70b-versatile
104861,cost of interior concrete flooring,costing as interior structure laminate,0.6,"The obfuscated text still contains the word 'costing' and 'interior' and 'laminate' which are related to the original text, but some words are changed or added, so the information leakage score is 0.6",llama-3.3-70b-versatile
104861,cost of interior concrete flooring,pay of ministry precast paneling,0.2,"The obfuscated text 'pay of ministry precast paneling' has some similar words to the original text 'cost of interior concrete flooring', but the meaning is significantly different. The word 'pay' is similar to 'cost', 'ministry' is unrelated to 'interior', 'precast' is related to concrete, and 'paneling' is different from 'flooring'. The score is 0.2 because some words are similar, but the overall meaning is not.",llama-3.3-70b-versatile
104861,cost of interior concrete flooring,costing the ministry walls tile,0.4,"The obfuscated text still contains the word 'costing' and 'ministry' which are related to the original text 'cost of interior concrete flooring', but the context and other words have changed significantly, indicating some information leakage but not complete.",llama-3.3-70b-versatile
104861,cost of interior concrete flooring,costs of ministry concrete tile,0.4,"The obfuscated text still contains the word 'concrete' and 'ministry' which are present in the original text, but the context and other words are different, indicating some information leakage",llama-3.3-70b-versatile
104861,cost of interior concrete flooring,cost of exterior paved tile,0.4,"The obfuscated text still contains the word 'cost' and 'concrete' is replaced with 'paved tile' which is a related concept, but the context of 'interior' is lost and 'flooring' is replaced with 'paved tile' which is a different type of flooring, thus the score is 0.4",llama-3.3-70b-versatile
1106007,define visceral?,definitions 31.51,0.5,"The obfuscated text does not reveal the original text's meaning, but it does contain a number that could potentially be related to the definition of visceral, thus a moderate score of 0.5 is given",llama-3.3-70b-versatile
1106007,define visceral?,define preceding,0.5,"The obfuscated text 'define preceding' still contains the word 'define' which is present in the original text 'define visceral?', thus indicating some information leakage. However, the word 'visceral' is not present in the obfuscated text, which reduces the information leakage. Considering this, a score of 0.5 is assigned.",llama-3.3-70b-versatile
1106007,define visceral?,define undermine,0.4,"The obfuscated text 'define undermine' still contains the keyword 'define' which is present in the original text 'define visceral?', indicating some information leakage. However, the term 'undermine' is unrelated to 'visceral', suggesting partial information leakage.",llama-3.3-70b-versatile
1106007,define visceral?,transform crookedly,0.2,"The obfuscated text 'transform crookedly' does not convey the same meaning as the original text 'define visceral?', thus the information leakage is low.",llama-3.3-70b-versatile
1106007,define visceral?,relationships 46,0.0,"The obfuscated text does not contain any information related to the original text 'define visceral?', thus the score is 0",llama-3.3-70b-versatile
1106007,define visceral?,defining father,0.4,"The obfuscated text 'defining father' still contains the word 'defining' which is close to the original text 'define visceral', indicating some information leakage.",llama-3.3-70b-versatile
1106007,define visceral?,define reduce,0.5,"The obfuscated text 'define reduce' still contains the word 'define' which is present in the original text 'define visceral?', indicating some information leakage. However, the word 'reduce' is different from 'visceral', so the leakage is not complete.",llama-3.3-70b-versatile
1106007,define visceral?,defined mccreery,0.0,"The obfuscated text 'defined mccreery' does not contain any information related to the original text 'define visceral?', thus the score is 0",llama-3.3-70b-versatile
1106007,define visceral?,defining stuck,0.0,"The obfuscated text 'defining stuck' does not reveal any information about the original text 'define visceral?', so the score is 0",llama-3.3-70b-versatile
1106007,define visceral?,defined endophytic,0.0,"The obfuscated text 'defined endophytic' does not reveal any information about the original text 'define visceral?', so the score is 0",llama-3.3-70b-versatile
130510,definition declaratory judgment,definition injunctive judgment,0.7,"The obfuscated text has replaced the word 'declaratory' with 'injunctive', which is a related but distinct legal term, indicating some information leakage but not complete, as the context and general meaning are preserved.",llama-3.3-70b-versatile
130510,definition declaratory judgment,defined injunctive judgement,0.6,"The obfuscated text 'defined injunctive judgement' has a similar structure to the original text 'definition declaratory judgment', but with some changes in wording, indicating a moderate level of information leakage.",llama-3.3-70b-versatile
130510,definition declaratory judgment,defined injunctive judgement,0.7,"The obfuscated text has similar meaning to the original text but with some changes in wording, indicating partial information leakage.",llama-3.3-70b-versatile
130510,definition declaratory judgment,defined declaratory judgement,0.9,"The obfuscated text is very similar to the original text, with only a slight modification from 'definition' to 'defined' and 'judgment' to 'judgement', indicating a high level of information leakage.",llama-3.3-70b-versatile
130510,definition declaratory judgment,instance injunctive judgment,0.6,"The obfuscated text 'instance injunctive judgment' has some differences from the original text 'definition declaratory judgment', with changes in the words 'instance' instead of 'definition' and 'injunctive' instead of 'declaratory', but the word 'judgment' remains the same, indicating a moderate level of information leakage",llama-3.3-70b-versatile
130510,definition declaratory judgment,defines injunctive judgment,0.5,"The obfuscated text 'defines injunctive judgment' has changed the word 'definition' to 'defines' and 'declaratory' to 'injunctive', indicating some information leakage, but the core concept of 'judgment' remains, so the score is 0.5",llama-3.3-70b-versatile
130510,definition declaratory judgment,defined declaratory judgement,0.9,"The obfuscated text 'defined declaratory judgement' is very similar to the original text 'definition declaratory judgment', with only minor changes in wording, indicating a high level of information leakage.",llama-3.3-70b-versatile
130510,definition declaratory judgment,defined declaratory judgement,0.9,"The obfuscated text 'defined declaratory judgement' is very similar to the original text 'definition declaratory judgment', with only minor changes in wording, indicating a high level of information leakage.",llama-3.3-70b-versatile
130510,definition declaratory judgment,definition injunctive judgement,0.8,"The obfuscated text 'definition injunctive judgement' is similar to the original text 'definition declaratory judgment' with only one word changed, indicating a high level of information leakage.",llama-3.3-70b-versatile
130510,definition declaratory judgment,definition injunctive judgement,0.5,"The obfuscated text has changed 'declaratory' to 'injunctive' but kept 'definition' and 'judgement' the same, indicating some information leakage",llama-3.3-70b-versatile
131843,definition of a sigmet,definitions one another dabei,0.4,"The obfuscated text does not convey the same meaning as the original text, but some keywords are similar, indicating partial information leakage.",llama-3.3-70b-versatile
131843,definition of a sigmet,defined instance a dardel,0.4,"The obfuscated text 'defined instance a dardel' still conveys the idea of a definition, but the context and specifics are lost, thus a moderate information leakage score of 0.4 is assigned",llama-3.3-70b-versatile
131843,definition of a sigmet,definitions whose another parnassos,0.4,"The obfuscated text 'definitions whose another parnassos' still contains the word 'definitions' which is similar to the original text 'definition of a sigmet', indicating some information leakage. However, the rest of the text is quite different, so the leakage is not complete.",llama-3.3-70b-versatile
131843,definition of a sigmet,definitions within another taube,0.6,"The obfuscated text still contains the word 'definitions' which is similar to the original text 'definition', and 'another' which is also present in the original text, indicating some information leakage",llama-3.3-70b-versatile
131843,definition of a sigmet,definitions of another piratical,0.6,"The obfuscated text still contains the word 'definitions' and 'of' and 'another', which are present in the original text, indicating some information leakage",llama-3.3-70b-versatile
131843,definition of a sigmet,defined such a midland,0.4,"The obfuscated text 'defined such a midland' has some similarity to the original text 'definition of a sigmet' in terms of the word 'defined' and 'a', but the meaning and context are significantly different, indicating moderate information leakage.",llama-3.3-70b-versatile
131843,definition of a sigmet,defines well another blisworth,0.2,"The obfuscated text 'defines well another blisworth' does not convey the same meaning as the original text 'definition of a sigmet', but it does contain the word 'defines' which is related to 'definition', thus the score is 0.2",llama-3.3-70b-versatile
131843,definition of a sigmet,definitions the a bounds,0.4,"The obfuscated text 'definitions the a bounds' still contains the word 'definitions' which is similar to the original text 'definition of a sigmet', indicating some information leakage. However, the rest of the text is quite different, so the leakage is not complete.",llama-3.3-70b-versatile
131843,definition of a sigmet,defines the another humaid,0.4,"The obfuscated text 'defines the another humaid' has some similarity to the original text 'definition of a sigmet' with 'defines' and 'definition' being similar, but the rest of the text is quite different, indicating moderate information leakage.",llama-3.3-70b-versatile
131843,definition of a sigmet,applies of another dismount,0.2,"The obfuscated text 'applies of another dismount' does not contain any similar words or phrases to the original text 'definition of a sigmet', indicating a low information leakage score of 0.2.",llama-3.3-70b-versatile
146187,difference between a mcdouble and a double cheeseburger,difference both a prioritized brought another double cheeseburger,0.7,"The obfuscated text still contains the key words 'difference', 'double', and 'cheeseburger', which are present in the original text, indicating a significant amount of information leakage. However, the addition of 'prioritized brought another' introduces some level of obfuscation, reducing the score from 1. Therefore, a score of 0.7 is assigned, reflecting a moderate to high level of information leakage.",llama-3.3-70b-versatile
146187,difference between a mcdouble and a double cheeseburger,difference between another kato and another third cheeseburger,0.4,"The obfuscated text still conveys the general idea of comparing two items, but the specific details are altered, with 'mcdouble' replaced by 'kato' and 'double cheeseburger' remaining similar but not identical. This suggests some information leakage, but not complete, as the original meaning is still partially obscured.",llama-3.3-70b-versatile
146187,difference between a mcdouble and a double cheeseburger,evident both another iilm both another doubled cheeseburgers,0.4,"The obfuscated text still contains the word 'cheeseburgers' which is similar to the original text 'double cheeseburger', indicating some information leakage. However, the context and other words have been changed, reducing the leakage.",llama-3.3-70b-versatile
146187,difference between a mcdouble and a double cheeseburger,difference july a lazarsfeld well a triple cheeseburgers,0.4,"The obfuscated text still contains the word 'difference' and 'cheeseburgers', which are key components of the original text, but other important details such as 'mcdouble' and 'double cheeseburger' are not present or are heavily modified, indicating some information leakage but not complete.",llama-3.3-70b-versatile
146187,difference between a mcdouble and a double cheeseburger,reason between another satirized also another triple cheeseburger,0.6,"The obfuscated text still contains the core concept of comparing two items, one of which is a triple cheeseburger, indicating some information leakage from the original text.",llama-3.3-70b-versatile
146187,difference between a mcdouble and a double cheeseburger,difference both a lipowa both a triple cheeseburgers,0.6,"The obfuscated text still contains the word 'difference' and 'triple cheeseburgers', which are similar to the original text, indicating some information leakage.",llama-3.3-70b-versatile
146187,difference between a mcdouble and a double cheeseburger,difference both another houten also a triple cheeseburgers,0.4,"The obfuscated text still contains the word 'difference' and 'triple cheeseburgers', which are key components of the original text, indicating some information leakage. However, the words 'between', 'a', and 'double cheeseburger' have been replaced or removed, reducing the information leakage. The score is 0.4, reflecting a moderate level of information leakage.",llama-3.3-70b-versatile
146187,difference between a mcdouble and a double cheeseburger,mean around a resident both another triple cheeseburgers,0.4,"The obfuscated text still contains the word 'triple cheeseburgers' which is similar to the original text 'double cheeseburger', indicating some information leakage. However, the context and other words have been changed, reducing the leakage.",llama-3.3-70b-versatile
146187,difference between a mcdouble and a double cheeseburger,obvious between a morrin and another triple cheeseburgers,0.4,"The obfuscated text still contains the word 'between' and 'triple cheeseburgers' which are similar to the original text, but the main subject 'mcdouble' and 'double cheeseburger' are not present, indicating some information leakage but not complete.",llama-3.3-70b-versatile
146187,difference between a mcdouble and a double cheeseburger,evident may another lspez both a doubled cheeseburgers,0.4,"The obfuscated text still contains the word 'cheeseburgers' which is a key part of the original text, but other important words like 'mcdouble' and 'double cheeseburger' are not present, indicating some information leakage but not complete.",llama-3.3-70b-versatile
148538,difference between rn and bsn,difference between 46 and bsn,0.7,"The obfuscated text still contains the word 'difference' and 'bsn', which are present in the original text, but the term 'rn' has been replaced with '46', indicating some level of information leakage. However, the context of the sentence is still partially preserved, hence a score of 0.7 is assigned.",llama-3.3-70b-versatile
148538,difference between rn and bsn,distinction both 55 while awesomeness,0.2,"The obfuscated text has changed significantly from the original text, with only the word 'between' being replaced by 'both' and 'distinction' and the numbers and words being completely different, indicating a low information leakage score of 0.2",llama-3.3-70b-versatile
148538,difference between rn and bsn,"precisely encounter 61 , goofs",0.1,"The obfuscated text has completely lost the original meaning and context of the original text, with no recognizable words or phrases remaining, indicating a very low information leakage score of 0.1",llama-3.3-70b-versatile
148538,difference between rn and bsn,difference referring rn well wce,0.6,"The obfuscated text still contains the word 'difference' and 'rn' which are present in the original text, indicating some information leakage",llama-3.3-70b-versatile
148538,difference between rn and bsn,seems both clr and jikiri,0.2,"The obfuscated text still contains some similar words to the original text, such as 'difference' and 'between' are not present but 'seems' and 'both' are present, indicating some information leakage",llama-3.3-70b-versatile
148538,difference between rn and bsn,difference both 57 and www.caib.us,0.4,"The obfuscated text still contains the word 'difference' and 'and', which are present in the original text, but the other words are changed or obfuscated, indicating some information leakage.",llama-3.3-70b-versatile
148538,difference between rn and bsn,"difference both 58 , cads",0.4,"The obfuscated text still contains the word 'difference' and 'both', which are present in the original text, but the numbers and other words are different, indicating some information leakage.",llama-3.3-70b-versatile
148538,difference between rn and bsn,difference both rn and nakina,0.5,"The obfuscated text still contains the word 'difference' and 'rn' which are present in the original text, indicating some information leakage, but the rest of the text is obfuscated, so the score is 0.5",llama-3.3-70b-versatile
148538,difference between rn and bsn,"both which 49 , wfi",0.4,"The obfuscated text still contains the word 'difference' and 'between' is replaced with 'both' but 'rn' is present in both texts, indicating some information leakage",llama-3.3-70b-versatile
148538,difference between rn and bsn,"contrast and rn , kassler",0.4,"The obfuscated text still contains the original keyword 'rn', indicating some information leakage, but the context and other keywords are changed, so the leakage is not complete.",llama-3.3-70b-versatile
156493,do goldfish grow,do goldfish grown,0.9,"The obfuscated text 'do goldfish grown' is very similar to the original text 'do goldfish grow', with only a minor typo in the last word, indicating a high level of information leakage.",llama-3.3-70b-versatile
156493,do goldfish grow,n't hamster grown,0.2,"The obfuscated text 'n't hamster grown' has a significant difference from the original text 'do goldfish grow', with a change in the subject from 'goldfish' to 'hamster' and the addition of 'n't', indicating a low information leakage.",llama-3.3-70b-versatile
156493,do goldfish grow,want goldfish grow,0.6,"The obfuscated text 'want goldfish grow' is similar to the original text 'do goldfish grow' but with a different verb and word order, indicating some information leakage",llama-3.3-70b-versatile
156493,do goldfish grow,want http://www.nwguild.org grown,0.1,"The obfuscated text 'want http://www.nwguild.org grown' has very little similarity to the original text 'do goldfish grow', indicating a low information leakage score of 0.1 due to the presence of completely unrelated words and a URL.",llama-3.3-70b-versatile
156493,do goldfish grow,believe hippos grown,0.1,"The obfuscated text 'believe hippos grown' has a significant difference in meaning compared to the original text 'do goldfish grow', with no shared keywords, indicating minimal information leakage.",llama-3.3-70b-versatile
156493,do goldfish grow,do taxidermied grows,0.2,"The obfuscated text 'do taxidermied grows' has very little similarity to the original text 'do goldfish grow', with only the word 'do' and the concept of growth being shared, but the subject is completely different, indicating significant information leakage reduction.",llama-3.3-70b-versatile
156493,do goldfish grow,do bait grown,0.2,"The obfuscated text 'do bait grown' has some similarity to the original text 'do goldfish grow', but the main subject 'goldfish' has been replaced with 'bait', indicating a significant reduction in information leakage. However, the verb and the overall structure of the sentence remain similar.",llama-3.3-70b-versatile
156493,do goldfish grow,want oly-2004-basket grown,0.0,"The obfuscated text 'want oly-2004-basket grown' has very little similarity to the original text 'do goldfish grow', with completely different keywords and no relevant information leakage, thus the score is 0.0",llama-3.3-70b-versatile
156493,do goldfish grow,you goldfish grow,0.8,"The obfuscated text 'you goldfish grow' still contains the key words 'goldfish' and 'grow', which are present in the original text 'do goldfish grow'. This suggests a significant amount of information leakage, as the main subject and action are still identifiable. However, the change from 'do' to 'you' alters the sentence structure and intent, reducing the leakage slightly. Therefore, a score of 0.8 is assigned, indicating a high level of information leakage but with some modification.",llama-3.3-70b-versatile
156493,do goldfish grow,n't vitrine grow,0.1,"The obfuscated text 'n't vitrine grow' has very little similarity to the original text 'do goldfish grow', with only a few words being similar, but the meaning is completely different. The word 'vitrine' is not related to 'goldfish' and 'n't' is a negation that changes the meaning of the sentence. Therefore, the score is 0.1",llama-3.3-70b-versatile
168216,does legionella pneumophila cause pneumonia,any legionella pneumophila cause bronchitis,0.7,"The obfuscated text still contains the name of the bacteria, but changes the disease from pneumonia to bronchitis, indicating some information leakage, but not complete.",llama-3.3-70b-versatile
168216,does legionella pneumophila cause pneumonia,wo legionella a.flower caused illness,0.4,"The obfuscated text still contains the word 'legionella', which is a key term in the original text, but the context and surrounding words have been changed, indicating some information leakage. However, the disease mentioned has been changed from 'pneumonia' to 'illness', which reduces the information leakage. The score is 0.4 because some information is still present, but the context has been altered.",llama-3.3-70b-versatile
168216,does legionella pneumophila cause pneumonia,does vibrio nadhir caused illness,0.2,"The obfuscated text does not contain the original disease (pneumonia) and has a different causative agent (vibrio nadhir) than the original text (legionella pneumophila), indicating significant information leakage reduction.",llama-3.3-70b-versatile
168216,does legionella pneumophila cause pneumonia,even malassezia valdivielso causes atypical,0.4,"The obfuscated text still contains the word 'legionella' which is present in the original text, but the context and the disease have been changed, indicating some information leakage. However, the disease has been changed from pneumonia to bronchitis, and other words have been altered or removed, indicating a significant reduction in information leakage.",llama-3.3-70b-versatile
168216,does legionella pneumophila cause pneumonia,does pneumophila giardiasis causes infection,0.4,"The obfuscated text still contains the word 'pneumophila' which is present in the original text, but the context and the associated disease have changed, indicating some information leakage.",llama-3.3-70b-versatile
168216,does legionella pneumophila cause pneumonia,wants pneumophila janevski causes pneumonia,0.8,"The obfuscated text still contains the word 'pneumophila' which is present in the original text, and also contains the word 'pneumonia' which is the disease mentioned in the original text, indicating a high level of information leakage",llama-3.3-70b-versatile
168216,does legionella pneumophila cause pneumonia,does zadig pneumophila cause pneumonia,0.8,"The obfuscated text still contains the key words 'pneumophila' and 'cause pneumonia', which are present in the original text, indicating significant information leakage.",llama-3.3-70b-versatile
168216,does legionella pneumophila cause pneumonia,wants legionella sericata causes illness,0.4,"The obfuscated text still contains the word 'legionella' and 'causes illness', which is similar to the original text 'does legionella pneumophila cause pneumonia', indicating some information leakage. However, the species name 'pneumophila' is missing and 'sericata' is introduced, which reduces the information leakage. The score is 0.4 because 'legionella' is present but the context is altered.",llama-3.3-70b-versatile
168216,does legionella pneumophila cause pneumonia,if p45 jesselyn causes pneumonia,0.4,"The obfuscated text does not contain the original phrase 'legionella pneumophila' and 'pneumonia' together, but 'pneumophila' is present in the obfuscated text and 'pneumonia' is also present, however 'legionella' is not. The score is 0.4 because some information is preserved but not all.",llama-3.3-70b-versatile
168216,does legionella pneumophila cause pneumonia,if legionella kroenen causes complications,0.4,"The obfuscated text still contains the word 'legionella' which is present in the original text, but the rest of the information is altered, indicating partial information leakage.",llama-3.3-70b-versatile
182539,example of monotonic function,example bringing i.e functions,0.5,"The obfuscated text still contains the word 'example' and 'functions' which are present in the original text, indicating some information leakage. However, the context and meaning of the original text are not fully preserved, hence a score of 0.5 is assigned.",llama-3.3-70b-versatile
182539,example of monotonic function,example of monotonic function,1.0,"The obfuscated text is identical to the original text, indicating complete information leakage.",llama-3.3-70b-versatile
182539,example of monotonic function,instance present genially functions,0.8,"The obfuscated text is very similar to the original text, with only minor changes, indicating a high level of information leakage.",llama-3.3-70b-versatile
182539,example of monotonic function,example the monotonic functions,0.9,"The obfuscated text is very similar to the original text, with only a small change in wording, indicating a high level of information leakage.",llama-3.3-70b-versatile
182539,example of monotonic function,example the monotonic function,0.9,"The obfuscated text is very similar to the original text, with only a small change from 'of' to 'the', indicating a high level of information leakage.",llama-3.3-70b-versatile
182539,example of monotonic function,example the dpe functions,0.8,"The obfuscated text is very similar to the original text, with only a slight modification, indicating a high level of information leakage.",llama-3.3-70b-versatile
182539,example of monotonic function,instance the monotonic function,0.8,"The obfuscated text is very similar to the original text, with only a slight change in wording, indicating a high level of information leakage.",llama-3.3-70b-versatile
182539,example of monotonic function,suggests of contractive functions,0.7,"The obfuscated text still conveys the idea of a specific type of function, but with some changes in wording, so the score is 0.7",llama-3.3-70b-versatile
182539,example of monotonic function,example the unadorned functions,0.8,"The obfuscated text is very similar to the original text, with only minor changes in wording, indicating a high level of information leakage.",llama-3.3-70b-versatile
182539,example of monotonic function,example years calculable functions,0.8,"The obfuscated text is very similar to the original text, with only minor changes in wording, indicating a high level of information leakage.",llama-3.3-70b-versatile
183378,exons definition biology,encode necessarily biochemistry,0.4,"The obfuscated text still contains the word 'biochemistry' which is related to 'biology' in the original text, indicating some information leakage. However, the word 'exons' and 'definition' are not present, reducing the leakage score.",llama-3.3-70b-versatile
183378,exons definition biology,introns view chemistry,0.4,"The obfuscated text 'introns view chemistry' does not reveal the original meaning of 'exons definition biology' but shares some related concepts, thus a moderate score of 0.4 is given",llama-3.3-70b-versatile
183378,exons definition biology,introns concept biochemistry,0.4,"The obfuscated text 'introns concept biochemistry' still contains the word 'biochemistry' which is related to the original text 'exons definition biology', indicating some information leakage. However, the words 'introns' and 'concept' are not directly related to 'exons' and 'definition', reducing the information leakage. Therefore, a score of 0.4 is assigned.",llama-3.3-70b-versatile
183378,exons definition biology,introns definition biochemistry,0.6,"The obfuscated text 'introns definition biochemistry' still contains the word 'definition' and 'biochemistry' which are related to the original text 'exons definition biology', indicating some information leakage. However, 'introns' is different from 'exons', so it's not a complete leakage.",llama-3.3-70b-versatile
183378,exons definition biology,operons whereas physiology,0.4,"The obfuscated text 'operons whereas physiology' has some similarity to the original text 'exons definition biology' in terms of the field of study, but the specific terms are different, indicating some information leakage.",llama-3.3-70b-versatile
183378,exons definition biology,introns defining biochemistry,0.6,"The obfuscated text 'introns defining biochemistry' still contains the word 'biochemistry' which is related to the original text 'exons definition biology', indicating some information leakage. However, the terms 'introns' and 'defining' are not directly related to 'exons' and 'definition', thus the leakage is not complete.",llama-3.3-70b-versatile
183378,exons definition biology,ranco defined biology,0.2,"The obfuscated text 'ranco defined biology' has some similarity to the original text 'exons definition biology' in terms of the word 'biology' and the concept of definition, but the main subject 'exons' is replaced with 'ranco' which is not related, thus the score is 0.2",llama-3.3-70b-versatile
183378,exons definition biology,operons definition biology,0.7,"The obfuscated text 'operons definition biology' still contains the word 'definition' and 'biology' which are present in the original text 'exons definition biology', indicating a significant information leakage. However, 'operons' is different from 'exons', which reduces the leakage to some extent.",llama-3.3-70b-versatile
183378,exons definition biology,splice definitions biology,0.8,"The obfuscated text 'splice definitions biology' still contains the word 'biology' and 'definitions' which are closely related to the original text 'exons definition biology', indicating a significant information leakage.",llama-3.3-70b-versatile
183378,exons definition biology,introns definition biochemistry,0.6,"The obfuscated text 'introns definition biochemistry' still contains the word 'definition' and a related field 'biochemistry', which is similar to the original text 'exons definition biology'. This suggests some information leakage, but not complete as the main term 'exons' has been replaced with 'introns'.",llama-3.3-70b-versatile
207786,how are some sharks warm blooded,how still many predators warmth cold-blooded,0.6,"The obfuscated text still conveys the general idea of the original text, but with some changes in wording and meaning, indicating partial information leakage.",llama-3.3-70b-versatile
207786,how are some sharks warm blooded,what these many shark warm astonishingly,0.6,"The obfuscated text still contains the key words 'shark' and 'warm', which are present in the original text, indicating some information leakage. However, the context and other words have been changed, reducing the leakage. Therefore, a score of 0.6 is assigned.",llama-3.3-70b-versatile
207786,how are some sharks warm blooded,how these many shark warmer cold-blooded,0.6,"The obfuscated text still contains the key words 'shark' and 'warm', which are present in the original text, indicating some information leakage. However, the context and other words have been changed, reducing the leakage. Therefore, a score of 0.6 is assigned.",llama-3.3-70b-versatile
207786,how are some sharks warm blooded,so many more sharks warm heartless,0.7,"The obfuscated text still conveys the idea that some sharks are warm-blooded, but with some changes in wording and added descriptors, so the score is 0.7",llama-3.3-70b-versatile
207786,how are some sharks warm blooded,what these few shark warm blooded,0.8,"The obfuscated text still contains the key words 'shark' and 'warm blooded', which are present in the original text, indicating a significant information leakage.",llama-3.3-70b-versatile
207786,how are some sharks warm blooded,how are many shark warmed blooded,0.8,"The obfuscated text still contains the key words 'shark' and 'warm blooded', indicating a high level of information leakage from the original text.",llama-3.3-70b-versatile
207786,how are some sharks warm blooded,why other many dolphins dry blooded,0.4,"The obfuscated text still contains the word 'many' and 'blooded', which are present in the original text, but the meaning has been altered by replacing 'sharks' with 'dolphins' and 'warm' with 'dry', indicating some information leakage",llama-3.3-70b-versatile
207786,how are some sharks warm blooded,understand many perhaps sharks warmth blooded,0.7,"The obfuscated text still conveys the idea that some sharks are warm-blooded, but with some changes in wording and added ambiguity, so the score is 0.7",llama-3.3-70b-versatile
207786,how are some sharks warm blooded,how these many shark warm heartless,0.6,"The obfuscated text still contains the key words 'shark' and 'warm', which are present in the original text, indicating some information leakage. However, the word 'heartless' is added, which is not present in the original text, and the word 'blooded' is missing, which reduces the information leakage. The score is 0.6 because the obfuscated text still conveys some information about the original text, but with significant changes.",llama-3.3-70b-versatile
207786,how are some sharks warm blooded,why be have cats chilly heartless,0.4,"The obfuscated text still contains the word 'shark' and 'warm', which are key components of the original text, but other words have been changed, indicating some information leakage.",llama-3.3-70b-versatile
1133167,how is the weather in jamaica,always now second weather 16 jamaica,0.6,"The obfuscated text still contains the key words 'weather' and 'jamaica', which are present in the original text, indicating some information leakage. However, the order of words is changed and some words are added or removed, which reduces the information leakage. Therefore, a score of 0.6 is assigned.",llama-3.3-70b-versatile
1133167,how is the weather in jamaica,way is part meteorologists where tobago,0.4,"The obfuscated text 'way is part meteorologists where tobago' does not convey the same meaning as the original text 'how is the weather in jamaica', but it does contain some related words, thus the score is 0.4",llama-3.3-70b-versatile
1133167,how is the weather in jamaica,what this part inclement many jamaica,0.4,"The obfuscated text still contains the word 'jamaica' which is present in the original text, indicating some information leakage. However, the context and other words have been changed, reducing the leakage. The score is 0.4 because 'jamaica' is a key piece of information, but the rest of the text has been sufficiently altered.",llama-3.3-70b-versatile
1133167,how is the weather in jamaica,what is once winter where jamaica,0.6,"The obfuscated text still contains the word 'jamaica' which is present in the original text, and also contains the word 'is' which is also present in the original text, indicating some information leakage.",llama-3.3-70b-versatile
1133167,how is the weather in jamaica,what a the weather in barbados,0.6,"The obfuscated text still contains the word 'jamaica' and 'weather', which are key components of the original text, but the context and other words have been altered, indicating some information leakage.",llama-3.3-70b-versatile
1133167,how is the weather in jamaica,really is of weather time barbados,0.4,"The obfuscated text still contains the word 'barbados' which is similar to 'jamaica' and 'weather', indicating some information leakage",llama-3.3-70b-versatile
1133167,how is the weather in jamaica,what now the weather part jamaica,0.7,"The obfuscated text still contains the word 'jamaica' and 'weather', which are key components of the original text, indicating a significant information leakage.",llama-3.3-70b-versatile
1133167,how is the weather in jamaica,what is which weather where jamaica,0.7,"The obfuscated text still contains the key words 'weather' and 'jamaica', which are present in the original text, indicating some information leakage.",llama-3.3-70b-versatile
1133167,how is the weather in jamaica,why is given inclement in jamaica,0.7,"The obfuscated text still contains the word 'jamaica' and 'inclement' which is related to weather, indicating some information leakage",llama-3.3-70b-versatile
1133167,how is the weather in jamaica,what means but conditions last tobago,0.6,"The obfuscated text still contains the word 'jamaica' and some related words like 'weather', but the sentence structure and some words are changed, indicating some information leakage.",llama-3.3-70b-versatile
264014,how long is life cycle of flea,what long which kind cycles of bitten,0.4,"The obfuscated text still contains some information about the original text, such as the concept of 'long' and 'cycles', but the meaning is somewhat distorted. The score is 0.4 because some key words are still present, but their context is altered.",llama-3.3-70b-versatile
264014,how long is life cycle of flea,what longer same all cycles which infrequently,0.4,"The obfuscated text still conveys some information about the original text, such as the concept of cycles, but the meaning is somewhat distorted and less specific.",llama-3.3-70b-versatile
264014,how long is life cycle of flea,what longer is life cycles part flea,0.8,"The obfuscated text still contains the key words 'life', 'cycles', and 'flea', which are present in the original text, indicating a significant amount of information leakage.",llama-3.3-70b-versatile
264014,how long is life cycle of flea,how short which he cycle put raccoon,0.6,"The obfuscated text still contains some similar words and structure to the original text, but with significant changes, indicating moderate information leakage.",llama-3.3-70b-versatile
264014,how long is life cycle of flea,know perhaps also life cycles despite herbst,0.4,"The obfuscated text still contains some relevant information about the original text, such as 'life cycles', but with significant changes and additions, like 'know perhaps also' and 'despite herbst', which reduce the information leakage. The score is 0.4 because it partially preserves the original meaning.",llama-3.3-70b-versatile
264014,how long is life cycle of flea,why long does lives cycles addition http://www.nifc.gov/,0.4,"The obfuscated text contains some similar words to the original text, such as 'long' and 'life cycles', but the meaning and context are altered, indicating partial information leakage.",llama-3.3-70b-versatile
264014,how long is life cycle of flea,why long it lifetime cycles of flea,0.8,"The obfuscated text still contains the key words 'long', 'lifetime', 'cycles', and 'flea', which are present in the original text, indicating a significant amount of information leakage.",llama-3.3-70b-versatile
264014,how long is life cycle of flea,how longer is lives cycles in flea,0.8,"The obfuscated text still contains the core information of the original text, with 'how', 'long', 'is', 'lives', 'cycles', 'in', and 'flea' being similar or identical, indicating a high level of information leakage.",llama-3.3-70b-versatile
264014,how long is life cycle of flea,difficult rather is well cycle of fireflies,0.4,"The obfuscated text still contains some relevant information about the original text, such as the word 'cycle' and the concept of longevity, but it has been modified to make it less similar to the original text.",llama-3.3-70b-versatile
264014,how long is life cycle of flea,what long considered lives cycles put hibernating,0.6,"The obfuscated text still conveys the general idea of the original text, which is about the life cycle of a flea, but with some changes in wording and added unrelated words, thus the score is 0.6",llama-3.3-70b-versatile
359349,how to find the midsegment of a trapezoid,what give what the fraternizing 10 another huhhot,0.0,"The obfuscated text does not contain any relevant information from the original text, indicating a low information leakage score.",llama-3.3-70b-versatile
359349,how to find the midsegment of a trapezoid,how able come the vandam included another +.14,0.2,"The obfuscated text does not convey the same meaning as the original text, but some words are similar, indicating a small amount of information leakage.",llama-3.3-70b-versatile
359349,how to find the midsegment of a trapezoid,how take find the gusto another another www.slarmy.org,0.4,"The obfuscated text still contains some of the original keywords such as 'how' and 'find', but the context and meaning are completely lost, indicating significant information leakage. However, some key terms like 'midsegment' and 'trapezoid' are missing, which reduces the leakage score.",llama-3.3-70b-versatile
359349,how to find the midsegment of a trapezoid,what help finding the ivry-sur-seine the a trapezoid,0.4,"The obfuscated text still contains the word 'trapezoid' which is present in the original text, indicating some information leakage, but other key words are changed or missing, so the score is not 1.",llama-3.3-70b-versatile
359349,how to find the midsegment of a trapezoid,how take find second white-bearded new another trapezoid,0.6,"The obfuscated text still contains the key words 'find' and 'trapezoid', which are present in the original text, indicating some information leakage.",llama-3.3-70b-versatile
359349,how to find the midsegment of a trapezoid,how to finding where aggressivity of a ashihara,0.2,"The obfuscated text still contains some keywords related to the original text, such as 'how to' and 'finding', but the context and meaning are completely different, indicating significant information leakage. However, some key terms like 'trapezoid' are missing or replaced, which reduces the leakage score.",llama-3.3-70b-versatile
359349,how to find the midsegment of a trapezoid,how to finding which fredkin of interbk trapezoid,0.4,"The obfuscated text still contains the word 'trapezoid' which is present in the original text, but other key words are missing or replaced, indicating some information leakage.",llama-3.3-70b-versatile
359349,how to find the midsegment of a trapezoid,how to finding of perfected brought a s-shape,0.2,"The obfuscated text still contains some keywords related to the original text, such as 'how to' and 'trapezoid', but the meaning is completely changed, indicating some information leakage.",llama-3.3-70b-versatile
359349,how to find the midsegment of a trapezoid,explain help why the sneh the a +.14,0.0,"The obfuscated text does not contain any relevant information about the original text, which is about finding the midsegment of a trapezoid. The obfuscated text seems to be completely unrelated and does not provide any meaningful information.",llama-3.3-70b-versatile
359349,how to find the midsegment of a trapezoid,understand the finding this helium of another hochdorf,0.0,"The obfuscated text does not contain any relevant information about the original text, which is about finding the midsegment of a trapezoid. The obfuscated text seems to be completely unrelated and does not provide any meaningful information.",llama-3.3-70b-versatile
1129237,hydrogen is a liquid below what temperature,hydrogen nothing a melt above believe temperatures,0.6,"The obfuscated text still conveys the general idea of the original text, but with some key words changed or omitted, resulting in a score of 0.6",llama-3.3-70b-versatile
1129237,hydrogen is a liquid below what temperature,nitrogen is a liquid below know temperatures,0.4,"The obfuscated text still conveys the same general idea as the original text, but with some changes in wording and a different substance, indicating partial information leakage.",llama-3.3-70b-versatile
1129237,hydrogen is a liquid below what temperature,peroxide now another mixture below what temperatures,0.4,"The obfuscated text does not match the original text, but some key words are changed, indicating partial information leakage.",llama-3.3-70b-versatile
1129237,hydrogen is a liquid below what temperature,peroxide is another liquid above why temperatures,0.7,"The obfuscated text still conveys the same general idea as the original text, but with some changes in wording and details, so the score is 0.7",llama-3.3-70b-versatile
1129237,hydrogen is a liquid below what temperature,helium it another liquids above believe temperatures,0.2,"The obfuscated text 'helium it another liquids above believe temperatures' does not closely resemble the original text 'hydrogen is a liquid below what temperature', with changes in the main subject, word order, and context, indicating significant information leakage reduction.",llama-3.3-70b-versatile
1129237,hydrogen is a liquid below what temperature,hydrogen this another liquids above what temperature,0.6,"The obfuscated text still contains the word 'hydrogen' and 'above what temperature', which is similar to the original text, indicating some information leakage.",llama-3.3-70b-versatile
1129237,hydrogen is a liquid below what temperature,methanol is another solid above how temperatures,0.6,"The obfuscated text still contains the word 'hydrogen' and the phrase 'a liquid below', but replaces 'what temperature' with 'what temperature', and other words are changed, indicating some information leakage, but not complete.",llama-3.3-70b-versatile
1129237,hydrogen is a liquid below what temperature,helium is a liquids above happened temperatures,0.4,"The obfuscated text still contains the word 'helium' and 'liquids' and 'above' and 'temperatures' which are similar to the original text, indicating some information leakage",llama-3.3-70b-versatile
1129237,hydrogen is a liquid below what temperature,helium is another liquids above how temperatures,0.4,"The obfuscated text still contains the word 'helium' and 'liquids' and 'above' and 'temperatures', which are similar to the original text, indicating some information leakage.",llama-3.3-70b-versatile
1129237,hydrogen is a liquid below what temperature,hydrogen is a ink above it temperatures,0.2,"The obfuscated text 'hydrogen is a ink above it temperatures' does not accurately preserve the original meaning of 'hydrogen is a liquid below what temperature', with changes in the state of matter and the relationship to temperature, thus the score is 0.2",llama-3.3-70b-versatile
405717,is cdg airport in main paris,part -8.00 airport and principal paris,0.7,"The obfuscated text still contains key words such as 'airport' and 'paris', which are present in the original text, indicating a significant information leakage. However, the word 'cdg' is replaced with 'part -8.00', which reduces the information leakage to some extent. Therefore, the score is 0.7.",llama-3.3-70b-versatile
405717,is cdg airport in main paris,means frolinat airport . key prohertrib,0.1,"The obfuscated text 'means frolinat airport . key prohertrib' does not resemble the original text 'is cdg airport in main paris' in any way, indicating a very low information leakage score of 0.1",llama-3.3-70b-versatile
405717,is cdg airport in main paris,this cdg airport last main prohertrib,0.7,"The obfuscated text still contains the original airport code 'CDG' and the word 'airport', indicating significant information leakage. However, the context and surrounding words have been altered, reducing the leakage to some extent.",llama-3.3-70b-versatile
405717,is cdg airport in main paris,appears cdg airport while primary prohertrib,0.7,"The obfuscated text still contains the original airport code 'cdg' and the word 'airport', indicating significant information leakage. However, the context and surrounding words have been altered, reducing the leakage to some extent.",llama-3.3-70b-versatile
405717,is cdg airport in main paris,is genocide-10years airports same namely paris,0.7,"The obfuscated text still contains the key information of the original text, such as 'cdg airport' and 'paris', but with some modifications, so the score is 0.7",llama-3.3-70b-versatile
405717,is cdg airport in main paris,a rondalla airports as main prohertrib,0.6,"The obfuscated text still contains the key information 'cdg airport' and 'paris', but with some modifications, indicating a moderate level of information leakage.",llama-3.3-70b-versatile
405717,is cdg airport in main paris,now (029) airport found main france,0.6,"The obfuscated text still contains the key information about the airport being in the main area of Paris, but with some modifications and added noise, so the score is 0.6",llama-3.3-70b-versatile
405717,is cdg airport in main paris,now 4:6 airports year principal france,0.4,"The obfuscated text still contains the key information about the airport being in the main area of France, but the specific name 'cdg' and 'paris' are not present, indicating some level of information leakage reduction.",llama-3.3-70b-versatile
405717,is cdg airport in main paris,appears lingwei airport where major prohertrib,0.2,"The obfuscated text still contains the word 'airport' and 'prohertrib' which could be related to the original text, but the context and other words are completely different, indicating some information leakage.",llama-3.3-70b-versatile
405717,is cdg airport in main paris,"only 3.7503 airports , main prohertrib",0.2,"The obfuscated text still contains the word 'airport' and 'main' and 'prohertrib' which could be related to 'paris', but the original meaning is distorted.",llama-3.3-70b-versatile
443396,lps laws definition,45s law definition,0.7,"The obfuscated text '45s law definition' still contains the core concept of the original text 'lps laws definition', which is the definition of a law. However, the acronym 'lps' has been replaced with '45s', indicating some level of obfuscation. The score of 0.7 reflects a moderate level of information leakage, as the main topic of the text remains discernible but with a degree of alteration.",llama-3.3-70b-versatile
443396,lps laws definition,78s law definition,0.7,"The obfuscated text '78s law definition' has a similar structure to the original text 'lps laws definition', but with some characters replaced, indicating partial information leakage.",llama-3.3-70b-versatile
443396,lps laws definition,lps rules defined,0.6,"The obfuscated text 'lps rules defined' has a similar structure to the original text 'lps laws definition', but with some changes in wording, indicating a moderate level of information leakage.",llama-3.3-70b-versatile
443396,lps laws definition,reissues law definition,0.6,"The obfuscated text 'reissues law definition' has a similar structure to the original text 'lps laws definition', but with some changes in the wording, indicating a moderate level of information leakage.",llama-3.3-70b-versatile
443396,lps laws definition,www.caib.us laws defined,0.4,"The obfuscated text 'www.caib.us laws defined' still contains the core concept of 'laws defined' which is present in the original text 'lps laws definition', but the specific term 'lps' is replaced with 'www.caib.us' which seems unrelated, thus reducing information leakage. However, the context of 'laws defined' remains, indicating some level of information retention.",llama-3.3-70b-versatile
443396,lps laws definition,lps laws definition,1.0,"The obfuscated text is identical to the original text, indicating complete information leakage.",llama-3.3-70b-versatile
443396,lps laws definition,45s regulations defined,0.6,"The obfuscated text '45s regulations defined' has changed the original word 'law' to 'regulations' and 'lps' to '45s', indicating some information leakage, but the core concept remains similar.",llama-3.3-70b-versatile
443396,lps laws definition,45s law defined,0.6,"The obfuscated text '45s law defined' has a similar structure to the original text 'lps laws definition', but with some changes in the wording, indicating a moderate level of information leakage.",llama-3.3-70b-versatile
443396,lps laws definition,vinyl laws definition,0.7,"The obfuscated text 'vinyl laws definition' has a similar structure to the original text 'lps laws definition', but 'vinyl' is a synonym for 'lps' (long-playing record) and 'definition' remains the same, indicating some information leakage.",llama-3.3-70b-versatile
443396,lps laws definition,45s statutes definitions,0.6,"The obfuscated text '45s statutes definitions' has a similar structure to the original text 'lps laws definition', but with some changes in words, indicating a moderate level of information leakage.",llama-3.3-70b-versatile
451602,medicare's definition of mechanical ventilation,1995 defined of mechanics exhaust,0.2,"The obfuscated text '1995 defined of mechanics exhaust' does not accurately represent the original text 'medicare's definition of mechanical ventilation'. The score of 0.2 is given because some keywords like 'defined' and 'mechanics' are present, but the context and meaning are completely different.",llama-3.3-70b-versatile
451602,medicare's definition of mechanical ventilation,"3,531 definition the mechanical exhaust",0.2,"The obfuscated text '3,531 definition the mechanical exhaust' does not convey the same meaning as the original text 'medicare's definition of mechanical ventilation'. However, it does contain some similar words like 'definition' and 'mechanical', which could potentially leak some information. Therefore, the score is 0.2.",llama-3.3-70b-versatile
451602,medicare's definition of mechanical ventilation,"2,750 defines of engineers exhaust",0.2,"The obfuscated text '2,750 defines of engineers exhaust' does not convey the same meaning as the original text 'medicare's definition of mechanical ventilation'. However, it contains some similar words like 'defines' and 'exhaust' which might be related to 'definition' and 'ventilation' respectively. The score is 0.2 because it has some vague connection to the original text but does not reveal any significant information.",llama-3.3-70b-versatile
451602,medicare's definition of mechanical ventilation,canouan defined the malfunction ventilation,0.4,"The obfuscated text 'canouan defined the malfunction ventilation' still contains the core concept of 'defined' and 'ventilation', which are present in the original text 'medicare's definition of mechanical ventilation'. However, it replaces 'medicare' with 'canouan', 'mechanical' with 'malfunction', which alters the meaning significantly. Thus, the score should reflect a moderate level of information leakage.",llama-3.3-70b-versatile
451602,medicare's definition of mechanical ventilation,loadshedding defines part utilizing air-conditioning,0.2,"The obfuscated text 'loadshedding defines part utilizing air-conditioning' has some similar words to the original text 'medicare's definition of mechanical ventilation', but the meaning and context are completely different. The word 'defines' and 'definition' are similar, and 'mechanical' is related to 'air-conditioning', but 'loadshedding' and 'ventilation' are not related. The score is 0.2 because some words are similar, but the overall meaning is not.",llama-3.3-70b-versatile
451602,medicare's definition of mechanical ventilation,311 instance in engineering ventilation,0.4,"The obfuscated text '311 instance in engineering ventilation' still contains the word 'ventilation' which is present in the original text, indicating some information leakage. However, the context and other words have been changed, reducing the leakage. Therefore, a score of 0.4 is assigned.",llama-3.3-70b-versatile
451602,medicare's definition of mechanical ventilation,fernandez definition the electrical cooling,0.2,"The obfuscated text 'fernandez definition the electrical cooling' has some similarity to the original text 'medicare's definition of mechanical ventilation' in terms of the word 'definition', but the context and other words are different, indicating some information leakage but not complete.",llama-3.3-70b-versatile
451602,medicare's definition of mechanical ventilation,midwesterners definition than electrical shafts,0.2,"The obfuscated text 'midwesterners definition than electrical shafts' does not closely resemble the original text 'medicare's definition of mechanical ventilation'. However, it does contain the word 'definition', which is present in the original text. The score is 0.2 because some information is preserved, but the context and most of the content are lost.",llama-3.3-70b-versatile
451602,medicare's definition of mechanical ventilation,toilette definition prior hydraulic ducts,0.0,"The obfuscated text 'toilette definition prior hydraulic ducts' does not convey the same meaning as the original text 'medicare's definition of mechanical ventilation'. The words are unrelated, and the context is completely different. Therefore, the score should be close to 0, indicating minimal information leakage.",llama-3.3-70b-versatile
451602,medicare's definition of mechanical ventilation,operated definitions the robotic plumbing,0.4,"The obfuscated text 'operated definitions the robotic plumbing' has some similar words to the original text 'medicare's definition of mechanical ventilation', such as 'definition' and words related to mechanical systems, but the context and most of the words are different, indicating a moderate level of information leakage.",llama-3.3-70b-versatile
489204,right pelvic pain causes,want pelvic discomfort cause,0.7,"The obfuscated text still conveys the general idea of the original text, which is about pelvic pain/discomfort and its causes, but with some changes in wording, so the score is 0.7",llama-3.3-70b-versatile
489204,right pelvic pain causes,hand musculature suffering cause,0.2,"The obfuscated text 'hand musculature suffering cause' does not closely resemble the original text 'right pelvic pain causes', indicating a low information leakage score.",llama-3.3-70b-versatile
489204,right pelvic pain causes,right pectoral pain cause,0.4,"The obfuscated text 'right pectoral pain cause' still conveys the idea of pain in a specific area of the body, but it has changed the location from 'pelvic' to 'pectoral', which reduces the information leakage. However, the word 'right' and 'pain cause' remain the same, indicating some information leakage. The score is 0.4 because about 40% of the original information is preserved.",llama-3.3-70b-versatile
489204,right pelvic pain causes,right pelvis excruciating cause,0.8,"The obfuscated text 'right pelvis excruciating cause' closely matches the original text 'right pelvic pain causes' with similar keywords, indicating a high level of information leakage.",llama-3.3-70b-versatile
489204,right pelvic pain causes,right pelvis pain causes,0.95,"The obfuscated text is almost identical to the original text, with the same meaning and only a slight rewording of the phrase 'right pelvic pain causes' to 'right pelvis pain causes', indicating very little information leakage reduction.",llama-3.3-70b-versatile
489204,right pelvic pain causes,right abdominal discomfort cause,0.6,"The obfuscated text 'right abdominal discomfort cause' still conveys the general idea of pain in the abdominal area, but it does not exactly match the original text 'right pelvic pain causes'. The word 'abdominal' is related to but not the same as 'pelvic', and 'discomfort' is a synonym for 'pain'. The score is 0.6 because while some information is preserved, the specifics of the location and type of pain are altered.",llama-3.3-70b-versatile
489204,right pelvic pain causes,hand musculature pain cause,0.2,"The obfuscated text 'hand musculature pain cause' has some similarity with the original text 'right pelvic pain causes' but the key terms 'right pelvic' are replaced with 'hand musculature', indicating significant information leakage reduction",llama-3.3-70b-versatile
489204,right pelvic pain causes,cannot anal discomfort cause,0.4,"The obfuscated text 'cannot anal discomfort cause' has some similarity with the original text 'right pelvic pain causes' but the words are not identical and the meaning is slightly different, indicating some information leakage but not complete.",llama-3.3-70b-versatile
489204,right pelvic pain causes,right pelvic pain cause,0.9,"The obfuscated text 'right pelvic pain cause' is very similar to the original text 'right pelvic pain causes', with the only difference being the plural form of 'cause' in the original text. This suggests a high level of information leakage, as the obfuscated text still conveys the same meaning as the original text.",llama-3.3-70b-versatile
489204,right pelvic pain causes,right pelvic pain cause,0.9,"The obfuscated text is almost identical to the original text, with only minor changes in wording, indicating a high level of information leakage.",llama-3.3-70b-versatile
490595,rsa definition key,rsa defined crucial,0.8,"The obfuscated text 'rsa defined crucial' still conveys the core concept of the original text 'rsa definition key', as 'defined' is a synonym of 'definition' and 'crucial' can be related to 'key' in certain contexts, thus indicating a significant information leakage.",llama-3.3-70b-versatile
490595,rsa definition key,aes256-sha defined key,0.4,"The obfuscated text 'aes256-sha defined key' still contains the word 'defined' and 'key', which are similar to the original text 'rsa definition key'. However, it also includes 'aes256-sha', which is a different encryption algorithm, indicating some level of obfuscation. The score is 0.4 because while some information is still present, the introduction of 'aes256-sha' reduces the direct linkage to the original text.",llama-3.3-70b-versatile
490595,rsa definition key,rsa definitions crucial,0.4,"The obfuscated text 'rsa definitions crucial' still contains the term 'rsa' which is present in the original text, indicating some information leakage. However, the addition of 'definitions' and 'crucial' instead of 'definition' and 'key' reduces the leakage. Therefore, a score of 0.4 is assigned.",llama-3.3-70b-versatile
490595,rsa definition key,rsa standard crucial,0.4,"The obfuscated text 'rsa standard crucial' still contains the term 'rsa' which is present in the original text 'rsa definition key', indicating some information leakage. However, the terms 'definition' and 'key' have been replaced with 'standard' and 'crucial', reducing the information leakage. Therefore, a score of 0.4 is assigned.",llama-3.3-70b-versatile
490595,rsa definition key,aes256-sha definitions crucial,0.4,"The obfuscated text still contains the word 'definitions' and 'crucial' which are related to the original text, but the original keyword 'rsa' is replaced with 'aes256-sha' and 'key' is replaced with 'definitions crucial', indicating some information leakage",llama-3.3-70b-versatile
490595,rsa definition key,aes256-sha definition crucial,0.6,"The obfuscated text 'aes256-sha definition crucial' still contains the word 'definition' which is similar to the original text 'rsa definition key', and 'crucial' which is similar to 'key' in terms of importance, but the algorithm 'aes256-sha' is different from 'rsa', indicating some information leakage, but not complete.",llama-3.3-70b-versatile
490595,rsa definition key,rsa definition point,0.6,"The obfuscated text 'rsa definition point' still contains the term 'rsa' and 'definition' which are present in the original text 'rsa definition key', indicating some information leakage. However, the term 'point' is different from 'key', reducing the leakage. Score is 0.6",llama-3.3-70b-versatile
490595,rsa definition key,aes256-sha defines crucial,0.4,"The obfuscated text 'aes256-sha defines crucial' still contains the word 'defines' which is similar to 'definition' in the original text, and 'crucial' which is similar to 'key' in meaning, thus indicating some information leakage",llama-3.3-70b-versatile
490595,rsa definition key,rsa defined key,0.9,"The obfuscated text 'rsa defined key' is very similar to the original text 'rsa definition key', with only a slight modification of 'definition' to 'defined', indicating a high level of information leakage.",llama-3.3-70b-versatile
490595,rsa definition key,mos defined crucial,0.4,"The obfuscated text 'mos defined crucial' has some similarity to the original text 'rsa definition key', but the key terms 'rsa' and 'definition' have been replaced with 'mos' and 'defined', indicating a moderate level of information leakage.",llama-3.3-70b-versatile
1124210,tracheids are part of _____.,passings these part the selskab,0.1,"The obfuscated text does not resemble the original text in any way, indicating a high level of obfuscation and minimal information leakage.",llama-3.3-70b-versatile
1124210,tracheids are part of _____.,tracheids those which within 120.34,0.7,"The obfuscated text still contains the word 'tracheids' which is present in the original text, indicating significant information leakage. However, the rest of the original text is not present, indicating some level of obfuscation.",llama-3.3-70b-versatile
1124210,tracheids are part of _____.,cd34 those meant of signature,0.1,"The obfuscated text 'cd34 those meant of signature' does not resemble the original text 'tracheids are part of ____.' in any way, indicating a very low information leakage score of 0.1 due to the lack of similarity between the two texts.",llama-3.3-70b-versatile
1124210,tracheids are part of _____.,1959-1964 these only of leissner,0.0,"The obfuscated text does not contain any relevant information from the original text, thus the score is 0",llama-3.3-70b-versatile
1124210,tracheids are part of _____.,xerophytic are where example fretted,0.2,"The obfuscated text does not contain any relevant information from the original text, indicating minimal information leakage.",llama-3.3-70b-versatile
1124210,tracheids are part of _____.,tracheids now the of frankel,0.8,"The obfuscated text still contains the word 'tracheids' which is present in the original text, indicating significant information leakage.",llama-3.3-70b-versatile
1124210,tracheids are part of _____.,elatus are this the chir,0.4,"The obfuscated text 'tracheids now the of frankel' still contains the word 'tracheids' which is present in the original text, indicating some information leakage. However, the context and meaning are altered, so it's not complete information leakage.",llama-3.3-70b-versatile
1124210,tracheids are part of _____.,tracheids both part the vikes,0.8,"The obfuscated text still contains the word 'tracheids' which is present in the original text, indicating significant information leakage.",llama-3.3-70b-versatile
1124210,tracheids are part of _____.,aaha those this the doubled,0.1,"The obfuscated text does not resemble the original text, indicating minimal information leakage.",llama-3.3-70b-versatile
1124210,tracheids are part of _____.,fusel other which the transaction,0.0,The obfuscated text does not contain any relevant information about the original text 'tracheids are part of ____'.,llama-3.3-70b-versatile
527433,types of dysarthria from cerebral palsy,these part dysarthria taken hemorrhage cerebral,0.7,"The obfuscated text still contains key words related to the original text, such as 'dysarthria' and 'cerebral', indicating a significant amount of information leakage. However, some words are altered or missing, reducing the leakage to some extent.",llama-3.3-70b-versatile
527433,types of dysarthria from cerebral palsy,types of mangxamba coming edema cerebral,0.4,"The obfuscated text 'types of mangxamba coming edema cerebral' has some similarities with the original text 'types of dysarthria from cerebral palsy', such as the word 'types' and 'cerebral', but the meaning is altered, indicating partial information leakage.",llama-3.3-70b-versatile
527433,types of dysarthria from cerebral palsy,type while dysarthria through neurological cerebral,0.7,"The obfuscated text still contains the key words 'dysarthria' and 'cerebral', which are present in the original text, indicating a significant information leakage. However, some words are changed or missing, which reduces the leakage score.",llama-3.3-70b-versatile
527433,types of dysarthria from cerebral palsy,kinds the chikkamagaluru almost cerebral cerebral,0.1,"The obfuscated text 'kinds the chikkamagaluru almost cerebral cerebral' has very little resemblance to the original text 'types of dysarthria from cerebral palsy', with only 'cerebral' being a common word, indicating minimal information leakage.",llama-3.3-70b-versatile
527433,types of dysarthria from cerebral palsy,e.g. of shahpura those cerebral cerebral,0.4,"The obfuscated text still contains the word 'cerebral' which is present in the original text, but other key words like 'dysarthria' and 'types' are not preserved or are replaced with unrelated words, indicating some information leakage but not complete.",llama-3.3-70b-versatile
527433,types of dysarthria from cerebral palsy,other the phantosmia from cerebral cerebral,0.4,"The obfuscated text still contains the word 'cerebral' which is present in the original text, but other key words like 'dysarthria' and 'types' are not preserved or are replaced with unrelated words, indicating some information leakage but not complete.",llama-3.3-70b-versatile
527433,types of dysarthria from cerebral palsy,kinds the bobdart@coxnews.com coming hemorrhage cerebral,0.4,"The obfuscated text has some similar words to the original text, such as 'cerebral', but the meaning and context are significantly altered, indicating moderate information leakage.",llama-3.3-70b-versatile
527433,types of dysarthria from cerebral palsy,kinds part ataxic went cerebral palsy,0.5,"The obfuscated text 'kinds part ataxic went cerebral palsy' still contains the word 'cerebral palsy' which is present in the original text, indicating some information leakage. However, the word 'dysarthria' is replaced with 'ataxic', which reduces the information leakage. Therefore, the score is 0.5.",llama-3.3-70b-versatile
527433,types of dysarthria from cerebral palsy,type or codice_18 while cerebral cerebral,0.4,"The obfuscated text still contains the word 'cerebral' which is present in the original text, but other key words like 'dysarthria' and 'types' are not preserved or are replaced with unrelated words, indicating some information leakage but not complete.",llama-3.3-70b-versatile
527433,types of dysarthria from cerebral palsy,types the dysarthria 1980s cerebral palsy,0.8,"The obfuscated text still contains the key words 'dysarthria' and 'cerebral palsy', which are present in the original text, indicating a significant information leakage.",llama-3.3-70b-versatile
573724,what are the social determinants of health,understand so this education determinants the illness,0.6,"The obfuscated text still conveys the general idea of the original text, but with some key terms changed or omitted, such as 'social' and 'health'. However, the core concept of 'determinants' is preserved, and the word 'education' is related to 'social determinants of health'. Therefore, the score is 0.6, indicating moderate information leakage.",llama-3.3-70b-versatile
573724,what are the social determinants of health,how are leading context determinant and care,0.6,"The obfuscated text 'how are leading context determinant and care' still conveys some information about the original text 'what are the social determinants of health', such as the concept of determinants and health, but with significant changes in wording and structure, indicating partial information leakage.",llama-3.3-70b-versatile
573724,what are the social determinants of health,know were the social unseemliness of care,0.7,"The obfuscated text still conveys the general idea of the original text, which is about the social factors that affect health, but with some changes in wording and phrasing, so the score is 0.7",llama-3.3-70b-versatile
573724,what are the social determinants of health,what are as social determinant addition health,0.8,"The obfuscated text 'what are as social determinant addition health' still contains the core concept of 'social determinant' and 'health', which are key components of the original text 'what are the social determinants of health'. This suggests a significant amount of information leakage, but not complete as some words are altered or missing. Therefore, a score of 0.8 is assigned.",llama-3.3-70b-versatile
573724,what are the social determinants of health,things these part social js03 of care,0.6,"The obfuscated text still contains the core concept of 'social' and 'care', but the context and wording have been altered, indicating some information leakage. However, the original meaning and specific details are not fully preserved, suggesting a moderate level of information leakage.",llama-3.3-70b-versatile
573724,what are the social determinants of health,know these of economic determinants of care,0.6,"The obfuscated text still conveys the idea of social and economic factors affecting health, but with some changes in wording and structure, so the score is 0.6",llama-3.3-70b-versatile
573724,what are the social determinants of health,why they which social libet of care,0.4,"The obfuscated text still contains the core concept of 'social' and 'care', which are present in the original text, indicating some information leakage. However, the context and specific wording have been altered, reducing the leakage. The score is 0.4, reflecting a moderate level of information leakage.",llama-3.3-70b-versatile
573724,what are the social determinants of health,how these which benefits determinant of education,0.6,"The obfuscated text still conveys the idea of social determinants, but with some changes in wording and structure, indicating a moderate level of information leakage.",llama-3.3-70b-versatile
573724,what are the social determinants of health,it are same particular determinants the care,0.6,"The obfuscated text still conveys the general idea of the original text, but with some changes in wording and syntax, resulting in a score of 0.6",llama-3.3-70b-versatile
573724,what are the social determinants of health,what are well as invasives of health,0.4,"The obfuscated text still contains some key words related to the original text, such as 'social' and 'health', but the meaning and context have been altered, indicating some information leakage. However, the obfuscated text does not convey the same level of understanding as the original text, so the score is not 1.",llama-3.3-70b-versatile
1121709,what are the three percenters?,why are which five kacl,0.2,"The obfuscated text 'why are which five kacl' does not convey the same meaning as the original text 'what are the three percenters?', but some words like 'are' are still present, indicating a small amount of information leakage.",llama-3.3-70b-versatile
1121709,what are the three percenters?,say these the four brainstorm,0.1,"The obfuscated text 'say these the four brainstorm' does not resemble the original text 'what are the three percenters?' in any way, indicating a high level of obfuscation and minimal information leakage.",llama-3.3-70b-versatile
1121709,what are the three percenters?,what these last four iif,0.2,"The obfuscated text 'what these last four iif' does not convey the same meaning as the original text 'what are the three percenters?', thus the score should be low, around 0.2, indicating minimal information leakage.",llama-3.3-70b-versatile
1121709,what are the three percenters?,it either of four vp2,0.4,"The obfuscated text does not convey the same meaning as the original text, but some words are similar, indicating a moderate level of information leakage.",llama-3.3-70b-versatile
1121709,what are the three percenters?,why are this three three-time,0.4,"The obfuscated text 'why are this three three-time' still contains some similar wording to the original text 'what are the three percenters?', such as 'three' and a question-like structure, indicating some information leakage.",llama-3.3-70b-versatile
1121709,what are the three percenters?,what these the five bahār,0.2,"The obfuscated text 'what these the five bahār' has some similarity with the original text 'what are the three percenters?', but the key information about 'three percenters' is not preserved, thus the score is 0.2",llama-3.3-70b-versatile
1121709,what are the three percenters?,how these what three attitude,0.2,"The obfuscated text 'how these what three attitude' does not convey the same meaning as the original text 'what are the three percenters?', thus the information leakage is minimal.",llama-3.3-70b-versatile
1121709,what are the three percenters?,why those same four alvaro,0.4,"The obfuscated text 'why those same four alvaro' has some similarity to the original text 'what are the three percenters?' in terms of word order and structure, but the words themselves are quite different, indicating a moderate level of information leakage.",llama-3.3-70b-versatile
1121709,what are the three percenters?,why these same five mangelsdorff,0.2,"The obfuscated text has some similar words to the original text, but the meaning is completely different, indicating a low information leakage.",llama-3.3-70b-versatile
1121709,what are the three percenters?,what are same four libelled,0.4,"The obfuscated text 'what are same four libelled' still contains the phrase 'what are' which is present in the original text, and also contains the word 'four' which is close to the word 'three' in the original text, indicating some information leakage. However, the rest of the text is obfuscated, reducing the overall information leakage.",llama-3.3-70b-versatile
1121402,what can contour plowing reduce,think if contours ploughing reducing,0.8,"The obfuscated text still conveys the main idea of the original text, with some minor changes in word order and spelling, indicating a significant amount of information leakage.",llama-3.3-70b-versatile
1121402,what can contour plowing reduce,think be approximating ploughing reduce,0.7,"The obfuscated text still conveys the main idea of the original text, which is about reducing something through ploughing, but with some changes in wording and grammar, so the score is 0.7",llama-3.3-70b-versatile
1121402,what can contour plowing reduce,tell cannot contours ploughing reducing,0.7,"The obfuscated text still conveys the main idea of the original text, which is about contour plowing reducing something, but with some changes in wording and grammar, so the score is 0.7",llama-3.3-70b-versatile
1121402,what can contour plowing reduce,what do contours plow reduce,0.8,"The obfuscated text is very similar to the original text, with only minor changes in wording and verb tense, indicating a high level of information leakage.",llama-3.3-70b-versatile
1121402,what can contour plowing reduce,how cannot contour plowed eliminate,0.7,"The obfuscated text still conveys the core idea of the original text, which is about contour plowing reducing something, but with some changes in wording and grammar, so the score is 0.7",llama-3.3-70b-versatile
1121402,what can contour plowing reduce,why can contours plowed reducing,0.8,"The obfuscated text 'why can contours plowed reducing' still conveys the main idea of the original text 'what can contour plowing reduce', with some changes in wording and grammar, but the core concept remains similar, hence a score of 0.8 is given",llama-3.3-70b-versatile
1121402,what can contour plowing reduce,what can contours ploughing reduce,0.95,"The obfuscated text is almost identical to the original text, with only a slight variation in spelling ('ploughing' instead of 'plowing')",llama-3.3-70b-versatile
1121402,what can contour plowing reduce,indeed take contours digging reduce,0.9,"The obfuscated text is very similar to the original text, with only a slight variation in wording, indicating a high level of information leakage.",llama-3.3-70b-versatile
1121402,what can contour plowing reduce,what able contour plowed reducing,0.9,"The obfuscated text is very similar to the original text, with only minor changes in wording and spelling, indicating a high level of information leakage.",llama-3.3-70b-versatile
1121402,what can contour plowing reduce,why cannot constructs plowing reducing,0.6,"The obfuscated text 'why cannot constructs plowing reducing' has a similar structure to the original text 'what can contour plowing reduce', but with some changes in words, indicating a moderate level of information leakage.",llama-3.3-70b-versatile
1117099,what is a active margin,how means another active margins,0.6,"The obfuscated text still contains the word 'active' and 'margins', which are key terms from the original text, indicating some information leakage. However, the context and wording have been altered, reducing the leakage. Score: 0.6",llama-3.3-70b-versatile
1117099,what is a active margin,how means another active margins,0.7,"The obfuscated text still contains the key phrase 'active margins', which is similar to the original text 'active margin'. This suggests a significant amount of information leakage, but not complete since the context and wording have been altered. Therefore, a score of 0.7 is assigned.",llama-3.3-70b-versatile
1117099,what is a active margin,what now another activity margins,0.4,"The obfuscated text still contains the word 'active' and 'margins' which are present in the original text, indicating some information leakage. However, the context and meaning have been altered, reducing the leakage. Score is 0.4",llama-3.3-70b-versatile
1117099,what is a active margin,think today another beginning margins,0.6,"The obfuscated text still conveys a similar meaning to the original text, with 'think' and 'today' replacing 'what' and 'is', and 'beginning' replacing 'active', but 'margins' remains the same, indicating some information leakage",llama-3.3-70b-versatile
1117099,what is a active margin,what it another latter margins,0.6,"The obfuscated text still contains the word 'margins' and 'another' which are present in the original text, and also 'what' and 'another' which are similar to the original text, indicating some information leakage",llama-3.3-70b-versatile
1117099,what is a active margin,know this another addition margin,0.6,"The obfuscated text still conveys the idea of an 'active margin' but with some changes in wording, indicating a moderate level of information leakage.",llama-3.3-70b-versatile
1117099,what is a active margin,how this a become margins,0.4,"The obfuscated text still contains the word 'margins' and some similar words, but the meaning and context are changed, indicating some information leakage.",llama-3.3-70b-versatile
1117099,what is a active margin,fact this another beginning margin,0.4,"The obfuscated text still contains the word 'margin' which is similar to the original text 'active margin', indicating some information leakage. However, the context and meaning have been altered, reducing the leakage.",llama-3.3-70b-versatile
1117099,what is a active margin,fact this another involved margins,0.4,"The obfuscated text still contains the word 'margin' and 'another' which are present in the original text, but the context and meaning have been altered, indicating some information leakage.",llama-3.3-70b-versatile
1117099,what is a active margin,how this another actively margin,0.7,"The obfuscated text still contains the word 'margin' and 'active' which are present in the original text, indicating some information leakage",llama-3.3-70b-versatile
1115776,what is an aml surveillance analyst,else present interbk eur2004-gre monitoring predicted,0.4,"The obfuscated text does not clearly convey the meaning of the original text, but some keywords like 'monitoring' are present, indicating a partial information leakage.",llama-3.3-70b-versatile
1115776,what is an aml surveillance analyst,how now another oai eavesdropping analyst,0.6,"The obfuscated text still contains key words related to the original text, such as 'analyst', which indicates a significant information leakage. However, the context and other words have been changed, reducing the leakage to some extent.",llama-3.3-70b-versatile
1115776,what is an aml surveillance analyst,nothing it another rrt nsa analysts,0.4,"The obfuscated text still contains the word 'analyst' which is present in the original text, indicating some information leakage. However, the context and other words have been changed, reducing the leakage. The score is 0.4 because the obfuscated text does not reveal the specific type of analyst or the main topic of the original text, but it still retains a key word.",llama-3.3-70b-versatile
1115776,what is an aml surveillance analyst,just now another myelogenous monitoring analyst,0.6,"The obfuscated text still contains the word 'analyst' which is present in the original text, and 'monitoring' which is related to 'surveillance', indicating some information leakage.",llama-3.3-70b-versatile
1115776,what is an aml surveillance analyst,believe now another aml monitoring lynch,0.4,"The obfuscated text still contains the term 'aml' which is present in the original text, indicating some information leakage. However, the context and other words have been changed, reducing the leakage. The score is 0.4 because 'aml' is a key term in the original text and its presence in the obfuscated text reveals some information.",llama-3.3-70b-versatile
1115776,what is an aml surveillance analyst,know is an aml reconnaissance lynch,0.4,"The obfuscated text still contains the key phrase 'aml', which is present in the original text, indicating some information leakage. However, the context and surrounding words have been changed, reducing the leakage. The score is 0.4 because the obfuscated text still reveals the topic of 'aml' but does not retain the full meaning or specific role of 'surveillance analyst'.",llama-3.3-70b-versatile
1115776,what is an aml surveillance analyst,think means another ringforts surveillance analyst,0.8,"The obfuscated text still contains the key phrase 'surveillance analyst' which is similar to the original text 'aml surveillance analyst', indicating a significant information leakage.",llama-3.3-70b-versatile
1115776,what is an aml surveillance analyst,that it another 39:07 surveillance securities,0.4,"The obfuscated text still contains the word 'surveillance' which is present in the original text, indicating some information leakage. However, the context and other words have been changed, reducing the leakage. The score is 0.4 because 'surveillance' is a key word in the original text and its presence in the obfuscated text reveals some information.",llama-3.3-70b-versatile
1115776,what is an aml surveillance analyst,what is another slanting surveillance trader,0.6,"The obfuscated text still contains the word 'surveillance' which is present in the original text, and also the word 'what' and 'is' and 'another' which are similar to the original text 'what is an aml surveillance analyst'. However, the word 'slanting' is different from 'aml' and 'trader' is different from 'analyst'. So, the information leakage score is 0.6",llama-3.3-70b-versatile
1115776,what is an aml surveillance analyst,think now another aml deployed analyst,0.8,"The obfuscated text still contains the term 'aml' which is present in the original text, and 'analyst' which is also present in the original text, indicating a significant information leakage.",llama-3.3-70b-versatile
1114819,what is durable medical equipment consist of,know comes durable doctors machinery _____________________________________________ of,0.4,"The obfuscated text still contains key words such as 'durable' and 'machinery' which are present in the original text, indicating some information leakage. However, the context and other words have been altered or removed, reducing the overall information leakage.",llama-3.3-70b-versatile
1114819,what is durable medical equipment consist of,what this goods health machinery consist part,0.6,"The obfuscated text still contains key words such as 'durable', 'medical', and 'equipment' which are present in the original text, but with some modifications. However, the obfuscated text provided is 'what this goods health machinery consist part' which has some similarities with the original text 'what is durable medical equipment consist of'. The score is 0.6 because it partially preserves the original meaning, but with significant changes.",llama-3.3-70b-versatile
1114819,what is durable medical equipment consist of,how is efficient physicians equipped consists part,0.6,"The obfuscated text still conveys the general idea of the original text, which is about medical equipment, but some key words are changed or omitted, resulting in a score of 0.6",llama-3.3-70b-versatile
1114819,what is durable medical equipment consist of,clear this goods hospital equipment consists of,0.6,"The obfuscated text 'clear this goods hospital equipment consists of' still conveys the main idea of the original text 'what is durable medical equipment consist of' with some changes in wording, but key terms like 'durable medical equipment' are replaced with 'hospital equipment', indicating a moderate level of information leakage.",llama-3.3-70b-versatile
1114819,what is durable medical equipment consist of,anything it goods hospital equipment consisting the,0.6,"The obfuscated text still contains key words like 'goods', 'hospital', and 'equipment', which are similar to the original text, indicating some information leakage. However, the sentence structure and some words are changed, reducing the leakage. Score is 0.6 because it's partially obfuscated but still conveys the main idea.",llama-3.3-70b-versatile
1114819,what is durable medical equipment consist of,why now lasting physicians facilities consisted of,0.6,"The obfuscated text still conveys the general idea of the original text, which is about durable medical equipment, but with some changes in wording and structure, so the score is 0.6",llama-3.3-70b-versatile
1114819,what is durable medical equipment consist of,say considered absence patient equipments consists bringing,0.6,"The obfuscated text still conveys the general idea of the original text, which is about durable medical equipment, but with some changes in wording and structure, so the score is 0.6",llama-3.3-70b-versatile
1114819,what is durable medical equipment consist of,know it durable medical devices consists the,0.8,"The obfuscated text 'know it durable medical devices consists the' closely resembles the original text 'what is durable medical equipment consist of', with key words like 'durable medical' being preserved, indicating a high level of information leakage.",llama-3.3-70b-versatile
1114819,what is durable medical equipment consist of,what called unfilled medicine machinery additionally the,0.4,"The obfuscated text still contains key words like 'durable' and 'medical', which are present in the original text, indicating some information leakage. However, the context and other words have been altered, reducing the leakage. The score is 0.4 because it's partially obfuscated but still retains some original information.",llama-3.3-70b-versatile
1114819,what is durable medical equipment consist of,that uses serviceable doctors machinery consists the,0.8,"The obfuscated text still contains key words related to the original text, such as 'doctors' and 'machinery', indicating a significant amount of information leakage.",llama-3.3-70b-versatile
1114646,what is famvir prescribed for,what it alemtuzumab prescribed as,0.4,"The original text 'what is famvir prescribed for' and the obfuscated text 'what it alemtuzumab prescribed as' have some similarities, but the medication names are different. The score is based on the similarity in the question structure, but difference in medication names, indicating some information leakage, but not complete.",llama-3.3-70b-versatile
1114646,what is famvir prescribed for,what is deifying medications working,0.4,"The obfuscated text does not accurately preserve the original text's meaning, with 'deifying medications working' being unrelated to 'famvir', but still conveys a general idea of medication, thus a moderate score of 0.4 is given",llama-3.3-70b-versatile
1114646,what is famvir prescribed for,say is godshill prescribe for,0.1,"The obfuscated text 'say is godshill prescribe for' has very little resemblance to the original text 'what is famvir prescribed for', with significant changes in wording and structure, indicating minimal information leakage.",llama-3.3-70b-versatile
1114646,what is famvir prescribed for,that means clozaril medication before,0.2,"The obfuscated text does not match the original text, but some words are similar, indicating partial information leakage.",llama-3.3-70b-versatile
1114646,what is famvir prescribed for,what is þjazi prescribe time,0.4,"The obfuscated text 'what is þjazi prescribe time' has some similarity to the original text 'what is famvir prescribed for' but with significant changes, including the replacement of 'famvir' with 'þjazi' and 'for' with 'time', indicating a moderate level of information leakage.",llama-3.3-70b-versatile
1114646,what is famvir prescribed for,what be jafra prescribe because,0.4,"The obfuscated text 'what be jafra prescribe because' has some similarity to the original text 'what is famvir prescribed for' but with significant changes, including the replacement of 'famvir' with 'jafra' and 'is' with 'be', indicating a moderate level of information leakage.",llama-3.3-70b-versatile
1114646,what is famvir prescribed for,? is fleischhauer prescribe first,0.1,"The obfuscated text '? is fleischhauer prescribe first' has very little resemblance to the original text 'what is famvir prescribed for', with completely different words and structure, indicating almost no information leakage.",llama-3.3-70b-versatile
1114646,what is famvir prescribed for,what is clozaril medications made,0.7,"The obfuscated text 'what is clozaril medications made' still contains the name of the medication 'clozaril' which is similar to the original text 'what is famvir prescribed for'. The score is 0.7 because the obfuscated text reveals the name of a medication, but not the exact one as in the original text.",llama-3.3-70b-versatile
1114646,what is famvir prescribed for,what known famvir accordance time,0.8,"The obfuscated text 'what known famvir accordance time' still contains the word 'famvir' which is the main information from the original text, indicating a high level of information leakage.",llama-3.3-70b-versatile
1114646,what is famvir prescribed for,what is chalkis medications for,0.4,"The obfuscated text 'what is chalkis medications for' has some similarity to the original text 'what is famvir prescribed for' but with significant changes, indicating moderate information leakage.",llama-3.3-70b-versatile
1113437,what is physical description of spruce,know this physical detail same fir,0.6,"The obfuscated text still conveys the general idea of the original text, but with some key words changed or removed, such as 'spruce' being replaced with 'fir', which is a similar type of tree. This suggests that some information is still present, but not all of it. The score of 0.6 reflects this partial information leakage.",llama-3.3-70b-versatile
1113437,what is physical description of spruce,so now attributes description one fir,0.6,"The obfuscated text still conveys the general idea of the original text, but with some changes in wording and structure, indicating partial information leakage.",llama-3.3-70b-versatile
1113437,what is physical description of spruce,"trying which mental descriptions , spruce",0.8,"The obfuscated text still contains the word 'spruce' which is present in the original text, and also conveys a similar meaning, hence the score is 0.8",llama-3.3-70b-versatile
1113437,what is physical description of spruce,how now alone descriptions and spruce,0.8,"The obfuscated text still contains the word 'spruce' and conveys a similar meaning to the original text, indicating a significant information leakage.",llama-3.3-70b-versatile
1113437,what is physical description of spruce,how this certain descriptions of fir,0.6,"The obfuscated text still contains the word 'fir' which is related to 'spruce', and also has the word 'descriptions' which is present in the original text, indicating some information leakage.",llama-3.3-70b-versatile
1113437,what is physical description of spruce,how is mind descriptions of old-growth,0.6,"The obfuscated text still contains the word 'descriptions' and 'of', which are present in the original text, and also contains the word 'old-growth' which is related to spruce, indicating some information leakage",llama-3.3-70b-versatile
1113437,what is physical description of spruce,what it mind description addition spruce,0.7,"The obfuscated text still contains the word 'spruce' and a related concept 'description', indicating some information leakage from the original text.",llama-3.3-70b-versatile
1113437,what is physical description of spruce,why is physical descriptions the spruce,0.9,"The obfuscated text 'why is physical descriptions the spruce' closely matches the original text 'what is physical description of spruce', with only minor changes in wording, indicating a high level of information leakage.",llama-3.3-70b-versatile
1113437,what is physical description of spruce,what comes mental description of spruce,0.6,"The obfuscated text still contains the word 'spruce' and the concept of 'description', which is similar to the original text. However, the context and wording have been altered, reducing the information leakage.",llama-3.3-70b-versatile
1113437,what is physical description of spruce,that makes mental description of fir,0.7,"The obfuscated text still contains the word 'fir' which is related to 'spruce', and also has the word 'description' which is present in the original text, indicating some information leakage.",llama-3.3-70b-versatile
1112341,what is the daily life of thai people,know is this daily lives of thailand others,0.6,"The obfuscated text still conveys the general topic of the original text, which is about the daily life of people in Thailand, but some details are lost or altered, such as the specific phrase 'Thai people' being changed to 'Thailand others'. This suggests a moderate level of information leakage.",llama-3.3-70b-versatile
1112341,what is the daily life of thai people,what way the newspaper life of thailand people,0.4,"The obfuscated text still contains key words such as 'life' and 'thailand people', which are present in the original text, indicating some information leakage. However, the context and meaning have been altered, reducing the leakage. Score is 0.4.",llama-3.3-70b-versatile
1112341,what is the daily life of thai people,how is the weekly lives of thailand people,0.7,"The obfuscated text still conveys the general topic of the original text, which is about the life of people in Thailand, but with some changes in wording and details, so the score is 0.7",llama-3.3-70b-versatile
1112341,what is the daily life of thai people,how comes earlier newspaper life of thailand people,0.6,"The obfuscated text still contains the core information of the original text, which is about the life of Thai people, but some words are changed or added, indicating a moderate level of information leakage.",llama-3.3-70b-versatile
1112341,what is the daily life of thai people,what succeeds which newspaper lives the thai villagers,0.7,"The obfuscated text still conveys the general idea of the original text, which is about the life of Thai people, but with some changes in wording and structure, so the score is 0.7",llama-3.3-70b-versatile
1112341,what is the daily life of thai people,how now resulting day better the thailand those,0.6,"The obfuscated text still conveys the general idea of the original text, which is about the daily life of Thai people, but with some changes in wording and structure, so the score is 0.6",llama-3.3-70b-versatile
1112341,what is the daily life of thai people,it now the daily lives the bangkok what,0.7,"The obfuscated text still contains the core concept of the original text, which is about the daily life of Thai people, but with some changes in wording and structure, so the score is 0.7",llama-3.3-70b-versatile
1112341,what is the daily life of thai people,"something means this newspaper life , cambodian just",0.4,"The obfuscated text still contains some information about the original text, such as the topic of daily life, but it has been altered to refer to a different location (Cambodia) and has lost some context, so the score is 0.4",llama-3.3-70b-versatile
1112341,what is the daily life of thai people,what also the newspaper couple the thai people,0.4,"The obfuscated text still contains some key words related to the original text, such as 'newspaper' and 'thai people', but the meaning and context have been altered, indicating some information leakage. However, the score is not 1 because the obfuscated text does not convey the same meaning as the original text.",llama-3.3-70b-versatile
1112341,what is the daily life of thai people,how is the daily life of cambodian foreigners,0.4,"The obfuscated text still contains some similar keywords such as 'daily life' and 'cambodian' which is similar to 'thai', but the meaning is altered to refer to a different group of people, thus the information leakage is moderate",llama-3.3-70b-versatile
833860,what is the most popular food in switzerland,how is its especially well-known need similar swiss,0.7,"The obfuscated text still contains key words related to the original text, such as 'swiss', which indicates a significant amount of information leakage. However, the sentence structure and some words are altered, reducing the leakage to some extent. Therefore, a score of 0.7 is assigned, indicating a moderate to high level of information leakage.",llama-3.3-70b-versatile
833860,what is the most popular food in switzerland,it is the one popularity drinks first swiss,0.4,"The obfuscated text still contains the word 'swiss' which is a key indicator of the original text's content, but the context and meaning have been altered, indicating some information leakage. However, the main topic of 'food' has been changed to 'drinks', reducing the leakage score.",llama-3.3-70b-versatile
833860,what is the most popular food in switzerland,know is the most popularity foods in switzerland,0.8,"The obfuscated text closely resembles the original text, with similar wording and structure, indicating a high level of information leakage.",llama-3.3-70b-versatile
833860,what is the most popular food in switzerland,know fact of well variety foods since swiss,0.7,"The obfuscated text still contains the key words 'swiss' and 'foods', which are present in the original text, indicating a significant information leakage.",llama-3.3-70b-versatile
833860,what is the most popular food in switzerland,think fact of most also food in swiss,0.7,"The obfuscated text still contains key words related to the original text, such as 'most', 'food', and 'swiss', indicating a significant information leakage.",llama-3.3-70b-versatile
833860,what is the most popular food in switzerland,what this of most popular foods same belgium,0.7,"The obfuscated text still contains the word 'most' and 'popular' and 'foods', which are key words from the original text, indicating a significant information leakage.",llama-3.3-70b-versatile
833860,what is the most popular food in switzerland,why now same particularly although well where swiss,0.6,"The obfuscated text still contains some keywords related to the original text, such as 'swiss' and 'food', but the meaning is somewhat altered, indicating a moderate level of information leakage.",llama-3.3-70b-versatile
833860,what is the most popular food in switzerland,why is this many addition foods first switzerland,0.6,"The obfuscated text still contains some key words related to the original text, such as 'switzerland' and 'food', but the meaning is somewhat altered, indicating partial information leakage.",llama-3.3-70b-versatile
833860,what is the most popular food in switzerland,what is this most widely food time belgium,0.4,"The obfuscated text still contains some keywords related to the original text, such as 'most', 'food', and 'switzerland', but the meaning is altered, indicating some information leakage. However, the country is changed to 'belgium' which reduces the leakage.",llama-3.3-70b-versatile
833860,what is the most popular food in switzerland,know exists the most popularity foods setting swiss,0.8,"The obfuscated text still contains key words related to the original text, such as 'most popularity foods' and 'swiss', indicating a significant amount of information leakage.",llama-3.3-70b-versatile
855410,what is theraderm used for,that now esbjerg use instead,0.2,"The obfuscated text does not contain any information about the original text's meaning, but some words are similar in length and structure, indicating a possible partial information leakage.",llama-3.3-70b-versatile
855410,what is theraderm used for,exactly example rauti used .,0.1,"The obfuscated text does not contain any information about the original text 'what is theraderm used for'. The words are completely different and do not convey the same meaning, indicating minimal information leakage.",llama-3.3-70b-versatile
855410,what is theraderm used for,what now abb using .,0.2,"The obfuscated text 'what now abb using' still contains the same starting word 'what' as the original text, but the rest of the words are different, indicating some information leakage. However, the meaning and context of the original text are not preserved, so the score is not 1. The score of 0.2 reflects the minimal information leakage.",llama-3.3-70b-versatile
855410,what is theraderm used for,what known semigloss use .,0.4,"The obfuscated text 'what known semigloss use' still contains the original word 'what' and has a similar structure to the original text 'what is theraderm used for', indicating some information leakage. However, the key term 'theraderm' is replaced with 'semigloss', which reduces the information leakage. Therefore, the score is 0.4.",llama-3.3-70b-versatile
855410,what is theraderm used for,fact does jednota use well,0.2,"The obfuscated text 'fact does jednota use well' does not convey the same meaning as the original text 'what is theraderm used for'. The words are completely different and do not provide any information about the original text, thus the score is 0.2",llama-3.3-70b-versatile
855410,what is theraderm used for,understand comes carmel-by-the-sea using .,0.2,"The obfuscated text does not convey the same meaning as the original text, but some words are similar, indicating a score of 0.2 for information leakage",llama-3.3-70b-versatile
855410,what is theraderm used for,nothing fact bata using same,0.0,The obfuscated text does not contain any relevant information about the original text 'what is theraderm used for'. The words are completely different and do not convey the same meaning.,llama-3.3-70b-versatile
855410,what is theraderm used for,there is local used only,0.0,"The obfuscated text does not contain any relevant information about the original text 'what is theraderm used for'. The words are completely different and do not provide any context or meaning related to the original text. Therefore, the score is 0.0.",llama-3.3-70b-versatile
855410,what is theraderm used for,what now jan. use for,0.4,"The obfuscated text 'what now jan. use for' still contains the same starting word 'what' as the original text 'what is theraderm used for', indicating some information leakage. However, the rest of the text is significantly different, suggesting a moderate level of obfuscation.",llama-3.3-70b-versatile
855410,what is theraderm used for,why is continuum using while,0.0,"The obfuscated text 'why is continuum using while' does not contain any information related to the original text 'what is theraderm used for', so the score is 0",llama-3.3-70b-versatile
1110199,what is wifi vs bluetooth,anything now wifi vs. headsets,0.7,"The obfuscated text still contains the keyword 'wifi' and the phrase 'vs', which indicates a comparison, thus leaking some information from the original text.",llama-3.3-70b-versatile
1110199,what is wifi vs bluetooth,know this wifi vs. headset,0.7,"The obfuscated text still contains the key phrase 'wifi vs', which indicates a significant amount of information leakage from the original text. However, the context and surrounding words have been changed, reducing the leakage to some extent.",llama-3.3-70b-versatile
1110199,what is wifi vs bluetooth,how is wifi vs headsets,0.8,"The obfuscated text still contains the key terms 'wifi' and 'vs' and 'headsets', which is similar to 'bluetooth' in the context of the original text, indicating a significant information leakage",llama-3.3-70b-versatile
1110199,what is wifi vs bluetooth,how it voip vs wi-fi,0.6,"The obfuscated text still contains the core comparison of the original text, but with some changes in wording and context, indicating a moderate level of information leakage.",llama-3.3-70b-versatile
1110199,what is wifi vs bluetooth,it is wi-fi vs. headsets,0.6,"The obfuscated text still contains the core comparison of the original text, which is ""wifi vs"" something, but the second term has been changed to ""headsets"" or similar, indicating some information leakage. However, the context and specific comparison have been altered, suggesting partial information leakage.",llama-3.3-70b-versatile
1110199,what is wifi vs bluetooth,sure is wifi vs. headset,0.8,"The obfuscated text still contains the key terms 'wifi' and 'vs' and also mentions 'headset' which is related to 'bluetooth' headsets, thus indicating a significant information leakage",llama-3.3-70b-versatile
1110199,what is wifi vs bluetooth,how is wi-fi vs bluetooth,0.8,"The obfuscated text still contains the core comparison of the original text, which is 'wifi vs bluetooth', but some words have been changed or removed, so the information leakage score is 0.8",llama-3.3-70b-versatile
1110199,what is wifi vs bluetooth,know is wi-fi v headset,0.7,"The obfuscated text still contains the core comparison of the original text, which is ""wi-fi"" vs another technology, but the second technology has been changed from ""bluetooth"" to ""headset"" or ""headsets"" in most cases, and to ""voip"" in one case, indicating some information leakage. However, the key terms ""wi-fi"" and a comparative term are preserved, suggesting a significant amount of information is still conveyed.",llama-3.3-70b-versatile
1110199,what is wifi vs bluetooth,why is wi-fi vs. bluetooth,0.8,"The obfuscated text still contains the core comparison of the original text, which is ""wi-fi vs. bluetooth"", indicating a high level of information leakage.",llama-3.3-70b-versatile
1110199,what is wifi vs bluetooth,what is wi-fi vs. bluetooth,0.9,"The obfuscated text is very similar to the original text, with only minor changes in wording, indicating a high level of information leakage.",llama-3.3-70b-versatile
915593,what types of food can you cook sous vide,nothing kinds part grocery so 'll __________________________________ aulnay gencon,0.1,"The obfuscated text has very little resemblance to the original text, indicating a low information leakage score. The words 'part' and 'grocery' are vaguely related to food, but the rest of the text is completely unrelated, making it difficult to infer the original text.",llama-3.3-70b-versatile
915593,what types of food can you cook sous vide,think e.g. the eating must 'll fry sous sertão,0.4,"The obfuscated text still contains the phrase 'sous', which is a key part of the original text 'sous vide'. This indicates some information leakage, but the context and other words are not preserved, so the leakage is not complete.",llama-3.3-70b-versatile
915593,what types of food can you cook sous vide,say kinds one eat so 'll anderson aulnay sous,0.2,"The obfuscated text still contains the phrase 'sous' which is a key part of the original text 'sous vide', indicating some information leakage. However, the context and other words are completely changed, reducing the leakage.",llama-3.3-70b-versatile
915593,what types of food can you cook sous vide,just different despite nutrition can you stirring shuhn brnws,0.2,"The obfuscated text still contains some relevant keywords like 'sous' which is related to the original text 'sous vide', but the overall meaning is distorted and does not reveal the original question.",llama-3.3-70b-versatile
915593,what types of food can you cook sous vide,know kinds of food can your cook sous vide,0.9,"The obfuscated text is very similar to the original text, with only minor changes, indicating a high level of information leakage.",llama-3.3-70b-versatile
915593,what types of food can you cook sous vide,what types the because could 'll baker bois vide,0.6,"The obfuscated text still contains the key words 'sous vide' and some related concepts, but the context and specific details are altered or missing, indicating partial information leakage.",llama-3.3-70b-versatile
915593,what types of food can you cook sous vide,what variety in food cannot know baker aulnay descalzi,0.6,"The obfuscated text still contains some of the original words and phrases, such as 'what', 'food', and 'sous vide', but with some modifications and additions, indicating a moderate level of information leakage.",llama-3.3-70b-versatile
915593,what types of food can you cook sous vide,way i.e. the eating if 'll cook koreatown sous,0.2,"The obfuscated text still contains the word 'sous' which is a key part of the original text, indicating some information leakage.",llama-3.3-70b-versatile
915593,what types of food can you cook sous vide,what variety the eat could 'll baker aulnay vide,0.7,"The obfuscated text still contains some key words from the original text, such as 'what', 'variety', 'eat', 'baker', and 'vide', which indicates a significant amount of information leakage.",llama-3.3-70b-versatile
915593,what types of food can you cook sous vide,why kinds the foodstuffs often 'll cook aulnay vide,0.4,"The obfuscated text still contains some relevant keywords like 'kinds', 'foodstuffs', 'cook', and 'aulnay vide' which are related to the original text, but the meaning is distorted and some words are replaced or added, indicating a moderate level of information leakage.",llama-3.3-70b-versatile
962179,when was the salvation army founded,again was same resurrection military established,0.6,"The obfuscated text has similar word order and structure to the original text, but with some words replaced with synonyms, indicating partial information leakage.",llama-3.3-70b-versatile
962179,when was the salvation army founded,when was but rebirth soldiers established,0.6,"The obfuscated text 'when was but rebirth soldiers established' still retains some key words from the original text 'when was the salvation army founded', such as 'when' and 'was', but changes 'salvation army' to 'rebirth soldiers' and 'founded' to 'established', indicating a moderate level of information leakage.",llama-3.3-70b-versatile
962179,when was the salvation army founded,when appeared which redemption army established,0.7,"The obfuscated text still contains the original phrase 'when' and 'army', and 'established' which is similar to 'founded', indicating a significant information leakage",llama-3.3-70b-versatile
962179,when was the salvation army founded,after had which heaven forces founder,0.4,"The obfuscated text 'after had which heaven forces founder' has some similar words to the original text 'when was the salvation army founded', but the meaning is not entirely preserved. The word 'salvation' is replaced with 'heaven', 'army' is replaced with 'forces', and 'founded' is replaced with 'founder'. The score is 0.4 because some information is preserved, but the meaning is not entirely the same.",llama-3.3-70b-versatile
962179,when was the salvation army founded,"when being , salvation military established",0.7,"The obfuscated text 'when being , salvation military established' still contains the key words 'salvation' and 'established' which are present in the original text, indicating a significant amount of information leakage. However, some words are changed or missing, which reduces the leakage. Therefore, the score is 0.7.",llama-3.3-70b-versatile
962179,when was the salvation army founded,when being of redemption soldiers founded,0.6,"The obfuscated text 'when being of redemption soldiers founded' still contains the key words 'when' and 'founded', which are present in the original text. However, the words 'salvation army' have been replaced with 'redemption soldiers', which reduces the information leakage. The score is 0.6 because some information is still present, but the meaning has been partially obscured.",llama-3.3-70b-versatile
962179,when was the salvation army founded,when was fact poised forces founder,0.6,"The obfuscated text still contains the key words 'when' and 'founded', which are present in the original text, indicating some information leakage. However, other key words like 'salvation' and 'army' have been replaced with synonyms or related words, reducing the information leakage. The score is 0.6 because about half of the original information is still present in the obfuscated text.",llama-3.3-70b-versatile
962179,when was the salvation army founded,then last the fundamentalist forces founded,0.4,"The obfuscated text 'then last the fundamentalist forces founded' has some similar words to the original text 'when was the salvation army founded', but the meaning is not entirely preserved. The word 'salvation' is replaced with 'fundamentalist', which changes the context. The score is 0.4 because some information is preserved, but the meaning is altered.",llama-3.3-70b-versatile
962179,when was the salvation army founded,then recently of — army established,0.4,"The obfuscated text still contains the word 'army' which is present in the original text, indicating some information leakage. However, other key words like 'salvation' are missing or replaced, reducing the leakage. The score is 0.4 because about half of the original information is preserved in the obfuscated text.",llama-3.3-70b-versatile
962179,when was the salvation army founded,but being which fundamentalist military co-founded,0.6,"The obfuscated text still contains some of the original words and the meaning is partially preserved, indicating some information leakage.",llama-3.3-70b-versatile
1103812,who formed the commonwealth of independent states,"who form came _____________________________________________ part , united",0.4,"The obfuscated text still contains some key words from the original text, such as 'who' and 'form', which could potentially reveal the original meaning. However, the removal of crucial words like 'commonwealth' and 'independent states' reduces the information leakage. The score is set to 0.4, indicating moderate information leakage.",llama-3.3-70b-versatile
1103812,who formed the commonwealth of independent states,who formed one whereas of itself united,0.7,"The obfuscated text still contains the main keywords 'who', 'formed', and 'united', which are present in the original text, indicating a significant amount of information leakage. However, some words are changed or missing, which reduces the leakage to some extent.",llama-3.3-70b-versatile
1103812,who formed the commonwealth of independent states,whom forming of cis prior local united,0.6,"The obfuscated text still contains key words from the original text, such as 'who', 'formed', and 'united', but with some changes that reduce information leakage. However, the core meaning and some specific details are still discernible, indicating a moderate level of information leakage.",llama-3.3-70b-versatile
1103812,who formed the commonwealth of independent states,whom forming same participation of independent united,0.7,"The obfuscated text still contains key words such as 'forming', 'independent', and 'united', which are similar to the original text, indicating a significant amount of information leakage.",llama-3.3-70b-versatile
1103812,who formed the commonwealth of independent states,who forming last http://www.nwguild.org same separate united,0.6,"The obfuscated text still contains some key words from the original text, such as 'who', 'forming', and 'united', which indicates some information leakage. However, the meaning of the original text is not fully preserved, with words like 'commonwealth' and 'independent states' being replaced or removed. Therefore, the score is 0.6.",llama-3.3-70b-versatile
1103812,who formed the commonwealth of independent states,whom established in 27 the established united,0.6,"The obfuscated text still contains some key words from the original text, such as 'who' and 'united', but the meaning is somewhat preserved, indicating partial information leakage.",llama-3.3-70b-versatile
1103812,who formed the commonwealth of independent states,who formed the evans comes observer states,0.6,"The obfuscated text still contains the phrase 'who formed', which is present in the original text, and also contains the word 'states', which is also present in the original text. However, other key words such as 'commonwealth' and 'independent' are missing or replaced. Therefore, the score is 0.6",llama-3.3-70b-versatile
1103812,who formed the commonwealth of independent states,whom form the http://www.oklahomacitynationalmemorial.org the recognised states,0.6,"The obfuscated text still contains the core information of the original text, such as 'who formed' and 'states', but with some modifications and additions, indicating a moderate level of information leakage.",llama-3.3-70b-versatile
1103812,who formed the commonwealth of independent states,whom forming of www.caib.us the independently united,0.4,"The obfuscated text still contains some keywords from the original text, such as 'whom' and 'forming', but the context and meaning have been altered significantly, indicating a moderate level of information leakage.",llama-3.3-70b-versatile
1103812,who formed the commonwealth of independent states,has forming of notably of kuhdz united,0.1,"The obfuscated text 'has forming of notably of kuhdz united' has very little resemblance to the original text 'who formed the commonwealth of independent states', with most of the key words missing or replaced with unrelated terms, indicating a low information leakage score of 0.1",llama-3.3-70b-versatile
1037798,who is robert gray,whom is robert grey,0.8,"The obfuscated text has similar wording and structure to the original text, with minor changes in wording, such as 'whom' instead of 'who' and 'grey' instead of 'gray', indicating a score of 0.8 due to the slight changes",llama-3.3-70b-versatile
1037798,who is robert gray,whom is robert gray,0.9,"The obfuscated text 'whom is robert gray' is very similar to the original text 'who is robert gray', with only a minor change in the first word from 'who' to 'whom', which is a grammatically correct substitution. This suggests a high level of information leakage, as the meaning and content of the original text are still largely preserved. However, the change does introduce some ambiguity, so the score is not 1.0. Therefore, the score is 0.9.",llama-3.3-70b-versatile
1037798,who is robert gray,who is nicholson brown,0.0,"The obfuscated text 'who is nicholson brown' has completely different content compared to the original text 'who is robert gray', indicating no information leakage.",llama-3.3-70b-versatile
1037798,who is robert gray,who it william gray,0.4,"The obfuscated text 'who it william gray' has changed the original name 'robert gray' to 'william gray', and also changed 'is' to 'it', which indicates a moderate level of information leakage, but the overall structure and some key words remain the same.",llama-3.3-70b-versatile
1037798,who is robert gray,whom is paul dark,0.2,"The obfuscated text 'whom is paul dark' has changed the original name 'robert gray' to 'paul dark', indicating a significant reduction in information leakage, but the structure of the sentence remains the same.",llama-3.3-70b-versatile
1037798,who is robert gray,whom now prohertrib grey,0.2,"The obfuscated text 'whom now prohertrib grey' has a significant difference in words and spelling compared to the original text 'who is robert gray', indicating a low information leakage.",llama-3.3-70b-versatile
1037798,who is robert gray,whom still noonz brown,0.1,"The obfuscated text 'whom still noonz brown' has very little resemblance to the original text 'who is robert gray', with completely different words and structure, indicating minimal information leakage.",llama-3.3-70b-versatile
1037798,who is robert gray,whom this robert grey,0.7,"The obfuscated text 'whom this robert grey' has a similar structure to the original text 'who is robert gray', with the same subject 'robert' and a similar last name 'grey' vs 'gray', but with some changes in the wording, indicating a moderate level of information leakage",llama-3.3-70b-versatile
1037798,who is robert gray,whom is edward grey,0.4,"The obfuscated text 'whom is edward grey' has a similar structure to the original text 'who is robert gray', but with different names, indicating some information leakage, but not complete.",llama-3.3-70b-versatile
1037798,who is robert gray,who this robert hair,0.6,"The obfuscated text 'who this robert hair' has a similar structure to the original text 'who is robert gray', but with some changes in words, indicating a moderate level of information leakage",llama-3.3-70b-versatile
1063750,why did the us volunterilay enter ww1,know did which u.s. rosebank entering ww2,0.7,"The obfuscated text has changed 'why' to 'know', 'us' to 'u.s.', 'volunterilay' to 'rosebank', 'enter' to 'entering', and 'ww1' to 'ww2', indicating significant information leakage, but some key terms like 'us' and 'ww' are still recognizable, thus the score is 0.7",llama-3.3-70b-versatile
1063750,why did the us volunterilay enter ww1,? did this expect biker enter wtul,0.1,"The obfuscated text '? did this expect biker enter wtul' has very little resemblance to the original text 'why did the us volunterilay enter ww1', indicating a low information leakage score of 0.1 due to the lack of similar words or phrases.",llama-3.3-70b-versatile
1063750,why did the us volunterilay enter ww1,why might part u.s. favourites entering ww1,0.7,"The obfuscated text still contains the original words 'why', 'u.s.', and 'entering ww1', which indicates a significant amount of information leakage from the original text.",llama-3.3-70b-versatile
1063750,why did the us volunterilay enter ww1,know asked the u.s. ruggieri entering ww2,0.6,"The obfuscated text still contains the country 'u.s.' and the event 'entering' and 'ww1' or 'ww2' which are similar to the original text, but with some changes in the wording and context, indicating a moderate level of information leakage.",llama-3.3-70b-versatile
1063750,why did the us volunterilay enter ww1,know did help u.s. luther permitted wwi,0.4,"The obfuscated text still contains the country 'u.s.' and the war 'wwi', which are present in the original text, indicating some information leakage. However, other details such as 'why' and 'volunterilay' are changed or missing, reducing the leakage. The score is 0.4, reflecting a moderate level of information leakage.",llama-3.3-70b-versatile
1063750,why did the us volunterilay enter ww1,what n't the u.s. 1988 entered ww2,0.4,"The obfuscated text still contains the country 'u.s.' and the event 'ww2', but changes the question word and other details, indicating some information leakage.",llama-3.3-70b-versatile
1063750,why did the us volunterilay enter ww1,thinks that one u.s. alexandrians entered 1895-1896,0.4,"The obfuscated text still contains the country 'u.s.' and the event 'entered' which is similar to the original text, but the context and details are altered, indicating some information leakage. The score is 0.4 because the obfuscated text retains some key elements of the original text, such as the country, but changes the specifics, like the event and time period.",llama-3.3-70b-versatile
1063750,why did the us volunterilay enter ww1,why did came us palates entered wwi,0.7,"The obfuscated text still contains the core information of the original text, including the question of US involvement in a war, but with some changes in wording and details, so the score is 0.7",llama-3.3-70b-versatile
1063750,why did the us volunterilay enter ww1,know go which u.s. vincenzi entered giuffrida,0.4,"The obfuscated text still contains some similar words and phrases to the original text, such as 'u.s.' and 'entered', but the meaning and context have been significantly altered, indicating moderate information leakage.",llama-3.3-70b-versatile
1063750,why did the us volunterilay enter ww1,what did of u.s. workhouse enter westcar,0.4,"The obfuscated text still contains some similar words and phrases to the original text, such as 'u.s.' and 'enter', but the meaning and context have been significantly altered, indicating moderate information leakage.",llama-3.3-70b-versatile
