id,text,obfuscatedText,score,justification,model
19335,anthropological definition of environment,sociological format of nature,0.6,"The obfuscated text 'sociological format of nature' still conveys a similar meaning to the original text 'anthropological definition of environment', as both relate to the study of human interactions with the natural world, but with some changes in terminology, thus indicating a moderate level of information leakage.",llama-3.3-70b-versatile
19335,anthropological definition of environment,ethnological definitions of legislation,0.4,"The obfuscated text 'ethnological definitions of legislation' has some similarity in structure to the original text 'anthropological definition of environment', but the key terms have been replaced with related but distinct concepts, indicating a moderate level of information leakage.",llama-3.3-70b-versatile
19335,anthropological definition of environment,philological definition the resources,0.4,"The obfuscated text 'philological definition the resources' has some similarity in structure to the original text 'anthropological definition of environment', but the key terms have been replaced with related but distinct concepts, indicating a moderate level of information leakage.",llama-3.3-70b-versatile
19335,anthropological definition of environment,sociological definitions addition environment,0.4,"The obfuscated text 'sociological definitions addition environment' still contains the word 'environment' from the original text, indicating some information leakage. However, the addition of 'addition' and change from 'anthropological' to 'sociological' reduces the leakage. Score: 0.4",llama-3.3-70b-versatile
19335,anthropological definition of environment,ethnological definitions initial environment,0.6,"The obfuscated text 'ethnological definitions initial environment' still conveys the core concept of 'environment' and its relation to a field of study, but changes the specific field and adds 'initial', thus reducing information leakage to 0.6",llama-3.3-70b-versatile
19335,anthropological definition of environment,archaeology definition the environments,0.6,"The obfuscated text 'archaeology definition the environments' still conveys the idea of a field of study related to the environment, but with a different field (archaeology instead of anthropology) and a slight change in wording, thus the information leakage score is 0.6",llama-3.3-70b-versatile
19335,anthropological definition of environment,sociological definitions of environment,0.8,"The obfuscated text is very similar to the original text, with only a slight change in the word 'anthropological' to 'sociological', which still conveys the same general meaning. This suggests a high level of information leakage.",llama-3.3-70b-versatile
19335,anthropological definition of environment,ethnology defined part environment,0.8,"The obfuscated text 'sociological definitions of environment' is very similar to the original text 'anthropological definition of environment', with only a change in the field of study from 'anthropological' to 'sociological', which are related fields. This suggests a high level of information leakage, but not complete, as the meaning is still slightly altered.",llama-3.3-70b-versatile
19335,anthropological definition of environment,sociological defines the resources,0.4,"The obfuscated text 'sociological defines the resources' has some similarity to the original text 'anthropological definition of environment' but with significant changes, indicating moderate information leakage.",llama-3.3-70b-versatile
19335,anthropological definition of environment,anthropological interpreted the environments,0.8,"The obfuscated text 'anthropological interpreted the environments' is very similar to the original text 'anthropological definition of environment', with the main difference being the word 'interpreted' instead of 'definition' and 'the environments' instead of 'of environment'. This suggests a high level of information leakage, but not complete, as the meaning is still slightly altered.",llama-3.3-70b-versatile
47923,axon terminals or synaptic knob definition,dendrites terminal which synapses gearshift definition,0.7,"The obfuscated text still contains key terms related to the original text, such as 'terminal' and 'synapses', which indicates a significant amount of information leakage. However, the addition of unrelated terms like 'gearshift' and the change from 'axon terminals' to 'dendrites terminal' reduces the leakage to some extent.",llama-3.3-70b-versatile
47923,axon terminals or synaptic knob definition,third-parties terminals instead plasticity knobs specifically,0.7,"The obfuscated text still contains key terms related to the original text, such as 'terminals' and concepts related to synaptic function, indicating a significant information leakage.",llama-3.3-70b-versatile
47923,axon terminals or synaptic knob definition,axonal configured either plasticity knobs defines,0.6,"The obfuscated text still contains key terms related to the original text, such as 'plasticity' and 'knobs', which are related to 'axon terminals' and 'synaptic knob'. However, the context and specific terminology have been altered, reducing information leakage.",llama-3.3-70b-versatile
47923,axon terminals or synaptic knob definition,presynaptic furtive and/or presynaptic knobs definitions,0.6,"The obfuscated text still contains key terms related to the original text, such as 'presynaptic' and 'knobs', which are crucial for understanding the concept of axon terminals or synaptic knobs. However, the addition of 'furtive' and the rephrasing of the sentence structure reduce the information leakage. Therefore, the score is 0.6.",llama-3.3-70b-versatile
47923,axon terminals or synaptic knob definition,axon terminal sometimes synaptic fehér defines,0.7,"The obfuscated text still contains key terms related to the original text, such as 'axon terminal' and 'synaptic', indicating a significant amount of information leakage. However, some terms have been altered or omitted, reducing the leakage to some extent.",llama-3.3-70b-versatile
47923,axon terminals or synaptic knob definition,"2,260 terminal either synaptic knob definitions",0.6,"The obfuscated text still contains key terms related to the original text, such as 'terminal' and 'synaptic knob', but with added or modified words that reduce direct information leakage. However, the core concepts are still somewhat preserved, indicating partial information leakage.",llama-3.3-70b-versatile
47923,axon terminals or synaptic knob definition,synapse terminals either synaptic goal_pittsburgh definition,0.6,"The obfuscated text still contains key terms related to the original text, such as 'synaptic' and 'terminals', but with added unrelated words, indicating partial information leakage.",llama-3.3-70b-versatile
47923,axon terminals or synaptic knob definition,axon offices rather synaptic knobs definition,0.8,"The obfuscated text still contains key terms related to the original text, such as 'axon' and 'synaptic knobs', indicating a significant amount of information leakage.",llama-3.3-70b-versatile
47923,axon terminals or synaptic knob definition,presynaptic terminals or synapse knobs definition,0.7,"The obfuscated text still contains key terms related to the original text, such as 'presynaptic', 'terminals', 'synapse', and 'knobs', which are crucial for understanding the concept of axon terminals or synaptic knobs. However, some terms have been altered or removed, reducing the information leakage. Given this, the score should reflect a moderate level of information leakage.",llama-3.3-70b-versatile
47923,axon terminals or synaptic knob definition,pre-programmed terminals rather synaptic knobs defined,0.8,"The obfuscated text still contains key terms related to the original text, such as 'terminals' and 'synaptic knobs', indicating a significant amount of information leakage.",llama-3.3-70b-versatile
87181,causes of left ventricular hypertrophy,cause bringing right ventricular b-raf,0.4,"The obfuscated text has changed 'left' to 'right' and 'hypertrophy' to 'b-raf', indicating some information leakage, but the core concept of 'cause' and 'ventricular' is preserved, thus a moderate score of 0.4 is given",llama-3.3-70b-versatile
87181,causes of left ventricular hypertrophy,cause brought leaving atrial dilatation,0.6,"The obfuscated text still contains the word 'cause' and 'leaving' which is similar to 'left', and 'atrial dilatation' is related to heart conditions, indicating some information leakage from the original text.",llama-3.3-70b-versatile
87181,causes of left ventricular hypertrophy,cause the injured ventricular hyperplasia,0.4,"The obfuscated text still contains the word 'cause' and 'ventricular' which are present in the original text, but the context and other words have been changed, indicating some information leakage. However, the word 'hypertrophy' has been replaced with 'hyperplasia' which is a different medical condition, and 'left' has been replaced with no direction or 'injured' which is not the same, indicating some level of obfuscation.",llama-3.3-70b-versatile
87181,causes of left ventricular hypertrophy,causes the leaving atrial hypertrophy,0.4,"The obfuscated text still contains the word 'causes' and 'hypertrophy' which are present in the original text, but 'left ventricular' has been replaced with 'leaving atrial', indicating some information leakage. However, the meaning of the text has been altered, so it's not complete information leakage.",llama-3.3-70b-versatile
87181,causes of left ventricular hypertrophy,cause may leaving arrhythmias hypertrophy,0.4,"The obfuscated text still contains the word 'hypertrophy' and 'cause', which are present in the original text, indicating some information leakage. However, the context and other words have been changed, reducing the leakage.",llama-3.3-70b-versatile
87181,causes of left ventricular hypertrophy,cause one left atrial hypertrophy,0.6,"The obfuscated text still contains the word 'cause' and 'hypertrophy' which are present in the original text, and also mentions 'left' and 'atrial' which are related to the original text 'left ventricular hypertrophy'. However, it replaces 'ventricular' with 'atrial', which reduces the information leakage. Therefore, the score is 0.6.",llama-3.3-70b-versatile
87181,causes of left ventricular hypertrophy,cause of leaving atrial aliased,0.4,"The obfuscated text still contains the word 'cause' and 'hypertrophy' or related terms, but changes 'left ventricular' to other terms, indicating some information leakage, but not complete.",llama-3.3-70b-versatile
87181,causes of left ventricular hypertrophy,cause part leaving atrial hypertrophy,0.6,"The obfuscated text still contains the word 'cause' and 'hypertrophy' and 'atrial' which are similar to the original text 'causes of left ventricular hypertrophy', indicating some information leakage. However, the word 'left' is replaced with 'leaving' and 'ventricular' is replaced with 'atrial', which reduces the information leakage. Therefore, the score is 0.6.",llama-3.3-70b-versatile
87181,causes of left ventricular hypertrophy,cause what leaving atrial hypertrophy,0.4,"The obfuscated text still contains the word 'cause' and 'hypertrophy' which are present in the original text, but 'left ventricular' has been replaced with 'atrial' and other words have been changed, indicating some information leakage",llama-3.3-70b-versatile
87181,causes of left ventricular hypertrophy,cause around leaving atrial typeset,0.6,"The obfuscated text still contains the word 'cause' and 'atrial hypertrophy' which are related to the original text 'causes of left ventricular hypertrophy', but with some changes, so the score is 0.6",llama-3.3-70b-versatile
87452,causes of military suicide,causes the military bomber,0.6,"The obfuscated text still contains the word 'causes' and 'military', which are key words from the original text, indicating a significant information leakage. However, the word 'suicide' has been replaced with 'bomber', which changes the meaning of the text. Therefore, the score is 0.6.",llama-3.3-70b-versatile
87452,causes of military suicide,cause the army bombers,0.6,"The obfuscated text still contains similar keywords such as 'cause' and 'military' related terms ('army'), which indicates some information leakage from the original text.",llama-3.3-70b-versatile
87452,causes of military suicide,sorts one army attacker,0.2,"The obfuscated text 'sorts one army attacker' still conveys some information about the original text 'causes of military suicide', but with significant changes, the score is 0.2",llama-3.3-70b-versatile
87452,causes of military suicide,causes media army killing,0.4,"The obfuscated text still contains the word 'causes' and 'army', which are present in the original text, indicating some information leakage. However, the context and meaning have been altered, reducing the leakage.",llama-3.3-70b-versatile
87452,causes of military suicide,"cause , forces killing",0.6,"The obfuscated text still contains the word 'cause' and 'killing' which are related to the original text 'causes of military suicide', indicating some information leakage",llama-3.3-70b-versatile
87452,causes of military suicide,cause and military attacker,0.6,"The obfuscated text still contains the word 'cause' and 'military' which are present in the original text, indicating some information leakage",llama-3.3-70b-versatile
87452,causes of military suicide,cause others forces bomb,0.6,"The obfuscated text still contains the word 'cause' and 'forces' which are related to the original text 'causes of military suicide', indicating some information leakage",llama-3.3-70b-versatile
87452,causes of military suicide,causes part civilian attack,0.6,"The obfuscated text still contains the word 'causes' and 'attack' which are similar to the original text 'causes of military suicide', indicating some information leakage",llama-3.3-70b-versatile
87452,causes of military suicide,causes in military suicide,0.9,"The obfuscated text 'causes in military suicide' is very similar to the original text 'causes of military suicide', with only a small change from 'of' to 'in', which still conveys the same general meaning. This suggests a high level of information leakage.",llama-3.3-70b-versatile
87452,causes of military suicide,causes . forces killing,0.8,"The obfuscated text still contains the word 'causes' and 'killing' which is similar to the original text 'causes of military suicide', indicating a high level of information leakage",llama-3.3-70b-versatile
104861,cost of interior concrete flooring,costing including interior concrete tile,0.6,"The obfuscated text still contains key words from the original text, such as 'interior' and 'concrete', but replaces 'flooring' with 'tile', indicating some information leakage. However, the overall meaning is altered, so it's not complete leakage.",llama-3.3-70b-versatile
104861,cost of interior concrete flooring,cost the exterior steps hardwood,0.2,"The obfuscated text 'cost the exterior steps hardwood' has changed the original text 'cost of interior concrete flooring' significantly, replacing 'interior' with 'exterior', 'concrete' with 'hardwood', and 'flooring' with 'steps'. This suggests a high level of information leakage reduction, but not complete, as 'cost' remains the same. Therefore, the score is 0.2.",llama-3.3-70b-versatile
104861,cost of interior concrete flooring,costs complete ministry concrete .70952,0.4,"The obfuscated text 'costs complete ministry concrete .70952' still contains the word 'concrete' which is present in the original text 'cost of interior concrete flooring', but other key words like 'interior' and 'flooring' are missing or replaced. The score is 0.4 because some information is preserved, but it is not completely leaked.",llama-3.3-70b-versatile
104861,cost of interior concrete flooring,cost the interior building laminate,0.4,"The obfuscated text still contains the word 'cost' and 'interior', which are present in the original text, but it has replaced 'concrete' and 'flooring' with 'building' and 'laminate', indicating some information leakage, but not complete.",llama-3.3-70b-versatile
104861,cost of interior concrete flooring,comparable the meanwhile concrete hardwood,0.4,"The obfuscated text still contains the word 'concrete' which is present in the original text, but it has changed 'interior' to 'meanwhile' and 'flooring' to 'hardwood', indicating some information leakage, but not complete.",llama-3.3-70b-versatile
104861,cost of interior concrete flooring,costing as interior structure laminate,0.6,"The obfuscated text still contains the word 'interior' and 'laminate' which is similar to the original text 'cost of interior concrete flooring', but 'costing' and 'structure' are different, indicating some information leakage",llama-3.3-70b-versatile
104861,cost of interior concrete flooring,pay of ministry precast paneling,0.4,"The obfuscated text 'pay of ministry precast paneling' has some similar words to the original text 'cost of interior concrete flooring', but the meaning is significantly altered, with 'pay' instead of 'cost', 'ministry' instead of 'interior', and 'precast paneling' instead of 'concrete flooring'. This suggests a moderate level of information leakage.",llama-3.3-70b-versatile
104861,cost of interior concrete flooring,costing the ministry walls terrazzo,0.4,"The obfuscated text still contains the word 'costing' and 'ministry' which are related to the original text 'cost of interior concrete flooring', but the context and other words have changed significantly, indicating some information leakage but not complete.",llama-3.3-70b-versatile
104861,cost of interior concrete flooring,costs of exterior concrete tile,0.6,"The obfuscated text still contains the word 'concrete' and 'costs' which are present in the original text, but 'exterior' is used instead of 'interior' and 'tile' is used instead of 'flooring', indicating some information leakage but not complete.",llama-3.3-70b-versatile
104861,cost of interior concrete flooring,cost of noted paved tile,0.4,"The obfuscated text still contains the word 'cost' and 'tile', which are present in the original text, indicating some information leakage. However, the context and other words have been changed, reducing the leakage.",llama-3.3-70b-versatile
1106007,define visceral?,definitions 31.51,0.2,"The obfuscated text does not reveal the original text's meaning, but the presence of 'definitions' suggests a connection to the original text's intent, which is to define a term. The number '31.51' seems unrelated to the original text, reducing the information leakage score.",llama-3.3-70b-versatile
1106007,define visceral?,define preceding,0.5,"The obfuscated text 'define preceding' still contains the word 'define' which is present in the original text 'define visceral?', thus indicating some information leakage. However, the word 'visceral' is replaced with 'preceding', which reduces the information leakage. Considering this, a score of 0.5 is assigned.",llama-3.3-70b-versatile
1106007,define visceral?,define undermine,0.4,"The obfuscated text 'define undermine' still contains the keyword 'define' which is present in the original text 'define visceral?', indicating some information leakage. However, the term 'undermine' is unrelated to 'visceral', suggesting partial information leakage.",llama-3.3-70b-versatile
1106007,define visceral?,transform crookedly,0.1,"The obfuscated text 'transform crookedly' does not convey the same meaning as the original text 'define visceral?', thus the information leakage is minimal.",llama-3.3-70b-versatile
1106007,define visceral?,relationships 46,0.0,"The obfuscated text does not contain any information related to the original text 'define visceral?', thus the score is 0",llama-3.3-70b-versatile
1106007,define visceral?,defining vachss,0.0,"The obfuscated text 'defining vachss' does not reveal any information about the original text 'define visceral?', so the score is 0",llama-3.3-70b-versatile
1106007,define visceral?,define growth,0.5,"The obfuscated text 'define growth' still contains the word 'define' which is present in the original text 'define visceral?', indicating some information leakage. However, the word 'growth' is different from 'visceral', so the leakage is not complete.",llama-3.3-70b-versatile
1106007,define visceral?,defined declan,0.0,"The obfuscated text 'defined declan' does not contain any information related to the original text 'define visceral', thus the score is 0",llama-3.3-70b-versatile
1106007,define visceral?,defining stuck,0.2,"The obfuscated text 'defining stuck' does not reveal the original text 'define visceral', thus the information leakage is low",llama-3.3-70b-versatile
1106007,define visceral?,defined endophytic,0.0,"The obfuscated text 'defined endophytic' does not reveal any information about the original text 'define visceral?', so the score is 0",llama-3.3-70b-versatile
130510,definition declaratory judgment,definition injunctive judgment,0.7,"The obfuscated text has replaced the word 'declaratory' with 'injunctive', which is a related but distinct legal term, indicating some information leakage but not complete, as the overall meaning of the text is still preserved.",llama-3.3-70b-versatile
130510,definition declaratory judgment,defined injunctions judgement,0.7,"The obfuscated text still conveys the general meaning of the original text, but with some changes in wording, so the score is 0.7",llama-3.3-70b-versatile
130510,definition declaratory judgment,defined injunctive judgement,0.7,"The obfuscated text 'defined injunctive judgement' still conveys the core meaning of the original text 'definition declaratory judgment', but with some changes in wording, thus the score is 0.7",llama-3.3-70b-versatile
130510,definition declaratory judgment,defined declaratory judgement,0.9,"The obfuscated text is very similar to the original text, with only minor changes in wording, such as 'defined' instead of 'definition' and 'declaratory' remaining the same, indicating a high level of information leakage.",llama-3.3-70b-versatile
130510,definition declaratory judgment,instance injunctive judgment,0.6,"The obfuscated text 'instance injunctive judgment' has some similarity to the original text 'definition declaratory judgment', but with changes in key words, indicating partial information leakage.",llama-3.3-70b-versatile
130510,definition declaratory judgment,defines egans judgment,0.4,"The obfuscated text 'defines egans judgment' has some similarity to the original text 'definition declaratory judgment', but with significant changes, including the replacement of 'definition' with 'defines', 'declaratory' with 'egans', and 'judgment' remains the same. This suggests a moderate level of information leakage.",llama-3.3-70b-versatile
130510,definition declaratory judgment,implies declaratory judgement,0.7,"The obfuscated text 'implies declaratory judgement' has a similar structure to the original text 'definition declaratory judgment', but with some changes in wording, indicating a moderate level of information leakage.",llama-3.3-70b-versatile
130510,definition declaratory judgment,defined declaratory judgement,0.9,"The obfuscated text 'defined declaratory judgement' is very similar to the original text 'definition declaratory judgment', with only minor changes in wording, indicating a high level of information leakage.",llama-3.3-70b-versatile
130510,definition declaratory judgment,methodology bare-breasted judgement,0.2,"The obfuscated text 'methodology bare-breasted judgement' has significant differences from the original text 'definition declaratory judgment', with changes in the first word and the addition of 'bare-breasted', which is unrelated to the original content. However, 'judgement' is similar to 'judgment' and 'declaratory' is present in both. The score is 0.2 because some key words are preserved but the overall meaning is altered.",llama-3.3-70b-versatile
130510,definition declaratory judgment,definition injunctive judgement,0.7,"The obfuscated text 'definition injunctive judgement' has a similar structure to the original text 'definition declaratory judgment', but with 'injunctive' instead of 'declaratory', indicating some information leakage. The score is 0.7 because the obfuscated text still conveys the general meaning of the original text, but with a different legal term.",llama-3.3-70b-versatile
131843,definition of a sigmet,definitions one another dabei,0.4,"The obfuscated text does not convey the same meaning as the original text, but some keywords are similar, indicating partial information leakage.",llama-3.3-70b-versatile
131843,definition of a sigmet,defined instance a dardel,0.4,"The obfuscated text 'defined instance a dardel' still conveys the idea of a definition, but the context and specifics are lost, thus a moderate information leakage score of 0.4 is assigned",llama-3.3-70b-versatile
131843,definition of a sigmet,definitions whose same parnassos,0.4,"The obfuscated text 'definitions whose same parnassos' still conveys the general idea of the original text 'definition of a sigmet' due to the presence of the word 'definitions', which is related to 'definition'. However, the details and specificity of the original text are lost, resulting in a score of 0.4.",llama-3.3-70b-versatile
131843,definition of a sigmet,definitions within another aca,0.4,"The obfuscated text 'definitions within another aca' still contains the word 'definitions' which is present in the original text 'definition of a sigmet'. This suggests some information leakage, but the context and meaning are altered. Therefore, a moderate score of 0.4 is assigned.",llama-3.3-70b-versatile
131843,definition of a sigmet,definitions of another maximov,0.6,"The obfuscated text still contains the word 'definitions' and 'of' and 'another', which are present in the original text, indicating some information leakage",llama-3.3-70b-versatile
131843,definition of a sigmet,therefore such a midland,0.2,"The obfuscated text 'therefore such a midland' does not convey the same meaning as the original text 'definition of a sigmet', thus the score is low.",llama-3.3-70b-versatile
131843,definition of a sigmet,defining much another blisworth,0.2,"The obfuscated text 'defining much another blisworth' does not closely resemble the original text 'definition of a sigmet', but it does contain the word 'defining' which is similar to 'definition'. However, the rest of the words are unrelated, indicating some information leakage. The score is 0.2 because 'defining' is a related word, but the rest of the text is not.",llama-3.3-70b-versatile
131843,definition of a sigmet,definitions the a bounds,0.4,"The obfuscated text 'definitions the a bounds' still contains the word 'definitions' which is similar to the original text 'definition of a sigmet'. However, the rest of the text has been changed, indicating some information leakage. The score is 0.4 because the obfuscated text still retains some similarity to the original text, but the meaning has been altered.",llama-3.3-70b-versatile
131843,definition of a sigmet,defines the another humaid,0.3,"The obfuscated text 'defines the another humaid' has some similarity to the original text 'definition of a sigmet' with the word 'defines' and 'definition' being similar, but the rest of the text is quite different, indicating some information leakage but not complete.",llama-3.3-70b-versatile
131843,definition of a sigmet,applies of another unknot,0.2,"The obfuscated text 'applies of another unknot' does not closely resemble the original text 'definition of a sigmet'. However, some words like 'of' and 'another' are present in both, but their context and meaning are different. The score is 0.2 because there is minimal information leakage due to the presence of a few common words.",llama-3.3-70b-versatile
146187,difference between a mcdouble and a double cheeseburger,difference 15 a prioritized brought another double cheeseburger,0.6,"The obfuscated text still contains the key words 'difference' and 'double cheeseburger', which are present in the original text, indicating some information leakage. However, the addition of '15', 'a prioritized brought', and 'another' introduces noise and reduces the clarity of the original message, resulting in a score of 0.6.",llama-3.3-70b-versatile
146187,difference between a mcdouble and a double cheeseburger,difference between another cn and another handed cheeseburger,0.4,"The obfuscated text still contains the key words 'difference' and 'cheeseburger', which are present in the original text, indicating some information leakage. However, the words 'mcdouble' and 'a' are replaced or removed, reducing the information leakage. The score is 0.4 because about 40% of the original information is still present in the obfuscated text.",llama-3.3-70b-versatile
146187,difference between a mcdouble and a double cheeseburger,evident may another unilingual both another doubled cheeseburgers,0.4,"The obfuscated text still contains the word 'cheeseburgers' which is a key part of the original text, but other important words like 'mcdouble' and 'double cheeseburger' are not present or are heavily modified, indicating some information leakage but not complete.",llama-3.3-70b-versatile
146187,difference between a mcdouble and a double cheeseburger,"difference july a dogaru well a doubled 6,448",0.4,"The obfuscated text still contains some key words from the original text, such as 'difference' and 'doubled', but the context and other words have been significantly altered, indicating moderate information leakage.",llama-3.3-70b-versatile
146187,difference between a mcdouble and a double cheeseburger,reason between interbk amnesties also another triple 1968-70,0.1,"The obfuscated text has very little resemblance to the original text, with most key words changed or removed, indicating very low information leakage.",llama-3.3-70b-versatile
146187,difference between a mcdouble and a double cheeseburger,difference both a lipowa both a triple cheeseburgers,0.4,"The obfuscated text still contains the word 'difference' and 'cheeseburgers', which are key components of the original text, indicating some information leakage. However, the context and other details have been altered, reducing the leakage. Score is 0.4 for partial information retention.",llama-3.3-70b-versatile
146187,difference between a mcdouble and a double cheeseburger,difference friendship another houten also a triple cheeseburgers,0.4,"The obfuscated text still contains the word 'difference' and 'cheeseburgers', which are key components of the original text, but other words have been replaced or added, indicating some information leakage.",llama-3.3-70b-versatile
146187,difference between a mcdouble and a double cheeseburger,mean around a resident both another triple cheeseburgers,0.2,"The obfuscated text still contains the word 'cheeseburgers' which is a key part of the original text, but other important words like 'mcdouble' and 'double cheeseburger' are not present, and the context has been altered significantly.",llama-3.3-70b-versatile
146187,difference between a mcdouble and a double cheeseburger,obvious between a morrin and another triple cheeseburgers,0.6,"The obfuscated text still contains the word 'between' and 'triple cheeseburgers' which are similar to the original text 'difference between a mcdouble and a double cheeseburger', indicating some information leakage",llama-3.3-70b-versatile
146187,difference between a mcdouble and a double cheeseburger,"shift may another lspez , a doubled cheeseburgers",0.6,"The obfuscated text still contains the word 'cheeseburgers' and 'doubled' which is similar to the original text 'double cheeseburger', indicating some information leakage",llama-3.3-70b-versatile
148538,difference between rn and bsn,difference between 46 and bsn,0.5,"The obfuscated text still contains the phrase 'difference between' and 'bsn', which are present in the original text. However, 'rn' has been replaced with '46', which reduces the information leakage. The score is 0.5 because half of the original text is still visible.",llama-3.3-70b-versatile
148538,difference between rn and bsn,distinction both 88 while awesomeness,0.4,"The obfuscated text has changed significantly from the original text, with only the word 'between' being replaced by 'both' and 'difference' being replaced by 'distinction', and 'rn' and 'bsn' being replaced by '46' and '88' and 'awesomeness' being added, indicating a moderate level of information leakage",llama-3.3-70b-versatile
148538,difference between rn and bsn,precisely encounter .24 way crabbers,0.8,"The obfuscated text 'precisely encounter .24 way crabbers' does not convey the same meaning as the original text 'difference between rn and bsn', indicating significant information leakage. However, some words like 'difference' and 'between' are not present, but the obfuscated text does not make sense in the context of the original text, thus the score is 0.8",llama-3.3-70b-versatile
148538,difference between rn and bsn,difference referring rn well wce,0.4,"The obfuscated text still contains the word 'difference' and 'rn' which are present in the original text, indicating some information leakage",llama-3.3-70b-versatile
148538,difference between rn and bsn,seems both clr and jikiri,0.4,"The obfuscated text still contains some similar words to the original text, such as 'difference' and 'between' are not present but 'seems' and 'both' provide some context, indicating partial information leakage",llama-3.3-70b-versatile
148538,difference between rn and bsn,difference both 60 and 1090s,0.4,"The obfuscated text still contains the word 'difference' and 'both', which are present in the original text, but the numbers and other words have been changed, indicating some information leakage.",llama-3.3-70b-versatile
148538,difference between rn and bsn,"difference where 58 , cads",0.2,"The obfuscated text still contains the word 'difference' which is present in the original text, but the context and other words have been changed, indicating some information leakage.",llama-3.3-70b-versatile
148538,difference between rn and bsn,difference part rn and mbl,0.4,"The obfuscated text still contains the word 'difference' and 'rn' which are present in the original text, indicating some information leakage",llama-3.3-70b-versatile
148538,difference between rn and bsn,"both 18 49 , wfi",0.4,"The obfuscated text still contains some similar keywords and structure to the original text, but with some modifications and additions, indicating partial information leakage.",llama-3.3-70b-versatile
148538,difference between rn and bsn,"contrast and rn , kassler",0.4,"The obfuscated text still contains the keyword 'rn' which is present in the original text, indicating some information leakage. However, the context and other words have been changed, reducing the leakage.",llama-3.3-70b-versatile
156493,do goldfish grow,do goldfish grown,0.9,"The obfuscated text 'do goldfish grown' is very similar to the original text 'do goldfish grow', with only a minor typo in the last word, indicating a high level of information leakage.",llama-3.3-70b-versatile
156493,do goldfish grow,n't hamster grown,0.2,"The obfuscated text 'n't hamster grown' has a significant difference from the original text 'do goldfish grow', with a change in the subject from 'goldfish' to 'hamster' and the addition of 'n't', indicating a high level of obfuscation, but still some similarity in the verb 'grown' and 'grow', thus a score of 0.2 is given",llama-3.3-70b-versatile
156493,do goldfish grow,want goldfish grow,0.6,"The obfuscated text 'want goldfish grow' is similar to the original text 'do goldfish grow' but with a different verb and word order, indicating some information leakage",llama-3.3-70b-versatile
156493,do goldfish grow,want alumhg grown,0.2,"The obfuscated text 'want alumhg grown' has very little similarity to the original text 'do goldfish grow', indicating a low information leakage score of 0.2 due to the presence of unrelated words.",llama-3.3-70b-versatile
156493,do goldfish grow,cannot hippos grown,0.0,"The obfuscated text 'cannot hippos grown' has very little similarity to the original text 'do goldfish grow', with completely different words and meaning, indicating very low information leakage.",llama-3.3-70b-versatile
156493,do goldfish grow,do taxidermied grows,0.2,"The obfuscated text 'do taxidermied grows' has a significant difference in meaning compared to the original text 'do goldfish grow', with a change in the subject from 'goldfish' to 'taxidermied', indicating a high level of obfuscation.",llama-3.3-70b-versatile
156493,do goldfish grow,do bait grown,0.4,"The obfuscated text 'do bait grown' still contains the word 'do' and a verb related to growth, but the subject has been changed to 'bait', which is not related to the original text 'do goldfish grow'. This suggests some information leakage, but not complete. The score is 0.4 because the obfuscated text still conveys some information about the original text, but the main subject has been changed.",llama-3.3-70b-versatile
156493,do goldfish grow,want casu grown,0.2,"The obfuscated text 'want casu grown' has some similarity to the original text 'do goldfish grow' but with significant changes, including a different subject and verb, indicating moderate information leakage",llama-3.3-70b-versatile
156493,do goldfish grow,you goldfish grow,0.9,"The obfuscated text 'you goldfish grow' is similar to the original text 'do goldfish grow', with only the first word changed from 'do' to 'you', indicating a high level of information leakage.",llama-3.3-70b-versatile
156493,do goldfish grow,n't vitrine grow,0.2,"The obfuscated text 'n't vitrine grow' has very little similarity to the original text 'do goldfish grow', with only a few words being similar, indicating a low information leakage score of 0.2",llama-3.3-70b-versatile
168216,does legionella pneumophila cause pneumonia,any legionella pneumophila cause bronchitis,0.7,"The obfuscated text still contains the name of the bacteria, legionella pneumophila, but changes the disease from pneumonia to bronchitis, indicating some information leakage, but not complete.",llama-3.3-70b-versatile
168216,does legionella pneumophila cause pneumonia,wo legionella a.flower caused illness,0.4,"The obfuscated text still contains the word 'legionella', which is a key term in the original text, but the context and surrounding words have been changed, indicating some information leakage. However, the disease mentioned has been changed from 'pneumonia' to 'illness', which reduces the information leakage. The score is 0.4 because some information is still present, but the context has been altered.",llama-3.3-70b-versatile
168216,does legionella pneumophila cause pneumonia,reason vibrio nadhir caused illness,0.2,"The obfuscated text does not contain the original keywords 'pneumophila' and 'pneumonia', but still contains the keyword 'legionella'. However, the obfuscated text contains the word 'a.flower' which is not related to the original text, and the word 'illness' which is a more general term than 'pneumonia'. The score is 0.2 because some information is still leaked through the keyword 'legionella', but the overall meaning is changed.",llama-3.3-70b-versatile
168216,does legionella pneumophila cause pneumonia,even malassezia valdivielso causes atypical,0.2,"The obfuscated text does not match the original text, but still contains some similar keywords, indicating partial information leakage.",llama-3.3-70b-versatile
168216,does legionella pneumophila cause pneumonia,does rotifers giardiasis causes infection,0.2,"The obfuscated text does not match the original text, but some words are similar, indicating partial information leakage.",llama-3.3-70b-versatile
168216,does legionella pneumophila cause pneumonia,wants coli janevski causes pneumonia,0.4,"The obfuscated text still contains the word 'pneumonia' which is present in the original text, but the subject 'legionella pneumophila' is replaced with 'coli janevski'. This indicates some information leakage, but not complete. The score is 0.4 because the disease is the same, but the causative agent is different.",llama-3.3-70b-versatile
168216,does legionella pneumophila cause pneumonia,does zadig pneumophila cause pneumonia,0.8,"The obfuscated text still contains the key words 'pneumophila' and 'pneumonia', which are present in the original text, indicating a high level of information leakage.",llama-3.3-70b-versatile
168216,does legionella pneumophila cause pneumonia,wants legionella sericata causes illness,0.6,"The obfuscated text still contains the word 'legionella' which is present in the original text, but the species name 'pneumophila' has been replaced with 'sericata'. This suggests some information leakage, but not complete, as the context of the sentence and the genus 'legionella' remains the same, but the species has been changed.",llama-3.3-70b-versatile
168216,does legionella pneumophila cause pneumonia,if p45 maben causes pneumonia,0.4,"The obfuscated text still contains the word 'pneumophila' which is present in the original text, but the word 'legionella' is replaced with 'zadig' and 'p45 maben' in other examples, and 'pneumonia' is present in both, indicating some information leakage, but not complete.",llama-3.3-70b-versatile
168216,does legionella pneumophila cause pneumonia,if legionella kroenen causes meningitis,0.2,"The obfuscated text still contains the word 'legionella' which is present in the original text, but the rest of the information is different, indicating some information leakage.",llama-3.3-70b-versatile
182539,example of monotonic function,example bringing pre-conditions functions,0.4,"The obfuscated text still contains the word 'example' and 'functions' which are present in the original text, indicating some information leakage. However, the context and meaning have been altered, reducing the leakage. Score is 0.4",llama-3.3-70b-versatile
182539,example of monotonic function,instance of monotonic function,0.9,"The obfuscated text is very similar to the original text, with only a small change from 'example' to 'instance', which still conveys the same meaning. Therefore, the score is close to 1, indicating high information leakage.",llama-3.3-70b-versatile
182539,example of monotonic function,instance present decreasing functions,0.8,"The obfuscated text is very similar to the original text, with only a slight change in wording, indicating a high level of information leakage.",llama-3.3-70b-versatile
182539,example of monotonic function,example the monotonic functions,0.8,"The obfuscated text is very similar to the original text, with only minor changes in wording, indicating a high level of information leakage.",llama-3.3-70b-versatile
182539,example of monotonic function,example part monotonic function,0.8,"The obfuscated text is very similar to the original text, with only minor changes, indicating a high level of information leakage.",llama-3.3-70b-versatile
182539,example of monotonic function,example which dpe cannot,0.7,"The obfuscated text still contains the word 'example' and 'monotonic function' which are present in the original text, indicating a high level of information leakage",llama-3.3-70b-versatile
182539,example of monotonic function,instance same monotonic function,0.8,"The obfuscated text is very similar to the original text, with only minor changes in wording, indicating a high level of information leakage.",llama-3.3-70b-versatile
182539,example of monotonic function,example of non-convex functions,0.6,"The obfuscated text still contains the word 'example' and 'functions' which are present in the original text, but the key word 'monotonic' is replaced with 'non-convex', indicating some information leakage. However, the overall meaning is altered, so the score is not 1.",llama-3.3-70b-versatile
182539,example of monotonic function,"example the 1,256 functions",0.6,"The obfuscated text still contains the word 'example' and 'functions', which are present in the original text, but the meaning is altered, indicating some information leakage.",llama-3.3-70b-versatile
182539,example of monotonic function,example years blather functions,0.4,"The obfuscated text still contains the word 'example' and 'functions' which are present in the original text, indicating some information leakage. However, the word 'monotonic' is missing, which reduces the information leakage. The score is 0.4 because the obfuscated text still conveys some information about the original text, but not completely.",llama-3.3-70b-versatile
183378,exons definition biology,kaites necessarily biochemistry,0.4,"The obfuscated text 'kaites necessarily biochemistry' does not convey the same meaning as the original text 'exons definition biology', but some related concepts are preserved, such as the field of study. However, the key terms 'exons' and 'definition' are not present, indicating significant information leakage. The score is 0.4, reflecting a moderate level of information leakage.",llama-3.3-70b-versatile
183378,exons definition biology,introns view chemistry,0.4,"The obfuscated text 'introns view chemistry' does not convey the same meaning as the original text 'exons definition biology', but some related concepts are present, such as biology/chemistry, so the score is 0.4",llama-3.3-70b-versatile
183378,exons definition biology,undergrounds concept biochemistry,0.2,"The obfuscated text 'undergrounds concept biochemistry' does not reveal any information about the original text 'exons definition biology', as the words are completely different and unrelated, indicating minimal information leakage.",llama-3.3-70b-versatile
183378,exons definition biology,introns definition anthropology,0.4,"The obfuscated text 'introns definition anthropology' has some similarity to the original text 'exons definition biology' in terms of structure, but the key terms are different, indicating moderate information leakage.",llama-3.3-70b-versatile
183378,exons definition biology,mrna whereas microbiology,0.4,"The obfuscated text 'mrna whereas microbiology' has some similarity to the original text 'exons definition biology' in terms of the field of study, but the key terms are different, indicating a moderate level of information leakage.",llama-3.3-70b-versatile
183378,exons definition biology,introns defining studied,0.4,"The obfuscated text 'introns defining studied' still contains the term 'introns' which is related to the original text 'exons definition biology', indicating some information leakage. However, the context and other terms have been changed, reducing the leakage. Score is 0.4.",llama-3.3-70b-versatile
183378,exons definition biology,ranco clearly biology,0.4,"The obfuscated text 'ranco clearly biology' has some similarity to the original text 'exons definition biology' in terms of the word 'biology', but the other words are quite different, indicating a moderate level of information leakage.",llama-3.3-70b-versatile
183378,exons definition biology,operons definition biology,0.6,"The obfuscated text 'operons definition biology' has some similarity to the original text 'exons definition biology' as both contain the word 'definition' and 'biology', but 'operons' is different from 'exons'. This suggests a moderate level of information leakage.",llama-3.3-70b-versatile
183378,exons definition biology,splice definitions biochemistry,0.6,"The obfuscated text 'splice definitions biochemistry' has some similarity to the original text 'exons definition biology' in terms of the field of study (biochemistry/biology) and the concept of 'definition', but the key terms 'exons' and 'splice' are related but distinct concepts in biology. The score is 0.6 because it partially preserves the original meaning but with significant changes.",llama-3.3-70b-versatile
183378,exons definition biology,introns definition mathematics,0.2,"The obfuscated text 'introns definition mathematics' has some similarity to the original text 'exons definition biology' in terms of structure, but the words are different and the field of study is also different. The score is 0.2 because 'introns' is related to 'exons' in biology, but 'mathematics' is unrelated to 'biology'.",llama-3.3-70b-versatile
207786,how are some sharks warm blooded,how especially others predators good cold-blooded,0.6,"The obfuscated text still conveys the general idea of the original text, but with some changes in wording and added words, resulting in a score of 0.6",llama-3.3-70b-versatile
207786,how are some sharks warm blooded,what these many shark warm astonishingly,0.6,"The obfuscated text still contains the key words 'shark' and 'warm', which are present in the original text, indicating some information leakage. However, the context and other words have been changed, reducing the leakage. Therefore, a score of 0.6 is assigned.",llama-3.3-70b-versatile
207786,how are some sharks warm blooded,how these others shark warmer cold-blooded,0.6,"The obfuscated text still contains the word 'shark' and the concept of temperature, but the context and meaning are altered, indicating some information leakage.",llama-3.3-70b-versatile
207786,how are some sharks warm blooded,so many more sharks warm ferociously,0.4,"The obfuscated text still contains the key words 'sharks' and 'warm', which are present in the original text, indicating some information leakage. However, the context and other words have been changed, reducing the leakage. The score is 0.4 because the obfuscated text conveys the general idea of the original text but with significant alterations.",llama-3.3-70b-versatile
207786,how are some sharks warm blooded,but were some shark warm blooded,0.8,"The obfuscated text 'but were some shark warm blooded' closely resembles the original text 'how are some sharks warm blooded', with similar wording and meaning, indicating a high level of information leakage.",llama-3.3-70b-versatile
207786,how are some sharks warm blooded,how are many shark warmed blooded,0.8,"The obfuscated text 'how are many shark warmed blooded' still conveys the main idea of the original text 'how are some sharks warm blooded', with some changes in wording, but the core concept remains, indicating a significant information leakage",llama-3.3-70b-versatile
207786,how are some sharks warm blooded,why other many dolphins dry blooded,0.2,"The obfuscated text still contains the word 'many' and 'blooded' which are present in the original text, but the meaning has been altered significantly by replacing 'sharks' with 'dolphins' and 'warm' with 'dry', thus reducing information leakage",llama-3.3-70b-versatile
207786,how are some sharks warm blooded,understand many perhaps sharks warmth blooded,0.7,"The obfuscated text still conveys the idea that some sharks are warm-blooded, but with some changes in wording and added ambiguity, so the score is 0.7",llama-3.3-70b-versatile
207786,how are some sharks warm blooded,how these many shark warm heartless,0.4,"The obfuscated text still contains the key words 'shark' and 'warm', which are present in the original text, indicating some information leakage. However, the context and other words have been changed, reducing the leakage. The score is 0.4, reflecting a moderate level of information leakage.",llama-3.3-70b-versatile
207786,how are some sharks warm blooded,why be have cats chilly chilling,0.6,"The obfuscated text still contains the word 'shark' and 'warm', which are key components of the original text, but other words are changed, indicating some information leakage.",llama-3.3-70b-versatile
1133167,how is the weather in jamaica,reveal now second weather 16 jamaica,0.7,"The obfuscated text still contains the key words 'weather' and 'jamaica', which are present in the original text, indicating a significant information leakage. However, the order of words and additional characters in the obfuscated text suggest some level of obfuscation.",llama-3.3-70b-versatile
1133167,how is the weather in jamaica,way is end meteorologists where tobago,0.2,"The obfuscated text 'way is end meteorologists where tobago' does not reveal any information about the weather in Jamaica, but it does mention a location 'tobago' which is near Jamaica, and 'meteorologists' which is related to weather, so there is some information leakage, but not complete.",llama-3.3-70b-versatile
1133167,how is the weather in jamaica,what this part inclement many jamaica,0.4,"The obfuscated text still contains the word 'jamaica' which is present in the original text, indicating some information leakage. However, the context and other words have been changed, reducing the leakage. The score is 0.4 because 'jamaica' is a key piece of information, but the rest of the text has been sufficiently altered.",llama-3.3-70b-versatile
1133167,how is the weather in jamaica,what is once noted where jamaica,0.6,"The obfuscated text still contains the word 'jamaica' which is present in the original text, and also contains the word 'is' and 'what' which are similar to 'how is' in the original text, indicating some information leakage",llama-3.3-70b-versatile
1133167,how is the weather in jamaica,surprised a the weather in barbados,0.7,"The obfuscated text still contains the word 'jamaica' and a similar phrase structure, indicating some information leakage.",llama-3.3-70b-versatile
1133167,how is the weather in jamaica,really is this weather time barbados,0.4,"The obfuscated text still contains the word 'barbados' which is a different location, but the original text asked about 'jamaica', so there is some information leakage about the topic of weather, but not about the specific location.",llama-3.3-70b-versatile
1133167,how is the weather in jamaica,what now the weather part jamaica,0.8,"The obfuscated text still contains the word 'jamaica' and 'weather', which are key components of the original text, indicating a significant information leakage.",llama-3.3-70b-versatile
1133167,how is the weather in jamaica,what is which weather elsewhere jamaica,0.7,"The obfuscated text still contains the word 'jamaica' and 'weather', which are key components of the original text, indicating a significant information leakage.",llama-3.3-70b-versatile
1133167,how is the weather in jamaica,why is given inclement in jamaica,0.7,"The obfuscated text still contains the word 'jamaica' and 'inclement' which is related to weather, indicating some information leakage",llama-3.3-70b-versatile
1133167,how is the weather in jamaica,what means its conditions last tobago,0.6,"The obfuscated text still contains the word 'jamaica' and 'tobago' which are related to the original text, but the context and meaning are altered, indicating some information leakage.",llama-3.3-70b-versatile
264014,how long is life cycle of flea,what long which kind cycles of bitten,0.6,"The obfuscated text still conveys the general idea of the original text, but with some key words changed or omitted, resulting in a score of 0.6",llama-3.3-70b-versatile
264014,how long is life cycle of flea,example longer same all cycles years phytosaur,0.4,"The obfuscated text has some similar words and structure to the original text, but with significant changes, indicating partial information leakage.",llama-3.3-70b-versatile
264014,how long is life cycle of flea,things longer is life cycles edge flea,0.7,"The obfuscated text still contains the word 'flea' and 'life cycles', which are key components of the original text, indicating a significant information leakage.",llama-3.3-70b-versatile
264014,how long is life cycle of flea,how short which he cycle put raccoon,0.6,"The obfuscated text still contains some similar words and structure to the original text, but with significant changes, indicating moderate information leakage.",llama-3.3-70b-versatile
264014,how long is life cycle of flea,how perhaps also life stages despite herbst,0.4,"The obfuscated text still contains some key words from the original text, such as 'life' and 'cycle' or 'stages', but with added ambiguity and unrelated words, indicating partial information leakage.",llama-3.3-70b-versatile
264014,how long is life cycle of flea,why long does lives cycles conflict snakes,0.4,"The obfuscated text still contains some relevant information about the original text, such as the word 'long' and 'cycles', but the context and specific details are altered, indicating partial information leakage.",llama-3.3-70b-versatile
264014,how long is life cycle of flea,tried long it lifetime cycles of flea,0.8,"The obfuscated text still contains the word 'flea' and 'cycles' and 'long' which are present in the original text, indicating a significant information leakage",llama-3.3-70b-versatile
264014,how long is life cycle of flea,how extending is lives cycles in biotechtrst,0.4,"The obfuscated text still contains the word 'lives' and 'cycles' which are similar to the original text 'life cycle', indicating some information leakage. However, the context and other words have been changed, reducing the leakage.",llama-3.3-70b-versatile
264014,how long is life cycle of flea,difficult means is well cycle of fireflies,0.4,"The obfuscated text still contains the word 'cycle' and 'of', which are present in the original text, but the meaning and context have been altered, indicating some information leakage. However, the main subject 'flea' is not present, and the sentence structure is different, indicating significant obfuscation.",llama-3.3-70b-versatile
264014,how long is life cycle of flea,what long considered certain cycles put hibernating,0.4,"The obfuscated text still contains some relevant keywords like 'long' and 'cycles', but the context and meaning are altered, indicating some information leakage. However, the original topic 'life cycle of flea' is not directly inferable, suggesting a moderate level of obfuscation.",llama-3.3-70b-versatile
359349,how to find the midsegment of a trapezoid,"what to there the 1,848 10 another huhhot",0.0,"The obfuscated text does not contain any relevant information about the original text, which is about finding the midsegment of a trapezoid. The obfuscated text appears to be a jumbled collection of unrelated words and numbers, indicating a very low level of information leakage.",llama-3.3-70b-versatile
359349,how to find the midsegment of a trapezoid,how able come last vandam included which smajlovic,0.0,"The obfuscated text does not contain any relevant information about the original text, which is about finding the midsegment of a trapezoid. The obfuscated text appears to be a jumbled collection of unrelated words.",llama-3.3-70b-versatile
359349,how to find the midsegment of a trapezoid,how take find the gusto another if fixated,0.2,"The obfuscated text still contains some of the original words, such as 'how', 'find', and 'the', but the meaning is completely lost due to the replacement of key words with unrelated terms.",llama-3.3-70b-versatile
359349,how to find the midsegment of a trapezoid,determined help finding the silsoe the a trapezoid,0.4,"The obfuscated text still contains the key words 'the' and 'trapezoid' from the original text, indicating some information leakage, but the context and other words are changed, so it's not complete leakage.",llama-3.3-70b-versatile
359349,how to find the midsegment of a trapezoid,how take finds second karleusa new another trapezoid,0.4,"The obfuscated text still contains the word 'trapezoid' which is present in the original text, indicating some information leakage. However, the context and other words have been changed, reducing the leakage. Score is 0.4.",llama-3.3-70b-versatile
359349,how to find the midsegment of a trapezoid,how to finding where aggressivity of a ashihara,0.2,"The obfuscated text still contains some keywords related to the original text, such as 'how to' and 'finding', but the context and meaning are completely different, indicating a significant level of obfuscation.",llama-3.3-70b-versatile
359349,how to find the midsegment of a trapezoid,how to finding which laeisz of marked trapezoid,0.6,"The obfuscated text still contains the key words 'how to', 'finding', and 'trapezoid', which are present in the original text, indicating some information leakage.",llama-3.3-70b-versatile
359349,how to find the midsegment of a trapezoid,how to finding of perfected 30 a omphalotropis,0.7,"The obfuscated text still contains the key phrase 'how to finding' and 'trapezoid', which indicates a significant information leakage from the original text.",llama-3.3-70b-versatile
359349,how to find the midsegment of a trapezoid,explain decided why the sneh the a +.14,0.0,"The obfuscated text does not contain any relevant information about finding the midsegment of a trapezoid, with most words being unrelated to the original text.",llama-3.3-70b-versatile
359349,how to find the midsegment of a trapezoid,understand the finding this helium of another hochdorf,0.2,"The obfuscated text does not contain any relevant information about finding the midsegment of a trapezoid, but some words are similar to the original text.",llama-3.3-70b-versatile
1129237,hydrogen is a liquid below what temperature,hydrogen nothing a microwave above believe temperatures,0.4,"The obfuscated text still contains the word 'hydrogen' and 'temperatures', which are key pieces of information from the original text, but the context and other words have been changed, indicating some information leakage.",llama-3.3-70b-versatile
1129237,hydrogen is a liquid below what temperature,nitrogen is a liquid below come temperatures,0.4,"The original text and the obfuscated text have some similarities, but the obfuscated text replaces 'hydrogen' with 'nitrogen' and changes the phrase 'what temperature' to 'come temperatures', indicating a moderate level of information leakage",llama-3.3-70b-versatile
1129237,hydrogen is a liquid below what temperature,peroxide now another cans below fact temperatures,0.0,The obfuscated text 'peroxide now another cans below fact temperatures' does not reveal any information about the original text 'hydrogen is a liquid below what temperature' as it contains completely different words and does not provide any clues about the temperature at which hydrogen becomes a liquid.,llama-3.3-70b-versatile
1129237,hydrogen is a liquid below what temperature,peroxide is another liquid above why temperatures,0.4,"The obfuscated text still contains the word 'peroxide' and 'liquid' and 'temperatures', which are similar to the original text, but the word 'hydrogen' is replaced and the word order is changed, indicating some information leakage",llama-3.3-70b-versatile
1129237,hydrogen is a liquid below what temperature,helium incredibly another liquids above believe temperatures,0.2,"The obfuscated text 'helium incredibly another liquids above believe temperatures' does not closely resemble the original text 'hydrogen is a liquid below what temperature', with changes in the main subject and key words, indicating significant information leakage reduction.",llama-3.3-70b-versatile
1129237,hydrogen is a liquid below what temperature,hydrogen this another liquids above what temperature,0.6,"The obfuscated text still contains the word 'hydrogen' and 'above' which are present in the original text, and also contains the word 'temperature' which is related to the original text, indicating some information leakage",llama-3.3-70b-versatile
1129237,hydrogen is a liquid below what temperature,methanol is another solid above how temperatures,0.4,"The obfuscated text still conveys the idea of a substance and its state at certain temperatures, but with some changes in wording, making the information leakage partial.",llama-3.3-70b-versatile
1129237,hydrogen is a liquid below what temperature,helium is a liquids above happened temperatures,0.4,"The obfuscated text still contains the word 'helium' and 'liquids' and 'above' and 'temperatures', which are similar to the original text, indicating some information leakage",llama-3.3-70b-versatile
1129237,hydrogen is a liquid below what temperature,helium is another light above that temperatures,0.4,"The obfuscated text still contains the word 'helium' and 'above', and 'temperatures' which are present in the original text, indicating some information leakage",llama-3.3-70b-versatile
1129237,hydrogen is a liquid below what temperature,hydrogen is a ink above it temperatures,0.2,"The obfuscated text 'hydrogen is a ink above it temperatures' does not convey the same meaning as the original text 'hydrogen is a liquid below what temperature', with changes in key words such as 'ink' instead of 'liquid', and 'above' instead of 'below', indicating significant information leakage reduction.",llama-3.3-70b-versatile
405717,is cdg airport in main paris,part en-route airport 2002 principal paris,0.7,"The obfuscated text still contains key words such as 'paris' and 'airport', which indicates a significant information leakage from the original text. However, some details like 'cdg' are missing, hence it's not a complete leakage.",llama-3.3-70b-versatile
405717,is cdg airport in main paris,means frolinat airport . key prohertrib,0.1,"The obfuscated text 'means frolinat airport . key prohertrib' does not resemble the original text 'is cdg airport in main paris' in any way, indicating a very low information leakage score of 0.1.",llama-3.3-70b-versatile
405717,is cdg airport in main paris,this cdg airport last main prohertrib,0.7,"The obfuscated text still contains the original airport code 'CDG' and the word 'airport', indicating significant information leakage. However, the context and surrounding words have been altered, reducing the leakage to some extent.",llama-3.3-70b-versatile
405717,is cdg airport in main paris,appears cdg airport while primary prohertrib,0.7,"The obfuscated text still contains the original airport code 'cdg' and the word 'airport', indicating significant information leakage. However, the context and surrounding words have been altered, reducing the leakage slightly.",llama-3.3-70b-versatile
405717,is cdg airport in main paris,is iecc airports same namely paris,0.6,"The obfuscated text still contains the key information that the airport is in Paris, but the name of the airport is not clearly mentioned, thus the score is 0.6",llama-3.3-70b-versatile
405717,is cdg airport in main paris,a gerad airports held main stockholm,0.4,"The obfuscated text still contains the word 'airport' and 'main' which are present in the original text, but the location 'paris' has been replaced with 'stockholm', indicating some information leakage. However, the core information about the airport being in the main area is preserved, but the location is incorrect.",llama-3.3-70b-versatile
405717,is cdg airport in main paris,today encapsulated airport found main france,0.6,"The obfuscated text still contains the word 'airport' and 'main' and 'france' which is related to the original text 'is cdg airport in main paris', indicating some information leakage",llama-3.3-70b-versatile
405717,is cdg airport in main paris,fact 4:6 airports year principal france,0.4,"The obfuscated text still contains the key information that the airport is in France, which is the same country as Paris, and also mentions the word 'airport' and 'principal', which are related to the original text. However, the specific airport name 'cdg' is not present, and other details are changed or missing.",llama-3.3-70b-versatile
405717,is cdg airport in main paris,appears lingwei airport 1976 major prohertrib,0.6,"The obfuscated text still contains the word 'airport' and 'france' which is related to the original text 'is cdg airport in main paris', indicating some information leakage.",llama-3.3-70b-versatile
405717,is cdg airport in main paris,only projeto airports others main france,0.4,"The obfuscated text still contains the word 'airport' and 'france' which are present in the original text, but the context and other words are changed, indicating some information leakage.",llama-3.3-70b-versatile
443396,lps laws definition,45s law definition,0.6,"The obfuscated text '45s law definition' still contains the core concept of the original text 'lps laws definition', which is 'law definition'. However, the acronym 'lps' has been replaced with '45s', reducing the information leakage. The score is 0.6 because some information is still present, but the replacement of 'lps' with '45s' reduces the clarity of the original text.",llama-3.3-70b-versatile
443396,lps laws definition,78s law definition,0.7,"The obfuscated text '78s law definition' has a similar structure to the original text 'lps laws definition', but with some characters replaced, indicating partial information leakage.",llama-3.3-70b-versatile
443396,lps laws definition,lps enforcing defined,0.6,"The obfuscated text 'lps enforcing defined' has a similar structure to the original text 'lps laws definition', but with some changes in wording, indicating a moderate level of information leakage.",llama-3.3-70b-versatile
443396,lps laws definition,reissues law definition,0.6,"The obfuscated text 'reissues law definition' has changed the original word 'lps' to 'reissues', which is a different term, and also changed 'laws' to 'law', but the word 'definition' remains the same, indicating some information leakage, but not complete.",llama-3.3-70b-versatile
443396,lps laws definition,trialed laws defined,0.6,"The obfuscated text 'trialed laws defined' has some similarity to the original text 'lps laws definition', but the key terms are not identical, indicating partial information leakage.",llama-3.3-70b-versatile
443396,lps laws definition,lps laws definition,0.05,"The obfuscated text is almost identical to the original text, with only minor changes, indicating very little information leakage.",llama-3.3-70b-versatile
443396,lps laws definition,sixty regulations defined,0.4,"The obfuscated text 'sixty regulations defined' has some similarity to the original text 'lps laws definition' but with significant changes, indicating moderate information leakage",llama-3.3-70b-versatile
443396,lps laws definition,45s enforce defined,0.4,"The obfuscated text '45s enforce defined' has some similarity to the original text 'lps laws definition' but with significant changes, indicating moderate information leakage",llama-3.3-70b-versatile
443396,lps laws definition,vinyl laws definition,0.7,"The obfuscated text 'vinyl laws definition' has a similar structure to the original text 'lps laws definition', but with 'vinyl' replacing 'lps', which could be a reference to the same concept, as 'lps' can stand for 'long-playing' records made of vinyl. However, the replacement of 'lps' with 'vinyl' reduces the specificity of the term, as 'vinyl' can refer to other things beyond records. Thus, the information leakage is not complete but significant.",llama-3.3-70b-versatile
443396,lps laws definition,45s statutes definitions,0.6,"The obfuscated text '45s statutes definitions' has a similar structure to the original text 'lps laws definition', but with some changes in words, indicating a moderate level of information leakage.",llama-3.3-70b-versatile
451602,medicare's definition of mechanical ventilation,1995 defined of mechanics lubrication,0.2,"The obfuscated text '1995 defined of mechanics lubrication' does not convey the same meaning as the original text 'medicare's definition of mechanical ventilation'. However, it contains some similar words like 'defined' and 'mechanics' which could be related to 'mechanical', thus the score is not 0. But since the context and meaning are completely different, the score should be low, around 0.2.",llama-3.3-70b-versatile
451602,medicare's definition of mechanical ventilation,amisha definition second mechanical exhaust,0.4,"The obfuscated text 'amisha definition second mechanical exhaust' has some similarity to the original text 'medicare's definition of mechanical ventilation' in terms of the word 'definition' and 'mechanical', but the context and other words are completely different, indicating a moderate level of information leakage.",llama-3.3-70b-versatile
451602,medicare's definition of mechanical ventilation,retire defines of engineers exhaust,0.2,"The obfuscated text 'retire defines of engineers exhaust' has some similar words to the original text 'medicare's definition of mechanical ventilation', but the meaning is completely different. The word 'definition' and 'mechanical' are present in both texts, but 'retire', 'engineers', and 'exhaust' are not related to the original text. Therefore, the score is 0.2.",llama-3.3-70b-versatile
451602,medicare's definition of mechanical ventilation,scuffs defined part malfunction ventilation,0.6,"The obfuscated text 'scuffs defined part malfunction ventilation' still contains the key words 'ventilation' and 'defined' which are present in the original text 'medicare's definition of mechanical ventilation', indicating a significant information leakage. However, the context and other words have been altered, reducing the leakage to some extent.",llama-3.3-70b-versatile
451602,medicare's definition of mechanical ventilation,savior defines included utilizing air-conditioning,0.4,"The obfuscated text 'savior defines included utilizing air-conditioning' does not closely match the original text 'medicare's definition of mechanical ventilation'. However, it does contain the word 'defines' which is similar to 'definition', and 'utilizing air-conditioning' is related to ventilation. Therefore, the score is 0.4.",llama-3.3-70b-versatile
451602,medicare's definition of mechanical ventilation,hoard sort in engineers ventilation,0.2,"The obfuscated text 'hoard sort in engineers ventilation' does not closely match the original text 'medicare's definition of mechanical ventilation'. However, it does contain the word 'ventilation', which is a key term in the original text. The score is 0.2 because the obfuscated text only preserves a small part of the original text's meaning.",llama-3.3-70b-versatile
451602,medicare's definition of mechanical ventilation,fernandez definition latest electrical cooling,0.2,"The obfuscated text 'fernandez definition latest electrical cooling' does not closely match the original text 'medicare's definition of mechanical ventilation'. However, it does contain the word 'definition' which is present in the original text, and 'cooling' could be related to 'ventilation'. But overall, the obfuscated text seems to be quite different from the original text, thus the score should be low.",llama-3.3-70b-versatile
451602,medicare's definition of mechanical ventilation,midwesterners definition than electrical shafts,0.2,"The obfuscated text 'midwesterners definition than electrical shafts' does not closely match the original text 'medicare's definition of mechanical ventilation'. However, it does contain the word 'definition', which is present in the original text. The score is 0.2 because some information is preserved, but the context and most of the content are lost.",llama-3.3-70b-versatile
451602,medicare's definition of mechanical ventilation,toilette definition prior hydraulic stairwells,0.0,"The obfuscated text 'toilette definition prior hydraulic stairwells' does not contain any relevant information related to the original text 'medicare's definition of mechanical ventilation'. The words are unrelated, and the meaning is completely different. Therefore, the score is 0.",llama-3.3-70b-versatile
451602,medicare's definition of mechanical ventilation,operated definitions present robotic plumbing,0.4,"The obfuscated text 'operated definitions present robotic plumbing' has some similar words to the original text 'medicare's definition of mechanical ventilation', such as 'definition' and 'mechanical' is not present but 'robotic' is related to mechanical. However, the context and most of the words are different, indicating some information leakage but not complete.",llama-3.3-70b-versatile
489204,right pelvic pain causes,want pelvic discomfort cause,0.7,"The obfuscated text still conveys the general idea of the original text, which is about pelvic pain/discomfort and its causes, but with some changes in wording, so the score is 0.7",llama-3.3-70b-versatile
489204,right pelvic pain causes,hand musculature suffering cause,0.2,"The obfuscated text 'hand musculature suffering cause' does not convey the same meaning as the original text 'right pelvic pain causes', as it refers to a different body part ('hand' instead of 'pelvic') and uses different words to describe the issue ('musculature suffering' instead of 'pain'). However, it still conveys a general idea of a medical issue, so some information leakage is present. The score is 0.2, indicating a low level of information leakage.",llama-3.3-70b-versatile
489204,right pelvic pain causes,right pectoral pain cause,0.4,"The obfuscated text 'right pectoral pain cause' still conveys the idea of pain in a specific area of the body, but it has changed the location from 'pelvic' to 'pectoral', which reduces the information leakage. However, the word 'right' and 'pain cause' remain the same, indicating some information leakage. The score is 0.4 because about 40% of the original information is preserved.",llama-3.3-70b-versatile
489204,right pelvic pain causes,right vertebral excruciating cause,0.4,"The obfuscated text 'right vertebral excruciating cause' still conveys the idea of pain on the right side, similar to the original text 'right pelvic pain causes'. However, it changes the location from 'pelvic' to 'vertebral' and the intensity from 'pain' to 'excruciating', which reduces the information leakage. The score is 0.4 because it maintains some similarity in meaning but alters key details.",llama-3.3-70b-versatile
489204,right pelvic pain causes,right pelvis pain causes,0.9,"The obfuscated text 'right pelvis pain causes' is very similar to the original text 'right pelvic pain causes', with only a minor difference in spelling ('pelvis' instead of 'pelvic'). This suggests a high level of information leakage, as the obfuscated text still conveys the same meaning as the original text.",llama-3.3-70b-versatile
489204,right pelvic pain causes,right abdominal discomfort cause,0.7,"The obfuscated text 'right abdominal discomfort cause' still conveys the general idea of the original text 'right pelvic pain causes' but with some changes in wording, thus the score is 0.7",llama-3.3-70b-versatile
489204,right pelvic pain causes,edge musculature pain cause,0.9,"The obfuscated text 'right pelvis pain causes' is very similar to the original text 'right pelvic pain causes', with only a minor spelling variation, indicating a high level of information leakage.",llama-3.3-70b-versatile
489204,right pelvic pain causes,cannot anal discomfort cause,0.4,"The obfuscated text 'cannot anal discomfort cause' has some similarity to the original text 'right pelvic pain causes' but with significant changes, including the use of 'cannot', 'anal' instead of 'pelvic', and 'discomfort' instead of 'pain'. This suggests a moderate level of information leakage, as some of the original meaning is preserved but with notable alterations.",llama-3.3-70b-versatile
489204,right pelvic pain causes,right pelvic pain cause,0.9,"The obfuscated text 'right pelvic pain cause' is very similar to the original text 'right pelvic pain causes', with only a minor difference in the plural form of 'cause' vs 'causes'. This suggests a high level of information leakage, as the obfuscated text still conveys the same meaning as the original text.",llama-3.3-70b-versatile
489204,right pelvic pain causes,right pelvic pain cause,0.9,"The obfuscated text is very similar to the original text, with only minor changes in wording, indicating a high level of information leakage.",llama-3.3-70b-versatile
490595,rsa definition key,rsa defined crucial,0.8,"The obfuscated text 'rsa defined crucial' still contains the core concept of the original text 'rsa definition key', with 'defined' being a synonym of 'definition' and 'crucial' related to 'key', thus indicating a significant information leakage.",llama-3.3-70b-versatile
490595,rsa definition key,hnkj defined key,0.6,"The obfuscated text 'hnkj defined key' has similar structure to the original text 'rsa definition key' but with some key terms changed, indicating partial information leakage.",llama-3.3-70b-versatile
490595,rsa definition key,rsa essentially essential,0.8,"The obfuscated text 'rsa essentially essential' still contains the original keyword 'rsa' and conveys a similar meaning to the original text 'rsa definition key', indicating significant information leakage.",llama-3.3-70b-versatile
490595,rsa definition key,renard standard crucial,0.4,"The obfuscated text 'renard standard crucial' has some similarity to the original text 'rsa definition key' but with significant changes, indicating moderate information leakage.",llama-3.3-70b-versatile
490595,rsa definition key,aes256-sha definitions crucial,0.4,"The obfuscated text 'aes256-sha definitions crucial' has some similarity to the original text 'rsa definition key' in terms of the word 'definition' and 'crucial' which could imply some information leakage, but the main topic 'rsa' is completely changed to 'aes256-sha' which is a different encryption algorithm, thus the score is 0.4",llama-3.3-70b-versatile
490595,rsa definition key,aes256-sha definition crucial,0.4,"The obfuscated text 'aes256-sha definition crucial' still contains the word 'definition' and 'crucial' which are similar to the original text 'rsa definition key', but 'aes256-sha' is unrelated to 'rsa', thus the score is 0.4",llama-3.3-70b-versatile
490595,rsa definition key,rsa definition point,0.7,"The obfuscated text 'rsa definition point' still contains the original keyword 'rsa' and the word 'definition', which is similar to the original text 'rsa definition key'. This suggests a significant information leakage, but not complete, as the word 'key' is replaced with 'point'.",llama-3.3-70b-versatile
490595,rsa definition key,aes256-sha specifications crucial,0.4,"The obfuscated text 'aes256-sha specifications crucial' has some similarity to the original text 'rsa definition key' but with significant changes, indicating moderate information leakage.",llama-3.3-70b-versatile
490595,rsa definition key,rsa defined key,0.8,"The obfuscated text 'rsa defined key' has similar keywords to the original text 'rsa definition key', indicating a high level of information leakage.",llama-3.3-70b-versatile
490595,rsa definition key,mos defined crucial,0.2,"The obfuscated text 'mos defined crucial' has some similarity to the original text 'rsa definition key', but the key terms 'rsa' and 'key' are not present, and 'mos' and 'crucial' are not related to the original text, thus the information leakage is low",llama-3.3-70b-versatile
1124210,tracheids are part of _____.,passings these part the ioakim,0.2,"The obfuscated text does not resemble the original text, indicating minimal information leakage.",llama-3.3-70b-versatile
1124210,tracheids are part of _____.,tracheids those which within 120.34,0.6,"The obfuscated text still contains the word 'tracheids' which is present in the original text, indicating significant information leakage. However, the rest of the text is obfuscated, reducing the leakage. Score is 0.6 due to partial obfuscation.",llama-3.3-70b-versatile
1124210,tracheids are part of _____.,cd34 those meant of signature,0.2,"The obfuscated text 'cd34 those meant of signature' does not resemble the original text 'tracheids are part of _____' in any way, indicating a low information leakage score of 0.2 due to the lack of similarity between the two texts.",llama-3.3-70b-versatile
1124210,tracheids are part of _____.,1959-1964 these only of leissner,0.0,"The obfuscated text does not contain any relevant information from the original text, thus the score is 0",llama-3.3-70b-versatile
1124210,tracheids are part of _____.,xerophytic are where example fretted,0.2,"The obfuscated text 'xerophytic are where example fretted' does not closely resemble the original text 'tracheids are part of _____.', but it does contain the word 'are' which is present in the original text, indicating some information leakage. However, the context and meaning are completely different, thus the score is 0.2",llama-3.3-70b-versatile
1124210,tracheids are part of _____.,tracheids now the of grell,0.8,"The obfuscated text still contains the word 'tracheids' which is present in the original text, indicating significant information leakage.",llama-3.3-70b-versatile
1124210,tracheids are part of _____.,choueifat are in member cuprate,0.4,"The obfuscated text 'tracheids now the of grell' still contains the word 'tracheids' which is present in the original text, indicating some information leakage. However, the context and meaning are altered, so it's not complete leakage.",llama-3.3-70b-versatile
1124210,tracheids are part of _____.,tracheids both part the vikes,0.4,"The obfuscated text still contains the word 'tracheids' which is present in the original text, indicating some information leakage. However, the context and surrounding words are different, reducing the leakage. Score is 0.4 for partial information leakage.",llama-3.3-70b-versatile
1124210,tracheids are part of _____.,aaha those this head doubled,0.1,"The obfuscated text does not resemble the original text, indicating minimal information leakage.",llama-3.3-70b-versatile
1124210,tracheids are part of _____.,fusel other parts present transaction,0.0,"The obfuscated text does not contain any relevant information about the original text, which is about tracheids being part of something, so the score is 0",llama-3.3-70b-versatile
527433,types of dysarthria from cerebral palsy,these part coloboma taken infarction cerebral,0.4,"The obfuscated text still contains the word 'cerebral' which is a key term from the original text, indicating some information leakage. However, other key terms like 'dysarthria' and 'types' are not present, reducing the overall leakage score.",llama-3.3-70b-versatile
527433,types of dysarthria from cerebral palsy,types of dfl-supercup coming edema cerebral,0.4,"The obfuscated text still contains the word 'cerebral' which is present in the original text, indicating some information leakage. However, the context and other words have been changed, reducing the leakage. The score is 0.4 because 'cerebral' is a key word in the original text, but the rest of the obfuscated text does not closely resemble the original.",llama-3.3-70b-versatile
527433,types of dysarthria from cerebral palsy,type while dysarthria air neurological cerebral,0.7,"The obfuscated text still contains the key words 'dysarthria' and 'cerebral', which are present in the original text, indicating a significant information leakage.",llama-3.3-70b-versatile
527433,types of dysarthria from cerebral palsy,kinds represents chikkamagaluru almost cerebral cerebral,0.4,"The obfuscated text still contains the word 'cerebral' which is present in the original text, but other key words like 'dysarthria' are replaced or missing, indicating partial information leakage.",llama-3.3-70b-versatile
527433,types of dysarthria from cerebral palsy,e.g. of shahpura those cerebral cerebral,0.2,"The obfuscated text does not convey the same meaning as the original text, but it does contain the word 'cerebral' which is present in the original text. However, the context and other words are completely different, indicating minimal information leakage.",llama-3.3-70b-versatile
527433,types of dysarthria from cerebral palsy,other the folgate from cerebral cerebral,0.2,"The obfuscated text does not convey the same meaning as the original text, but it does contain the word 'cerebral' which is present in the original text. However, the context and other words are completely different, indicating minimal information leakage.",llama-3.3-70b-versatile
527433,types of dysarthria from cerebral palsy,kinds the gholami leaving hemorrhage cerebral,0.4,"The obfuscated text still contains the word 'cerebral' which is present in the original text, but other key words like 'dysarthria' are missing or replaced with unrelated words, indicating some information leakage but not complete.",llama-3.3-70b-versatile
527433,types of dysarthria from cerebral palsy,kinds part ataxic went cerebral palsy,0.7,"The obfuscated text 'kinds part ataxic went cerebral palsy' still contains the key terms 'cerebral palsy' which is present in the original text, indicating a significant information leakage. However, the term 'dysarthria' is replaced with 'ataxic', which is a related but distinct medical term. Therefore, the score is 0.7",llama-3.3-70b-versatile
527433,types of dysarthria from cerebral palsy,type or codice_18 while cerebral brower,0.4,"The obfuscated text still contains the word 'cerebral' which is present in the original text, but other key words like 'dysarthria' are missing or replaced with unrelated words, indicating partial information leakage.",llama-3.3-70b-versatile
527433,types of dysarthria from cerebral palsy,types the dysarthria 1980s cerebral palsy,0.8,"The obfuscated text still contains the key words 'dysarthria' and 'cerebral palsy', which are present in the original text, indicating significant information leakage.",llama-3.3-70b-versatile
573724,what are the social determinants of health,lesson gone this education determinants one illness,0.4,"The obfuscated text still contains the key phrase 'determinants', which is a crucial part of the original text. However, other important words like 'social', 'health' are missing or replaced, indicating some level of information leakage reduction. The score is set to 0.4, reflecting a moderate level of information leakage.",llama-3.3-70b-versatile
573724,what are the social determinants of health,thing are leading came determinant and diseases,0.6,"The obfuscated text still conveys the general idea of the original text, which is about the determinants of health, but some key words are replaced or missing, so the information leakage is partial.",llama-3.3-70b-versatile
573724,what are the social determinants of health,nothing were the social enquires of care,0.4,"The obfuscated text 'nothing were the social enquires of care' still contains the word 'social' which is present in the original text, indicating some information leakage. However, other key words like 'determinants' and 'health' are not present, reducing the leakage. The score is 0.4 because 'social' is a significant word in the original text, but the overall meaning is not preserved.",llama-3.3-70b-versatile
573724,what are the social determinants of health,what are as social neagoe addition health,0.7,"The obfuscated text 'what are as social neagoe addition health' still contains the key phrases 'what are', 'social', and 'health', which are present in the original text 'what are the social determinants of health'. This suggests a significant amount of information leakage, but not complete as some words are altered or missing. Therefore, the score is 0.7.",llama-3.3-70b-versatile
573724,what are the social determinants of health,things these part social airo of care,0.4,"The obfuscated text still contains some of the original keywords such as 'social' and 'health' or related terms, but with significant changes, indicating partial information leakage.",llama-3.3-70b-versatile
573724,what are the social determinants of health,say now of economic determinants of care,0.6,"The obfuscated text still contains the word 'determinants' and 'care', which are related to the original text 'what are the social determinants of health'. However, the context and some words have been changed, indicating some level of obfuscation. The score is 0.6 because it partially preserves the original meaning.",llama-3.3-70b-versatile
573724,what are the social determinants of health,why they which social libet of care,0.4,"The obfuscated text still contains the word 'social' and 'care', which are related to the original text, but the meaning is altered, indicating some information leakage.",llama-3.3-70b-versatile
573724,what are the social determinants of health,how these which challenges determinant of education,0.4,"The obfuscated text still contains the word 'determinant' and 'education', which are key components of the original text, indicating some information leakage.",llama-3.3-70b-versatile
573724,what are the social determinants of health,it are specifically particular determinants the care,0.6,"The obfuscated text still contains the word 'determinants' and 'care', which are key components of the original text, indicating some information leakage.",llama-3.3-70b-versatile
573724,what are the social determinants of health,what are well as invasives of health,0.4,"The obfuscated text 'what are well as invasives of health' still contains the key phrase 'of health' which is present in the original text, indicating some information leakage. However, the word 'invasives' is unrelated to 'social determinants', reducing the leakage. Score is 0.4 for partial leakage.",llama-3.3-70b-versatile
1121709,what are the three percenters?,why are added three kacl,0.4,"The obfuscated text 'why are added three kacl' still contains some similar words and structure to the original text 'what are the three percenters?', indicating some information leakage. However, the meaning and key terms are altered, reducing the leakage. Score is 0.4.",llama-3.3-70b-versatile
1121709,what are the three percenters?,say these the four zayatte,0.1,"The obfuscated text 'say these the four zayatte' does not resemble the original text 'what are the three percenters?' in any way, indicating a high level of obfuscation and thus a low score for information leakage.",llama-3.3-70b-versatile
1121709,what are the three percenters?,what these last four iif,0.4,"The obfuscated text 'what these last four iif' still contains the original word 'what' and has a similar structure to the original text 'what are the three percenters?', but the key information about 'three percenters' is not present, indicating some information leakage. The score is 0.4 because some of the original words are still present, but the main topic is not.",llama-3.3-70b-versatile
1121709,what are the three percenters?,it either of four heptagon,0.2,"The obfuscated text 'it either of four heptagon' does not convey the same meaning as the original text 'what are the three percenters?', thus the information leakage is low, around 0.2",llama-3.3-70b-versatile
1121709,what are the three percenters?,why are this three electrotyping,0.4,"The obfuscated text 'why are this three electrotyping' still contains the word 'three' which is present in the original text 'what are the three percenters?', indicating some information leakage. However, the context and other words have been changed, reducing the leakage. Therefore, a score of 0.4 is assigned.",llama-3.3-70b-versatile
1121709,what are the three percenters?,what these the five perry,0.4,"The obfuscated text 'what these the five perry' has some similarity to the original text 'what are the three percenters?', but with significant changes, including different words and numbers, indicating moderate information leakage.",llama-3.3-70b-versatile
1121709,what are the three percenters?,how those ever three attitude,0.2,"The obfuscated text 'how those ever three attitude' has some similarity to the original text 'what are the three percenters?' in terms of having the word 'three', but the rest of the words are completely different, indicating a low level of information leakage.",llama-3.3-70b-versatile
1121709,what are the three percenters?,why those same four alvaro,0.4,"The obfuscated text has some similar structure to the original text, but with different words, indicating some information leakage, but not complete.",llama-3.3-70b-versatile
1121709,what are the three percenters?,like these same five narloch,0.2,"The obfuscated text has some similar structure to the original text, but with different words, indicating some information leakage, but not complete.",llama-3.3-70b-versatile
1121709,what are the three percenters?,just are means four libelled,0.2,"The obfuscated text still conveys some information about the original text, such as the presence of a question and a number, but the meaning is largely obscured.",llama-3.3-70b-versatile
1121402,what can contour plowing reduce,think if contours plowed reducing,0.8,"The obfuscated text still conveys the main idea of the original text, which is about contour plowing reducing something, so the score is 0.8",llama-3.3-70b-versatile
1121402,what can contour plowing reduce,think be approximating plowed reduce,0.7,"The obfuscated text still conveys the main idea of the original text, which is about contour plowing reducing something, but with some changes in word order and wording, so the score is 0.7",llama-3.3-70b-versatile
1121402,what can contour plowing reduce,tell cannot contours ploughing reducing,0.7,"The obfuscated text still conveys the main idea of the original text, which is about contour plowing reducing something, but with some changes in wording and grammar, so the score is 0.7",llama-3.3-70b-versatile
1121402,what can contour plowing reduce,what do contours plow reduce,0.9,"The obfuscated text is very similar to the original text, with only minor changes in wording, indicating a high level of information leakage.",llama-3.3-70b-versatile
1121402,what can contour plowing reduce,how cannot contour minefield eliminate,0.4,"The obfuscated text 'how cannot contour minefield eliminate' still conveys the idea of reducing or eliminating something related to contours, but with significant changes in wording and added unrelated concepts, thus justifying a score of 0.4",llama-3.3-70b-versatile
1121402,what can contour plowing reduce,why can exomars plowed reducing,0.7,"The obfuscated text 'why can exomars plowed reducing' still conveys the core idea of the original text 'what can contour plowing reduce', but with some changes in wording and structure, thus the score is 0.7",llama-3.3-70b-versatile
1121402,what can contour plowing reduce,what can contours ploughing reduce,0.9,"The obfuscated text is very similar to the original text, with only a slight change in verb form from 'plowing' to 'ploughing', which is a common variation in spelling. This suggests a high level of information retention.",llama-3.3-70b-versatile
1121402,what can contour plowing reduce,whatever can contours digging reduce,0.8,"The obfuscated text 'whatever can contours digging reduce' still conveys the main idea of the original text 'what can contour plowing reduce', with some changes in wording, but the core concept remains the same, hence a score of 0.8",llama-3.3-70b-versatile
1121402,what can contour plowing reduce,what able contour plowed reducing,0.9,"The obfuscated text is very similar to the original text, with only minor changes in wording, indicating a high level of information leakage.",llama-3.3-70b-versatile
1121402,what can contour plowing reduce,why carry constructs plowing reducing,0.9,"The obfuscated text 'what can contours ploughing reduce' closely resembles the original text 'what can contour plowing reduce', with only minor changes in wording and spelling, indicating a high level of information leakage.",llama-3.3-70b-versatile
1117099,what is a active margin,how are another active margins,0.6,"The obfuscated text still contains the word 'active' and 'margins', which is similar to the original text 'what is a active margin'. This suggests that there is some information leakage, but not complete. The score is 0.6 because the obfuscated text has changed the wording and added extra words, but still conveys a similar meaning.",llama-3.3-70b-versatile
1117099,what is a active margin,how means another active margins,0.6,"The obfuscated text 'how means another active margins' still conveys the core concept of 'active margins' from the original text 'what is a active margin', but with some changes in wording, thus indicating a moderate level of information leakage.",llama-3.3-70b-versatile
1117099,what is a active margin,what now this activity margins,0.6,"The obfuscated text still conveys the core idea of the original text, with some changes in wording, but the key concept of 'active' and 'margins' remains, indicating a moderate level of information leakage.",llama-3.3-70b-versatile
1117099,what is a active margin,think nature another beginning margins,0.4,"The obfuscated text 'think nature another beginning margins' has some similarity in meaning to the original text 'what is a active margin', but the words and structure are significantly different, indicating a moderate level of information leakage.",llama-3.3-70b-versatile
1117099,what is a active margin,what it another latter margins,0.6,"The obfuscated text still contains the word 'margins' and 'another' which is similar to the original text 'what is a active margin', indicating some information leakage",llama-3.3-70b-versatile
1117099,what is a active margin,know this another known margin,0.4,"The obfuscated text still contains the word 'margin' and some similar words, but the meaning and context are changed, so the information leakage is partial",llama-3.3-70b-versatile
1117099,what is a active margin,how this a become advantage,0.4,"The obfuscated text 'how this a become advantage' has some similarity to the original text 'what is a active margin' but with significant changes, including different verbs and nouns, indicating moderate information leakage.",llama-3.3-70b-versatile
1117099,what is a active margin,what this kind 1960s margin,0.6,"The obfuscated text 'what this kind 1960s margin' still contains some similar words and structure to the original text 'what is a active margin', but with significant changes, indicating moderate information leakage.",llama-3.3-70b-versatile
1117099,what is a active margin,fact this another involved margins,0.4,"The obfuscated text still contains the word 'margin' and 'another' which are present in the original text, but the context and meaning have been altered, indicating some information leakage.",llama-3.3-70b-versatile
1117099,what is a active margin,how this another actively margin,0.7,"The obfuscated text 'how this another actively margin' still conveys the idea of an 'active margin' from the original text 'what is a active margin', with some changes in wording, so the score is 0.7",llama-3.3-70b-versatile
1115776,what is an aml surveillance analyst,else clearly interbk chidgey location predicted,0.1,"The obfuscated text does not contain any keywords or phrases from the original text, indicating minimal information leakage.",llama-3.3-70b-versatile
1115776,what is an aml surveillance analyst,how now another gielen eavesdropping analyst,0.4,"The obfuscated text still contains the word 'analyst' which is present in the original text, indicating some information leakage. However, the context and other words have been changed, reducing the leakage.",llama-3.3-70b-versatile
1115776,what is an aml surveillance analyst,nothing it another rrt nsa brohd,0.2,"The obfuscated text does not contain any relevant information from the original text, indicating minimal information leakage.",llama-3.3-70b-versatile
1115776,what is an aml surveillance analyst,just wants another myelogenous monitoring analyst,0.4,"The obfuscated text still contains the word 'analyst' which is present in the original text, indicating some information leakage. However, the context and other words have been changed, reducing the leakage.",llama-3.3-70b-versatile
1115776,what is an aml surveillance analyst,put now another aml enforcement orenbuch,0.4,"The obfuscated text still contains the term 'aml' which is present in the original text, indicating some information leakage. However, the context and other words have been changed, reducing the leakage. The score is 0.4 because 'aml' is a significant keyword, but the rest of the text is unrelated to the original.",llama-3.3-70b-versatile
1115776,what is an aml surveillance analyst,know is an aml reconnaissance lynch,0.4,"The obfuscated text still contains the phrase 'aml' which is present in the original text, indicating some information leakage. However, the context and other words have been changed, reducing the leakage. The score is 0.4 because 'aml' is a significant keyword, but the rest of the text is sufficiently altered.",llama-3.3-70b-versatile
1115776,what is an aml surveillance analyst,think call out ringforts surveillance analyst,0.8,"The obfuscated text still contains the key phrase 'surveillance analyst' which is similar to the original text 'aml surveillance analyst', indicating a significant information leakage.",llama-3.3-70b-versatile
1115776,what is an aml surveillance analyst,what it another 071 surveillance securities,0.6,"The obfuscated text still contains the word 'surveillance' and 'securities' which are related to the original text 'what is an aml surveillance analyst', indicating some information leakage",llama-3.3-70b-versatile
1115776,what is an aml surveillance analyst,what is may slanting surveillance trader,0.4,"The obfuscated text still contains the word 'surveillance' which is present in the original text, indicating some information leakage. However, the context and other words have been changed, reducing the leakage. The score is 0.4 because 'surveillance' is a key word in both texts, but the surrounding words are different.",llama-3.3-70b-versatile
1115776,what is an aml surveillance analyst,think now another aml deployed analyst,0.4,"The obfuscated text still contains the term 'aml' which is present in the original text, indicating some information leakage. However, the context and other words have been changed, reducing the leakage. The score is 0.4 because 'aml' is a significant keyword, but the rest of the text is sufficiently altered.",llama-3.3-70b-versatile
1114819,what is durable medical equipment consist of,does comes durable doctors machinery _____________________________________________ of,0.4,"The obfuscated text still contains the word 'durable' which is a key term from the original text, indicating some information leakage. However, other important words like 'medical' and 'equipment' are missing or obfuscated, reducing the overall leakage.",llama-3.3-70b-versatile
1114819,what is durable medical equipment consist of,what this goods health machinery consist part,0.6,"The obfuscated text still contains key words such as 'durable' and 'machinery' which are present in the original text, but some words are replaced or removed, thus the score is 0.6",llama-3.3-70b-versatile
1114819,what is durable medical equipment consist of,how is efficient physicians equipped consists interbk,0.6,"The obfuscated text still contains key words such as 'durable', 'medical', and 'equipment' which can be used to infer the original text, but some words are changed or missing, so the information leakage is partial.",llama-3.3-70b-versatile
1114819,what is durable medical equipment consist of,clear this goods hospital equipment consists of,0.6,"The obfuscated text 'clear this goods hospital equipment consists of' still conveys the main idea of the original text 'what is durable medical equipment consist of' with some key words like 'equipment' and 'consist of' remaining intact, but with changes in wording and added ambiguity, thus scoring 0.6 for information leakage",llama-3.3-70b-versatile
1114819,what is durable medical equipment consist of,what it manufactured hospital equipment consisting the,0.6,"The obfuscated text still contains key words like 'hospital equipment' and 'consisting', which are similar to the original text, indicating some information leakage. However, the context and some words have been altered, reducing the leakage.",llama-3.3-70b-versatile
1114819,what is durable medical equipment consist of,that a lasting physicians facilities consisted of,0.7,"The obfuscated text still conveys the core idea of the original text, which is about durable medical equipment, but with some changes in wording and structure, so the score is 0.7",llama-3.3-70b-versatile
1114819,what is durable medical equipment consist of,say considered absence patient equipments consists bringing,0.6,"The obfuscated text still conveys the general idea of the original text, which is about durable medical equipment, but with some changes in wording and structure, so the score is 0.6",llama-3.3-70b-versatile
1114819,what is durable medical equipment consist of,just present durable medical devices consists the,0.8,"The obfuscated text 'just present durable medical devices consists the' still conveys the core idea of the original text 'what is durable medical equipment consist of' with some changes in wording, but the key phrase 'durable medical' is preserved, indicating a significant information leakage.",llama-3.3-70b-versatile
1114819,what is durable medical equipment consist of,what january unfilled medicine machinery additionally the,0.7,"The obfuscated text still conveys the core idea of the original text, which is about durable medical equipment, but with some changes in wording and structure, so the score is 0.7",llama-3.3-70b-versatile
1114819,what is durable medical equipment consist of,this uses serviceable doctors machinery considers the,0.7,"The obfuscated text still conveys the core idea of the original text, which is about durable medical equipment, but with some changes in wording and structure, so the score is 0.7",llama-3.3-70b-versatile
1114646,what is famvir prescribed for,what it alemtuzumab prescribed as,0.4,"The obfuscated text has a different medication name, indicating some information leakage, but the context of the question remains the same, so the score is not 1",llama-3.3-70b-versatile
1114646,what is famvir prescribed for,what is deifying medications working,0.4,"The original text 'what is famvir prescribed for' and the obfuscated text 'what is deifying medications working' have some similarities, but the medication name has been changed, indicating some information leakage. However, the context and the question being asked remain the same, which reduces the information leakage score. The score is set to 0.4, indicating moderate information leakage.",llama-3.3-70b-versatile
1114646,what is famvir prescribed for,doubt is godshill prescribe for,0.2,"The obfuscated text 'doubt is godshill prescribe for' has significant differences from the original text 'what is famvir prescribed for', with changes in the main subject and verb, indicating minimal information leakage.",llama-3.3-70b-versatile
1114646,what is famvir prescribed for,that means clozaril medication over,0.2,"The obfuscated text does not resemble the original text, indicating significant information leakage reduction.",llama-3.3-70b-versatile
1114646,what is famvir prescribed for,what is wernham prescribe time,0.4,"The obfuscated text 'what is wernham prescribe time' has some similarity to the original text 'what is famvir prescribed for' but with significant changes, including the replacement of 'famvir' with 'wernham' and 'for' with 'time', indicating moderate information leakage.",llama-3.3-70b-versatile
1114646,what is famvir prescribed for,what be jafra prescribe support,0.2,"The obfuscated text does not resemble the original text in any way, indicating a high level of obfuscation.",llama-3.3-70b-versatile
1114646,what is famvir prescribed for,? is fleischhauer regimens first,0.1,"The obfuscated text does not resemble the original text in any way, indicating a high level of obfuscation.",llama-3.3-70b-versatile
1114646,what is famvir prescribed for,simply is llywarch medications made,0.1,"The obfuscated text does not resemble the original text in any way, indicating a high level of obfuscation.",llama-3.3-70b-versatile
1114646,what is famvir prescribed for,what known famvir accordance not,0.6,"The obfuscated text 'what known famvir accordance not' still contains the word 'famvir' which is the main subject of the original text, indicating a significant information leakage. However, the context and meaning of the sentence have been altered, reducing the leakage to some extent.",llama-3.3-70b-versatile
1114646,what is famvir prescribed for,what is chalkis medications for,0.4,"The obfuscated text 'what is chalkis medications for' has some similarity to the original text 'what is famvir prescribed for' but with significant changes, indicating moderate information leakage.",llama-3.3-70b-versatile
1113437,what is physical description of spruce,clearly though physical detail same fir,0.7,"The obfuscated text still contains key words related to the original text, such as 'physical detail' and a reference to a type of tree ('fir' instead of 'spruce'), indicating some information leakage.",llama-3.3-70b-versatile
1113437,what is physical description of spruce,because now attributes description one fir,0.6,"The obfuscated text still conveys the general idea of the original text, but with some changes in wording and structure, indicating a moderate level of information leakage.",llama-3.3-70b-versatile
1113437,what is physical description of spruce,"trying which mental descriptions , spruce",0.7,"The obfuscated text still contains the word 'spruce' and some related concepts, indicating a significant information leakage.",llama-3.3-70b-versatile
1113437,what is physical description of spruce,how now alone descriptions while spruce,0.6,"The obfuscated text still contains the word 'spruce' and the concept of 'descriptions', indicating some information leakage from the original text.",llama-3.3-70b-versatile
1113437,what is physical description of spruce,how this certain descriptions of spruces,0.8,"The obfuscated text still contains the word 'spruces' and 'descriptions', which are key components of the original text, indicating a significant amount of information leakage.",llama-3.3-70b-versatile
1113437,what is physical description of spruce,how is mind descriptions of old-growth,0.6,"The obfuscated text still contains the word 'descriptions' and 'of', which are present in the original text, and also contains the word 'old-growth' which is related to spruce, indicating some information leakage",llama-3.3-70b-versatile
1113437,what is physical description of spruce,what it mind description these spruce,0.7,"The obfuscated text still contains the word 'spruce' and the concept of 'description', indicating some information leakage from the original text.",llama-3.3-70b-versatile
1113437,what is physical description of spruce,did is physical descriptions the spruce,0.8,"The obfuscated text 'did is physical descriptions the spruce' closely matches the original text 'what is physical description of spruce', with similar wording and structure, indicating a high level of information leakage.",llama-3.3-70b-versatile
1113437,what is physical description of spruce,what requires things description of spruce,0.6,"The obfuscated text still contains the word 'spruce' and the concept of 'description', which is similar to the original text. However, the context and some details have been changed, indicating some information leakage. The score is 0.6 because the obfuscated text still conveys some information about the original text, but not completely.",llama-3.3-70b-versatile
1113437,what is physical description of spruce,that makes needed description of fir,0.7,"The obfuscated text still contains the word 'fir' which is related to 'spruce', and also has the word 'description' which is present in the original text, indicating some information leakage.",llama-3.3-70b-versatile
1112341,what is the daily life of thai people,know is this daily lives of cambodian others,0.4,"The obfuscated text still conveys some information about the original text, such as the topic of daily life, but it has been altered to refer to Cambodian people instead of Thai people, and some words have been changed or removed, resulting in a score of 0.4",llama-3.3-70b-versatile
1112341,what is the daily life of thai people,what way the newspaper life of bangkok people,0.4,"The obfuscated text still contains some similar keywords such as 'life' and 'people', but the context and location have been changed, indicating some information leakage. However, the change from 'thai' to 'bangkok' and the addition of 'newspaper' and 'way' introduce significant differences, reducing the leakage. Therefore, a moderate score of 0.4 is assigned.",llama-3.3-70b-versatile
1112341,what is the daily life of thai people,given is only weekly lives of thailand people,0.7,"The obfuscated text still contains the word 'thailand' which is closely related to the original text 'thai people', and also contains the word 'people' and 'lives' which are similar to the original text, indicating a significant information leakage.",llama-3.3-70b-versatile
1112341,what is the daily life of thai people,how comes middle watan life of thailand people,0.4,"The obfuscated text still contains the word 'thailand' and 'people', which is similar to the original text 'thai people', indicating some information leakage. However, the context and wording have been altered, reducing the leakage. Score is 0.4 for partial information retention.",llama-3.3-70b-versatile
1112341,what is the daily life of thai people,what succeeds site newspaper lives the thai relatives,0.6,"The obfuscated text still contains some information about the original text, such as the word 'thai' and the concept of 'lives', but the context and details have been altered, indicating a moderate level of information leakage.",llama-3.3-70b-versatile
1112341,what is the daily life of thai people,how does resulting day better the thailand trying,0.4,"The obfuscated text still contains some information about the original text, such as the topic of daily life and the country of Thailand, but with significant changes in wording and structure, indicating a moderate level of information leakage.",llama-3.3-70b-versatile
1112341,what is the daily life of thai people,it now the daily lives the bangkok parents,0.7,"The obfuscated text still contains the word 'daily' and 'lives', and also mentions a location 'bangkok' which is a major city in Thailand, indicating a significant information leakage from the original text.",llama-3.3-70b-versatile
1112341,what is the daily life of thai people,"something means here newspaper life , cambodian just",0.4,"The obfuscated text still contains some similar keywords like 'newspaper' and 'life', but the context and meaning have been altered significantly, indicating moderate information leakage.",llama-3.3-70b-versatile
1112341,what is the daily life of thai people,what also the newspaper couple hope cambodian people,0.4,"The obfuscated text still contains some similar keywords like 'newspaper' and 'cambodian people' but the meaning and context are different from the original text, indicating some information leakage but not complete.",llama-3.3-70b-versatile
1112341,what is the daily life of thai people,how is the daily life of cambodian foreigners,0.4,"The obfuscated text still contains some similar keywords like 'daily life' but has changed the subject from 'thai people' to 'cambodian foreigners', indicating some information leakage but not complete.",llama-3.3-70b-versatile
833860,what is the most popular food in switzerland,how is its especially well-known working similar swiss,0.6,"The obfuscated text still contains the word 'swiss', which is a key identifier of the original text's topic, Switzerland. However, other important details such as 'most popular food' are not directly mentioned, indicating some level of obfuscation. The score of 0.6 reflects a moderate level of information leakage, as the obfuscated text still conveys some information about the original topic, but not all of it.",llama-3.3-70b-versatile
833860,what is the most popular food in switzerland,it is the one popularity drinks first swiss,0.4,"The obfuscated text still contains the word 'swiss' which is a key identifier of the original text, indicating some information leakage. However, the context and meaning of the original text are not fully preserved, resulting in a partial information leakage.",llama-3.3-70b-versatile
833860,what is the most popular food in switzerland,nothing is the most popularity foods in switzerland,0.8,"The obfuscated text still contains the key words 'most', 'popularity', 'foods', and 'switzerland', which are present in the original text, indicating a significant information leakage.",llama-3.3-70b-versatile
833860,what is the most popular food in switzerland,know fact of well variety drinks brought swiss,0.4,"The obfuscated text still contains the word 'swiss' and 'drinks', which is related to the original text 'what is the most popular food in switzerland', but the context is changed to 'drinks' instead of 'food', so the information leakage is partial.",llama-3.3-70b-versatile
833860,what is the most popular food in switzerland,think _ of most also food in swiss,0.7,"The obfuscated text still contains the word 'swiss' and 'food', which are key components of the original text, indicating a significant information leakage.",llama-3.3-70b-versatile
833860,what is the most popular food in switzerland,if this entire most popular foods same belgium,0.7,"The obfuscated text still contains the word 'swiss' and 'most popular foods', which are key phrases from the original text, indicating a significant information leakage.",llama-3.3-70b-versatile
833860,what is the most popular food in switzerland,why now same particularly although well where swiss,0.4,"The obfuscated text still contains the word 'swiss' which is a key part of the original text, but the context and meaning have been altered significantly, indicating some information leakage.",llama-3.3-70b-versatile
833860,what is the most popular food in switzerland,why is this many addition essentials deciding switzerland,0.4,"The obfuscated text still contains the word 'switzerland', which is a key part of the original text, indicating some information leakage. However, the context and meaning of the original text are not preserved, suggesting partial information leakage.",llama-3.3-70b-versatile
833860,what is the most popular food in switzerland,n't is this most widely food allowing belgium,0.4,"The obfuscated text does not closely resemble the original text, but some key words like 'food' and 'swiss' are present, indicating a moderate level of information leakage.",llama-3.3-70b-versatile
833860,what is the most popular food in switzerland,know exists the most popularity supplies setting swiss,0.7,"The obfuscated text still contains the word 'swiss' and 'popularity', which are key elements of the original text, indicating a significant information leakage.",llama-3.3-70b-versatile
855410,what is theraderm used for,that now esbjerg use instead,0.2,"The obfuscated text does not contain any information about the original text's meaning, but some words are similar in length and structure, indicating a possible partial information leakage.",llama-3.3-70b-versatile
855410,what is theraderm used for,exactly refers rauti used .,0.4,"The obfuscated text does not convey the same meaning as the original text, but some words are similar, indicating a moderate level of information leakage.",llama-3.3-70b-versatile
855410,what is theraderm used for,what now abb using .,0.2,"The obfuscated text 'what now abb using' still contains the same starting word 'what' as the original text, but the rest of the sentence is completely different, indicating some information leakage. However, the meaning and context of the original text are not preserved, so the score is not high.",llama-3.3-70b-versatile
855410,what is theraderm used for,way known semigloss use next,0.1,"The obfuscated text does not contain any relevant information about the original text, which is 'what is theraderm used for'. The words in the obfuscated text are unrelated to the original text, indicating minimal information leakage.",llama-3.3-70b-versatile
855410,what is theraderm used for,fact does tanbark use well,0.1,"The obfuscated text does not contain any relevant information about the original text, which is about the use of theraderm. The words in the obfuscated text are unrelated to the original text, indicating minimal information leakage.",llama-3.3-70b-versatile
855410,what is theraderm used for,what comes f355 using participation,0.2,"The obfuscated text does not convey the same meaning as the original text, but some words are similar, indicating a score of 0.2 for information leakage",llama-3.3-70b-versatile
855410,what is theraderm used for,nothing are bata using same,0.1,"The obfuscated text does not contain any relevant information about the original text, which is about the use of theraderm. The words in the obfuscated text are unrelated to the original text, indicating minimal information leakage.",llama-3.3-70b-versatile
855410,what is theraderm used for,there is grocers used only,0.0,"The obfuscated text does not contain any relevant information about the original text 'what is theraderm used for'. The words are completely different and do not provide any context or meaning related to the original text. Therefore, the score is 0.0.",llama-3.3-70b-versatile
855410,what is theraderm used for,nothing now jan. use for,0.2,"The obfuscated text does not contain any relevant information about the original text, which is about the use of theraderm. The score is 0.2 because some words are similar but the meaning is completely different.",llama-3.3-70b-versatile
855410,what is theraderm used for,ever is continuum using while,0.0,The obfuscated text does not contain any relevant information about the original text 'what is theraderm used for'. The words are completely different and do not provide any context or meaning related to the original text.,llama-3.3-70b-versatile
1110199,what is wifi vs bluetooth,anything now wifi vs. headsets,0.7,"The obfuscated text still contains the keyword 'wifi' and the phrase 'vs', which indicates a comparison, thus leaking some information from the original text.",llama-3.3-70b-versatile
1110199,what is wifi vs bluetooth,know this wifi vs. headset,0.7,"The obfuscated text still contains the key phrase 'wifi vs', which indicates a significant amount of information leakage from the original text. However, the context and surrounding words have been changed, reducing the leakage to some extent.",llama-3.3-70b-versatile
1110199,what is wifi vs bluetooth,how is wifi vs wi-fi,0.4,"The obfuscated text still contains the term 'wifi' which is present in the original text, indicating some information leakage. However, the context and other terms have been changed, reducing the leakage. The score is 0.4 because 'wifi' is a key term in the original text and its presence in the obfuscated text reveals some information, but the change in context and other terms limits the leakage.",llama-3.3-70b-versatile
1110199,what is wifi vs bluetooth,how it voip vs wi-fi,0.4,"The obfuscated text still contains the term 'wi-fi' which is similar to 'wifi' in the original text, indicating some information leakage. However, the context and other terms have been changed, reducing the leakage.",llama-3.3-70b-versatile
1110199,what is wifi vs bluetooth,it is wi-fi vs. built-in,0.4,"The obfuscated text still contains the term 'wi-fi' which is present in the original text, indicating some information leakage. However, the context and comparison have changed, reducing the leakage.",llama-3.3-70b-versatile
1110199,what is wifi vs bluetooth,sure is wifi vs. headset,0.6,"The obfuscated text still contains the term 'wifi' which is present in the original text, and 'vs' is also present, but 'bluetooth' is replaced with 'headset'. This indicates some information leakage, but not complete.",llama-3.3-70b-versatile
1110199,what is wifi vs bluetooth,want is wi-fi vs. bluetooth,0.8,"The obfuscated text still contains the core comparison of the original text, which is 'wifi vs' and 'bluetooth', indicating a significant information leakage.",llama-3.3-70b-versatile
1110199,what is wifi vs bluetooth,know is wi-fi v headset,0.7,"The obfuscated text still contains the key terms 'wi-fi' and 'headset' or 'bluetooth' which are present in the original text, indicating some information leakage",llama-3.3-70b-versatile
1110199,what is wifi vs bluetooth,why is wi-fi vs. bluetooth,0.8,"The obfuscated text still contains the core comparison of the original text, which is ""wi-fi vs. bluetooth"", indicating a high level of information leakage.",llama-3.3-70b-versatile
1110199,what is wifi vs bluetooth,what is wi-fi vs. bluetooth,0.9,"The obfuscated text is very similar to the original text, with only minor changes in wording, but the key terms 'wi-fi' and 'bluetooth' remain the same, indicating a high level of information leakage.",llama-3.3-70b-versatile
915593,what types of food can you cook sous vide,nothing kinds part stuffs mean 'll __________________________________ chefs gencon,0.2,"The obfuscated text has very little resemblance to the original text, with most of the key words and phrases removed or altered, indicating a low information leakage score of 0.2",llama-3.3-70b-versatile
915593,what types of food can you cook sous vide,think e.g. the eating so anything anderson sous sertão,0.3,"The obfuscated text still contains the phrase 'sous', which is a key part of the original text 'sous vide'. This indicates some information leakage, but the rest of the text is significantly altered, so the leakage is not complete.",llama-3.3-70b-versatile
915593,what types of food can you cook sous vide,say kinds joining eat so 'll anderson sanlúcar sous,0.4,"The obfuscated text still contains the phrase 'sous', which is a key term from the original text, indicating some information leakage. However, the context and other words are significantly altered, reducing the overall information leakage.",llama-3.3-70b-versatile
915593,what types of food can you cook sous vide,doing different despite nutrition can you catches shuhn brnws,0.4,"The obfuscated text still contains some words related to the original text, such as 'sous', but most of the original information is lost, indicating a moderate level of information leakage.",llama-3.3-70b-versatile
915593,what types of food can you cook sous vide,know kinds of food can you cook sous vide,0.9,"The obfuscated text is almost identical to the original text, with only minor changes, indicating a high level of information leakage.",llama-3.3-70b-versatile
915593,what types of food can you cook sous vide,what types the because could go baker bois vide,0.8,"The obfuscated text still contains the key phrases 'what types' and 'bois vide' which is close to 'sous vide', indicating a significant information leakage.",llama-3.3-70b-versatile
915593,what types of food can you cook sous vide,what variety possibly food cannot know cooked aulnay casillo,0.8,"The obfuscated text still contains the key words 'what', 'variety', 'food', and 'cooked', which are similar to the original text, indicating a high level of information leakage.",llama-3.3-70b-versatile
915593,what types of food can you cook sous vide,way i.e. the eating this your cook koreatown sous,0.6,"The obfuscated text still contains the key phrase 'sous', which is a significant part of the original text, indicating a moderate level of information leakage.",llama-3.3-70b-versatile
915593,what types of food can you cook sous vide,what variety days eat could 'll alastair aulnay vide,0.7,"The obfuscated text still contains the word 'sous' and 'vide' and also 'what' and 'variety' which are similar to the original text, indicating a significant information leakage",llama-3.3-70b-versatile
915593,what types of food can you cook sous vide,why kinds the foodstuffs often 'll cook aulnay vide,0.7,"The obfuscated text still contains the word 'vide' and some related words like 'foodstuffs' and 'cook', which indicates a significant information leakage from the original text.",llama-3.3-70b-versatile
962179,when was the salvation army founded,again was instead resurrection military established,0.4,"The obfuscated text has some similar words and structure to the original text, but with significant changes, indicating partial information leakage.",llama-3.3-70b-versatile
962179,when was the salvation army founded,when was talking rebirth soldiers established,0.6,"The obfuscated text 'when was talking rebirth soldiers established' still conveys the general idea of the original text 'when was the salvation army founded' with some key words changed, but the core meaning is preserved, hence a moderate information leakage score of 0.6",llama-3.3-70b-versatile
962179,when was the salvation army founded,when appeared which redemption army donated,0.4,"The obfuscated text 'when appeared which redemption army donated' still contains some similar words and structure to the original text 'when was the salvation army founded', but with significant changes in meaning and wording, indicating partial information leakage.",llama-3.3-70b-versatile
962179,when was the salvation army founded,. thought which heaven commanders founder,0.1,"The obfuscated text '. thought which heaven commanders founder' has very little resemblance to the original text 'when was the salvation army founded', indicating a low information leakage score of 0.1 due to the lack of similar words or phrases.",llama-3.3-70b-versatile
962179,when was the salvation army founded,"when so , salvation military established",0.7,"The obfuscated text still contains the key words 'when', 'salvation', and 'established', which are present in the original text, indicating a significant amount of information leakage.",llama-3.3-70b-versatile
962179,when was the salvation army founded,when is of liberation stationed founded,0.6,"The obfuscated text 'when is of liberation stationed founded' still contains the key word 'founded' and the word 'when', which are present in the original text. However, other key words like 'salvation' and 'army' have been replaced with 'liberation' and 'stationed', indicating some level of obfuscation. The score is 0.6 because while some information is still leaked, the meaning has been somewhat distorted.",llama-3.3-70b-versatile
962179,when was the salvation army founded,when was fact poised forces formed,0.4,"The obfuscated text still contains the original phrase 'when was' and also has the word 'founded' at the end, which is similar to the original text 'when was the salvation army founded'. However, the middle part of the sentence has been changed to 'fact poised forces', which does not reveal the original information. Therefore, the score is 0.4.",llama-3.3-70b-versatile
962179,when was the salvation army founded,then last the nade forces founded,0.4,"The obfuscated text 'then last the nade forces founded' has some similar words to the original text 'when was the salvation army founded', but the meaning is not preserved. The words 'then' and 'when' are similar, and 'founded' is the same. However, 'last' and 'was' are different, and 'nade forces' is not similar to 'salvation army'. The score is 0.4 because some of the words are similar, but the overall meaning is not preserved.",llama-3.3-70b-versatile
962179,when was the salvation army founded,learned successfully of terminator army established,0.4,"The obfuscated text still contains some of the original words and the overall meaning is partially preserved, but the key words have been changed, so the information leakage is moderate.",llama-3.3-70b-versatile
962179,when was the salvation army founded,but being which fundamentalist military co-founded,0.4,"The obfuscated text still contains some similar words and structure to the original text, such as 'when' and 'founded', but with significant changes, indicating moderate information leakage.",llama-3.3-70b-versatile
1103812,who formed the commonwealth of independent states,"who composed came fennell full , united",0.4,"The obfuscated text has some similar words to the original text, such as 'who' and 'united', but the meaning is not entirely preserved, indicating partial information leakage.",llama-3.3-70b-versatile
1103812,who formed the commonwealth of independent states,who formed one whereas same itself united,0.7,"The obfuscated text still contains the main keywords 'who' and 'united', and the word 'formed' is preserved, indicating a significant amount of information leakage from the original text.",llama-3.3-70b-versatile
1103812,who formed the commonwealth of independent states,whom forming of cis prior local united,0.6,"The obfuscated text still contains some key words from the original text, such as 'formed' and 'united', but with some changes and additions, indicating partial information leakage.",llama-3.3-70b-versatile
1103812,who formed the commonwealth of independent states,whom forming another participation of independent united,0.7,"The obfuscated text still contains key words related to the original text, such as 'forming', 'independent', and 'united', which indicates a significant amount of information leakage.",llama-3.3-70b-versatile
1103812,who formed the commonwealth of independent states,who forming last http://www.nwguild.org same entity united,0.4,"The obfuscated text still contains some key words from the original text, such as 'who', 'forming', and 'united', which indicates some information leakage. However, the meaning of the text has been altered, with words like 'last' and 'http://www.nwguild.org' added, which reduces the information leakage. The score is 0.4, indicating moderate information leakage.",llama-3.3-70b-versatile
1103812,who formed the commonwealth of independent states,forced established in 27 the established united,0.4,"The obfuscated text still contains some information about the formation of a united entity, but the details are distorted, so the score is 0.4",llama-3.3-70b-versatile
1103812,who formed the commonwealth of independent states,who formed the evans comes observer states,0.6,"The obfuscated text still contains the core information of the original text, with 'who formed' and 'states' being present, but with some key details altered or obfuscated, such as 'evans comes observer' instead of 'commonwealth of independent'. This suggests a moderate level of information leakage, as the general meaning is preserved but specific details are obscured.",llama-3.3-70b-versatile
1103812,who formed the commonwealth of independent states,previously form the consequently the impartial states,0.4,"The obfuscated text still contains some similar words and structure to the original text, but with significant changes, indicating partial information leakage.",llama-3.3-70b-versatile
1103812,who formed the commonwealth of independent states,whom forming of www.caib.us the independently united,0.4,"The obfuscated text still contains some keywords related to the original text, such as 'forming' and 'united', but the meaning is distorted and some words are replaced with unrelated terms, indicating partial information leakage.",llama-3.3-70b-versatile
1103812,who formed the commonwealth of independent states,has forming of notably of kuhdz united,0.1,"The obfuscated text 'has forming of notably of kuhdz united' has very little resemblance to the original text 'who formed the commonwealth of independent states', with most key words being completely different, indicating a low information leakage score of 0.1",llama-3.3-70b-versatile
1037798,who is robert gray,whom is robert grey,0.8,"The obfuscated text has similar wording and structure to the original text, with minor changes in wording, such as 'whom' instead of 'who' and 'grey' instead of 'gray', indicating a score of 0.8 due to the slight changes",llama-3.3-70b-versatile
1037798,who is robert gray,whom is robert gray,0.9,"The obfuscated text is very similar to the original text, with only a minor change from 'who' to 'whom' and no change to the name 'robert gray', indicating a high level of information leakage.",llama-3.3-70b-versatile
1037798,who is robert gray,who is nicholson brown,0.0,"The obfuscated text 'who is nicholson brown' has completely different content from the original text 'who is robert gray', indicating no information leakage.",llama-3.3-70b-versatile
1037798,who is robert gray,who it william gray,0.6,"The obfuscated text 'who it william gray' has changed the original name 'robert gray' to 'william gray', and also changed 'is' to 'it', which indicates a moderate level of information leakage, but the structure and some of the original information is still preserved",llama-3.3-70b-versatile
1037798,who is robert gray,whom is paul instead,0.2,"The obfuscated text 'whom is paul instead' has changed the original name 'robert gray' to 'paul instead', indicating a significant reduction in information leakage, but the structure of the sentence remains the same, hence a score of 0.2",llama-3.3-70b-versatile
1037798,who is robert gray,whom now prohertrib grey,0.2,"The obfuscated text 'whom now prohertrib grey' has changed the original name 'robert gray' to 'prohertrib grey' and also changed 'is' to 'now' and 'who' to 'whom', indicating significant information leakage reduction",llama-3.3-70b-versatile
1037798,who is robert gray,whom still baron brown,0.2,"The obfuscated text 'whom still baron brown' has changed the original name 'robert gray' to 'baron brown', indicating significant information leakage reduction, but some similarity in structure remains.",llama-3.3-70b-versatile
1037798,who is robert gray,whom . robert bearded,0.4,"The obfuscated text 'whom . robert bearded' has some similarity to the original text 'who is robert gray', with 'robert' being the same, but other words are different or missing, indicating partial information leakage.",llama-3.3-70b-versatile
1037798,who is robert gray,whom is edward spotted,0.2,"The obfuscated text 'whom is edward spotted' has changed the original name 'robert gray' to 'edward spotted', indicating significant information leakage reduction, but some syntax and structure are preserved, so the score is 0.2",llama-3.3-70b-versatile
1037798,who is robert gray,who this robert hair,0.6,"The obfuscated text 'who this robert hair' has a similar structure to the original text 'who is robert gray', but with some changes in words, so the information leakage score is 0.6",llama-3.3-70b-versatile
1063750,why did the us volunterilay enter ww1,know did is u.s. rosebank participate ww2,0.4,"The obfuscated text has changed the original text's meaning and details, but still conveys a similar topic of a country's participation in a war, thus scoring 0.4 for partial information leakage",llama-3.3-70b-versatile
1063750,why did the us volunterilay enter ww1,why did this expect biker enter wtul,0.4,"The obfuscated text still contains some of the original words and structure, but with significant changes, indicating partial information leakage.",llama-3.3-70b-versatile
1063750,why did the us volunterilay enter ww1,why seemed part u.s. favourites entering ww1,0.7,"The obfuscated text still contains the original phrase 'why' and 'u.s.' and 'entering' and 'ww1', which indicates a significant amount of information leakage from the original text.",llama-3.3-70b-versatile
1063750,why did the us volunterilay enter ww1,know asked the u.s. trammel entering ww2,0.4,"The obfuscated text still contains the country 'u.s.' and the event 'entering' and 'ww1' or 'ww2' which are similar to the original text, but other key words are changed, indicating some information leakage.",llama-3.3-70b-versatile
1063750,why did the us volunterilay enter ww1,know did help u.s. luther permitted wwi,0.4,"The obfuscated text still contains the country 'u.s.' and the event 'wwi', which are present in the original text, indicating some information leakage. However, other key words such as 'why' and 'volunterilay' have been changed or removed, reducing the overall information leakage.",llama-3.3-70b-versatile
1063750,why did the us volunterilay enter ww1,that n't the u.s. black-and-white entered berezhany,0.4,"The obfuscated text has some similar words and structure to the original text, but with significant changes, indicating moderate information leakage.",llama-3.3-70b-versatile
1063750,why did the us volunterilay enter ww1,thinks that one u.s. alexandrians entered 1895-1896,0.4,"The obfuscated text still contains the country 'u.s.' and the concept of entering a conflict, but the context and details are altered, indicating some information leakage. However, the specifics such as the reason for entering and the conflict itself are changed, reducing the leakage.",llama-3.3-70b-versatile
1063750,why did the us volunterilay enter ww1,why did came us hickerson entered wwi,0.7,"The obfuscated text still contains the core information of the original text, including the subject (US) and the event (entering a war), but with some changes in wording and details, so the score is 0.7",llama-3.3-70b-versatile
1063750,why did the us volunterilay enter ww1,know go as u.s. vincenzi enter giuffrida,0.4,"The obfuscated text still contains the country 'u.s.' and the event 'wwi' which are present in the original text, indicating some information leakage, but the context and other details are altered, so the score is 0.4",llama-3.3-70b-versatile
1063750,why did the us volunterilay enter ww1,what did of u.s. minutus enter curare,0.4,"The obfuscated text has some similar words and structure to the original text, but with significant changes, indicating moderate information leakage.",llama-3.3-70b-versatile
