id,text,obfuscatedText,score,justification,model
16,aaa proteins,tsen carbohydrate,1.0,The word 'carbohydrate' is unrelated to 'proteins'.,llama-3.3-70b-versatile
16,aaa proteins,revolution neutrophils,1.0,The word 'neutrophils' is unrelated to 'proteins'.,llama-3.3-70b-versatile
16,aaa proteins,exx organisms,2.0,The word 'organisms' is related to 'proteins' but not specific enough.,llama-3.3-70b-versatile
16,aaa proteins,guitarra proteins,4.0,The word 'guitarra' is unrelated to 'proteins' but 'proteins' is present.,llama-3.3-70b-versatile
16,aaa proteins,comission dysfunctional,1.0,The word 'dysfunctional' is unrelated to 'proteins'.,llama-3.3-70b-versatile
16,aaa proteins,aaa tallarico,3.0,The word 'aaa' is present in the original text but 'tallarico' is unrelated to 'proteins'.,llama-3.3-70b-versatile
16,aaa proteins,"113,000 entities",1.0,"The phrase '113,000 entities' is unrelated to 'proteins'.",llama-3.3-70b-versatile
16,aaa proteins,balance willingness,1.0,The word 'balance' and 'willingness' are unrelated to 'proteins'.,llama-3.3-70b-versatile
16,aaa proteins,southcoast proteins,4.0,The word 'southcoast' is unrelated to 'proteins' but 'proteins' is present.,llama-3.3-70b-versatile
16,aaa proteins,furloughed tokes,1.0,The word 'furloughed' and 'tokes' are unrelated to 'proteins'.,llama-3.3-70b-versatile
40,antigens expressed by lung epithelial cells,slap pavelić by lung wavelength sportfish,1.0,"The obfuscated text 'slap pavelić by lung wavelength sportfish' has no relation to the original text, thus it gets a score of 1.",llama-3.3-70b-versatile
40,antigens expressed by lung epithelial cells,antigens deputy by synthetic turteltaub cell,4.0,"The obfuscated text 'antigens deputy by synthetic turteltaub cell' contains the word 'antigens' which is present in the original text, thus it gets a score of 4.",llama-3.3-70b-versatile
40,antigens expressed by lung epithelial cells,antigens rigging protect protesting meningococcemia bloodstream,4.0,"The obfuscated text 'antigens rigging protect protesting meningococcemia bloodstream' contains the word 'antigens' which is present in the original text, thus it gets a score of 4.",llama-3.3-70b-versatile
40,antigens expressed by lung epithelial cells,immunoglobulin experienced marquess khet buns cells,3.0,"The obfuscated text 'immunoglobulin experienced marquess khet buns cells' has some relation to the biological context of the original text, thus it gets a score of 3.",llama-3.3-70b-versatile
40,antigens expressed by lung epithelial cells,inamul dismay withdrawing brain epithelial infect,4.0,"The obfuscated text 'inamul dismay withdrawing brain epithelial infect' contains the word 'epithelial' which is present in the original text, thus it gets a score of 4.",llama-3.3-70b-versatile
40,antigens expressed by lung epithelial cells,antigens detemobil by lung 30.000 cell,5.0,"The obfuscated text 'antigens detemobil by lung 30.000 cell' contains the words 'antigens' and 'lung' which are present in the original text, thus it gets a score of 5.",llama-3.3-70b-versatile
40,antigens expressed by lung epithelial cells,99-percent derryberry court disengagement smulders tissue,1.0,"The obfuscated text '99-percent derryberry court disengagement smulders tissue' has no relation to the original text, thus it gets a score of 1.",llama-3.3-70b-versatile
40,antigens expressed by lung epithelial cells,pre-mrna temperament by corps epithelial cell,4.0,"The obfuscated text 'pre-mrna temperament by corps epithelial cell' contains the word 'epithelial' which is present in the original text, thus it gets a score of 4.",llama-3.3-70b-versatile
40,antigens expressed by lung epithelial cells,cracovia elders marceau esophageal blavatsky vibhuti,1.0,"The obfuscated text 'cracovia elders marceau esophageal blavatsky vibhuti' has no relation to the original text, thus it gets a score of 1.",llama-3.3-70b-versatile
40,antigens expressed by lung epithelial cells,coefficients atlus by cois epithelial system,4.0,"The obfuscated text 'coefficients atlus by cois epithelial system' contains the word 'epithelial' which is present in the original text, thus it gets a score of 4.",llama-3.3-70b-versatile
15,atpase and apoptosis,martaban móvil upregulation,1.0,The obfuscated text 'martaban móvil upregulation' does not contain any information from the original text.,llama-3.3-70b-versatile
15,atpase and apoptosis,daesang oryx secretory,1.0,The obfuscated text 'daesang oryx secretory' does not contain any information from the original text.,llama-3.3-70b-versatile
15,atpase and apoptosis,δ similar laplaca,1.0,The obfuscated text 'δ similar laplaca' does not contain any information from the original text.,llama-3.3-70b-versatile
15,atpase and apoptosis,human-readable huck loosey,1.0,The obfuscated text 'human-readable huck loosey' does not contain any information from the original text.,llama-3.3-70b-versatile
15,atpase and apoptosis,dimms government-sponsored zf,1.0,The obfuscated text 'dimms government-sponsored zf' does not contain any information from the original text.,llama-3.3-70b-versatile
15,atpase and apoptosis,endiem coria apoptotic,4.0,The obfuscated text 'endiem coria apoptotic' contains the word 'apoptotic' which is related to 'apoptosis' in the original text.,llama-3.3-70b-versatile
15,atpase and apoptosis,casamento shared noradrenergic,1.0,The obfuscated text 'casamento shared noradrenergic' does not contain any information from the original text.,llama-3.3-70b-versatile
15,atpase and apoptosis,m1917 brand apoptosis,5.0,The obfuscated text 'm1917 brand apoptosis' contains the word 'apoptosis' which is present in the original text.,llama-3.3-70b-versatile
15,atpase and apoptosis,atpase delivers apoptosis,5.0,The obfuscated text 'atpase delivers apoptosis' contains both 'atpase' and 'apoptosis' which are present in the original text.,llama-3.3-70b-versatile
15,atpase and apoptosis,guarana seriously apoptotic,4.0,The obfuscated text 'guarana seriously apoptotic' contains the word 'apoptotic' which is related to 'apoptosis' in the original text.,llama-3.3-70b-versatile
11,carcinogenesis and hairless mice,suvarna begun screwed dreaming,1.0,The obfuscated text 'suvarna begun screwed dreaming' does not contain any related terms to the original text.,llama-3.3-70b-versatile
11,carcinogenesis and hairless mice,"1,359 races derniere mice",3.0,"The obfuscated text '1,359 races derniere mice' contains the term 'mice' which is present in the original text.",llama-3.3-70b-versatile
11,carcinogenesis and hairless mice,ecco and hypertonic hypertension,1.0,The obfuscated text 'ecco and hypertonic hypertension' does not contain any related terms to the original text.,llama-3.3-70b-versatile
11,carcinogenesis and hairless mice,decarava authority farts infants,1.0,The obfuscated text 'decarava authority farts infants' does not contain any related terms to the original text.,llama-3.3-70b-versatile
11,carcinogenesis and hairless mice,undersecretariat population egg joklik,1.0,The obfuscated text 'undersecretariat population egg joklik' does not contain any related terms to the original text.,llama-3.3-70b-versatile
11,carcinogenesis and hairless mice,brr results succulent 19.10,1.0,The obfuscated text 'brr results succulent 19.10' does not contain any related terms to the original text.,llama-3.3-70b-versatile
11,carcinogenesis and hairless mice,"4,471 beteta p6 gametes",1.0,"The obfuscated text '4,471 beteta p6 gametes' does not contain any related terms to the original text.",llama-3.3-70b-versatile
11,carcinogenesis and hairless mice,appendectomy bistro velvety genomes,1.0,The obfuscated text 'appendectomy bistro velvety genomes' does not contain any related terms to the original text.,llama-3.3-70b-versatile
11,carcinogenesis and hairless mice,researcher katale hairless mice,5.0,The obfuscated text 'researcher katale hairless mice' contains the terms 'hairless mice' which are present in the original text.,llama-3.3-70b-versatile
11,carcinogenesis and hairless mice,friedhof babel hoarau 98-mile,1.0,The obfuscated text 'friedhof babel hoarau 98-mile' does not contain any related terms to the original text.,llama-3.3-70b-versatile
25,cause of scleroderma,managing strikes lupus,1.0,The word 'scleroderma' is not present,llama-3.3-70b-versatile
25,cause of scleroderma,distress joy 53.7,1.0,The word 'scleroderma' is not present,llama-3.3-70b-versatile
25,cause of scleroderma,abdominal realtors brima,1.0,The word 'scleroderma' is not present,llama-3.3-70b-versatile
25,cause of scleroderma,deep existence m-25,1.0,The word 'scleroderma' is not present,llama-3.3-70b-versatile
25,cause of scleroderma,infections 2 levington,1.0,The word 'scleroderma' is not present,llama-3.3-70b-versatile
25,cause of scleroderma,325-member photography scleroderma,5.0,"The word 'scleroderma' is present, indicating high information leakage",llama-3.3-70b-versatile
25,cause of scleroderma,negative keeper scleroderma,5.0,"The word 'scleroderma' is present, indicating high information leakage",llama-3.3-70b-versatile
25,cause of scleroderma,continuity hylsamex scleroderma,5.0,"The word 'scleroderma' is present, indicating high information leakage",llama-3.3-70b-versatile
25,cause of scleroderma,deficiencies of scleroderma,5.0,"The word 'scleroderma' is present, indicating high information leakage",llama-3.3-70b-versatile
25,cause of scleroderma,absorb marga greco-buddhist,1.0,The word 'scleroderma' is not present,llama-3.3-70b-versatile
19,comparison of promoters of gal1 and suc1,rehearse veto eukaryotic formed 5.9-magnitude sweeney sino-indian,1.0,The obfuscated text 'rehearse veto eukaryotic formed 5.9-magnitude sweeney sino-indian' does not contain any information related to the original text.,llama-3.3-70b-versatile
19,comparison of promoters of gal1 and suc1,dinicola dpb stebbins of ingpen rivals tardy,1.0,The obfuscated text 'dinicola dpb stebbins of ingpen rivals tardy' does not contain any information related to the original text.,llama-3.3-70b-versatile
19,comparison of promoters of gal1 and suc1,8.98 workaday corneau daen 25-20 with gillick,1.0,The obfuscated text '8.98 workaday corneau daen 25-20 with gillick' does not contain any information related to the original text.,llama-3.3-70b-versatile
19,comparison of promoters of gal1 and suc1,acp criminals lavo eur rater margaret anglo-egyptian,1.0,The obfuscated text 'acp criminals lavo eur rater margaret anglo-egyptian' does not contain any information related to the original text.,llama-3.3-70b-versatile
19,comparison of promoters of gal1 and suc1,comparison charge habits diocese hmo competing panero,2.0,"The obfuscated text 'comparison charge habits diocese hmo competing panero' contains the word 'comparison' which is also present in the original text, but the context is different.",llama-3.3-70b-versatile
19,comparison of promoters of gal1 and suc1,"doormat hides city-wide leichhardt 947,000 medicine gunmetal",1.0,"The obfuscated text 'doormat hides city-wide leichhardt 947,000 medicine gunmetal' does not contain any information related to the original text.",llama-3.3-70b-versatile
19,comparison of promoters of gal1 and suc1,hamudi expansion gobble powerful iasb resistance preservation,1.0,The obfuscated text 'hamudi expansion gobble powerful iasb resistance preservation' does not contain any information related to the original text.,llama-3.3-70b-versatile
19,comparison of promoters of gal1 and suc1,compared wallabies lensman which munto crowell extrapolation,2.0,"The obfuscated text 'compared wallabies lensman which munto crowell extrapolation' contains the word 'compared' which is similar to 'comparison' in the original text, but the context is different.",llama-3.3-70b-versatile
19,comparison of promoters of gal1 and suc1,australopithecus unanimously sweepstakes of ethological currently c/d,1.0,The obfuscated text 'australopithecus unanimously sweepstakes of ethological currently c/d' does not contain any information related to the original text.,llama-3.3-70b-versatile
19,comparison of promoters of gal1 and suc1,stalinist connection monomials engineering indictments tolerance redevelopment,1.0,The obfuscated text 'stalinist connection monomials engineering indictments tolerance redevelopment' does not contain any information related to the original text.,llama-3.3-70b-versatile
8,correlation between dna repair pathways and skin cancer,117-page pugilist sunita pumped concealer chain sacs shubert,1.0,The obfuscated text '117-page pugilist sunita pumped concealer chain sacs shubert' does not contain any information related to the original text.,llama-3.3-70b-versatile
8,correlation between dna repair pathways and skin cancer,correlation between dna repair sugule seville sanam cancer,4.0,"The obfuscated text 'correlation between dna repair sugule seville sanam cancer' contains similar keywords to the original text, indicating some information leakage.",llama-3.3-70b-versatile
8,correlation between dna repair pathways and skin cancer,discern acrimonious semen 75.62 environments variety shades abbotabad,1.0,The obfuscated text 'discern acrimonious semen 75.62 environments variety shades abbotabad' does not contain any information related to the original text.,llama-3.3-70b-versatile
8,correlation between dna repair pathways and skin cancer,"alanson ago dropshot 6,170 upper wealth jailbirds hearty",1.0,"The obfuscated text 'alanson ago dropshot 6,170 upper wealth jailbirds hearty' does not contain any information related to the original text.",llama-3.3-70b-versatile
8,correlation between dna repair pathways and skin cancer,"builds 128,000 scramjets kalvitis ptah louisville estimated neurodegenerative",1.0,"The obfuscated text 'builds 128,000 scramjets kalvitis ptah louisville estimated neurodegenerative' does not contain any information related to the original text.",llama-3.3-70b-versatile
8,correlation between dna repair pathways and skin cancer,raven-symoné macaroons semen repair repetition slash touliao íslands,3.0,"The obfuscated text 'raven-symoné macaroons semen repair repetition slash touliao íslands' contains the keyword 'repair' which is related to the original text, indicating some information leakage.",llama-3.3-70b-versatile
8,correlation between dna repair pathways and skin cancer,shinozuka clan adopts 14km hunker 3 polyposis tumor,3.0,"The obfuscated text 'shinozuka clan adopts 14km hunker 3 polyposis tumor' contains the keyword 'tumor' which is related to cancer, indicating some information leakage.",llama-3.3-70b-versatile
8,correlation between dna repair pathways and skin cancer,residual angolan technologically destabilize 21.81 august otterness microbial,1.0,The obfuscated text 'residual angolan technologically destabilize 21.81 august otterness microbial' does not contain any information related to the original text.,llama-3.3-70b-versatile
8,correlation between dna repair pathways and skin cancer,spatola whitacre antennas aneurism chooses clemency midocean cancer,3.0,"The obfuscated text 'spatola whitacre antennas aneurism chooses clemency midocean cancer' contains the keyword 'cancer' which is related to the original text, indicating some information leakage.",llama-3.3-70b-versatile
8,correlation between dna repair pathways and skin cancer,berkeley jakarta polygraph maneuvering speleologists stereo rum liver,1.0,The obfuscated text 'berkeley jakarta polygraph maneuvering speleologists stereo rum liver' does not contain any information related to the original text.,llama-3.3-70b-versatile
7,dna repair and oxidative stress,genomics glasse gregor oxidative sensation,4.0,"The obfuscated text 'genomics glasse gregor oxidative sensation' has some similar words to the original text, such as 'oxidative', which indicates a score of 4.",llama-3.3-70b-versatile
7,dna repair and oxidative stress,north/south iverson reproduced chrysander dislocated,1.0,"The obfuscated text 'north/south iverson reproduced chrysander dislocated' has no similar words to the original text, which indicates a score of 1.",llama-3.3-70b-versatile
7,dna repair and oxidative stress,elongation repair oriental oxidation fracture,4.0,"The obfuscated text 'elongation repair oriental oxidation fracture' has some similar words to the original text, such as 'repair' and 'oxidation', which indicates a score of 4.",llama-3.3-70b-versatile
7,dna repair and oxidative stress,40-30 psyches sutured non-drafted dislocation,1.0,"The obfuscated text '40-30 psyches sutured non-drafted dislocation' has no similar words to the original text, which indicates a score of 1.",llama-3.3-70b-versatile
7,dna repair and oxidative stress,"25,000 tweak nationalist galle analytics",1.0,"The obfuscated text '25,000 tweak nationalist galle analytics' has no similar words to the original text, which indicates a score of 1.",llama-3.3-70b-versatile
7,dna repair and oxidative stress,dna rundown muhlenberg khudoiberdyev happen,5.0,"The obfuscated text 'dna rundown muhlenberg khudoiberdyev happen' has some similar words to the original text, such as 'dna', which indicates a score of 5.",llama-3.3-70b-versatile
7,dna repair and oxidative stress,watson impairment dwindling enzymes virtual,3.0,"The obfuscated text 'watson impairment dwindling enzymes virtual' has some similar words to the original text, such as none, but 'enzymes' can be related to 'dna repair', which indicates a score of 3.",llama-3.3-70b-versatile
7,dna repair and oxidative stress,60-man repair godolphin hypothyroidism cramps,4.0,"The obfuscated text '60-man repair godolphin hypothyroidism cramps' has some similar words to the original text, such as 'repair', which indicates a score of 4.",llama-3.3-70b-versatile
7,dna repair and oxidative stress,andro repair simultaneous antigens fatigue,4.0,"The obfuscated text 'andro repair simultaneous antigens fatigue' has some similar words to the original text, such as 'repair', which indicates a score of 4.",llama-3.3-70b-versatile
7,dna repair and oxidative stress,dna structure respond enzymes controlled,5.0,"The obfuscated text 'dna structure respond enzymes controlled' has some similar words to the original text, such as 'dna', which indicates a score of 5.",llama-3.3-70b-versatile
17,do1 antibody,forfeits chemically,5.0,"The word 'antibody' is present, indicating complete information leakage",llama-3.3-70b-versatile
17,do1 antibody,rhino antibody,5.0,"The word 'antibody' is present, indicating complete information leakage",llama-3.3-70b-versatile
17,do1 antibody,minutes punchcards,1.0,"No related terms are present, indicating no information leakage",llama-3.3-70b-versatile
17,do1 antibody,karbala antibody,5.0,"The word 'antibody' is present, indicating complete information leakage",llama-3.3-70b-versatile
17,do1 antibody,takht-e antibody,5.0,"The word 'antibody' is present, indicating complete information leakage",llama-3.3-70b-versatile
17,do1 antibody,2.1-billion teratomas,1.0,"No related terms are present, indicating no information leakage",llama-3.3-70b-versatile
17,do1 antibody,m3 rukavina,1.0,"No related terms are present, indicating no information leakage",llama-3.3-70b-versatile
17,do1 antibody,callot antibody,5.0,"The word 'antibody' is present, indicating complete information leakage",llama-3.3-70b-versatile
17,do1 antibody,centerpieced analyte,1.0,"No related terms are present, indicating no information leakage",llama-3.3-70b-versatile
17,do1 antibody,tratan lkg,1.0,"No related terms are present, indicating no information leakage",llama-3.3-70b-versatile
14,expression or regulation of tgfb in hnscc cancers,"clever ofa encryption earliest appropriated usfl 2,200-acre breast",1.0,"The obfuscated text 'clever ofa encryption earliest appropriated usfl 2,200-acre breast' does not contain any information related to the original text.",llama-3.3-70b-versatile
14,expression or regulation of tgfb in hnscc cancers,expression abusers grim chinmoy 18-inch in nonfood cleanup,2.0,The obfuscated text 'expression abusers grim chinmoy 18-inch in nonfood cleanup' contains the word 'expression' which is present in the original text but the context is completely different.,llama-3.3-70b-versatile
14,expression or regulation of tgfb in hnscc cancers,codomain masculinity copper arts trs azerbaijan lga genetic,1.0,The obfuscated text 'codomain masculinity copper arts trs azerbaijan lga genetic' does not contain any information related to the original text.,llama-3.3-70b-versatile
14,expression or regulation of tgfb in hnscc cancers,cluses 100 ports yao lingered ozone 19-27 neyland,1.0,The obfuscated text 'cluses 100 ports yao lingered ozone 19-27 neyland' does not contain any information related to the original text.,llama-3.3-70b-versatile
14,expression or regulation of tgfb in hnscc cancers,expression escarpment qanat piedmont strenghten ended wacom colorectal,3.0,The obfuscated text 'expression escarpment qanat piedmont strenghten ended wacom colorectal' contains the word 'expression' and 'colorectal' which is related to 'cancers' in the original text but the context is different.,llama-3.3-70b-versatile
14,expression or regulation of tgfb in hnscc cancers,natrone rusch supports colombia racehorses earners echolocation breast,1.0,The obfuscated text 'natrone rusch supports colombia racehorses earners echolocation breast' does not contain any information related to the original text.,llama-3.3-70b-versatile
14,expression or regulation of tgfb in hnscc cancers,calculus can regulates compositions meegan cemented ucb cancers,4.0,The obfuscated text 'calculus can regulates compositions meegan cemented ucb cancers' contains the word 'regulates' and 'cancers' which are present in the original text but the context is different.,llama-3.3-70b-versatile
14,expression or regulation of tgfb in hnscc cancers,fairbanks diamantina istc mesa madhavaram contrapuntal economia cancers,2.0,The obfuscated text 'fairbanks diamantina istc mesa madhavaram contrapuntal economia cancers' contains the word 'cancers' which is present in the original text but the context is completely different.,llama-3.3-70b-versatile
14,expression or regulation of tgfb in hnscc cancers,expressions provocations epa rypien siocon barrhaven rgb tommi,2.0,The obfuscated text 'expressions provocations epa rypien siocon barrhaven rgb tommi' contains the word 'expressions' which is related to the original text but the context is different.,llama-3.3-70b-versatile
14,expression or regulation of tgfb in hnscc cancers,carefree preferably prenup crane asura bmc pakledinaz bagabandi,1.0,The obfuscated text 'carefree preferably prenup crane asura bmc pakledinaz bagabandi' does not contain any information related to the original text.,llama-3.3-70b-versatile
6,fancd2,lookout,1.0,The obfuscated text 'lookout' has no similarity to the original text 'fancd2'.,llama-3.3-70b-versatile
6,fancd2,1974-77,1.0,The obfuscated text '1974-77' has no similarity to the original text 'fancd2'.,llama-3.3-70b-versatile
6,fancd2,dahir,1.0,The obfuscated text 'dahir' has no similarity to the original text 'fancd2'.,llama-3.3-70b-versatile
6,fancd2,pearsall,1.0,The obfuscated text 'pearsall' has no similarity to the original text 'fancd2'.,llama-3.3-70b-versatile
6,fancd2,etfs,1.0,The obfuscated text 'etfs' has no similarity to the original text 'fancd2'.,llama-3.3-70b-versatile
6,fancd2,visconti,1.0,The obfuscated text 'visconti' has no similarity to the original text 'fancd2'.,llama-3.3-70b-versatile
6,fancd2,carjacked,1.0,The obfuscated text 'carjacked' has no similarity to the original text 'fancd2'.,llama-3.3-70b-versatile
6,fancd2,hassidic,1.0,The obfuscated text 'hassidic' has no similarity to the original text 'fancd2'.,llama-3.3-70b-versatile
6,fancd2,indigestion,1.0,The obfuscated text 'indigestion' has no similarity to the original text 'fancd2'.,llama-3.3-70b-versatile
6,fancd2,keeler,1.0,The obfuscated text 'keeler' has no similarity to the original text 'fancd2'.,llama-3.3-70b-versatile
1,ferroportin-1 in humans,othello scheduled higher,1.0,The obfuscated text 'othello scheduled higher' does not contain any information related to 'ferroportin-1 in humans'.,llama-3.3-70b-versatile
1,ferroportin-1 in humans,micha sierra razor,1.0,The obfuscated text 'micha sierra razor' does not contain any information related to 'ferroportin-1 in humans'.,llama-3.3-70b-versatile
1,ferroportin-1 in humans,kellys allotment sushi,1.0,The obfuscated text 'kellys allotment sushi' does not contain any information related to 'ferroportin-1 in humans'.,llama-3.3-70b-versatile
1,ferroportin-1 in humans,handyman terrorism humans,3.0,The obfuscated text 'handyman terrorism humans' contains the word 'humans' which is related to 'ferroportin-1 in humans'.,llama-3.3-70b-versatile
1,ferroportin-1 in humans,talker death electronic,1.0,The obfuscated text 'talker death electronic' does not contain any information related to 'ferroportin-1 in humans'.,llama-3.3-70b-versatile
1,ferroportin-1 in humans,occupancy muhsin tuan,1.0,The obfuscated text 'occupancy muhsin tuan' does not contain any information related to 'ferroportin-1 in humans'.,llama-3.3-70b-versatile
1,ferroportin-1 in humans,disqualified used jce,1.0,The obfuscated text 'disqualified used jce' does not contain any information related to 'ferroportin-1 in humans'.,llama-3.3-70b-versatile
1,ferroportin-1 in humans,amnesty retired features,1.0,The obfuscated text 'amnesty retired features' does not contain any information related to 'ferroportin-1 in humans'.,llama-3.3-70b-versatile
1,ferroportin-1 in humans,coaker algae sheung,1.0,The obfuscated text 'coaker algae sheung' does not contain any information related to 'ferroportin-1 in humans'.,llama-3.3-70b-versatile
1,ferroportin-1 in humans,mutations bauer surprisingly,2.0,The obfuscated text 'mutations bauer surprisingly' contains the word 'mutations' which is related to genetics and could be related to 'ferroportin-1 in humans'.,llama-3.3-70b-versatile
26,function of bub2/bfa1 in the process of cytokinesis,sexual vasubandhu sappy lowest gaza painstaking branch amrita,1.0,The obfuscated text 'sexual vasubandhu sappy lowest gaza painstaking branch amrita' has no relation to the original text.,llama-3.3-70b-versatile
26,function of bub2/bfa1 in the process of cytokinesis,reactant apartheid aerial strengthen the creative abuse mordor,1.0,The obfuscated text 'reactant apartheid aerial strengthen the creative abuse mordor' has no relation to the original text.,llama-3.3-70b-versatile
26,function of bub2/bfa1 in the process of cytokinesis,function ofcom puck sheet journal uranium safwan enoc,2.0,The obfuscated text 'function ofcom puck sheet journal uranium safwan enoc' contains the word 'function' which is present in the original text but the context is different.,llama-3.3-70b-versatile
26,function of bub2/bfa1 in the process of cytokinesis,wwi south-central microrna lohpzh organization initiated family semiconductor,1.0,The obfuscated text 'wwi south-central microrna lohpzh organization initiated family semiconductor' has no relation to the original text.,llama-3.3-70b-versatile
26,function of bub2/bfa1 in the process of cytokinesis,functions of apollonian brisbane guru literary of unicredit,2.0,The obfuscated text 'functions of apollonian brisbane guru literary of unicredit' contains the word 'functions' which is similar to the original text but the context is different.,llama-3.3-70b-versatile
26,function of bub2/bfa1 in the process of cytokinesis,galsworthy viii revoting defending watchful trend videos divisjon,1.0,The obfuscated text 'galsworthy viii revoting defending watchful trend videos divisjon' has no relation to the original text.,llama-3.3-70b-versatile
26,function of bub2/bfa1 in the process of cytokinesis,arundhati antipode wholes 1926 complex rigorous disease heathens,1.0,The obfuscated text 'arundhati antipode wholes 1926 complex rigorous disease heathens' has no relation to the original text.,llama-3.3-70b-versatile
26,function of bub2/bfa1 in the process of cytokinesis,sphere phase thai bailed allergies voted focus zargari,1.0,The obfuscated text 'sphere phase thai bailed allergies voted focus zargari' has no relation to the original text.,llama-3.3-70b-versatile
26,function of bub2/bfa1 in the process of cytokinesis,function a bonnie me free administrative méxico osumi,2.0,The obfuscated text 'function a bonnie me free administrative méxico osumi' contains the word 'function' which is present in the original text but the context is different.,llama-3.3-70b-versatile
26,function of bub2/bfa1 in the process of cytokinesis,functional avon jca japan inflation process e-road monocline,2.0,The obfuscated text 'functional avon jca japan inflation process e-road monocline' contains the word 'functional' which is similar to the original text but the context is different.,llama-3.3-70b-versatile
4,gene expression profiles for kidney in mice,1626 iaps zamora manager transplant rule roaches,1.0,The obfuscated text '1626 iaps zamora manager transplant rule roaches' does not contain any relevant information from the original text.,llama-3.3-70b-versatile
4,gene expression profiles for kidney in mice,corrigan expression undersecretaries bank macaroni vieira livened,2.0,The obfuscated text 'corrigan expression undersecretaries bank macaroni vieira livened' contains the word 'expression' which is present in the original text but does not convey any meaningful information.,llama-3.3-70b-versatile
4,gene expression profiles for kidney in mice,lorne expression jena for chronic defensive stanca,2.0,The obfuscated text 'lorne expression jena for chronic defensive stanca' contains the word 'expression' which is present in the original text but does not convey any meaningful information related to 'kidney in mice'.,llama-3.3-70b-versatile
4,gene expression profiles for kidney in mice,sex gesture gesu button macron month lilies,1.0,The obfuscated text 'sex gesture gesu button macron month lilies' does not contain any relevant information from the original text.,llama-3.3-70b-versatile
4,gene expression profiles for kidney in mice,mrna decadence fracture skies liver equipment mice,3.0,The obfuscated text 'mrna decadence fracture skies liver equipment mice' contains the words 'mice' which is present in the original text and 'liver' and 'mrna' which are related to 'gene expression' but does not convey any direct information about 'kidney in mice'.,llama-3.3-70b-versatile
4,gene expression profiles for kidney in mice,gene stabilators ministerial molesting aurat hochfilzen rats,2.0,The obfuscated text 'gene stabilators ministerial molesting aurat hochfilzen rats' contains the word 'gene' which is present in the original text but does not convey any meaningful information related to 'kidney in mice' and also contains 'rats' instead of 'mice'.,llama-3.3-70b-versatile
4,gene expression profiles for kidney in mice,gene vorarlberg roekke arum rem agony kasetsart,2.0,The obfuscated text 'gene vorarlberg roekke arum rem agony kasetsart' contains the word 'gene' which is present in the original text but does not convey any meaningful information related to 'kidney in mice'.,llama-3.3-70b-versatile
4,gene expression profiles for kidney in mice,pipeline stoppages graphic for kidney between mullinax,2.0,The obfuscated text 'pipeline stoppages graphic for kidney between mullinax' contains the word 'kidney' which is present in the original text but does not convey any meaningful information related to 'gene expression profiles'.,llama-3.3-70b-versatile
4,gene expression profiles for kidney in mice,gene pluralism tarto wear illness africans rats,2.0,The obfuscated text 'gene pluralism tarto wear illness africans rats' contains the word 'gene' which is present in the original text but does not convey any meaningful information related to 'kidney in mice' and also contains 'rats' instead of 'mice'.,llama-3.3-70b-versatile
4,gene expression profiles for kidney in mice,alienate constitutionalism doctor shelters uganda malton rats,1.0,The obfuscated text 'alienate constitutionalism doctor shelters uganda malton rats' does not contain any relevant information from the original text.,llama-3.3-70b-versatile
34,gene products of cryptococcus important to fungal survival,arithmetic sanwa petaflops maciste rivaldo handstands fungal reasonable,1.0,"The obfuscated text 'arithmetic sanwa petaflops maciste rivaldo handstands fungal reasonable' does not contain any information related to the original text, thus it has a score of 1.",llama-3.3-70b-versatile
34,gene products of cryptococcus important to fungal survival,musona products glut espectacular considered cystic mildew survival,4.0,"The obfuscated text 'musona products glut espectacular considered cystic mildew survival' contains the word 'products' and 'survival' which are present in the original text, thus it has a score of 4.",llama-3.3-70b-versatile
34,gene products of cryptococcus important to fungal survival,genes products verbal bhaskar extensively sept. christel survival,5.0,"The obfuscated text 'genes products verbal bhaskar extensively sept. christel survival' contains the words 'genes', 'products', and 'survival' which are present in the original text, thus it has a score of 5.",llama-3.3-70b-versatile
34,gene products of cryptococcus important to fungal survival,97.06 reinforced bulawayo tyrie influence any dunkirk enslaved,1.0,"The obfuscated text '97.06 reinforced bulawayo tyrie influence any dunkirk enslaved' does not contain any information related to the original text, thus it has a score of 1.",llama-3.3-70b-versatile
34,gene products of cryptococcus important to fungal survival,biological countries visx youlia excavations sympathizers berlinguer contrived,1.0,"The obfuscated text 'biological countries visx youlia excavations sympathizers berlinguer contrived' does not contain any information related to the original text, thus it has a score of 1.",llama-3.3-70b-versatile
34,gene products of cryptococcus important to fungal survival,ares calendars friederike euro335 cooperate graglia eucharist mban,1.0,"The obfuscated text 'ares calendars friederike euro335 cooperate graglia eucharist mban' does not contain any information related to the original text, thus it has a score of 1.",llama-3.3-70b-versatile
34,gene products of cryptococcus important to fungal survival,chromosome retail unemployment cully municipality struggling abortive specializes,1.0,"The obfuscated text 'chromosome retail unemployment cully municipality struggling abortive specializes' does not contain any information related to the original text, thus it has a score of 1.",llama-3.3-70b-versatile
34,gene products of cryptococcus important to fungal survival,gene products upgraded kick-ass newspapers she forehead turmoil,4.0,"The obfuscated text 'gene products upgraded kick-ass newspapers she forehead turmoil' contains the words 'gene' and 'products' which are present in the original text, thus it has a score of 4.",llama-3.3-70b-versatile
34,gene products of cryptococcus important to fungal survival,4096 bioengineering life campanas valuable irala stoneflies novel,1.0,"The obfuscated text '4096 bioengineering life campanas valuable irala stoneflies novel' does not contain any information related to the original text, thus it has a score of 1.",llama-3.3-70b-versatile
34,gene products of cryptococcus important to fungal survival,gene mead of crypt beachhead c++ pekoe smithsonian,3.0,"The obfuscated text 'gene mead of crypt beachhead c++ pekoe smithsonian' contains the words 'gene' and 'crypt' which are related to 'cryptococcus' in the original text, thus it has a score of 3.",llama-3.3-70b-versatile
2,generating transgenic mice,hydroelectricity matrix rats,1.0,"The obfuscated text 'hydroelectricity matrix rats' has no relation to the original text, thus no information leakage.",llama-3.3-70b-versatile
2,generating transgenic mice,squamish weds 13-week,1.0,"The obfuscated text 'squamish weds 13-week' has no relation to the original text, thus no information leakage.",llama-3.3-70b-versatile
2,generating transgenic mice,majority mullikin mouse,2.0,"The obfuscated text 'majority mullikin mouse' contains the word 'mouse' which is related to the original text, thus some information leakage.",llama-3.3-70b-versatile
2,generating transgenic mice,under-construction germinated matrix,1.0,"The obfuscated text 'under-construction germinated matrix' has no relation to the original text, thus no information leakage.",llama-3.3-70b-versatile
2,generating transgenic mice,story anywhere feast,1.0,"The obfuscated text 'story anywhere feast' has no relation to the original text, thus no information leakage.",llama-3.3-70b-versatile
2,generating transgenic mice,immense toxicological peripheral,1.0,"The obfuscated text 'immense toxicological peripheral' has no relation to the original text, thus no information leakage.",llama-3.3-70b-versatile
2,generating transgenic mice,generating louganis 27.28,2.0,"The obfuscated text 'generating louganis 27.28' contains the word 'generating' which is related to the original text, thus some information leakage.",llama-3.3-70b-versatile
2,generating transgenic mice,veces transgenic mice,5.0,"The obfuscated text 'veces transgenic mice' contains the words 'transgenic' and 'mice' which are related to the original text, thus significant information leakage.",llama-3.3-70b-versatile
2,generating transgenic mice,quelle big-screen mice,2.0,"The obfuscated text 'quelle big-screen mice' contains the word 'mice' which is related to the original text, thus some information leakage.",llama-3.3-70b-versatile
2,generating transgenic mice,piedras transgenic ozolinsh,2.0,"The obfuscated text 'piedras transgenic ozolinsh' contains the word 'transgenic' which is related to the original text, thus some information leakage.",llama-3.3-70b-versatile
42,genes altered by chromosome translocations,genes underland trivia fiduciary translocations,2.0,"The word 'genes' and 'translocations' are present, but 'underland trivia fiduciary' seems unrelated to the original text",llama-3.3-70b-versatile
42,genes altered by chromosome translocations,proteins jab publicado chromosomes gozar,2.0,"The word 'chromosomes' is present, but 'proteins jab publicado' and 'gozar' seem unrelated to the original text",llama-3.3-70b-versatile
42,genes altered by chromosome translocations,genetic sen seal n-terminal 1088,1.0,"The word 'genetic' is related, but 'sen seal n-terminal 1088' seems unrelated to the original text",llama-3.3-70b-versatile
42,genes altered by chromosome translocations,molecular provability companhia verduras soricomorpha,1.0,"The word 'molecular' is related, but 'provability companhia verduras soricomorpha' seems unrelated to the original text",llama-3.3-70b-versatile
42,genes altered by chromosome translocations,excavating original todd chromosome muzzafarabad,2.0,"The word 'chromosome' is present, but 'excavating original todd' and 'muzzafarabad' seem unrelated to the original text",llama-3.3-70b-versatile
42,genes altered by chromosome translocations,genes modern paulsen penalizing catenae,2.0,"The word 'genes' is present, but 'modern paulsen penalizing catenae' seems unrelated to the original text",llama-3.3-70b-versatile
42,genes altered by chromosome translocations,genes pertuis by neuve zafon,2.0,"The word 'genes' is present, but 'pertuis by neuve zafon' seems unrelated to the original text",llama-3.3-70b-versatile
42,genes altered by chromosome translocations,organism ujung market tiara turn-on,1.0,"The word 'organism' is related, but 'ujung market tiara turn-on' seems unrelated to the original text",llama-3.3-70b-versatile
42,genes altered by chromosome translocations,beguelin layout pleasure grayish koellerer,1.0,The text seems completely unrelated to the original text,llama-3.3-70b-versatile
42,genes altered by chromosome translocations,magmatic minute 's chromosomal kandamby,2.0,"The word 'chromosomal' is present, but 'magmatic minute' and 'kandamby' seem unrelated to the original text",llama-3.3-70b-versatile
12,genes regulated by smad4,dna lending clemens zheh,1.0,The obfuscated text 'dna lending clemens zheh' does not contain any relevant information related to the original text 'genes regulated by smad4'.,llama-3.3-70b-versatile
12,genes regulated by smad4,paintings deregulate early perron,1.0,The obfuscated text 'paintings deregulate early perron' does not contain any relevant information related to the original text 'genes regulated by smad4'.,llama-3.3-70b-versatile
12,genes regulated by smad4,genes casinos vodafone retroviruses,2.0,"The obfuscated text 'genes casinos vodafone retroviruses' contains the word 'genes' which is related to the original text, but the context is completely different.",llama-3.3-70b-versatile
12,genes regulated by smad4,organisms controlled lemieux recruiting,1.0,The obfuscated text 'organisms controlled lemieux recruiting' does not contain any relevant information related to the original text 'genes regulated by smad4'.,llama-3.3-70b-versatile
12,genes regulated by smad4,phone coumarin hermits strategist,1.0,The obfuscated text 'phone coumarin hermits strategist' does not contain any relevant information related to the original text 'genes regulated by smad4'.,llama-3.3-70b-versatile
12,genes regulated by smad4,20-seat regulated carved rcsc,2.0,"The obfuscated text '20-seat regulated carved rcsc' contains the word 'regulated' which is related to the original text, but the context is completely different.",llama-3.3-70b-versatile
12,genes regulated by smad4,genes regulates proposed cyberspice,4.0,"The obfuscated text 'genes regulates proposed cyberspice' contains the words 'genes' and 'regulates' which are related to the original text, but the context is slightly different.",llama-3.3-70b-versatile
12,genes regulated by smad4,protein banks separate walaker,1.0,The obfuscated text 'protein banks separate walaker' does not contain any relevant information related to the original text 'genes regulated by smad4'.,llama-3.3-70b-versatile
12,genes regulated by smad4,vba bleep sepa 68-65,1.0,The obfuscated text 'vba bleep sepa 68-65' does not contain any relevant information related to the original text 'genes regulated by smad4'.,llama-3.3-70b-versatile
12,genes regulated by smad4,ngf governor-in-council beria stonington,1.0,The obfuscated text 'ngf governor-in-council beria stonington' does not contain any relevant information related to the original text 'genes regulated by smad4'.,llama-3.3-70b-versatile
18,gis4,40-37,1.0,No apparent connection to the original text 'gis4'.,llama-3.3-70b-versatile
18,gis4,reks,1.0,No apparent connection to the original text 'gis4'.,llama-3.3-70b-versatile
18,gis4,dallas,1.0,No apparent connection to the original text 'gis4'.,llama-3.3-70b-versatile
18,gis4,454-member,1.0,No apparent connection to the original text 'gis4'.,llama-3.3-70b-versatile
18,gis4,tarasyuk,1.0,No apparent connection to the original text 'gis4'.,llama-3.3-70b-versatile
18,gis4,v-22,1.0,No apparent connection to the original text 'gis4'.,llama-3.3-70b-versatile
18,gis4,jacoba,1.0,No apparent connection to the original text 'gis4'.,llama-3.3-70b-versatile
18,gis4,itchiness,1.0,No apparent connection to the original text 'gis4'.,llama-3.3-70b-versatile
18,gis4,disinfecting,1.0,No apparent connection to the original text 'gis4'.,llama-3.3-70b-versatile
18,gis4,63kg,1.0,No apparent connection to the original text 'gis4'.,llama-3.3-70b-versatile
49,glyphosate tolerance gene sequence,marouf 14/12 gene prior,2.0,"The obfuscated text 'marouf 14/12 gene prior' has a score of 2 because it contains the word 'gene' which is related to the original text, but does not reveal the specific information about 'glyphosate tolerance gene sequence'.",llama-3.3-70b-versatile
49,glyphosate tolerance gene sequence,picas sandbach schlesinger corinthian,1.0,The obfuscated text 'picas sandbach schlesinger corinthian' has a score of 1 because it does not contain any words related to the original text.,llama-3.3-70b-versatile
49,glyphosate tolerance gene sequence,zerkin opequon x-90 flashback,1.0,The obfuscated text 'zerkin opequon x-90 flashback' has a score of 1 because it does not contain any words related to the original text.,llama-3.3-70b-versatile
49,glyphosate tolerance gene sequence,mościcki heeding p53 hack,3.0,"The obfuscated text 'mościcki heeding p53 hack' has a score of 3 because it contains the word 'p53' which is related to genetics, but does not reveal the specific information about 'glyphosate tolerance gene sequence'.",llama-3.3-70b-versatile
49,glyphosate tolerance gene sequence,unifier verhagen saskatchewan assigns,1.0,The obfuscated text 'unifier verhagen saskatchewan assigns' has a score of 1 because it does not contain any words related to the original text.,llama-3.3-70b-versatile
49,glyphosate tolerance gene sequence,mutational kicks gene scarpia,4.0,"The obfuscated text 'mutational kicks gene scarpia' has a score of 4 because it contains the words 'mutational' and 'gene' which are related to the original text, but does not reveal the specific information about 'glyphosate tolerance gene sequence'.",llama-3.3-70b-versatile
49,glyphosate tolerance gene sequence,makasa tolerance araton phase,4.0,"The obfuscated text 'makasa tolerance araton phase' has a score of 4 because it contains the word 'tolerance' which is related to the original text, but does not reveal the specific information about 'glyphosate tolerance gene sequence'.",llama-3.3-70b-versatile
49,glyphosate tolerance gene sequence,polyurethane barch 1928-30 batman,1.0,The obfuscated text 'polyurethane barch 1928-30 batman' has a score of 1 because it does not contain any words related to the original text.,llama-3.3-70b-versatile
49,glyphosate tolerance gene sequence,herbicides qualities orza countdown,4.0,"The obfuscated text 'herbicides qualities orza countdown' has a score of 4 because it contains the word 'herbicides' which is related to 'glyphosate', but does not reveal the specific information about 'glyphosate tolerance gene sequence'.",llama-3.3-70b-versatile
49,glyphosate tolerance gene sequence,"84,500 lectio liver horse",1.0,"The obfuscated text '84,500 lectio liver horse' has a score of 1 because it does not contain any words related to the original text.",llama-3.3-70b-versatile
47,human gene bcl-2 antagonists and inhibitors,mouthpiece witcover tyrie chooses other antidepressants,1.0,The obfuscated text 'mouthpiece witcover tyrie chooses other antidepressants' does not contain any information related to the original text 'human gene bcl-2 antagonists and inhibitors'.,llama-3.3-70b-versatile
47,human gene bcl-2 antagonists and inhibitors,layer featurettes bcl-2 lords beauty soviet-finnish,3.0,"The obfuscated text 'layer featurettes bcl-2 lords beauty soviet-finnish' contains the term 'bcl-2' which is present in the original text, indicating some information leakage.",llama-3.3-70b-versatile
47,human gene bcl-2 antagonists and inhibitors,western iraqi screwball validators legionary inhibitors,2.0,"The obfuscated text 'western iraqi screwball validators legionary inhibitors' contains the term 'inhibitors' which is present in the original text, indicating some information leakage.",llama-3.3-70b-versatile
47,human gene bcl-2 antagonists and inhibitors,consequences orloff superhumans ch impasto inhibitors,2.0,"The obfuscated text 'consequences orloff superhumans ch impasto inhibitors' contains the term 'inhibitors' which is present in the original text, indicating some information leakage.",llama-3.3-70b-versatile
47,human gene bcl-2 antagonists and inhibitors,212-621-1650 gene spined phenomenons nasty inhibitors,4.0,"The obfuscated text '212-621-1650 gene spined phenomenons nasty inhibitors' contains the terms 'gene' and 'inhibitors' which are present in the original text, indicating significant information leakage.",llama-3.3-70b-versatile
47,human gene bcl-2 antagonists and inhibitors,human lamont saravanan gomis motion inhibitors,4.0,"The obfuscated text 'human lamont saravanan gomis motion inhibitors' contains the terms 'human' and 'inhibitors' which are present in the original text, indicating significant information leakage.",llama-3.3-70b-versatile
47,human gene bcl-2 antagonists and inhibitors,error allele orléans lift-off musical inhibitor,2.0,"The obfuscated text 'error allele orléans lift-off musical inhibitor' contains the term 'inhibitor' which is related to the term 'inhibitors' in the original text, indicating some information leakage.",llama-3.3-70b-versatile
47,human gene bcl-2 antagonists and inhibitors,offence alan vendôme agonists outlying inhibitors,4.0,"The obfuscated text 'offence alan vendôme agonists outlying inhibitors' contains the terms 'agonists' and 'inhibitors' which are related to the terms 'antagonists' and 'inhibitors' in the original text, indicating significant information leakage.",llama-3.3-70b-versatile
47,human gene bcl-2 antagonists and inhibitors,explore tilles kotaro incinerated series otc,1.0,The obfuscated text 'explore tilles kotaro incinerated series otc' does not contain any information related to the original text 'human gene bcl-2 antagonists and inhibitors'.,llama-3.3-70b-versatile
47,human gene bcl-2 antagonists and inhibitors,256 fosdick bcl-2 headquaters open protease,3.0,"The obfuscated text '256 fosdick bcl-2 headquaters open protease' contains the term 'bcl-2' which is present in the original text, indicating some information leakage.",llama-3.3-70b-versatile
48,human homologues of c. elegans unc genes,gabrieli colleton machines founded pratensis zayd mutation,1.0,The obfuscated text 'gabrieli colleton machines founded pratensis zayd mutation' does not contain any information related to the original text.,llama-3.3-70b-versatile
48,human homologues of c. elegans unc genes,adhoc juanico shortfall françois coauthor holds expeditious,1.0,The obfuscated text 'adhoc juanico shortfall françois coauthor holds expeditious' does not contain any information related to the original text.,llama-3.3-70b-versatile
48,human homologues of c. elegans unc genes,protect hargitay franchise distinguished kilowog muddled two-block,1.0,The obfuscated text 'protect hargitay franchise distinguished kilowog muddled two-block' does not contain any information related to the original text.,llama-3.3-70b-versatile
48,human homologues of c. elegans unc genes,equals chinatrust breakaway daniel weatherup orio grigoryev,1.0,The obfuscated text 'equals chinatrust breakaway daniel weatherup orio grigoryev' does not contain any information related to the original text.,llama-3.3-70b-versatile
48,human homologues of c. elegans unc genes,humanity drosophila extinction reno filme zongbi mutation,2.0,"The obfuscated text 'humanity drosophila extinction reno filme zongbi mutation' contains the word 'mutation' which might be related to genetics, but it does not specifically relate to the original text.",llama-3.3-70b-versatile
48,human homologues of c. elegans unc genes,learners mardirosian colleagues c. nesterov mcfarlane milestones,2.0,"The obfuscated text 'learners mardirosian colleagues c. nesterov mcfarlane milestones' contains 'c.' which could be an abbreviation for 'Caenorhabditis', but it does not specifically relate to the original text.",llama-3.3-70b-versatile
48,human homologues of c. elegans unc genes,human besigye world pauline rhysodidae 245-pound genome,3.0,"The obfuscated text 'human besigye world pauline rhysodidae 245-pound genome' contains the word 'human' and 'genome' which are related to the original text, but it does not specifically relate to 'c. elegans unc genes'.",llama-3.3-70b-versatile
48,human homologues of c. elegans unc genes,alteration homology girton malankara elegans infinitum hansie,5.0,The obfuscated text 'alteration homology girton malankara elegans infinitum hansie' contains the word 'elegans' and 'homology' which are directly related to the original text.,llama-3.3-70b-versatile
48,human homologues of c. elegans unc genes,"china 29,300 of 150k pan-asian natko be",1.0,"The obfuscated text 'china 29,300 of 150k pan-asian natko be' does not contain any information related to the original text.",llama-3.3-70b-versatile
48,human homologues of c. elegans unc genes,53-member apolipoprotein goddess vicina 43.30 guthrum gene,2.0,"The obfuscated text '53-member apolipoprotein goddess vicina 43.30 guthrum gene' contains the word 'gene' which is related to genetics, but it does not specifically relate to the original text.",llama-3.3-70b-versatile
39,hypertension,diabetes,1.0,"The word 'diabetes' is a different medical condition, so it doesn't reveal any information about 'hypertension'.",llama-3.3-70b-versatile
39,hypertension,ukr,1.0,"The word 'ukr' seems unrelated to medical conditions, so it doesn't reveal any information about 'hypertension'.",llama-3.3-70b-versatile
39,hypertension,desirous,1.0,"The word 'desirous' is unrelated to medical conditions, so it doesn't reveal any information about 'hypertension'.",llama-3.3-70b-versatile
39,hypertension,pukkelpop,1.0,"The word 'pukkelpop' seems unrelated to medical conditions, so it doesn't reveal any information about 'hypertension'.",llama-3.3-70b-versatile
39,hypertension,hyperthyroidism,3.0,"The word 'hyperthyroidism' is a different medical condition, but it's related to the prefix 'hyper', which is also present in 'hypertension', so it reveals some information about 'hypertension'.",llama-3.3-70b-versatile
39,hypertension,misdiagnosed,2.0,"The word 'misdiagnosed' implies a medical context, but it doesn't reveal any specific information about 'hypertension'.",llama-3.3-70b-versatile
39,hypertension,hypertension,5.0,"The word 'hypertension' is the same as the original text, so it reveals all the information about 'hypertension'.",llama-3.3-70b-versatile
39,hypertension,kaposvári,1.0,"The word 'kaposvári' seems unrelated to medical conditions, so it doesn't reveal any information about 'hypertension'.",llama-3.3-70b-versatile
39,hypertension,anaemia,1.0,"The word 'anaemia' is a different medical condition, so it doesn't reveal any information about 'hypertension'.",llama-3.3-70b-versatile
39,hypertension,osteoporosis,1.0,"The word 'osteoporosis' is a different medical condition, so it doesn't reveal any information about 'hypertension'.",llama-3.3-70b-versatile
50,low temperature protein expression in e. coli,low oaa casein same sub-roman e. dsm,2.0,"low oaa casein same sub-roman e. dsm: The terms 'low', 'e', and 'sub-roman' are vaguely related to the original text, but do not convey the same meaning, thus a score of 2",llama-3.3-70b-versatile
50,low temperature protein expression in e. coli,mindedness arcseconds mg ashkan garrison waal hansel,1.0,"mindedness arcseconds mg ashkan garrison waal hansel: This text does not contain any related terms to the original text, thus a score of 1",llama-3.3-70b-versatile
50,low temperature protein expression in e. coli,salaries malpractice barrens amway non-proliferation b. 116.50,1.0,"salaries malpractice barrens amway non-proliferation b. 116.50: This text does not contain any related terms to the original text, thus a score of 1",llama-3.3-70b-versatile
50,low temperature protein expression in e. coli,low caret amino northernmost stronghold c. arken,3.0,"low caret amino northernmost stronghold c. arken: The terms 'low' and 'amino' are related to the original text, but do not convey the same meaning, thus a score of 3",llama-3.3-70b-versatile
50,low temperature protein expression in e. coli,framing temperatures lead expression brand garum salone,4.0,"framing temperatures lead expression brand garum salone: The terms 'temperatures' and 'expression' are related to the original text, but do not convey the same meaning, thus a score of 4",llama-3.3-70b-versatile
50,low temperature protein expression in e. coli,deoria delirium defective angle 2004 ayres coli,5.0,"deoria delirium defective angle 2004 ayres coli: The term 'coli' is directly related to the original text, thus a score of 5",llama-3.3-70b-versatile
50,low temperature protein expression in e. coli,compound novembre euro40 definitions shibata 6n coli,5.0,"compound novembre euro40 definitions shibata 6n coli: The term 'coli' is directly related to the original text, thus a score of 5",llama-3.3-70b-versatile
50,low temperature protein expression in e. coli,altenberg hbell gene functional nike undersecretary tebaldi,1.0,"altenberg hbell gene functional nike undersecretary tebaldi: This text does not contain any related terms to the original text, thus a score of 1",llama-3.3-70b-versatile
50,low temperature protein expression in e. coli,low transcript starchy expression caddo shant 94kg,3.0,"low transcript starchy expression caddo shant 94kg: The terms 'low', 'expression' are related to the original text, but do not convey the same meaning, thus a score of 3",llama-3.3-70b-versatile
50,low temperature protein expression in e. coli,"low standford protein suppress investigating 1,956-km colliver",5.0,"low standford protein suppress investigating 1,956-km colliver: The terms 'low' and 'protein' are directly related to the original text, thus a score of 5",llama-3.3-70b-versatile
45,mental health wellness-1,anti-missile rowdhan rounds,1.0,The obfuscated text 'anti-missile rowdhan rounds' has no relation to the original text 'mental health wellness-1'.,llama-3.3-70b-versatile
45,mental health wellness-1,length deteriorated clogged,1.0,The obfuscated text 'length deteriorated clogged' has no relation to the original text 'mental health wellness-1'.,llama-3.3-70b-versatile
45,mental health wellness-1,intrinsic health schweppes,3.0,The obfuscated text 'intrinsic health schweppes' contains the word 'health' which is related to the original text 'mental health wellness-1'.,llama-3.3-70b-versatile
45,mental health wellness-1,taught governance malakhov,1.0,The obfuscated text 'taught governance malakhov' has no relation to the original text 'mental health wellness-1'.,llama-3.3-70b-versatile
45,mental health wellness-1,privately constitution principes,1.0,The obfuscated text 'privately constitution principes' has no relation to the original text 'mental health wellness-1'.,llama-3.3-70b-versatile
45,mental health wellness-1,caters lazar chicago-style,1.0,The obfuscated text 'caters lazar chicago-style' has no relation to the original text 'mental health wellness-1'.,llama-3.3-70b-versatile
45,mental health wellness-1,mental infant arrieta,4.0,The obfuscated text 'mental infant arrieta' contains the word 'mental' which is related to the original text 'mental health wellness-1'.,llama-3.3-70b-versatile
45,mental health wellness-1,mental datasheet psydrinae,4.0,The obfuscated text 'mental datasheet psydrinae' contains the word 'mental' which is related to the original text 'mental health wellness-1'.,llama-3.3-70b-versatile
45,mental health wellness-1,health saying cupholder,4.0,The obfuscated text 'health saying cupholder' contains the word 'health' which is related to the original text 'mental health wellness-1'.,llama-3.3-70b-versatile
45,mental health wellness-1,fitness reshuffle swap,2.0,The obfuscated text 'fitness reshuffle swap' has no relation to the original text 'mental health wellness-1' but 'fitness' is related to 'wellness'.,llama-3.3-70b-versatile
33,"mice, mutant strains, and histoplasmosis",yugoslavia mutants mediacom pragmatist dangan,1.0,No apparent relation to the original text,llama-3.3-70b-versatile
33,"mice, mutant strains, and histoplasmosis",solemnity creature victorino shutting lezak,1.0,No apparent relation to the original text,llama-3.3-70b-versatile
33,"mice, mutant strains, and histoplasmosis",voir gavan carnegies economic perine,1.0,No apparent relation to the original text,llama-3.3-70b-versatile
33,"mice, mutant strains, and histoplasmosis",cantley trt clinch abi templating,1.0,No apparent relation to the original text,llama-3.3-70b-versatile
33,"mice, mutant strains, and histoplasmosis",symbolically superpowers 19:13 kinnara rabat,1.0,No apparent relation to the original text,llama-3.3-70b-versatile
33,"mice, mutant strains, and histoplasmosis",anchor poong proofed watermen fulwell,1.0,No apparent relation to the original text,llama-3.3-70b-versatile
33,"mice, mutant strains, and histoplasmosis",kilometres unp lyman-alpha minority fansites,1.0,No apparent relation to the original text,llama-3.3-70b-versatile
33,"mice, mutant strains, and histoplasmosis",kele royalist baguettes subsets mujahid,1.0,No apparent relation to the original text,llama-3.3-70b-versatile
33,"mice, mutant strains, and histoplasmosis",crtv charlton mecklenburg-western hqs infarctions,1.0,No apparent relation to the original text,llama-3.3-70b-versatile
33,"mice, mutant strains, and histoplasmosis",braganza informer vital daughter branimir,1.0,No apparent relation to the original text,llama-3.3-70b-versatile
24,mouse peptidoglycan recognition proteins (pgrp),hourglass cardinal-priest says operettas dubcek,1.0,No keywords related to the original text are found,llama-3.3-70b-versatile
24,mouse peptidoglycan recognition proteins (pgrp),coordinates peptidoglycan breakthrough carbohydrates forecasting,4.0,"The word peptidoglycan is present, indicating potential information leakage",llama-3.3-70b-versatile
24,mouse peptidoglycan recognition proteins (pgrp),recapitalise betancourt citizenship lipid yohane,1.0,No keywords related to the original text are found,llama-3.3-70b-versatile
24,mouse peptidoglycan recognition proteins (pgrp),blindside 78-72 path lymphocytes kerrigan,1.0,No keywords related to the original text are found,llama-3.3-70b-versatile
24,mouse peptidoglycan recognition proteins (pgrp),rangeley epoxidation kimbell enzyme jailani,1.0,No keywords related to the original text are found,llama-3.3-70b-versatile
24,mouse peptidoglycan recognition proteins (pgrp),paints niah recognition choline tokai,3.0,"The word recognition is present, which is a keyword in the original text",llama-3.3-70b-versatile
24,mouse peptidoglycan recognition proteins (pgrp),modern down-regulation recognition histones untrimmed,3.0,"The word recognition is present, which is a keyword in the original text",llama-3.3-70b-versatile
24,mouse peptidoglycan recognition proteins (pgrp),shevelove mulder mererani protein ettlinger,4.0,"The word protein is present, which is a keyword in the original text",llama-3.3-70b-versatile
24,mouse peptidoglycan recognition proteins (pgrp),chel tokusatsu pledge disorder fixed-route,1.0,No keywords related to the original text are found,llama-3.3-70b-versatile
24,mouse peptidoglycan recognition proteins (pgrp),market derivate marques bee-eater offices,1.0,No keywords related to the original text are found,llama-3.3-70b-versatile
41,mutations in the cystic fibrosis conductance regulator gene,epigenetic launches knicks loden fibrosis leptodactylidae 15-judge gene,2.0,"The word 'fibrosis' is present, but the context is completely different.",llama-3.3-70b-versatile
41,mutations in the cystic fibrosis conductance regulator gene,"skanda kensington suspicious zap2it fibrosis 4,784 jovi ayeyarwady",2.0,"The word 'fibrosis' is present, but the context is completely different.",llama-3.3-70b-versatile
41,mutations in the cystic fibrosis conductance regulator gene,bacteria prisoners-of-war decorah cystic fibrosis radiocarbon regulator penitentiary,4.0,"The words 'cystic', 'fibrosis', and 'regulator' are present, indicating significant information leakage.",llama-3.3-70b-versatile
41,mutations in the cystic fibrosis conductance regulator gene,inhibitory apparent forecasters substituent cystic tingitana regulator dna,4.0,"The words 'cystic' and 'regulator' are present, indicating significant information leakage.",llama-3.3-70b-versatile
41,mutations in the cystic fibrosis conductance regulator gene,sawgrass figure the opera fibrosis refresher 25kv host,2.0,"The word 'fibrosis' is present, but the context is completely different.",llama-3.3-70b-versatile
41,mutations in the cystic fibrosis conductance regulator gene,supermarket stock absorb cystic positron bozell regulator yeast,4.0,"The words 'cystic' and 'regulator' are present, indicating significant information leakage.",llama-3.3-70b-versatile
41,mutations in the cystic fibrosis conductance regulator gene,omar flowering trunk ipcress grotto namboku sadcc gene,1.0,There is no apparent connection to the original text.,llama-3.3-70b-versatile
41,mutations in the cystic fibrosis conductance regulator gene,mutation within fined '77 kenseth conductance ubs gene,5.0,"The words 'mutation', 'conductance', and 'gene' are present, indicating complete information leakage.",llama-3.3-70b-versatile
41,mutations in the cystic fibrosis conductance regulator gene,makwetu stay end-of-season madine fibrosis collisional banking gene,2.0,"The word 'fibrosis' is present, but the context is completely different.",llama-3.3-70b-versatile
41,mutations in the cystic fibrosis conductance regulator gene,plausibly deacon chamber ryall mno a/b competition homology,1.0,There is no apparent connection to the original text.,llama-3.3-70b-versatile
9,muty,safarini,1.0,No apparent connection to 'muty',llama-3.3-70b-versatile
9,muty,santaolalla,1.0,No apparent connection to 'muty',llama-3.3-70b-versatile
9,muty,oxy,1.0,"Similar length, but no apparent connection to 'muty'",llama-3.3-70b-versatile
9,muty,guilfoyle,1.0,No apparent connection to 'muty',llama-3.3-70b-versatile
9,muty,rehnquist,1.0,No apparent connection to 'muty',llama-3.3-70b-versatile
9,muty,pumbaa,1.0,No apparent connection to 'muty',llama-3.3-70b-versatile
9,muty,tehri,2.0,"Similar sound, possible minor connection to 'muty'",llama-3.3-70b-versatile
9,muty,jalut,2.0,"Similar sound, possible minor connection to 'muty'",llama-3.3-70b-versatile
9,muty,verducci,1.0,No apparent connection to 'muty',llama-3.3-70b-versatile
9,muty,khusro,1.0,No apparent connection to 'muty',llama-3.3-70b-versatile
10,neil1,kotlas,1.0,The obfuscated text 'kotlas' has no similarity to the original text 'neil1'.,llama-3.3-70b-versatile
10,neil1,nongame,1.0,The obfuscated text 'nongame' has no similarity to the original text 'neil1'.,llama-3.3-70b-versatile
10,neil1,levey,2.0,The obfuscated text 'levey' has some similarity to the original text 'neil1' as it contains similar characters.,llama-3.3-70b-versatile
10,neil1,balboa,1.0,The obfuscated text 'balboa' has no similarity to the original text 'neil1'.,llama-3.3-70b-versatile
10,neil1,goosefoot,1.0,The obfuscated text 'goosefoot' has no similarity to the original text 'neil1'.,llama-3.3-70b-versatile
10,neil1,democratica,1.0,The obfuscated text 'democratica' has no similarity to the original text 'neil1'.,llama-3.3-70b-versatile
10,neil1,distillation,1.0,The obfuscated text 'distillation' has no similarity to the original text 'neil1'.,llama-3.3-70b-versatile
10,neil1,caretta,1.0,The obfuscated text 'caretta' has no similarity to the original text 'neil1'.,llama-3.3-70b-versatile
10,neil1,nilesat,3.0,The obfuscated text 'nilesat' has some similarity to the original text 'neil1' as it contains the 'nil' substring.,llama-3.3-70b-versatile
10,neil1,radelet,1.0,The obfuscated text 'radelet' has no similarity to the original text 'neil1'.,llama-3.3-70b-versatile
37,pam,samran,2.0,"The obfuscated text 'samran' has 2 letters 'am' in common with 'pam', but has extra letters, hence a score of 2",llama-3.3-70b-versatile
37,pam,rockband,1.0,"The obfuscated text 'rockband' has no letters in common with 'pam', hence a score of 1",llama-3.3-70b-versatile
37,pam,devonish,1.0,"The obfuscated text 'devonish' has no letters in common with 'pam', hence a score of 1",llama-3.3-70b-versatile
37,pam,alferov,1.0,"The obfuscated text 'alferov' has no letters in common with 'pam', hence a score of 1",llama-3.3-70b-versatile
37,pam,ribault,1.0,"The obfuscated text 'ribault' has no letters in common with 'pam', hence a score of 1",llama-3.3-70b-versatile
37,pam,pam,5.0,"The obfuscated text 'pam' is identical to the original text, hence a score of 5",llama-3.3-70b-versatile
37,pam,pam,5.0,"The obfuscated text 'pam' is identical to the original text, hence a score of 5",llama-3.3-70b-versatile
37,pam,djeter,1.0,"The obfuscated text 'djeter' has no letters in common with 'pam', hence a score of 1",llama-3.3-70b-versatile
37,pam,reader,1.0,"The obfuscated text 'reader' has no letters in common with 'pam', hence a score of 1",llama-3.3-70b-versatile
37,pam,paiboon,3.0,"The obfuscated text 'paiboon' has 2 letters 'am' in common with 'pam' and also the letter 'p', but has extra letters, hence a score of 3",llama-3.3-70b-versatile
29,phenotypes of gyra mutations,arteriosclerosis stocks lescaut mutation,2.0,"The obfuscated text 'arteriosclerosis stocks lescaut mutation' has a score of 2 because it contains the word 'mutation' which is related to the original text, but the context is different.",llama-3.3-70b-versatile
29,phenotypes of gyra mutations,sensible openly collio dementia,1.0,The obfuscated text 'sensible openly collio dementia' has a score of 1 because it does not contain any words related to the original text.,llama-3.3-70b-versatile
29,phenotypes of gyra mutations,spy-fi schedules succinic recessive,3.0,"The obfuscated text 'spy-fi schedules succinic recessive' has a score of 3 because it contains the word 'recessive' which is related to genetics, but the context is different.",llama-3.3-70b-versatile
29,phenotypes of gyra mutations,flaws sophistication neilsen dog-like,1.0,The obfuscated text 'flaws sophistication neilsen dog-like' has a score of 1 because it does not contain any words related to the original text.,llama-3.3-70b-versatile
29,phenotypes of gyra mutations,khaldiya total novaehollandiae proteins,4.0,"The obfuscated text 'khaldiya total novaehollandiae proteins' has a score of 4 because it contains the word 'proteins' which is related to the original text, and 'novaehollandiae' is a species, but the context is different.",llama-3.3-70b-versatile
29,phenotypes of gyra mutations,d51 truncheons 2x12 bacteria,1.0,The obfuscated text 'd51 truncheons 2x12 bacteria' has a score of 1 because it does not contain any words related to the original text.,llama-3.3-70b-versatile
29,phenotypes of gyra mutations,costabile consisted byg half-line,1.0,The obfuscated text 'costabile consisted byg half-line' has a score of 1 because it does not contain any words related to the original text.,llama-3.3-70b-versatile
29,phenotypes of gyra mutations,cowpens wrecking ccr mutation,4.0,"The obfuscated text 'cowpens wrecking ccr mutation' has a score of 4 because it contains the word 'mutation' and 'ccr' which could be related to the original text, but the context is different.",llama-3.3-70b-versatile
29,phenotypes of gyra mutations,credentialing loss qd5 mutation,4.0,"The obfuscated text 'credentialing loss qd5 mutation' has a score of 4 because it contains the word 'mutation' which is related to the original text, but the context is different.",llama-3.3-70b-versatile
29,phenotypes of gyra mutations,destitute cook-off yassa antiqua,1.0,The obfuscated text 'destitute cook-off yassa antiqua' has a score of 1 because it does not contain any words related to the original text.,llama-3.3-70b-versatile
28,proteases that function in both apoptosis and autophagy cell death,bursters bikini values puzzle optometrists apoptosis list autophagy cell herds,1.0,The obfuscated text does not contain any relevant information from the original text.,llama-3.3-70b-versatile
28,proteases that function in both apoptosis and autophagy cell death,stimuli certainty bloch britain dominant kasay threatening drosera editing martial,1.0,The obfuscated text does not contain any relevant information from the original text.,llama-3.3-70b-versatile
28,proteases that function in both apoptosis and autophagy cell death,monkland puts functions near defending microelectromechanical stifle coutu moveon.org evolutionary,1.0,The obfuscated text does not contain any relevant information from the original text.,llama-3.3-70b-versatile
28,proteases that function in both apoptosis and autophagy cell death,urticaceae violate functions efficiently gemina 44.37 evidence terminators c-3 deleted,1.0,The obfuscated text does not contain any relevant information from the original text.,llama-3.3-70b-versatile
28,proteases that function in both apoptosis and autophagy cell death,mygalomorph caspian reps in salomon indelicate stale impairments 264/mpeg nineteen,1.0,The obfuscated text does not contain any relevant information from the original text.,llama-3.3-70b-versatile
28,proteases that function in both apoptosis and autophagy cell death,malvaceae analyzes piano still mounted phagocytosis italy alpinvest cells mannheim,2.0,"The obfuscated text contains the word 'phagocytosis' which is related to cell death, but it is not directly related to the original text.",llama-3.3-70b-versatile
28,proteases that function in both apoptosis and autophagy cell death,zezima galatians compute 274 late t-80 period autophagy cell death,5.0,The obfuscated text contains the words 'autophagy cell death' which are directly related to the original text.,llama-3.3-70b-versatile
28,proteases that function in both apoptosis and autophagy cell death,barium determine yield plains sealed quasi-judicial department gronholm iwendi cunxiao,1.0,The obfuscated text does not contain any relevant information from the original text.,llama-3.3-70b-versatile
28,proteases that function in both apoptosis and autophagy cell death,improvisational nuke real-time cork haitian gaurav carey homodimer poliakov excruciating,1.0,The obfuscated text does not contain any relevant information from the original text.,llama-3.3-70b-versatile
28,proteases that function in both apoptosis and autophagy cell death,mrnas racism functions upper share waffen endearment revkin anxious ayyash,1.0,"The obfuscated text contains the word 'functions' which is related to the original text, but it is not directly related to the original text.",llama-3.3-70b-versatile
44,proteins involved in the nerve growth factor pathway,ph republics scheme lille oculomotor source challenge pathway,2.0,"The word 'pathway' is present, but the context is completely different.",llama-3.3-70b-versatile
44,proteins involved in the nerve growth factor pathway,accelerometers underwent travolta concourses artery gdp stable sites,1.0,No relevant keywords are present.,llama-3.3-70b-versatile
44,proteins involved in the nerve growth factor pathway,lean paykan rpg existential knee mallee 5050 flours,1.0,No relevant keywords are present.,llama-3.3-70b-versatile
44,proteins involved in the nerve growth factor pathway,molecules naca him its bridgehead growth altering lcb,3.0,"The word 'growth' is present, but the context is slightly different.",llama-3.3-70b-versatile
44,proteins involved in the nerve growth factor pathway,enzymes expressions in ski atolls growth withstand 4b,3.0,"The word 'growth' is present, but the context is slightly different.",llama-3.3-70b-versatile
44,proteins involved in the nerve growth factor pathway,prions various haemoglobin section burcu fulvio elected secretion,1.0,No relevant keywords are present.,llama-3.3-70b-versatile
44,proteins involved in the nerve growth factor pathway,shankill complexities capital ministries caviar growth hepatic silman,3.0,"The word 'growth' is present, but the context is slightly different.",llama-3.3-70b-versatile
44,proteins involved in the nerve growth factor pathway,proteins phantom communities century baybank tree 86-81 horticultural,2.0,"The word 'proteins' is present, but the context is completely different.",llama-3.3-70b-versatile
44,proteins involved in the nerve growth factor pathway,hydration crown fight glove nerve asset vlaamse nicotinic,2.0,"The word 'nerve' is present, but the context is slightly different.",llama-3.3-70b-versatile
44,proteins involved in the nerve growth factor pathway,syntax feasts likelihood ceiling sedative growing factor pathways,4.0,"The words 'factor' and 'pathways' are present, but the context is slightly different.",llama-3.3-70b-versatile
5,protocols for isolating cell nuclei,protocols year piaui synthesize lasers,1.0,The obfuscated text 'protocols year piaui synthesize lasers' has no relation to the original text.,llama-3.3-70b-versatile
5,protocols for isolating cell nuclei,armaments vue overfished cammarata vikatan,1.0,The obfuscated text 'armaments vue overfished cammarata vikatan' has no relation to the original text.,llama-3.3-70b-versatile
5,protocols for isolating cell nuclei,ducking truths dinty cell nuclei,5.0,The obfuscated text 'ducking truths dinty cell nuclei' contains the word 'cell nuclei' which is present in the original text.,llama-3.3-70b-versatile
5,protocols for isolating cell nuclei,strudel con littleborough obtained dino,1.0,The obfuscated text 'strudel con littleborough obtained dino' has no relation to the original text.,llama-3.3-70b-versatile
5,protocols for isolating cell nuclei,ratifying dublin kuni interact midbrain,1.0,The obfuscated text 'ratifying dublin kuni interact midbrain' has no relation to the original text.,llama-3.3-70b-versatile
5,protocols for isolating cell nuclei,providers times frangoulis kmpc fungi,1.0,The obfuscated text 'providers times frangoulis kmpc fungi' has no relation to the original text.,llama-3.3-70b-versatile
5,protocols for isolating cell nuclei,operas dictionaries pronostica username cytoplasm,3.0,The obfuscated text 'operas dictionaries pronostica username cytoplasm' contains the word 'cytoplasm' which is related to the original text.,llama-3.3-70b-versatile
5,protocols for isolating cell nuclei,protocols for dowlin breaks self-mastery,3.0,The obfuscated text 'protocols for dowlin breaks self-mastery' contains the word 'protocols' which is present in the original text.,llama-3.3-70b-versatile
5,protocols for isolating cell nuclei,protocols four-lane estrangement transporter 263.5,3.0,The obfuscated text 'protocols four-lane estrangement transporter 263.5' contains the word 'protocols' which is present in the original text.,llama-3.3-70b-versatile
5,protocols for isolating cell nuclei,empires supporting classing 46-minute quik,1.0,The obfuscated text 'empires supporting classing 46-minute quik' has no relation to the original text.,llama-3.3-70b-versatile
36,rab3a,runco,1.0,The obfuscated text 'runco' has no apparent connection to the original text 'rab3a'.,llama-3.3-70b-versatile
36,rab3a,bundesstraße,1.0,The obfuscated text 'bundesstraße' is a German word and has no relation to 'rab3a'.,llama-3.3-70b-versatile
36,rab3a,m.v.p.,1.0,The obfuscated text 'm.v.p.' is an abbreviation and does not seem to be related to 'rab3a'.,llama-3.3-70b-versatile
36,rab3a,sihanouk,1.0,The obfuscated text 'sihanouk' is a proper noun and does not appear to be connected to 'rab3a'.,llama-3.3-70b-versatile
36,rab3a,transcripts,1.0,The obfuscated text 'transcripts' is a common noun and has no apparent link to 'rab3a'.,llama-3.3-70b-versatile
36,rab3a,tyn,1.0,"The obfuscated text 'tyn' is a short sequence of characters, but it does not seem to be related to 'rab3a'.",llama-3.3-70b-versatile
36,rab3a,toombs,1.0,The obfuscated text 'toombs' is a proper noun and does not appear to be connected to 'rab3a'.,llama-3.3-70b-versatile
36,rab3a,dept.,1.0,The obfuscated text 'dept.' is an abbreviation and does not seem to be related to 'rab3a'.,llama-3.3-70b-versatile
36,rab3a,szabo,1.0,The obfuscated text 'szabo' is a proper noun and does not appear to be connected to 'rab3a'.,llama-3.3-70b-versatile
36,rab3a,sidamo,1.0,The obfuscated text 'sidamo' is a proper noun and does not seem to be related to 'rab3a'.,llama-3.3-70b-versatile
30,regulatory targets of the nkx gene family members,mirrored eds civilians provisional 41.67 sean belonging airlines,1.0,The obfuscated text 'mirrored eds civilians provisional 41.67 sean belonging airlines' does not contain any information related to the original text.,llama-3.3-70b-versatile
30,regulatory targets of the nkx gene family members,delahaye aims pack nomination rhona aloise mirrlees committe,1.0,The obfuscated text 'delahaye aims pack nomination rhona aloise mirrlees committe' does not contain any information related to the original text.,llama-3.3-70b-versatile
30,regulatory targets of the nkx gene family members,regulatory mastoid distinguish stavropol gueant researcher families minute,2.0,"The obfuscated text 'regulatory mastoid distinguish stavropol gueant researcher families minute' contains the word 'regulatory' which is present in the original text, but the context is different.",llama-3.3-70b-versatile
30,regulatory targets of the nkx gene family members,91-page targets nagaoka all mlada descriptive home groundlings,2.0,"The obfuscated text '91-page targets nagaoka all mlada descriptive home groundlings' contains the word 'targets' which is present in the original text, but the context is different.",llama-3.3-70b-versatile
30,regulatory targets of the nkx gene family members,act dmcs general mesh 134-3 al-awsat deprez labroy,1.0,The obfuscated text 'act dmcs general mesh 134-3 al-awsat deprez labroy' does not contain any information related to the original text.,llama-3.3-70b-versatile
30,regulatory targets of the nkx gene family members,governmental ijf polynesian eliza gustaf rube family bleriot,2.0,"The obfuscated text 'governmental ijf polynesian eliza gustaf rube family bleriot' contains the word 'family' which is present in the original text, but the context is different.",llama-3.3-70b-versatile
30,regulatory targets of the nkx gene family members,emsis góry kazimiya borderline 480-3232 genes participations specific,3.0,"The obfuscated text 'emsis góry kazimiya borderline 480-3232 genes participations specific' contains the word 'genes' which is present in the original text, but the context is different.",llama-3.3-70b-versatile
30,regulatory targets of the nkx gene family members,nrc venue here hoped portneuf gene kids members,4.0,"The obfuscated text 'nrc venue here hoped portneuf gene kids members' contains the words 'gene' and 'members' which are present in the original text, but the context is different.",llama-3.3-70b-versatile
30,regulatory targets of the nkx gene family members,reviewers reprisal welsh gondor workability editor family gestapo,2.0,"The obfuscated text 'reviewers reprisal welsh gondor workability editor family gestapo' contains the word 'family' which is present in the original text, but the context is different.",llama-3.3-70b-versatile
30,regulatory targets of the nkx gene family members,social/cultural depreciation excellence mci henley fanconi operations member,2.0,"The obfuscated text 'social/cultural depreciation excellence mci henley fanconi operations member' contains the word 'member' which is present in the original text, but the context is different.",llama-3.3-70b-versatile
22,relative response of p53 family members to agents causing single-stranded versus double-stranded dna breaks,shehu regenstein competition despicable mondavi crowley rapidly vector dune single-stranded pukhtunkhwa mbbs memory breaks,2.0,"The obfuscated text contains the phrase 'single-stranded' which is similar to the original text, but the context is completely different.",llama-3.3-70b-versatile
22,relative response of p53 family members to agents causing single-stranded versus double-stranded dna breaks,overtake commanders row colonel-in-chief family mizoram smoke agents mangrove limousine 50:1 double-stranded boishébert mbeki,3.0,"The obfuscated text contains the phrases 'family' and 'double-stranded' which are similar to the original text, but the context is completely different.",llama-3.3-70b-versatile
22,relative response of p53 family members to agents causing single-stranded versus double-stranded dna breaks,relative intershop power-up repressor prescribed cosmonauts curtail tongs salgado frog epee geda strands jaruvan,1.0,The obfuscated text does not contain any similar phrases or words to the original text.,llama-3.3-70b-versatile
22,relative response of p53 family members to agents causing single-stranded versus double-stranded dna breaks,occur sense senate retinoic children apparent massive activity causes black-and-white free-radical maltreating genes regimens,1.0,The obfuscated text does not contain any similar phrases or words to the original text.,llama-3.3-70b-versatile
22,relative response of p53 family members to agents causing single-stranded versus double-stranded dna breaks,relatively shackleton p. mutants idrissou members move hoellwarth traveling lynching honesdale gussie benzene :95,2.0,"The obfuscated text contains the phrase 'members' which is similar to the original text, but the context is completely different.",llama-3.3-70b-versatile
22,relative response of p53 family members to agents causing single-stranded versus double-stranded dna breaks,annihilator causes headphones hogshead optional members hidalgo mitre attracts negative-sense demint joumana molecule tax,2.0,"The obfuscated text contains the phrase 'members' which is similar to the original text, but the context is completely different.",llama-3.3-70b-versatile
22,relative response of p53 family members to agents causing single-stranded versus double-stranded dna breaks,appellation execution of 210th family student to 35-million partially maluf interclan 10.93 officeholder memorization,1.0,The obfuscated text does not contain any similar phrases or words to the original text.,llama-3.3-70b-versatile
22,relative response of p53 family members to agents causing single-stranded versus double-stranded dna breaks,shallowness initiatives todmorden behind-the-scenes snap constituency westonbirt reviewing reactors sulphate versus monahans genetic pesach,1.0,The obfuscated text does not contain any similar phrases or words to the original text.,llama-3.3-70b-versatile
22,relative response of p53 family members to agents causing single-stranded versus double-stranded dna breaks,osterode phpbb heyliger retinoblastoma family ageing fend them hole allal caltrop mavrodi aggressive shot,4.0,"The obfuscated text contains the phrase 'family' and 'retinoblastoma' which is related to the p53 family, but the context is completely different.",llama-3.3-70b-versatile
22,relative response of p53 family members to agents causing single-stranded versus double-stranded dna breaks,belts apology ii plin flee maiden mclauchlan agent spike singable gamedaily 18:57 dna benali,2.0,"The obfuscated text contains the phrase 'agent' and 'dna' which are similar to the original text, but the context is completely different.",llama-3.3-70b-versatile
38,risk factors for stroke,posing cloer wondering capellas,1.0,The obfuscated text 'posing cloer wondering capellas' does not contain any information related to the original text 'risk factors for stroke'.,llama-3.3-70b-versatile
38,risk factors for stroke,misled idigov diagnosed rounds,1.0,The obfuscated text 'misled idigov diagnosed rounds' does not contain any information related to the original text 'risk factors for stroke'.,llama-3.3-70b-versatile
38,risk factors for stroke,cardiovascular geometry fugitive fiorelli,4.0,The obfuscated text 'cardiovascular geometry fugitive fiorelli' contains the word 'cardiovascular' which is related to the original text 'risk factors for stroke'.,llama-3.3-70b-versatile
38,risk factors for stroke,risk 5.5-magnitude coverage ridker,5.0,The obfuscated text 'risk 5.5-magnitude coverage ridker' contains the word 'risk' which is related to the original text 'risk factors for stroke'.,llama-3.3-70b-versatile
38,risk factors for stroke,risks beneficial raping euroseries,5.0,The obfuscated text 'risks beneficial raping euroseries' contains the word 'risks' which is related to the original text 'risk factors for stroke'.,llama-3.3-70b-versatile
38,risk factors for stroke,think impose dragons 17.87,1.0,The obfuscated text 'think impose dragons 17.87' does not contain any information related to the original text 'risk factors for stroke'.,llama-3.3-70b-versatile
38,risk factors for stroke,niosh kickoff designers tomahawk,1.0,The obfuscated text 'niosh kickoff designers tomahawk' does not contain any information related to the original text 'risk factors for stroke'.,llama-3.3-70b-versatile
38,risk factors for stroke,rear iver nomination radarsat,1.0,The obfuscated text 'rear iver nomination radarsat' does not contain any information related to the original text 'risk factors for stroke'.,llama-3.3-70b-versatile
38,risk factors for stroke,gardist b-58 actually scope,1.0,The obfuscated text 'gardist b-58 actually scope' does not contain any information related to the original text 'risk factors for stroke'.,llama-3.3-70b-versatile
38,risk factors for stroke,diphthong ceylonese mayor phrasing,1.0,The obfuscated text 'diphthong ceylonese mayor phrasing' does not contain any information related to the original text 'risk factors for stroke'.,llama-3.3-70b-versatile
27,role of autophagy in apoptosis,british ballot stomatal bargain apoptosis,2.0,"The word 'apoptosis' is present, but the context is completely changed",llama-3.3-70b-versatile
27,role of autophagy in apoptosis,absence crossroads contralateral ambiguities apoptosis,2.0,"The word 'apoptosis' is present, but the context is completely changed",llama-3.3-70b-versatile
27,role of autophagy in apoptosis,method of northwesternmost 1910 pelossof,1.0,The text does not contain any relevant information,llama-3.3-70b-versatile
27,role of autophagy in apoptosis,englund yongbyon sterol officer apoptosis,2.0,"The word 'apoptosis' is present, but the context is completely changed",llama-3.3-70b-versatile
27,role of autophagy in apoptosis,key ruffin readmitted bringing activation,1.0,The text does not contain any relevant information,llama-3.3-70b-versatile
27,role of autophagy in apoptosis,initially technology conidae in angiogenesis,1.0,The text does not contain any relevant information,llama-3.3-70b-versatile
27,role of autophagy in apoptosis,lollywood of phosphite gained apoptosis,3.0,"The word 'apoptosis' is present, but the context is partially changed",llama-3.3-70b-versatile
27,role of autophagy in apoptosis,emmy calming cités skanderbeg apoptosis,2.0,"The word 'apoptosis' is present, but the context is completely changed",llama-3.3-70b-versatile
27,role of autophagy in apoptosis,"kufa of ,800 force tappeh",1.0,The text does not contain any relevant information,llama-3.3-70b-versatile
27,role of autophagy in apoptosis,ammo indirect upregulated desegregation wkyc,1.0,The text does not contain any relevant information,llama-3.3-70b-versatile
21,role of p63 and p73 in relation to dna damage,match temperatures gadolinium climbs dumbbells world liptzin short clarke botkyrka,1.0,"No relation to p63, p73, or DNA damage",llama-3.3-70b-versatile
21,role of p63 and p73 in relation to dna damage,elf oxygen maarib 1.4825 4-footer ads scioscia tree operation ended,1.0,"No relation to p63, p73, or DNA damage",llama-3.3-70b-versatile
21,role of p63 and p73 in relation to dna damage,celebrities mitty hyperextension two bakun estadio drottninggatan satisfy canapes tb,1.0,"No relation to p63, p73, or DNA damage",llama-3.3-70b-versatile
21,role of p63 and p73 in relation to dna damage,release brasileno oip freedom 1.995 pug manifestation jesuits survivin home,1.0,"No relation to p63, p73, or DNA damage",llama-3.3-70b-versatile
21,role of p63 and p73 in relation to dna damage,mortar perch katiba triglycerides canty respective appointing to inducing damage,2.0,"Mentions 'damage' but no relation to p63, p73, or DNA damage",llama-3.3-70b-versatile
21,role of p63 and p73 in relation to dna damage,aside richards re-develop jcd riverworld win offshore swarm defects damage,2.0,"Mentions 'damage' but no relation to p63, p73, or DNA damage",llama-3.3-70b-versatile
21,role of p63 and p73 in relation to dna damage,overwhelming myrtle extrapolation bowles paweł fritzl crucial vernal kb bullet,1.0,"No relation to p63, p73, or DNA damage",llama-3.3-70b-versatile
21,role of p63 and p73 in relation to dna damage,in special higher-ranking number bf4 netherlands royal 8-10 prey lesson,1.0,"No relation to p63, p73, or DNA damage",llama-3.3-70b-versatile
21,role of p63 and p73 in relation to dna damage,sustain avoid deschênes 33-run charlevoix memo gezer administration spore owing,1.0,"No relation to p63, p73, or DNA damage",llama-3.3-70b-versatile
21,role of p63 and p73 in relation to dna damage,insights damage govortsova kogălniceanu wishfully flared hwang would inherit damaged,2.0,"Mentions 'damage' and 'damaged' but no relation to p63, p73, or DNA damage",llama-3.3-70b-versatile
13,role of tgfb in angiogenesis in skin,groups spectrum giannini expressed angiogenesis philippines printed,4.0,"The obfuscated text 'groups spectrum giannini expressed angiogenesis philippines printed' contains the word 'angiogenesis' which is present in the original text, hence a score of 4",llama-3.3-70b-versatile
13,role of tgfb in angiogenesis in skin,well tate zagat miss prithivi 75-minute heat,1.0,"The obfuscated text 'well tate zagat miss prithivi 75-minute heat' does not contain any words related to the original text, hence a score of 1",llama-3.3-70b-versatile
13,role of tgfb in angiogenesis in skin,filipino of grabner mississippi ramjet markedly wear,1.0,"The obfuscated text 'filipino of grabner mississippi ramjet markedly wear' does not contain any words related to the original text, hence a score of 1",llama-3.3-70b-versatile
13,role of tgfb in angiogenesis in skin,sigils release sayasone in ph early skin,3.0,"The obfuscated text 'sigils release sayasone in ph early skin' contains the word 'skin' which is present in the original text, hence a score of 3",llama-3.3-70b-versatile
13,role of tgfb in angiogenesis in skin,serve for isnin offenses inhibitors quang requires,1.0,"The obfuscated text 'serve for isnin offenses inhibitors quang requires' does not contain any words related to the original text, hence a score of 1",llama-3.3-70b-versatile
13,role of tgfb in angiogenesis in skin,sarcoma nature 32.28 socialist angiogenesis nearby sanctions,5.0,"The obfuscated text 'sarcoma nature 32.28 socialist angiogenesis nearby sanctions' contains the word 'angiogenesis' which is present in the original text, hence a score of 5",llama-3.3-70b-versatile
13,role of tgfb in angiogenesis in skin,politician representative ivanko sticking angiogenesis gym skin,5.0,"The obfuscated text 'politician representative ivanko sticking angiogenesis gym skin' contains the words 'angiogenesis' and 'skin' which are present in the original text, hence a score of 5",llama-3.3-70b-versatile
13,role of tgfb in angiogenesis in skin,massively lists szabolcs so autologous june hands,1.0,"The obfuscated text 'massively lists szabolcs so autologous june hands' does not contain any words related to the original text, hence a score of 1",llama-3.3-70b-versatile
13,role of tgfb in angiogenesis in skin,eight-part 11 (530) disk outclasses vicenza insulating,1.0,"The obfuscated text 'eight-part 11 (530) disk outclasses vicenza insulating' does not contain any words related to the original text, hence a score of 1",llama-3.3-70b-versatile
13,role of tgfb in angiogenesis in skin,presidential such n'zogbia river sloppily see reprinted,1.0,"The obfuscated text 'presidential such n'zogbia river sloppily see reprinted' does not contain any words related to the original text, hence a score of 1",llama-3.3-70b-versatile
46,rsk2,distractions,1.0,No apparent connection to the original text,llama-3.3-70b-versatile
46,rsk2,nile,1.0,No apparent connection to the original text,llama-3.3-70b-versatile
46,rsk2,greenwich,1.0,No apparent connection to the original text,llama-3.3-70b-versatile
46,rsk2,sub-labels,1.0,No apparent connection to the original text,llama-3.3-70b-versatile
46,rsk2,jewellery,1.0,No apparent connection to the original text,llama-3.3-70b-versatile
46,rsk2,anheuser,1.0,No apparent connection to the original text,llama-3.3-70b-versatile
46,rsk2,117.5,1.0,No apparent connection to the original text,llama-3.3-70b-versatile
46,rsk2,r.p.,3.0,Possible partial match due to 'r' and 'p' presence,llama-3.3-70b-versatile
46,rsk2,hayate,1.0,No apparent connection to the original text,llama-3.3-70b-versatile
46,rsk2,92-87,1.0,No apparent connection to the original text,llama-3.3-70b-versatile
23,saccharomyces cerevisiae proteins involved in ubiquitin system,cooperated far-left peripheral banned primarily mattersburg design,1.0,The obfuscated text 'cooperated far-left peripheral banned primarily mattersburg design' does not contain any information related to the original text.,llama-3.3-70b-versatile
23,saccharomyces cerevisiae proteins involved in ubiquitin system,110.40 welford 100-page address california proteasome walter,2.0,"The obfuscated text '110.40 welford 100-page address california proteasome walter' contains the word 'proteasome' which is related to the ubiquitin system, but it is not directly related to the original text.",llama-3.3-70b-versatile
23,saccharomyces cerevisiae proteins involved in ubiquitin system,nusantara enc appropriations sponsors reunified daan elgin,1.0,The obfuscated text 'nusantara enc appropriations sponsors reunified daan elgin' does not contain any information related to the original text.,llama-3.3-70b-versatile
23,saccharomyces cerevisiae proteins involved in ubiquitin system,breguet integrand chi xijiang landestheater dragoons nation,1.0,The obfuscated text 'breguet integrand chi xijiang landestheater dragoons nation' does not contain any information related to the original text.,llama-3.3-70b-versatile
23,saccharomyces cerevisiae proteins involved in ubiquitin system,ciliata sahni protein maffay western nitrosamines apothecaries,2.0,"The obfuscated text 'ciliata sahni protein maffay western nitrosamines apothecaries' contains the word 'protein' which is related to the original text, but it is not directly related to the ubiquitin system.",llama-3.3-70b-versatile
23,saccharomyces cerevisiae proteins involved in ubiquitin system,monomers exame protein aviation noxious ubiquitin administered,4.0,The obfuscated text 'monomers exame protein aviation noxious ubiquitin administered' contains the words 'protein' and 'ubiquitin' which are directly related to the original text.,llama-3.3-70b-versatile
23,saccharomyces cerevisiae proteins involved in ubiquitin system,brüno belykh fetal epoca ben relish ling,1.0,The obfuscated text 'brüno belykh fetal epoca ben relish ling' does not contain any information related to the original text.,llama-3.3-70b-versatile
23,saccharomyces cerevisiae proteins involved in ubiquitin system,lokubandara paralympian nonspeaking identifying rafting guanine somalia,1.0,The obfuscated text 'lokubandara paralympian nonspeaking identifying rafting guanine somalia' does not contain any information related to the original text.,llama-3.3-70b-versatile
23,saccharomyces cerevisiae proteins involved in ubiquitin system,hinten rediscovers they where mumps bilingue medicare,1.0,The obfuscated text 'hinten rediscovers they where mumps bilingue medicare' does not contain any information related to the original text.,llama-3.3-70b-versatile
23,saccharomyces cerevisiae proteins involved in ubiquitin system,lithium-6 jessy proteins marxist-leninist liss dohna system,3.0,The obfuscated text 'lithium-6 jessy proteins marxist-leninist liss dohna system' contains the words 'proteins' and 'system' which are related to the original text.,llama-3.3-70b-versatile
43,sleeping beauty,sleep freshness,2.0,"sleep freshness: 2, as it partially preserves the original meaning by keeping 'sleep' related to the original text 'sleeping beauty'",llama-3.3-70b-versatile
43,sleeping beauty,cooch pageant,1.0,"cooch pageant: 1, as it completely changes the original meaning and does not preserve any information",llama-3.3-70b-versatile
43,sleeping beauty,muzzy beauty,4.0,"muzzy beauty: 4, as it preserves the word 'beauty' from the original text but changes 'sleeping' to 'muzzy'",llama-3.3-70b-versatile
43,sleeping beauty,unidentified transsexual,1.0,"unidentified transsexual: 1, as it completely changes the original meaning and does not preserve any information",llama-3.3-70b-versatile
43,sleeping beauty,dobbin beauty,4.0,"dobbin beauty: 4, as it preserves the word 'beauty' from the original text but changes 'sleeping' to 'dobbin'",llama-3.3-70b-versatile
43,sleeping beauty,magick mechnikov,1.0,"magick mechnikov: 1, as it completely changes the original meaning and does not preserve any information",llama-3.3-70b-versatile
43,sleeping beauty,stare toughness,1.0,"stare toughness: 1, as it completely changes the original meaning and does not preserve any information",llama-3.3-70b-versatile
43,sleeping beauty,sleeping beverage,5.0,"sleeping beverage: 5, as it preserves the word 'sleeping' from the original text but changes 'beauty' to 'beverage'",llama-3.3-70b-versatile
43,sleeping beauty,detoxified arris,1.0,"detoxified arris: 1, as it completely changes the original meaning and does not preserve any information",llama-3.3-70b-versatile
43,sleeping beauty,kiambu ultraliberal,1.0,"kiambu ultraliberal: 1, as it completely changes the original meaning and does not preserve any information",llama-3.3-70b-versatile
20,substrate modification by ubiquitin,record-low l 2000 non-metal,1.0,The obfuscated text 'record-low l 2000 non-metal' does not contain any information related to the original text.,llama-3.3-70b-versatile
20,substrate modification by ubiquitin,bluescreen transit-oriented knuth ubiquitin,2.0,"The obfuscated text 'bluescreen transit-oriented knuth ubiquitin' contains the word 'ubiquitin' which is present in the original text, but the context is completely different.",llama-3.3-70b-versatile
20,substrate modification by ubiquitin,oxidation minute binding protein-coupled,1.0,The obfuscated text 'oxidation minute binding protein-coupled' does not contain any information related to the original text.,llama-3.3-70b-versatile
20,substrate modification by ubiquitin,chalky 1976-77 incorporated benedick,1.0,The obfuscated text 'chalky 1976-77 incorporated benedick' does not contain any information related to the original text.,llama-3.3-70b-versatile
20,substrate modification by ubiquitin,passivation prudnik senior phosphorylates,1.0,The obfuscated text 'passivation prudnik senior phosphorylates' does not contain any information related to the original text.,llama-3.3-70b-versatile
20,substrate modification by ubiquitin,bellying halim site membranes,1.0,The obfuscated text 'bellying halim site membranes' does not contain any information related to the original text.,llama-3.3-70b-versatile
20,substrate modification by ubiquitin,archimedean brownies cart ubiquitin,2.0,"The obfuscated text 'archimedean brownies cart ubiquitin' contains the word 'ubiquitin' which is present in the original text, but the context is completely different.",llama-3.3-70b-versatile
20,substrate modification by ubiquitin,substrate modifications nuri kallithea,3.0,"The obfuscated text 'substrate modifications nuri kallithea' contains the word 'substrate modification' which is present in the original text, but the context is slightly different.",llama-3.3-70b-versatile
20,substrate modification by ubiquitin,streetdance modification bachem ofahengaue,2.0,"The obfuscated text 'streetdance modification bachem ofahengaue' contains the word 'modification' which is present in the original text, but the context is completely different.",llama-3.3-70b-versatile
20,substrate modification by ubiquitin,organic ubiquitin painting 89-84,2.0,"The obfuscated text 'organic ubiquitin painting 89-84' contains the word 'ubiquitin' which is present in the original text, but the context is completely different.",llama-3.3-70b-versatile
3,time course for gene expression in mouse kidney,haul linfu case wreath correlation win mouse kidneys,2.0,"The word 'mouse kidneys' is present, but the context is completely different.",llama-3.3-70b-versatile
3,time course for gene expression in mouse kidney,laughs clog carriers casals customization opera telescope complications,1.0,There is no relation to the original text.,llama-3.3-70b-versatile
3,time course for gene expression in mouse kidney,worthwhile enterprise outstanding eating clave 1918 phragmites kidney,3.0,"The word 'kidney' is present, but the context is different.",llama-3.3-70b-versatile
3,time course for gene expression in mouse kidney,things layering erroneous p53 matches century minnie vegetable,1.0,There is no relation to the original text.,llama-3.3-70b-versatile
3,time course for gene expression in mouse kidney,farther perfectly quieter defects dare chāh-e woods liver,1.0,There is no relation to the original text.,llama-3.3-70b-versatile
3,time course for gene expression in mouse kidney,plan at nehru gene mouthed pamphlets favor shortridge,4.0,The word 'gene' is present and the context is somewhat related.,llama-3.3-70b-versatile
3,time course for gene expression in mouse kidney,sahagun brussels strums therapy tegmark postwar hydrant kidney,3.0,"The word 'kidney' is present, but the context is different.",llama-3.3-70b-versatile
3,time course for gene expression in mouse kidney,negotiate course vacant play expression ports droits dutt,4.0,"The words 'course' and 'expression' are present, indicating some information leakage.",llama-3.3-70b-versatile
3,time course for gene expression in mouse kidney,undock koichiro liability co expression blijlevens lander 35.000,4.0,"The words 'co expression' are present, indicating some information leakage.",llama-3.3-70b-versatile
3,time course for gene expression in mouse kidney,will toffee d cork suresh performed mouse cataracts,2.0,"The word 'mouse' is present, but the context is completely different.",llama-3.3-70b-versatile
31,tor signaling in neurofibromatosis,scandinavia eun oregon tocadisco,1.0,The obfuscated text 'scandinavia eun oregon tocadisco' does not contain any information related to the original text.,llama-3.3-70b-versatile
31,tor signaling in neurofibromatosis,peebler signaling breakthrough waldseemüller,3.0,The obfuscated text 'peebler signaling breakthrough waldseemüller' contains the word 'signaling' which is related to the original text.,llama-3.3-70b-versatile
31,tor signaling in neurofibromatosis,petrucci phases section neurofibromatosis,5.0,The obfuscated text 'petrucci phases section neurofibromatosis' contains the word 'neurofibromatosis' which is related to the original text.,llama-3.3-70b-versatile
31,tor signaling in neurofibromatosis,tor mcnaught project u15,2.0,The obfuscated text 'tor mcnaught project u15' contains the word 'tor' which is related to the original text.,llama-3.3-70b-versatile
31,tor signaling in neurofibromatosis,panvel lanvin .190 subtests,1.0,The obfuscated text 'panvel lanvin .190 subtests' does not contain any information related to the original text.,llama-3.3-70b-versatile
31,tor signaling in neurofibromatosis,96.70 static carcasses burzan,1.0,The obfuscated text '96.70 static carcasses burzan' does not contain any information related to the original text.,llama-3.3-70b-versatile
31,tor signaling in neurofibromatosis,unifil lights 1971 covens,1.0,The obfuscated text 'unifil lights 1971 covens' does not contain any information related to the original text.,llama-3.3-70b-versatile
31,tor signaling in neurofibromatosis,contesti tens roshi newgrass,1.0,The obfuscated text 'contesti tens roshi newgrass' does not contain any information related to the original text.,llama-3.3-70b-versatile
31,tor signaling in neurofibromatosis,iuliano aliw sc neurofibromatosis,5.0,The obfuscated text 'iuliano aliw sc neurofibromatosis' contains the word 'neurofibromatosis' which is related to the original text.,llama-3.3-70b-versatile
31,tor signaling in neurofibromatosis,tsukuba fittings ghazals gentilozzi,1.0,The obfuscated text 'tsukuba fittings ghazals gentilozzi' does not contain any information related to the original text.,llama-3.3-70b-versatile
35,wd40 repeat-containing proteins,36-4 clingy enzymes,4.0,"The number in '36-4 clingy enzymes' is similar to 'wd40', indicating possible information leakage",llama-3.3-70b-versatile
35,wd40 repeat-containing proteins,spilling lesea transporting,1.0,No apparent connection between 'spilling lesea transporting' and the original text,llama-3.3-70b-versatile
35,wd40 repeat-containing proteins,north-north-east gravelles sdsm,1.0,No apparent connection between 'north-north-east gravelles sdsm' and the original text,llama-3.3-70b-versatile
35,wd40 repeat-containing proteins,mazatlan slender enzymes,3.0,"The word 'enzymes' in 'mazatlan slender enzymes' is related to 'proteins', indicating possible information leakage",llama-3.3-70b-versatile
35,wd40 repeat-containing proteins,foal 175.75 balancing,1.0,No apparent connection between 'foal 175.75 balancing' and the original text,llama-3.3-70b-versatile
35,wd40 repeat-containing proteins,sana'a 40.23 digestion,4.0,"The number in 'sana'a 40.23 digestion' is similar to 'wd40', indicating possible information leakage",llama-3.3-70b-versatile
35,wd40 repeat-containing proteins,tritons sokratis proteins,5.0,"The word 'proteins' in 'tritons sokratis proteins' is identical to the original text, indicating significant information leakage",llama-3.3-70b-versatile
35,wd40 repeat-containing proteins,montecatini taiyi peptides,3.0,"The word 'peptides' in 'montecatini taiyi peptides' is related to 'proteins', indicating possible information leakage",llama-3.3-70b-versatile
35,wd40 repeat-containing proteins,zoonosis platanos proteins,5.0,"The word 'proteins' in 'zoonosis platanos proteins' is identical to the original text, indicating significant information leakage",llama-3.3-70b-versatile
35,wd40 repeat-containing proteins,chaloem ntds proteins,5.0,"The word 'proteins' in 'chaloem ntds proteins' is identical to the original text, indicating significant information leakage",llama-3.3-70b-versatile
32,xenograft animal models of tumorogenesis,photographically mammals models anti-money peco,2.0,"The obfuscated text 'photographically mammals models anti-money peco' has some similarity to the original text in the word 'models', but the context is completely different, so the score is 2.",llama-3.3-70b-versatile
32,xenograft animal models of tumorogenesis,"malthusian traceability aboriginal 800,000 rilla",1.0,"The obfuscated text 'malthusian traceability aboriginal 800,000 rilla' has no similarity to the original text, so the score is 1.",llama-3.3-70b-versatile
32,xenograft animal models of tumorogenesis,ranjana acoustic girls authored thailand,1.0,"The obfuscated text 'ranjana acoustic girls authored thailand' has no similarity to the original text, so the score is 1.",llama-3.3-70b-versatile
32,xenograft animal models of tumorogenesis,35-ton meat models grounding central-western,2.0,"The obfuscated text '35-ton meat models grounding central-western' has some similarity to the original text in the word 'models', but the context is completely different, so the score is 2.",llama-3.3-70b-versatile
32,xenograft animal models of tumorogenesis,spikkestad justification non-native career-high democratie,1.0,"The obfuscated text 'spikkestad justification non-native career-high democratie' has no similarity to the original text, so the score is 1.",llama-3.3-70b-versatile
32,xenograft animal models of tumorogenesis,batman ocurre railroads easiest crash,1.0,"The obfuscated text 'batman ocurre railroads easiest crash' has no similarity to the original text, so the score is 1.",llama-3.3-70b-versatile
32,xenograft animal models of tumorogenesis,tychy nutrition accelerations rehabilitation monagas,1.0,"The obfuscated text 'tychy nutrition accelerations rehabilitation monagas' has no similarity to the original text, so the score is 1.",llama-3.3-70b-versatile
32,xenograft animal models of tumorogenesis,laurene irrationally 2000s midst mogwai,1.0,"The obfuscated text 'laurene irrationally 2000s midst mogwai' has no similarity to the original text, so the score is 1.",llama-3.3-70b-versatile
32,xenograft animal models of tumorogenesis,non-identical 500-plus catchment decoration brainwashing,1.0,"The obfuscated text 'non-identical 500-plus catchment decoration brainwashing' has no similarity to the original text, so the score is 1.",llama-3.3-70b-versatile
32,xenograft animal models of tumorogenesis,huthis equestrian ls cannon 2-96,1.0,"The obfuscated text 'huthis equestrian ls cannon 2-96' has no similarity to the original text, so the score is 1.",llama-3.3-70b-versatile
