id,text,obfuscatedText,score,justification,model
16,aaa proteins,remunerative provinces,1.0,The obfuscated text 'remunerative provinces' does not contain any information related to the original text 'aaa proteins'.,llama-3.3-70b-versatile
16,aaa proteins,akademiya preselected,1.0,The obfuscated text 'akademiya preselected' does not contain any information related to the original text 'aaa proteins'.,llama-3.3-70b-versatile
16,aaa proteins,lindl aukar,1.0,The obfuscated text 'lindl aukar' does not contain any information related to the original text 'aaa proteins'.,llama-3.3-70b-versatile
16,aaa proteins,hardtops aryl,1.0,The obfuscated text 'hardtops aryl' does not contain any information related to the original text 'aaa proteins'.,llama-3.3-70b-versatile
16,aaa proteins,aaa molecules,3.0,The obfuscated text 'aaa molecules' contains partial information related to the original text 'aaa proteins'.,llama-3.3-70b-versatile
16,aaa proteins,3-by-5 molecules,1.0,The obfuscated text '3-by-5 molecules' does not contain any information related to the original text 'aaa proteins'.,llama-3.3-70b-versatile
16,aaa proteins,nominated 29.37,1.0,The obfuscated text 'nominated 29.37' does not contain any information related to the original text 'aaa proteins'.,llama-3.3-70b-versatile
16,aaa proteins,lebedeva texpool,1.0,The obfuscated text 'lebedeva texpool' does not contain any information related to the original text 'aaa proteins'.,llama-3.3-70b-versatile
16,aaa proteins,aaa proteins,5.0,The obfuscated text 'aaa proteins' contains complete information related to the original text 'aaa proteins'.,llama-3.3-70b-versatile
16,aaa proteins,primera proteins,1.0,The obfuscated text 'primera proteins' does not contain any information related to the original text 'aaa proteins'.,llama-3.3-70b-versatile
40,antigens expressed by lung epithelial cells,tenrecs expressed de defeat trotter slums,1.0,The obfuscated text 'tenrecs expressed de defeat trotter slums' does not contain any information related to the original text.,llama-3.3-70b-versatile
40,antigens expressed by lung epithelial cells,57.56 have been creutzfeld balbina kremenyuk,1.0,The obfuscated text '57.56 have been creutzfeld balbina kremenyuk' does not contain any information related to the original text.,llama-3.3-70b-versatile
40,antigens expressed by lung epithelial cells,antigens pence equivalency gomhuriya epithelial aptian,4.0,The obfuscated text 'antigens pence equivalency gomhuriya epithelial aptian' contains the word 'antigens' and 'epithelial' which are present in the original text.,llama-3.3-70b-versatile
40,antigens expressed by lung epithelial cells,sturt sen. http://www.sunshinetour.com yellow-footed permeability xiaoyang,1.0,The obfuscated text 'sturt sen. http://www.sunshinetour.com yellow-footed permeability xiaoyang' does not contain any information related to the original text.,llama-3.3-70b-versatile
40,antigens expressed by lung epithelial cells,zacklin expressed mistakes schillings procurator cells,3.0,The obfuscated text 'zacklin expressed mistakes schillings procurator cells' contains the word 'expressed' and 'cells' which are present in the original text.,llama-3.3-70b-versatile
40,antigens expressed by lung epithelial cells,1937-1939 bhoffmandetnews.com anne jurat mucus sagittarii,1.0,The obfuscated text '1937-1939 bhoffmandetnews.com anne jurat mucus sagittarii' does not contain any information related to the original text.,llama-3.3-70b-versatile
40,antigens expressed by lung epithelial cells,snh minister mixed-member lung necessary canadian-produced,2.0,The obfuscated text 'snh minister mixed-member lung necessary canadian-produced' contains the word 'lung' which is present in the original text.,llama-3.3-70b-versatile
40,antigens expressed by lung epithelial cells,almansa mrs. warner kaohsiung epithelial condemnable,2.0,The obfuscated text 'almansa mrs. warner kaohsiung epithelial condemnable' contains the word 'epithelial' which is present in the original text.,llama-3.3-70b-versatile
40,antigens expressed by lung epithelial cells,antigens 4-83 bf6 4.725 toungoo cells,4.0,The obfuscated text 'antigens 4-83 bf6 4.725 toungoo cells' contains the words 'antigens' and 'cells' which are present in the original text.,llama-3.3-70b-versatile
40,antigens expressed by lung epithelial cells,monocytes wallenberg priddle lung signet 1.9,2.0,The obfuscated text 'monocytes wallenberg priddle lung signet 1.9' contains the word 'lung' which is present in the original text.,llama-3.3-70b-versatile
15,atpase and apoptosis,atpase against apoptosis,5.0,The obfuscated text 'atpase against apoptosis' has a high score because it contains both 'atpase' and 'apoptosis' from the original text.,llama-3.3-70b-versatile
15,atpase and apoptosis,zhongwen ndah firdos,1.0,The obfuscated text 'zhongwen ndah firdos' has a low score because it does not contain any words from the original text.,llama-3.3-70b-versatile
15,atpase and apoptosis,seth small ridgemont,1.0,The obfuscated text 'seth small ridgemont' has a low score because it does not contain any words from the original text.,llama-3.3-70b-versatile
15,atpase and apoptosis,sensuous including p19,1.0,The obfuscated text 'sensuous including p19' has a low score because it does not contain any words from the original text.,llama-3.3-70b-versatile
15,atpase and apoptosis,whitecap as 23.99,1.0,The obfuscated text 'whitecap as 23.99' has a low score because it does not contain any words from the original text.,llama-3.3-70b-versatile
15,atpase and apoptosis,dohr turistico magnitsky,1.0,The obfuscated text 'dohr turistico magnitsky' has a low score because it does not contain any words from the original text.,llama-3.3-70b-versatile
15,atpase and apoptosis,"low-energy 1,129 apoptosis",4.0,"The obfuscated text 'low-energy 1,129 apoptosis' has a moderate score because it contains 'apoptosis' from the original text.",llama-3.3-70b-versatile
15,atpase and apoptosis,atpase hakman dopaminergic,4.0,The obfuscated text 'atpase hakman dopaminergic' has a moderate score because it contains 'atpase' from the original text.,llama-3.3-70b-versatile
15,atpase and apoptosis,smrt its apoptosis,4.0,The obfuscated text 'smrt its apoptosis' has a moderate score because it contains 'apoptosis' from the original text.,llama-3.3-70b-versatile
15,atpase and apoptosis,+0.25 64-qam apoptosis,4.0,The obfuscated text '+0.25 64-qam apoptosis' has a moderate score because it contains 'apoptosis' from the original text.,llama-3.3-70b-versatile
11,carcinogenesis and hairless mice,best-of-7 her sebescen mice,4.0,The word 'sebescen' is similar to 'carcinogenesis' and 'hairless' is present,llama-3.3-70b-versatile
11,carcinogenesis and hairless mice,yanshi month serpent mice,1.0,No relation to the original text,llama-3.3-70b-versatile
11,carcinogenesis and hairless mice,thisara men sandflies filmdom,1.0,No relation to the original text,llama-3.3-70b-versatile
11,carcinogenesis and hairless mice,gaa that lianyuan monkeys,1.0,No relation to the original text,llama-3.3-70b-versatile
11,carcinogenesis and hairless mice,odontogenic coverts weatherwax mice,4.0,The word 'odontogenic' is related to 'carcinogenesis' and 'mice' is present,llama-3.3-70b-versatile
11,carcinogenesis and hairless mice,monsoon million tuco-tuco proteins,1.0,No relation to the original text,llama-3.3-70b-versatile
11,carcinogenesis and hairless mice,30-nation autre kirsanow 34-12,1.0,No relation to the original text,llama-3.3-70b-versatile
11,carcinogenesis and hairless mice,babitsky lawal hairless www.starwars.com,3.0,The word 'hairless' is present and 'mice' can be related,llama-3.3-70b-versatile
11,carcinogenesis and hairless mice,ancient national taoiseach panthers,1.0,No relation to the original text,llama-3.3-70b-versatile
11,carcinogenesis and hairless mice,taxin sons qaleh mice,2.0,The word 'mice' is present,llama-3.3-70b-versatile
25,cause of scleroderma,uspi mixtec boer,1.0,The obfuscated text 'uspi mixtec boer' does not contain any information related to the original text 'cause of scleroderma'.,llama-3.3-70b-versatile
25,cause of scleroderma,-- of bourdieu,1.0,The obfuscated text '-- of bourdieu' does not contain any information related to the original text 'cause of scleroderma'.,llama-3.3-70b-versatile
25,cause of scleroderma,incepted lucera bjc,1.0,The obfuscated text 'incepted lucera bjc' does not contain any information related to the original text 'cause of scleroderma'.,llama-3.3-70b-versatile
25,cause of scleroderma,quong towns atwar,1.0,The obfuscated text 'quong towns atwar' does not contain any information related to the original text 'cause of scleroderma'.,llama-3.3-70b-versatile
25,cause of scleroderma,"straightener record 142,500",1.0,"The obfuscated text 'straightener record 142,500' does not contain any information related to the original text 'cause of scleroderma'.",llama-3.3-70b-versatile
25,cause of scleroderma,"10-cm torontos 132,000",1.0,"The obfuscated text '10-cm torontos 132,000' does not contain any information related to the original text 'cause of scleroderma'.",llama-3.3-70b-versatile
25,cause of scleroderma,vriesea inwardness knowingly,1.0,The obfuscated text 'vriesea inwardness knowingly' does not contain any information related to the original text 'cause of scleroderma'.,llama-3.3-70b-versatile
25,cause of scleroderma,cardiovascular d8 crusts,2.0,"The obfuscated text 'cardiovascular d8 crusts' is related to a medical term, but it does not contain any information related to the original text 'cause of scleroderma'.",llama-3.3-70b-versatile
25,cause of scleroderma,exuberance oʻahu bobdeans,1.0,The obfuscated text 'exuberance oʻahu bobdeans' does not contain any information related to the original text 'cause of scleroderma'.,llama-3.3-70b-versatile
25,cause of scleroderma,77-76 months crokes,1.0,The obfuscated text '77-76 months crokes' does not contain any information related to the original text 'cause of scleroderma'.,llama-3.3-70b-versatile
19,comparison of promoters of gal1 and suc1,bulkeley pesticide 8-1-1 dior feldman russians podcast,1.0,The obfuscated text 'bulkeley pesticide 8-1-1 dior feldman russians podcast' does not contain any information related to the original text.,llama-3.3-70b-versatile
19,comparison of promoters of gal1 and suc1,deboer synesthesia 78767 masterton degennaro and biltmore,1.0,The obfuscated text 'deboer synesthesia 78767 masterton degennaro and biltmore' does not contain any information related to the original text.,llama-3.3-70b-versatile
19,comparison of promoters of gal1 and suc1,katsuhiko cartographers equitation shot honkbal food 13:27,1.0,The obfuscated text 'katsuhiko cartographers equitation shot honkbal food 13:27' does not contain any information related to the original text.,llama-3.3-70b-versatile
19,comparison of promoters of gal1 and suc1,maximization pitchers jhaw jars active 2009-10 celebre,1.0,The obfuscated text 'maximization pitchers jhaw jars active 2009-10 celebre' does not contain any information related to the original text.,llama-3.3-70b-versatile
19,comparison of promoters of gal1 and suc1,rimfire shimla bakhtiar providers nws.globe.com society lighter,1.0,The obfuscated text 'rimfire shimla bakhtiar providers nws.globe.com society lighter' does not contain any information related to the original text.,llama-3.3-70b-versatile
19,comparison of promoters of gal1 and suc1,comparison affairs panic-stricken sylhet szewczyk 1.65 tasking,2.0,"The obfuscated text 'comparison affairs panic-stricken sylhet szewczyk 1.65 tasking' contains the word 'comparison' which is also present in the original text, but it is used in a different context.",llama-3.3-70b-versatile
19,comparison of promoters of gal1 and suc1,kurdistan castaños association octahedra colonels twosomes 0.50,1.0,The obfuscated text 'kurdistan castaños association octahedra colonels twosomes 0.50' does not contain any information related to the original text.,llama-3.3-70b-versatile
19,comparison of promoters of gal1 and suc1,massage its stenner portuguese of forces somerset,1.0,The obfuscated text 'massage its stenner portuguese of forces somerset' does not contain any information related to the original text.,llama-3.3-70b-versatile
19,comparison of promoters of gal1 and suc1,"troubled some negara of 1,707 chalice lubelski",1.0,"The obfuscated text 'troubled some negara of 1,707 chalice lubelski' does not contain any information related to the original text.",llama-3.3-70b-versatile
19,comparison of promoters of gal1 and suc1,rapidkl monastery utmanzai d6 trackways muckraking choi,1.0,The obfuscated text 'rapidkl monastery utmanzai d6 trackways muckraking choi' does not contain any information related to the original text.,llama-3.3-70b-versatile
8,correlation between dna repair pathways and skin cancer,fannin between malaysian $ völsung takayoshi identity pregnancy,1.0,No apparent correlation to the original text,llama-3.3-70b-versatile
8,correlation between dna repair pathways and skin cancer,demong united nationals mohseni crisóstomo bufang ironworks violets,1.0,No apparent correlation to the original text,llama-3.3-70b-versatile
8,correlation between dna repair pathways and skin cancer,kukan qf1 dna lend kamgar liu employment diabetes,2.0,Mentions 'dna' but not in the context of the original text,llama-3.3-70b-versatile
8,correlation between dna repair pathways and skin cancer,correlation together 200m shop pathways lucas skin sutent,4.0,"Mentions 'correlation', 'pathways', and 'skin' which are related to the original text",llama-3.3-70b-versatile
8,correlation between dna repair pathways and skin cancer,testes mavangira writer inc. 29.85 207.5 birch cancer,3.0,Mentions 'cancer' which is related to the original text,llama-3.3-70b-versatile
8,correlation between dna repair pathways and skin cancer,eulerian dialog reprocessing marketwatch cultures commentator out percent,1.0,No apparent correlation to the original text,llama-3.3-70b-versatile
8,correlation between dna repair pathways and skin cancer,birth leftist golgi 25-per gahvareh new tissues edington,1.0,No apparent correlation to the original text,llama-3.3-70b-versatile
8,correlation between dna repair pathways and skin cancer,pd republika sequences adefemi antibody and vonetta cancer,3.0,Mentions 'cancer' and 'sequences' which could be related to the original text,llama-3.3-70b-versatile
8,correlation between dna repair pathways and skin cancer,"g-proteins discount 9,215 mandelson pathways agrippa kiss marilee",3.0,Mentions 'pathways' which is related to the original text,llama-3.3-70b-versatile
8,correlation between dna repair pathways and skin cancer,ermisch shenzhen dna repair mobilink 287 tailrace chemotherapeutic,5.0,Mentions 'dna repair' which is directly related to the original text,llama-3.3-70b-versatile
7,dna repair and oxidative stress,dna formaldehyde judas kitty all-nfc,4.0,"The obfuscated text 'dna formaldehyde judas kitty all-nfc' contains 'dna' which is present in the original text, hence a score of 4",llama-3.3-70b-versatile
7,dna repair and oxidative stress,coureur planica ephesians oxidative implementation,4.0,"The obfuscated text 'coureur planica ephesians oxidative implementation' contains 'oxidative' which is present in the original text, hence a score of 4",llama-3.3-70b-versatile
7,dna repair and oxidative stress,court repair material publique corian,4.0,"The obfuscated text 'court repair material publique corian' contains 'repair' which is present in the original text, hence a score of 4",llama-3.3-70b-versatile
7,dna repair and oxidative stress,comerciales repair and 40-30 caslav,4.0,"The obfuscated text 'comerciales repair and 40-30 caslav' contains 'repair' and 'and' which are present in the original text, hence a score of 4",llama-3.3-70b-versatile
7,dna repair and oxidative stress,elian repair two oxidative 2001-2005,5.0,"The obfuscated text 'elian repair two oxidative 2001-2005' contains 'repair' and 'oxidative' which are present in the original text, hence a score of 5",llama-3.3-70b-versatile
7,dna repair and oxidative stress,strombus merkava auxiliary 17.28 naples,1.0,"The obfuscated text 'strombus merkava auxiliary 17.28 naples' does not contain any words from the original text, hence a score of 1",llama-3.3-70b-versatile
7,dna repair and oxidative stress,dna climatic wynnewood duckmanton 15-square,4.0,"The obfuscated text 'dna climatic wynnewood duckmanton 15-square' contains 'dna' which is present in the original text, hence a score of 4",llama-3.3-70b-versatile
7,dna repair and oxidative stress,symmocidae 43.46 spaulding cyclic sisters,1.0,"The obfuscated text 'symmocidae 43.46 spaulding cyclic sisters' does not contain any words from the original text, hence a score of 1",llama-3.3-70b-versatile
7,dna repair and oxidative stress,autodromo +66 rwanda oxidative ak47,4.0,"The obfuscated text 'autodromo +66 rwanda oxidative ak47' contains 'oxidative' which is present in the original text, hence a score of 4",llama-3.3-70b-versatile
7,dna repair and oxidative stress,weinroth antineutrino daughter gurkan prescribed,1.0,"The obfuscated text 'weinroth antineutrino daughter gurkan prescribed' does not contain any words from the original text, hence a score of 1",llama-3.3-70b-versatile
17,do1 antibody,habilitated irvington,5.0,"The word 'antibody' is present in the obfuscated text, indicating complete information leakage.",llama-3.3-70b-versatile
17,do1 antibody,relatives tolhurst,1.0,The obfuscated text does not contain any related words to 'do1 antibody'.,llama-3.3-70b-versatile
17,do1 antibody,laxminarayan antibody,5.0,"The word 'antibody' is present in the obfuscated text, indicating complete information leakage.",llama-3.3-70b-versatile
17,do1 antibody,owner toucheng,1.0,The obfuscated text does not contain any related words to 'do1 antibody'.,llama-3.3-70b-versatile
17,do1 antibody,brodmann test,1.0,The obfuscated text does not contain any related words to 'do1 antibody'.,llama-3.3-70b-versatile
17,do1 antibody,guitar/vocals bernard,1.0,The obfuscated text does not contain any related words to 'do1 antibody'.,llama-3.3-70b-versatile
17,do1 antibody,sekely rts,1.0,The obfuscated text does not contain any related words to 'do1 antibody'.,llama-3.3-70b-versatile
17,do1 antibody,liikanen blomdahl,1.0,The obfuscated text does not contain any related words to 'do1 antibody'.,llama-3.3-70b-versatile
17,do1 antibody,castle sen.,1.0,The obfuscated text does not contain any related words to 'do1 antibody'.,llama-3.3-70b-versatile
17,do1 antibody,calaveras antibodies,5.0,"The word 'antibodies' is present in the obfuscated text, indicating complete information leakage.",llama-3.3-70b-versatile
14,expression or regulation of tgfb in hnscc cancers,expression office calice in deion santy yufa prostate,2.0,The obfuscated text 'expression office calice in deion santy yufa prostate' has a score of 2 because it still contains the word 'expression' which is similar to the original text.,llama-3.3-70b-versatile
14,expression or regulation of tgfb in hnscc cancers,frasca functional pass massood robaina squash antebellum cancers,3.0,The obfuscated text 'frasca functional pass massood robaina squash antebellum cancers' has a score of 3 because it contains the word 'cancers' which is present in the original text.,llama-3.3-70b-versatile
14,expression or regulation of tgfb in hnscc cancers,beeby or around jacques monterrico was eleven-minute scrub,1.0,The obfuscated text 'beeby or around jacques monterrico was eleven-minute scrub' has a score of 1 because it does not contain any words similar to the original text.,llama-3.3-70b-versatile
14,expression or regulation of tgfb in hnscc cancers,erzurum 12.18 teret hereditary nitrian crane felgenhauer playmate,1.0,The obfuscated text 'erzurum 12.18 teret hereditary nitrian crane felgenhauer playmate' has a score of 1 because it does not contain any words similar to the original text.,llama-3.3-70b-versatile
14,expression or regulation of tgfb in hnscc cancers,ripuarian luebbe ratledge cahill gryboski living rux teichert,1.0,The obfuscated text 'ripuarian luebbe ratledge cahill gryboski living rux teichert' has a score of 1 because it does not contain any words similar to the original text.,llama-3.3-70b-versatile
14,expression or regulation of tgfb in hnscc cancers,ultrahigh ; get flu rectus forgery magnitudes cancers,4.0,The obfuscated text 'ultrahigh ; get flu rectus forgery magnitudes cancers' has a score of 4 because it contains the word 'cancers' which is present in the original text and also has some similar context.,llama-3.3-70b-versatile
14,expression or regulation of tgfb in hnscc cancers,papaya zionists specific ghesquiere lajja pedro communists herpes,1.0,The obfuscated text 'papaya zionists specific ghesquiere lajja pedro communists herpes' has a score of 1 because it does not contain any words similar to the original text.,llama-3.3-70b-versatile
14,expression or regulation of tgfb in hnscc cancers,duplication technology enforcement neverland illinois stacy valle curing,1.0,The obfuscated text 'duplication technology enforcement neverland illinois stacy valle curing' has a score of 1 because it does not contain any words similar to the original text.,llama-3.3-70b-versatile
14,expression or regulation of tgfb in hnscc cancers,impaired sincere 58.14 krobia truer $ arne infection,1.0,The obfuscated text 'impaired sincere 58.14 krobia truer $ arne infection' has a score of 1 because it does not contain any words similar to the original text.,llama-3.3-70b-versatile
14,expression or regulation of tgfb in hnscc cancers,maize ruling churandy sarna audible fuyushiba lomban 70.2,1.0,The obfuscated text 'maize ruling churandy sarna audible fuyushiba lomban 70.2' has a score of 1 because it does not contain any words similar to the original text.,llama-3.3-70b-versatile
6,fancd2,present,1.0,The obfuscated text 'present' has no similarity to the original text 'fancd2'.,llama-3.3-70b-versatile
6,fancd2,charal,1.0,The obfuscated text 'charal' has no similarity to the original text 'fancd2'.,llama-3.3-70b-versatile
6,fancd2,ingests,1.0,The obfuscated text 'ingests' has no similarity to the original text 'fancd2'.,llama-3.3-70b-versatile
6,fancd2,amanar,1.0,The obfuscated text 'amanar' has no similarity to the original text 'fancd2'.,llama-3.3-70b-versatile
6,fancd2,hoskinson,1.0,The obfuscated text 'hoskinson' has no similarity to the original text 'fancd2'.,llama-3.3-70b-versatile
6,fancd2,juvenil,1.0,The obfuscated text 'juvenil' has no similarity to the original text 'fancd2'.,llama-3.3-70b-versatile
6,fancd2,beerschot,1.0,The obfuscated text 'beerschot' has no similarity to the original text 'fancd2'.,llama-3.3-70b-versatile
6,fancd2,ranchettes,1.0,The obfuscated text 'ranchettes' has no similarity to the original text 'fancd2'.,llama-3.3-70b-versatile
6,fancd2,arrowwood,1.0,The obfuscated text 'arrowwood' has no similarity to the original text 'fancd2'.,llama-3.3-70b-versatile
6,fancd2,namorita,1.0,The obfuscated text 'namorita' has no similarity to the original text 'fancd2'.,llama-3.3-70b-versatile
1,ferroportin-1 in humans,cadfael sandgate untouched,1.0,No keywords related to the original text are found,llama-3.3-70b-versatile
1,ferroportin-1 in humans,sinan in havilland,1.0,No keywords related to the original text are found,llama-3.3-70b-versatile
1,ferroportin-1 in humans,daffodils draughty kinds,1.0,No keywords related to the original text are found,llama-3.3-70b-versatile
1,ferroportin-1 in humans,cruiser political humans,3.0,"The word 'humans' is present, indicating some information leakage",llama-3.3-70b-versatile
1,ferroportin-1 in humans,haendel in humans,4.0,"The word 'in humans' is present, indicating significant information leakage",llama-3.3-70b-versatile
1,ferroportin-1 in humans,shalal taliban humans,3.0,"The word 'humans' is present, indicating some information leakage",llama-3.3-70b-versatile
1,ferroportin-1 in humans,nabha minister cats,1.0,No keywords related to the original text are found,llama-3.3-70b-versatile
1,ferroportin-1 in humans,herbert iii literatura,1.0,No keywords related to the original text are found,llama-3.3-70b-versatile
1,ferroportin-1 in humans,støre gubernamentales humans,3.0,"The word 'humans' is present, indicating some information leakage",llama-3.3-70b-versatile
1,ferroportin-1 in humans,radullan telechoice motsak,1.0,No keywords related to the original text are found,llama-3.3-70b-versatile
26,function of bub2/bfa1 in the process of cytokinesis,punjab church de methane line schoolrooms palace nakhimov,1.0,The obfuscated text 'punjab church de methane line schoolrooms palace nakhimov' does not contain any information related to the original text.,llama-3.3-70b-versatile
26,function of bub2/bfa1 in the process of cytokinesis,vergeer native lifeboat 9a-9p reflecting 1.9-billion christ time-lapse,1.0,The obfuscated text 'vergeer native lifeboat 9a-9p reflecting 1.9-billion christ time-lapse' does not contain any information related to the original text.,llama-3.3-70b-versatile
26,function of bub2/bfa1 in the process of cytokinesis,0.4000 his anbumani siculus prydain superconductivity companies calcite,1.0,The obfuscated text '0.4000 his anbumani siculus prydain superconductivity companies calcite' does not contain any information related to the original text.,llama-3.3-70b-versatile
26,function of bub2/bfa1 in the process of cytokinesis,voormann edward miembros town high sponsored amass connecticut,1.0,The obfuscated text 'voormann edward miembros town high sponsored connecticut' does not contain any information related to the original text.,llama-3.3-70b-versatile
26,function of bub2/bfa1 in the process of cytokinesis,function : srinagar geumgang past laalou florida l'empire,2.0,The obfuscated text 'function : srinagar geumgang past laalou florida l'empire' contains the word 'function' which is present in the original text but does not convey any meaningful information.,llama-3.3-70b-versatile
26,function of bub2/bfa1 in the process of cytokinesis,chandramohan defensible whitneys nearly yurungkax process american wknd,2.0,The obfuscated text 'chandramohan defensible whitneys nearly yurungkax process american wknd' contains the word 'process' which is present in the original text but does not convey any meaningful information.,llama-3.3-70b-versatile
26,function of bub2/bfa1 in the process of cytokinesis,function array gamache below votes process karoline ocaml,2.0,The obfuscated text 'function array gamache below votes process karoline ocaml' contains the words 'function' and 'process' which are present in the original text but does not convey any meaningful information.,llama-3.3-70b-versatile
26,function of bub2/bfa1 in the process of cytokinesis,sina.com of asmara abroad linear briganti of duty,1.0,The obfuscated text 'sina.com of asmara abroad linear briganti of duty' does not contain any information related to the original text.,llama-3.3-70b-versatile
26,function of bub2/bfa1 in the process of cytokinesis,person yoh induction or anti-human corporatisation momentum cytokinesis,5.0,The obfuscated text 'person yoh induction or anti-human corporatisation momentum cytokinesis' contains the word 'cytokinesis' which is present in the original text and conveys meaningful information.,llama-3.3-70b-versatile
26,function of bub2/bfa1 in the process of cytokinesis,"krasner chahn rigdon clementino 16,000-strong said 's 15:04",1.0,"The obfuscated text 'krasner chahn rigdon clementino 16,000-strong said 's 15:04' does not contain any information related to the original text.",llama-3.3-70b-versatile
4,gene expression profiles for kidney in mice,gene restores 41.91 hanlan viciousness vermeij mice,4.0,"The obfuscated text 'gene restores 41.91 hanlan viciousness vermeij mice' still contains the word 'mice' and 'gene', which is similar to the original text 'gene expression profiles for kidney in mice'.",llama-3.3-70b-versatile
4,gene expression profiles for kidney in mice,v-22 economistas xccikcstar.com much kayo vert mice,2.0,The obfuscated text 'v-22 economistas xccikcstar.com much kayo vert mice' contains the word 'mice' but does not contain any other related words to the original text.,llama-3.3-70b-versatile
4,gene expression profiles for kidney in mice,replication indifference sounes family juives ii vagni,1.0,The obfuscated text 'replication indifference sounes family juives ii vagni' does not contain any related words to the original text.,llama-3.3-70b-versatile
4,gene expression profiles for kidney in mice,bø bingsheng miklikova tours liver dragon mice,3.0,The obfuscated text 'bø bingsheng miklikova tours liver dragon mice' contains the word 'mice' and 'liver' which is related to 'kidney'.,llama-3.3-70b-versatile
4,gene expression profiles for kidney in mice,paller novel os-trov basque painewebber ccyl cells,3.0,The obfuscated text 'paller novel os-trov basque painewebber ccyl cells' contains the word 'cells' which is related to 'gene expression profiles'.,llama-3.3-70b-versatile
4,gene expression profiles for kidney in mice,ruminants wmv photos imitation kidney country mice,5.0,The obfuscated text 'ruminants wmv photos imitation kidney country mice' contains the words 'kidney' and 'mice' which are directly related to the original text.,llama-3.3-70b-versatile
4,gene expression profiles for kidney in mice,gene military jordanstown inoki pancreatic supreme mice,4.0,The obfuscated text 'gene military jordanstown inoki pancreatic supreme mice' contains the words 'gene' and 'mice' and 'pancreatic' which is related to 'kidney'.,llama-3.3-70b-versatile
4,gene expression profiles for kidney in mice,segments user-centered scrolling gholamhossein puducherry thrilla chandrasiri,1.0,The obfuscated text 'segments user-centered scrolling gholamhossein puducherry thrilla chandrasiri' does not contain any related words to the original text.,llama-3.3-70b-versatile
4,gene expression profiles for kidney in mice,tkachenko walthall construct 6-hectare cancer playa buttars,2.0,The obfuscated text 'tkachenko walthall construct 6-hectare cancer playa buttars' contains the word 'cancer' which is related to 'kidney' and 'gene expression profiles'.,llama-3.3-70b-versatile
4,gene expression profiles for kidney in mice,puf kumaratunga high here moorad in blind,1.0,The obfuscated text 'puf kumaratunga high here moorad in blind' does not contain any related words to the original text.,llama-3.3-70b-versatile
34,gene products of cryptococcus important to fungal survival,embryonic mammals president williamsport reasons .550 fungal thirroul,2.0,"The obfuscated text 'embryonic mammals president williamsport reasons .550 fungal thirroul' contains the word 'fungal' which is related to the original text, but the context is completely different.",llama-3.3-70b-versatile
34,gene products of cryptococcus important to fungal survival,monthly beecham castlederg cervecería teleoconch foreshortening cité corozal,1.0,The obfuscated text 'monthly beecham castlederg cervecería teleoconch foreshortening cité corozal' does not contain any words related to the original text.,llama-3.3-70b-versatile
34,gene products of cryptococcus important to fungal survival,genes products island tarang important pytka colonisation genre,4.0,"The obfuscated text 'genes products island tarang important pytka colonisation genre' contains the words 'genes' and 'products' and 'important' which are related to the original text, indicating a high level of information leakage.",llama-3.3-70b-versatile
34,gene products of cryptococcus important to fungal survival,known products germany lamas particular divert theres survival,3.0,"The obfuscated text 'known products germany lamas particular divert theres survival' contains the words 'products' and 'survival' which are related to the original text, indicating some level of information leakage.",llama-3.3-70b-versatile
34,gene products of cryptococcus important to fungal survival,vocalic developments ostapchuk rupturing omar subsequent mansurian http://www.cbs.com,1.0,The obfuscated text 'vocalic developments ostapchuk rupturing omar subsequent mansurian http://www.cbs.com' does not contain any words related to the original text.,llama-3.3-70b-versatile
34,gene products of cryptococcus important to fungal survival,gene restrictions bahamian idyllic royal actual thins novotný,2.0,"The obfuscated text 'gene restrictions bahamian idyllic royal actual thins novotný' contains the word 'gene' which is related to the original text, indicating some level of information leakage.",llama-3.3-70b-versatile
34,gene products of cryptococcus important to fungal survival,eleveld aluminum trustees sayajirao reche aksyonenko themes subtidally,1.0,The obfuscated text 'eleveld aluminum trustees sayajirao reche aksyonenko themes subtidally' does not contain any words related to the original text.,llama-3.3-70b-versatile
34,gene products of cryptococcus important to fungal survival,eyewall zeus bouches-du-rhône filipowicz cienaga swindle fungal cross-boundary,2.0,"The obfuscated text 'eyewall zeus bouches-du-rhône filipowicz cienaga swindle fungal cross-boundary' contains the word 'fungal' which is related to the original text, but the context is completely different.",llama-3.3-70b-versatile
34,gene products of cryptococcus important to fungal survival,radio debruce heads sidran vesnina 229 perelman rarely,1.0,The obfuscated text 'radio debruce heads sidran vesnina 229 perelman rarely' does not contain any words related to the original text.,llama-3.3-70b-versatile
34,gene products of cryptococcus important to fungal survival,36-12 cold ankunda ave. vilarrubi to mansion lotte,1.0,The obfuscated text '36-12 cold ankunda ave. vilarrubi to mansion lotte' does not contain any words related to the original text.,llama-3.3-70b-versatile
2,generating transgenic mice,mohamed ka'imi mária,1.0,"The obfuscated text 'mohamed ka'imi mária' does not contain any information related to the original text, so the score is 1.",llama-3.3-70b-versatile
2,generating transgenic mice,kilowatt africaines mice,2.0,"The obfuscated text 'kilowatt africaines mice' contains the word 'mice' which is present in the original text, but the context is different, so the score is 2.",llama-3.3-70b-versatile
2,generating transgenic mice,"e-khumri 432,000 mydoom.b",1.0,"The obfuscated text 'e-khumri 432,000 mydoom.b' does not contain any information related to the original text, so the score is 1.",llama-3.3-70b-versatile
2,generating transgenic mice,rates he ettarashany,1.0,"The obfuscated text 'rates he ettarashany' does not contain any information related to the original text, so the score is 1.",llama-3.3-70b-versatile
2,generating transgenic mice,generators curd hertogenbosch,2.0,"The obfuscated text 'generators curd hertogenbosch' contains the word 'generators' which is similar to 'generating' in the original text, but the context is different, so the score is 2.",llama-3.3-70b-versatile
2,generating transgenic mice,chabot git mice,2.0,"The obfuscated text 'chabot git mice' contains the word 'mice' which is present in the original text, but the context is different, so the score is 2.",llama-3.3-70b-versatile
2,generating transgenic mice,simalungun 24.30 złotów,1.0,"The obfuscated text 'simalungun 24.30 złotów' does not contain any information related to the original text, so the score is 1.",llama-3.3-70b-versatile
2,generating transgenic mice,generating nishant mice,5.0,"The obfuscated text 'generating nishant mice' contains the words 'generating' and 'mice' which are present in the original text, so the score is 5.",llama-3.3-70b-versatile
2,generating transgenic mice,afc icar daniszewski,1.0,"The obfuscated text 'afc icar daniszewski' does not contain any information related to the original text, so the score is 1.",llama-3.3-70b-versatile
2,generating transgenic mice,cockenzie 68.64 0.3-0,1.0,"The obfuscated text 'cockenzie 68.64 0.3-0' does not contain any information related to the original text, so the score is 1.",llama-3.3-70b-versatile
42,genes altered by chromosome translocations,genes affect installed chromosome pasquale,4.0,"The obfuscated text 'genes affect installed chromosome pasquale' contains the word 'chromosome' which is related to the original text, hence a score of 4",llama-3.3-70b-versatile
42,genes altered by chromosome translocations,epidemics wearing trusdell other ichneumon,1.0,"The obfuscated text 'epidemics wearing trusdell other ichneumon' does not contain any related words, hence a score of 1",llama-3.3-70b-versatile
42,genes altered by chromosome translocations,"1935-1937 matter nayla 187,500 9.02",1.0,"The obfuscated text '1935-1937 matter nayla 187,500 9.02' does not contain any related words, hence a score of 1",llama-3.3-70b-versatile
42,genes altered by chromosome translocations,bivalve mariners refining d.b.h. ayes,1.0,"The obfuscated text 'bivalve mariners refining d.b.h. ayes' does not contain any related words, hence a score of 1",llama-3.3-70b-versatile
42,genes altered by chromosome translocations,"genes 1,734 francia unventilated praefcke",3.0,"The obfuscated text 'genes 1,734 francia unventilated praefcke' contains the word 'genes' which is related to the original text, hence a score of 3",llama-3.3-70b-versatile
42,genes altered by chromosome translocations,contepomi bandipur with surgery 160km,1.0,"The obfuscated text 'contepomi bandipur with surgery 160km' does not contain any related words, hence a score of 1",llama-3.3-70b-versatile
42,genes altered by chromosome translocations,like tasseled zahd chromosome wyser,4.0,"The obfuscated text 'like tasseled zahd chromosome wyser' contains the word 'chromosome' which is related to the original text, hence a score of 4",llama-3.3-70b-versatile
42,genes altered by chromosome translocations,"4,035 darreh-ye 38.92 2one kcnc",1.0,"The obfuscated text '4,035 darreh-ye 38.92 2one kcnc' does not contain any related words, hence a score of 1",llama-3.3-70b-versatile
42,genes altered by chromosome translocations,7.0-8 youcef politico chromosomes football,5.0,"The obfuscated text '7.0-8 youcef politico chromosomes football' contains the word 'chromosomes' which is related to the original text, hence a score of 5",llama-3.3-70b-versatile
42,genes altered by chromosome translocations,deputy baoxing eighth-largest barqawi 27.41,1.0,"The obfuscated text 'deputy baoxing eighth-largest barqawi 27.41' does not contain any related words, hence a score of 1",llama-3.3-70b-versatile
12,genes regulated by smad4,riccio gramajo by hospitality,1.0,No apparent relation to the original text,llama-3.3-70b-versatile
12,genes regulated by smad4,chromatin auditor contained corretja,1.0,No apparent relation to the original text,llama-3.3-70b-versatile
12,genes regulated by smad4,report gadama by tashkent,1.0,No apparent relation to the original text,llama-3.3-70b-versatile
12,genes regulated by smad4,mauricio moscow knocking aprilia,1.0,No apparent relation to the original text,llama-3.3-70b-versatile
12,genes regulated by smad4,cominform coast : cascos,1.0,No apparent relation to the original text,llama-3.3-70b-versatile
12,genes regulated by smad4,subcommunities dayanara garp micrometre,1.0,No apparent relation to the original text,llama-3.3-70b-versatile
12,genes regulated by smad4,costs heterozygous byker shamil,1.0,No apparent relation to the original text,llama-3.3-70b-versatile
12,genes regulated by smad4,genes goldman password gathering,3.0,"The word 'genes' is present, indicating potential information leakage",llama-3.3-70b-versatile
12,genes regulated by smad4,mev mexicana gosse incorporated,1.0,No apparent relation to the original text,llama-3.3-70b-versatile
12,genes regulated by smad4,genes directly disarm arnoun,3.0,"The word 'genes' is present, indicating potential information leakage",llama-3.3-70b-versatile
18,gis4,snamprogetti,1.0,No apparent connection to 'gis4',llama-3.3-70b-versatile
18,gis4,neuville,1.0,No apparent connection to 'gis4',llama-3.3-70b-versatile
18,gis4,r/3,1.0,No apparent connection to 'gis4',llama-3.3-70b-versatile
18,gis4,auburn,1.0,No apparent connection to 'gis4',llama-3.3-70b-versatile
18,gis4,africains,1.0,No apparent connection to 'gis4',llama-3.3-70b-versatile
18,gis4,argonauts,1.0,No apparent connection to 'gis4',llama-3.3-70b-versatile
18,gis4,ruhlmann,1.0,No apparent connection to 'gis4',llama-3.3-70b-versatile
18,gis4,hussain,1.0,No apparent connection to 'gis4',llama-3.3-70b-versatile
18,gis4,ippon,1.0,No apparent connection to 'gis4',llama-3.3-70b-versatile
18,gis4,affero,1.0,No apparent connection to 'gis4',llama-3.3-70b-versatile
49,glyphosate tolerance gene sequence,overfishing tolerance material futon,2.0,"The word 'tolerance' is present in the obfuscated text, but 'glyphosate' is replaced with 'overfishing' and 'gene sequence' is replaced with 'material futon', indicating minimal information leakage",llama-3.3-70b-versatile
49,glyphosate tolerance gene sequence,autocorrelation feroli gene national,2.0,"The word 'gene' is present, but 'glyphosate' and 'sequence' are replaced with unrelated words, indicating minimal information leakage",llama-3.3-70b-versatile
49,glyphosate tolerance gene sequence,retrofits enlarged expression locations,1.0,"The word 'gene' is not present, and 'sequence' is replaced with 'locations', indicating no information leakage",llama-3.3-70b-versatile
49,glyphosate tolerance gene sequence,eastbay islam gene seven-digit,2.0,"The word 'gene' is present, but 'glyphosate' and 'sequence' are replaced with unrelated words, indicating minimal information leakage",llama-3.3-70b-versatile
49,glyphosate tolerance gene sequence,l'humanite f-86 xiaolangdi restituted,1.0,"None of the original words are present, indicating no information leakage",llama-3.3-70b-versatile
49,glyphosate tolerance gene sequence,lccs passband gene lush,2.0,"The word 'gene' is present, but 'glyphosate' and 'sequence' are replaced with unrelated words, indicating minimal information leakage",llama-3.3-70b-versatile
49,glyphosate tolerance gene sequence,nhls vain show latinisation,1.0,"None of the original words are present, indicating no information leakage",llama-3.3-70b-versatile
49,glyphosate tolerance gene sequence,nonoxynol-9 gvul tieghem at,1.0,"None of the original words are present, indicating no information leakage",llama-3.3-70b-versatile
49,glyphosate tolerance gene sequence,endorsing country simorgh τ,1.0,"None of the original words are present, indicating no information leakage",llama-3.3-70b-versatile
49,glyphosate tolerance gene sequence,ranucci didelphimorphia gorbunov sequence,2.0,"The word 'sequence' is present, but 'glyphosate' and 'gene' are replaced with unrelated words, indicating minimal information leakage",llama-3.3-70b-versatile
47,human gene bcl-2 antagonists and inhibitors,"human gene "" tongue erwin bayakoa",2.0,"The obfuscated text 'human gene  tongue erwin bayakoa' has some similarity to the original text 'human gene bcl-2 antagonists and inhibitors' with the presence of 'human gene', but the rest of the text is unrelated, thus a score of 2",llama-3.3-70b-versatile
47,human gene bcl-2 antagonists and inhibitors,spears katsouranis mycenaceae rv saint-étienne method,1.0,"The obfuscated text 'spears katsouranis mycenaceae rv saint-étienne method' has no similarity to the original text, thus a score of 1",llama-3.3-70b-versatile
47,human gene bcl-2 antagonists and inhibitors,"km genes 2,398 uygur ghost inhibitors",3.0,"The obfuscated text 'km genes 2,398 uygur ghost inhibitors' has some similarity to the original text with the presence of 'genes' and 'inhibitors', thus a score of 3",llama-3.3-70b-versatile
47,human gene bcl-2 antagonists and inhibitors,use falaknuma olivares shared-time legislations etchers,1.0,"The obfuscated text 'use falaknuma olivares shared-time legislations etchers' has no similarity to the original text, thus a score of 1",llama-3.3-70b-versatile
47,human gene bcl-2 antagonists and inhibitors,telefonico cooling kalpakkam shavir have inhibitors,2.0,"The obfuscated text 'telefonico cooling kalpakkam shavir have inhibitors' has some similarity to the original text with the presence of 'inhibitors', thus a score of 2",llama-3.3-70b-versatile
47,human gene bcl-2 antagonists and inhibitors,games voices garhbeta s.t. phil ⅞,1.0,"The obfuscated text 'games voices garhbeta s.t. phil ⅞' has no similarity to the original text, thus a score of 1",llama-3.3-70b-versatile
47,human gene bcl-2 antagonists and inhibitors,state d bcl-2 upsetter minesweeping transistor,4.0,"The obfuscated text 'state d bcl-2 upsetter minesweeping transistor' has significant similarity to the original text with the presence of 'bcl-2', thus a score of 4",llama-3.3-70b-versatile
47,human gene bcl-2 antagonists and inhibitors,novosibirsk gene goon zalman products inhibitors,3.0,"The obfuscated text 'novosibirsk gene goon zalman products inhibitors' has some similarity to the original text with the presence of 'gene' and 'inhibitors', thus a score of 3",llama-3.3-70b-versatile
47,human gene bcl-2 antagonists and inhibitors,devices alberta consortium cartels around aetolian,1.0,"The obfuscated text 'devices alberta consortium cartels around aetolian' has no similarity to the original text, thus a score of 1",llama-3.3-70b-versatile
47,human gene bcl-2 antagonists and inhibitors,runscorers alouatta blackboard medvedev berntsson fisc,1.0,"The obfuscated text 'runscorers alouatta blackboard medvedev berntsson fisc' has no similarity to the original text, thus a score of 1",llama-3.3-70b-versatile
48,human homologues of c. elegans unc genes,荊南 kenani of kerby sanskrit vunivalu cuatro,1.0,No apparent relation to the original text,llama-3.3-70b-versatile
48,human homologues of c. elegans unc genes,that 212-621-5449 comoé metalloproteinase thurso unc drug,4.0,"Mentions 'unc' which is present in the original text, indicating possible information leakage",llama-3.3-70b-versatile
48,human homologues of c. elegans unc genes,watershed phenotypic pulse roman bae meinhold genes,4.0,"Mentions 'genes' which is present in the original text, indicating possible information leakage",llama-3.3-70b-versatile
48,human homologues of c. elegans unc genes,"villalta london rokeach default.aspx "" 10,927 genes",4.0,"Mentions 'genes' which is present in the original text, indicating possible information leakage",llama-3.3-70b-versatile
48,human homologues of c. elegans unc genes,- 28m foaf 1070 lipase australia chromosomes,1.0,No apparent relation to the original text,llama-3.3-70b-versatile
48,human homologues of c. elegans unc genes,lead yahoun medal york professor forestry genes,4.0,"Mentions 'genes' and 'professor' which could be related to the original text, indicating possible information leakage",llama-3.3-70b-versatile
48,human homologues of c. elegans unc genes,tested melaleuca maulawi maximilians aandahl a&t genes,4.0,"Mentions 'genes' which is present in the original text, indicating possible information leakage",llama-3.3-70b-versatile
48,human homologues of c. elegans unc genes,human polynomials renyi satow luna hdl all-story,1.0,No apparent relation to the original text,llama-3.3-70b-versatile
48,human homologues of c. elegans unc genes,altitude lowii farce film breathe raszyn organs,1.0,No apparent relation to the original text,llama-3.3-70b-versatile
48,human homologues of c. elegans unc genes,finite pyne trapezoid c. elegans cms reggio,5.0,"Mentions 'c. elegans' which is present in the original text, indicating significant information leakage",llama-3.3-70b-versatile
39,hypertension,hypertension,5.0,"The obfuscated text 'hypertension' is identical to the original text, indicating complete information leakage.",llama-3.3-70b-versatile
39,hypertension,erma,1.0,"The obfuscated text 'erma' is unrelated to the original text, indicating no information leakage.",llama-3.3-70b-versatile
39,hypertension,limpieza,1.0,"The obfuscated text 'limpieza' is unrelated to the original text, indicating no information leakage.",llama-3.3-70b-versatile
39,hypertension,shanxi,1.0,"The obfuscated text 'shanxi' is unrelated to the original text, indicating no information leakage.",llama-3.3-70b-versatile
39,hypertension,mennini,1.0,"The obfuscated text 'mennini' is unrelated to the original text, indicating no information leakage.",llama-3.3-70b-versatile
39,hypertension,hypertension,5.0,"The obfuscated text 'hypertension' is identical to the original text, indicating complete information leakage.",llama-3.3-70b-versatile
39,hypertension,hypertension,5.0,"The obfuscated text 'hypertension' is identical to the original text, indicating complete information leakage.",llama-3.3-70b-versatile
39,hypertension,scid,1.0,"The obfuscated text 'scid' is unrelated to the original text, indicating no information leakage.",llama-3.3-70b-versatile
39,hypertension,controlling,3.0,"The obfuscated text 'controlling' is related to the original text as it can be associated with managing hypertension, indicating partial information leakage.",llama-3.3-70b-versatile
39,hypertension,ceanothus,1.0,"The obfuscated text 'ceanothus' is unrelated to the original text, indicating no information leakage.",llama-3.3-70b-versatile
50,low temperature protein expression in e. coli,lieko ernie amor moscow owatonna viminalis antifreeze,1.0,The obfuscated text 'lieko ernie amor moscow owatonna viminalis antifreeze' does not contain any information related to the original text.,llama-3.3-70b-versatile
50,low temperature protein expression in e. coli,below bechtler haleem '' cpj mass marquez,1.0,The obfuscated text 'below bechtler haleem '' cpj mass marquez' does not contain any information related to the original text.,llama-3.3-70b-versatile
50,low temperature protein expression in e. coli,"serageldin temperature molecules hackers "" edwin duz",3.0,The obfuscated text 'serageldin temperature molecules hackers  edwin duz' contains the word 'temperature' which is related to the original text.,llama-3.3-70b-versatile
50,low temperature protein expression in e. coli,lower 115-degree protein fery keqiang vanderhei kriwet,4.0,The obfuscated text 'lower 115-degree protein fery keqiang vanderhei kriwet' contains the words 'lower' and 'protein' which are related to the original text.,llama-3.3-70b-versatile
50,low temperature protein expression in e. coli,huangs temperature antithrombin expression twenty-third 89-second piers,5.0,The obfuscated text 'huangs temperature antithrombin expression twenty-third 89-second piers' contains the words 'temperature' and 'expression' which are related to the original text.,llama-3.3-70b-versatile
50,low temperature protein expression in e. coli,khaldei cañón glutathione bylaws parisiennes aounit bse,1.0,The obfuscated text 'khaldei cañón glutathione bylaws parisiennes aounit bse' does not contain any information related to the original text.,llama-3.3-70b-versatile
50,low temperature protein expression in e. coli,club melt silicate 22.0 sobero himself coli,2.0,The obfuscated text 'club melt silicate 22.0 sobero himself coli' contains the word 'coli' which is related to the original text.,llama-3.3-70b-versatile
50,low temperature protein expression in e. coli,80.63 relay protein rocket shomali raske www.michelin,2.0,The obfuscated text '80.63 relay protein rocket shomali raske www.michelin' contains the word 'protein' which is related to the original text.,llama-3.3-70b-versatile
50,low temperature protein expression in e. coli,verde lugaresi protein rabab potente frederik drumheller,2.0,The obfuscated text 'verde lugaresi protein rabab potente frederik drumheller' contains the word 'protein' which is related to the original text.,llama-3.3-70b-versatile
50,low temperature protein expression in e. coli,bregy jote mutations william $ movie coli,2.0,The obfuscated text 'bregy jote mutations william $ movie coli' contains the word 'coli' which is related to the original text.,llama-3.3-70b-versatile
45,mental health wellness-1,1/km health ogre,4.0,The obfuscated text '1/km health ogre' has a score of 4 because it still contains the word 'health' which is related to the original text 'mental health wellness-1'.,llama-3.3-70b-versatile
45,mental health wellness-1,yat-sen jains chevenement,1.0,The obfuscated text 'yat-sen jains chevenement' has a score of 1 because it does not contain any words related to the original text.,llama-3.3-70b-versatile
45,mental health wellness-1,education putin groton,1.0,The obfuscated text 'education putin groton' has a score of 1 because it does not contain any words related to the original text.,llama-3.3-70b-versatile
45,mental health wellness-1,berlind advisory scotland,1.0,The obfuscated text 'berlind advisory scotland' has a score of 1 because it does not contain any words related to the original text.,llama-3.3-70b-versatile
45,mental health wellness-1,psychiatrist panayiotou talgo,5.0,The obfuscated text 'psychiatrist panayiotou talgo' has a score of 5 because it contains the word 'psychiatrist' which is closely related to the original text 'mental health wellness-1'.,llama-3.3-70b-versatile
45,mental health wellness-1,louis missenden loafers,1.0,The obfuscated text 'louis missenden loafers' has a score of 1 because it does not contain any words related to the original text.,llama-3.3-70b-versatile
45,mental health wellness-1,nyong smarth worldgraphics,1.0,The obfuscated text 'nyong smarth worldgraphics' has a score of 1 because it does not contain any words related to the original text.,llama-3.3-70b-versatile
45,mental health wellness-1,mental group recoleta,5.0,The obfuscated text 'mental group recoleta' has a score of 5 because it contains the word 'mental' which is closely related to the original text 'mental health wellness-1'.,llama-3.3-70b-versatile
45,mental health wellness-1,"surgeons 444,000 summit",1.0,"The obfuscated text 'surgeons 444,000 summit' has a score of 1 because it does not contain any words related to the original text.",llama-3.3-70b-versatile
45,mental health wellness-1,director promoted 5nb,1.0,The obfuscated text 'director promoted 5nb' has a score of 1 because it does not contain any words related to the original text.,llama-3.3-70b-versatile
33,"mice, mutant strains, and histoplasmosis","bay casady stoppini association 1,723",1.0,"The obfuscated text 'bay casady stoppini association 1,723' does not contain any words related to the original text, so it gets a score of 1.",llama-3.3-70b-versatile
33,"mice, mutant strains, and histoplasmosis",revista p53 in-game tentoni mugume,4.0,"The obfuscated text 'revista p53 in-game tentoni mugume' contains the word 'p53' which is related to genetics and mutant strains, so it gets a score of 4.",llama-3.3-70b-versatile
33,"mice, mutant strains, and histoplasmosis",mucia yakuza stern dod potentiometric,1.0,"The obfuscated text 'mucia yakuza stern dod potentiometric' does not contain any words related to the original text, so it gets a score of 1.",llama-3.3-70b-versatile
33,"mice, mutant strains, and histoplasmosis",bartoshuk 2.975 locator and recuerda,1.0,"The obfuscated text 'bartoshuk 2.975 locator and recuerda' does not contain any words related to the original text, so it gets a score of 1.",llama-3.3-70b-versatile
33,"mice, mutant strains, and histoplasmosis",macquarie cosmos kollias settle 、,1.0,"The obfuscated text 'macquarie cosmos kollias settle 、' does not contain any words related to the original text, so it gets a score of 1.",llama-3.3-70b-versatile
33,"mice, mutant strains, and histoplasmosis",choline somebody nse fallar 27.90,2.0,"The obfuscated text 'choline somebody nse fallar 27.90' contains the word 'choline' which is related to biology, but not directly to the original text, so it gets a score of 2.",llama-3.3-70b-versatile
33,"mice, mutant strains, and histoplasmosis",fossel 's herewith flats hunziker,1.0,"The obfuscated text 'fossel 's herewith flats hunziker' does not contain any words related to the original text, so it gets a score of 1.",llama-3.3-70b-versatile
33,"mice, mutant strains, and histoplasmosis",pjak man-sized event faction rezaq,1.0,"The obfuscated text 'pjak man-sized event faction rezaq' does not contain any words related to the original text, so it gets a score of 1.",llama-3.3-70b-versatile
33,"mice, mutant strains, and histoplasmosis","1,000-metre league argüello population floating",1.0,"The obfuscated text '1,000-metre league argüello population floating' does not contain any words related to the original text, so it gets a score of 1.",llama-3.3-70b-versatile
33,"mice, mutant strains, and histoplasmosis",2.55 deacetylase their transcript kyes,3.0,"The obfuscated text '2.55 deacetylase their transcript kyes' contains the word 'deacetylase' and 'transcript' which are related to genetics, so it gets a score of 3.",llama-3.3-70b-versatile
24,mouse peptidoglycan recognition proteins (pgrp),beck 41-9 rock/heavy organelles cenepa,1.0,No keywords related to the original text are found,llama-3.3-70b-versatile
24,mouse peptidoglycan recognition proteins (pgrp),phal end-of-war npda dysregulation trebnje,1.0,No keywords related to the original text are found,llama-3.3-70b-versatile
24,mouse peptidoglycan recognition proteins (pgrp),104-mile peptidoglycan bars proteins billionths,3.0,"The word 'peptidoglycan' is present, indicating some information leakage",llama-3.3-70b-versatile
24,mouse peptidoglycan recognition proteins (pgrp),monkey peptidoglycan said proteins buzzer,4.0,"The words 'peptidoglycan' and 'proteins' are present, indicating some information leakage",llama-3.3-70b-versatile
24,mouse peptidoglycan recognition proteins (pgrp),caine 46-10 depp cytokine female,1.0,No keywords related to the original text are found,llama-3.3-70b-versatile
24,mouse peptidoglycan recognition proteins (pgrp),maskinongé bustards name airflow koszalin,1.0,No keywords related to the original text are found,llama-3.3-70b-versatile
24,mouse peptidoglycan recognition proteins (pgrp),varia general card proteins shizue,2.0,"The word 'proteins' is present, indicating some information leakage",llama-3.3-70b-versatile
24,mouse peptidoglycan recognition proteins (pgrp),code 1stlead delino cd3 nomvethe,1.0,No keywords related to the original text are found,llama-3.3-70b-versatile
24,mouse peptidoglycan recognition proteins (pgrp),track peptidoglycan be proteins rh6,4.0,"The words 'peptidoglycan' and 'proteins' are present, indicating some information leakage",llama-3.3-70b-versatile
24,mouse peptidoglycan recognition proteins (pgrp),their sección grants bisceglie aegean,1.0,No keywords related to the original text are found,llama-3.3-70b-versatile
41,mutations in the cystic fibrosis conductance regulator gene,mutations english chrysologue t-55 cystic turkson bhalwal taxis,2.0,"The word 'cystic' is present, but the context is completely changed",llama-3.3-70b-versatile
41,mutations in the cystic fibrosis conductance regulator gene,mandeb jingna nanman cystic laceration vereinigte two-light highland,2.0,"The word 'cystic' is present, but it's combined with unrelated words",llama-3.3-70b-versatile
41,mutations in the cystic fibrosis conductance regulator gene,hollandsworth akbar casalesi assoluta tumor membrane 14-2 lig,1.0,No relevant words are present,llama-3.3-70b-versatile
41,mutations in the cystic fibrosis conductance regulator gene,"mutations sea country 769,000 ilham beaded holtus yadumi",2.0,"The word 'mutations' is present, but the context is completely changed",llama-3.3-70b-versatile
41,mutations in the cystic fibrosis conductance regulator gene,chipotles 10.13 makhtar adm. uae kla said gene,2.0,"The word 'gene' is present, but the context is completely changed",llama-3.3-70b-versatile
41,mutations in the cystic fibrosis conductance regulator gene,ebbers paleoindian jimmy sothern provident gernreich what magnitudes,1.0,No relevant words are present,llama-3.3-70b-versatile
41,mutations in the cystic fibrosis conductance regulator gene,neanderthal josette sljivancanin 10.50 theory ramified regulators 725-word,4.0,"The word 'regulators' is present, and 'conductance' is related to the original text",llama-3.3-70b-versatile
41,mutations in the cystic fibrosis conductance regulator gene,cytoplasmic stockton ordnance arkaitz kootenay conductance swig junction,3.0,"The word 'conductance' is present, and it's related to the original text",llama-3.3-70b-versatile
41,mutations in the cystic fibrosis conductance regulator gene,cottages `` that cinematographers slender fritts consob chromatin,1.0,No relevant words are present,llama-3.3-70b-versatile
41,mutations in the cystic fibrosis conductance regulator gene,mitochondrial 62.2 goods centene cardiomyopathy 6.53 soft gueorgui,1.0,No relevant words are present,llama-3.3-70b-versatile
9,muty,contaminants,1.0,The word 'contaminants' has no relation to 'muty',llama-3.3-70b-versatile
9,muty,neurochemical,1.0,The word 'neurochemical' has no relation to 'muty',llama-3.3-70b-versatile
9,muty,sportscar,1.0,The word 'sportscar' has no relation to 'muty',llama-3.3-70b-versatile
9,muty,mitre,2.0,The word 'mitre' has a slight similarity in spelling to 'muty',llama-3.3-70b-versatile
9,muty,saticoy,1.0,The word 'saticoy' has no relation to 'muty',llama-3.3-70b-versatile
9,muty,2-for-1,1.0,The word '2-for-1' has no relation to 'muty',llama-3.3-70b-versatile
9,muty,norteño,1.0,The word 'norteño' has no relation to 'muty',llama-3.3-70b-versatile
9,muty,craigs,1.0,The word 'craigs' has no relation to 'muty',llama-3.3-70b-versatile
9,muty,500-million,1.0,The word '500-million' has no relation to 'muty',llama-3.3-70b-versatile
9,muty,angioplasties,1.0,The word 'angioplasties' has no relation to 'muty',llama-3.3-70b-versatile
10,neil1,perform,1.0,The obfuscated text 'perform' does not contain any information from the original text 'neil1'.,llama-3.3-70b-versatile
10,neil1,harroun,1.0,The obfuscated text 'harroun' does not contain any information from the original text 'neil1'.,llama-3.3-70b-versatile
10,neil1,rigali,1.0,The obfuscated text 'rigali' does not contain any information from the original text 'neil1'.,llama-3.3-70b-versatile
10,neil1,dichaves,1.0,The obfuscated text 'dichaves' does not contain any information from the original text 'neil1'.,llama-3.3-70b-versatile
10,neil1,observant,1.0,The obfuscated text 'observant' does not contain any information from the original text 'neil1'.,llama-3.3-70b-versatile
10,neil1,doctors,1.0,The obfuscated text 'doctors' does not contain any information from the original text 'neil1'.,llama-3.3-70b-versatile
10,neil1,previously,1.0,The obfuscated text 'previously' does not contain any information from the original text 'neil1'.,llama-3.3-70b-versatile
10,neil1,batiz,1.0,The obfuscated text 'batiz' does not contain any information from the original text 'neil1'.,llama-3.3-70b-versatile
10,neil1,djlfx,1.0,The obfuscated text 'djlfx' does not contain any information from the original text 'neil1'.,llama-3.3-70b-versatile
10,neil1,yussif,1.0,The obfuscated text 'yussif' does not contain any information from the original text 'neil1'.,llama-3.3-70b-versatile
37,pam,typesetting,1.0,"No leakage, completely unrelated",llama-3.3-70b-versatile
37,pam,empson,1.0,"No leakage, completely unrelated",llama-3.3-70b-versatile
37,pam,devedjian,1.0,"No leakage, completely unrelated",llama-3.3-70b-versatile
37,pam,her,1.0,"No leakage, completely unrelated",llama-3.3-70b-versatile
37,pam,"300,000-500",1.0,"No leakage, completely unrelated",llama-3.3-70b-versatile
37,pam,sehlinger,1.0,"No leakage, completely unrelated",llama-3.3-70b-versatile
37,pam,suzan,1.0,"No leakage, completely unrelated",llama-3.3-70b-versatile
37,pam,thumbs-up,1.0,"No leakage, completely unrelated",llama-3.3-70b-versatile
37,pam,ragheh,1.0,"No leakage, completely unrelated",llama-3.3-70b-versatile
37,pam,said,1.0,"No leakage, completely unrelated",llama-3.3-70b-versatile
29,phenotypes of gyra mutations,yanbu first 14:49 occur,4.0,"The word 'mutations' is present, indicating some information leakage",llama-3.3-70b-versatile
29,phenotypes of gyra mutations,bearss state legislative --,1.0,"No relevant keywords are present, indicating no information leakage",llama-3.3-70b-versatile
29,phenotypes of gyra mutations,muffin 1.700 hildesheim trapped,1.0,"No relevant keywords are present, indicating no information leakage",llama-3.3-70b-versatile
29,phenotypes of gyra mutations,timb bratton badak blechman,1.0,"No relevant keywords are present, indicating no information leakage",llama-3.3-70b-versatile
29,phenotypes of gyra mutations,plymouths janeiro blakey mutations,3.0,"The word 'mutations' is present and 'plymouths' could be related to 'phenotypes', indicating some information leakage",llama-3.3-70b-versatile
29,phenotypes of gyra mutations,segments fans endarterectomy fleming,1.0,"No relevant keywords are present, indicating no information leakage",llama-3.3-70b-versatile
29,phenotypes of gyra mutations,nlb salaried grbavica uygur,1.0,"No relevant keywords are present, indicating no information leakage",llama-3.3-70b-versatile
29,phenotypes of gyra mutations,ferrill qui 173.50 20-percent,1.0,"No relevant keywords are present, indicating no information leakage",llama-3.3-70b-versatile
29,phenotypes of gyra mutations,stockholder proficiency stabbers 667,1.0,"No relevant keywords are present, indicating no information leakage",llama-3.3-70b-versatile
29,phenotypes of gyra mutations,cinematografia drafts agd spectra,1.0,"No relevant keywords are present, indicating no information leakage",llama-3.3-70b-versatile
28,proteases that function in both apoptosis and autophagy cell death,methionine siewert computation year studied hamaguchi mid-atlantic psalm city vorgan,1.0,No relevant information is present,llama-3.3-70b-versatile
28,proteases that function in both apoptosis and autophagy cell death,proteases norteamericano hamdullah dirty awt cytochrome henrietta plavsic `` across,3.0,Some relevant words are present but not in the correct context,llama-3.3-70b-versatile
28,proteases that function in both apoptosis and autophagy cell death,"rallye ball function in australia apoptosis serbia hasselbaink "" said",2.0,Some relevant words are present but not in the correct context,llama-3.3-70b-versatile
28,proteases that function in both apoptosis and autophagy cell death,.689 response designed passers at brøndby limestones intakes blastocysts until,1.0,No relevant information is present,llama-3.3-70b-versatile
28,proteases that function in both apoptosis and autophagy cell death,proteases or '' zhuo gay redox ajloun ucci cell burial,4.0,Some relevant words are present but not in the correct context,llama-3.3-70b-versatile
28,proteases that function in both apoptosis and autophagy cell death,antennas western enzymes ramachandran which excitotoxicity matches waggle hemoglobin myburgh,1.0,No relevant information is present,llama-3.3-70b-versatile
28,proteases that function in both apoptosis and autophagy cell death,proteases marketplace necessary in marginally apoptosis meenas domingues other any,3.0,Some relevant words are present but not in the correct context,llama-3.3-70b-versatile
28,proteases that function in both apoptosis and autophagy cell death,reelin said chazov manager matter rac mousavian registry end bianco,1.0,No relevant information is present,llama-3.3-70b-versatile
28,proteases that function in both apoptosis and autophagy cell death,proteases utica kadijević more been apoptosis ce jelšah e-taiba rpalmeiro,4.0,Some relevant words are present but not in the correct context,llama-3.3-70b-versatile
28,proteases that function in both apoptosis and autophagy cell death,naveen than marxism police carabobo apoptosis internees mustaine specifiers death,3.0,Some relevant words are present but not in the correct context,llama-3.3-70b-versatile
44,proteins involved in the nerve growth factor pathway,protein pearling billions harcourt oakmont growth honkers ',4.0,"The obfuscated text 'protein pearling billions harcourt oakmont growth honkers '' contains the word 'protein' and 'growth' which are related to the original text, hence a score of 4",llama-3.3-70b-versatile
44,proteins involved in the nerve growth factor pathway,mehalba members boredom goal off-reservation cohesive vakinankaratra house,1.0,"The obfuscated text 'mehalba members boredom goal off-reservation cohesive vakinankaratra house' does not contain any related words, hence a score of 1",llama-3.3-70b-versatile
44,proteins involved in the nerve growth factor pathway,proteins varginha balked mahendravarman gripping percent gramsci 300-kilometer,3.0,"The obfuscated text 'proteins varginha balked mahendravarman gripping percent gramsci 300-kilometer' contains the word 'proteins' which is related to the original text, hence a score of 3",llama-3.3-70b-versatile
44,proteins involved in the nerve growth factor pathway,our privatize like the said turnpike zasyadko labs,1.0,"The obfuscated text 'our privatize like the said turnpike zasyadko labs' does not contain any related words, hence a score of 1",llama-3.3-70b-versatile
44,proteins involved in the nerve growth factor pathway,kaczynski allen nicaragua toroidal clashes growth nazir 1987-92,2.0,"The obfuscated text 'kaczynski allen nicaragua toroidal clashes growth nazir 1987-92' contains the word 'growth' which is related to the original text, hence a score of 2",llama-3.3-70b-versatile
44,proteins involved in the nerve growth factor pathway,some involved salaries blacks perucho growth star-ledger tlingit,4.0,"The obfuscated text 'some involved salaries blacks perucho growth star-ledger tlingit' contains the words 'involved' and 'growth' which are related to the original text, hence a score of 4",llama-3.3-70b-versatile
44,proteins involved in the nerve growth factor pathway,proteins spranger city mjölby 78.64 growth miguel thermonuclear,5.0,"The obfuscated text 'proteins spranger city mjölby 78.64 growth miguel thermonuclear' contains the words 'proteins' and 'growth' which are related to the original text, hence a score of 5",llama-3.3-70b-versatile
44,proteins involved in the nerve growth factor pathway,nucleotides dynevor bls page horinouchi growth katasila probablemente,2.0,"The obfuscated text 'nucleotides dynevor bls page horinouchi growth katasila probablemente' contains the word 'growth' which is related to the original text, hence a score of 2",llama-3.3-70b-versatile
44,proteins involved in the nerve growth factor pathway,gorizia gualberto ayg segment nerve troussier factor 106.83,5.0,"The obfuscated text 'gorizia gualberto ayg segment nerve troussier factor 106.83' contains the words 'nerve' and 'factor' which are related to the original text, hence a score of 5",llama-3.3-70b-versatile
44,proteins involved in the nerve growth factor pathway,toxin william puppet against weemer romped think benelux,1.0,"The obfuscated text 'toxin william puppet against weemer romped think benelux' does not contain any related words, hence a score of 1",llama-3.3-70b-versatile
5,protocols for isolating cell nuclei,center values djohar cardle dignitas,1.0,No apparent relation to the original text,llama-3.3-70b-versatile
5,protocols for isolating cell nuclei,applesauce nuclear shepway cell sachin,4.0,"Mentions 'nuclear' and 'cell', indicating potential information leakage",llama-3.3-70b-versatile
5,protocols for isolating cell nuclei,gershman for khvostov urban desertions,1.0,No apparent relation to the original text,llama-3.3-70b-versatile
5,protocols for isolating cell nuclei,respun rescuers vende cell nuclei,5.0,"Mentions 'cell nuclei', indicating significant information leakage",llama-3.3-70b-versatile
5,protocols for isolating cell nuclei,cryptographic reached pounds gp bodied,1.0,No apparent relation to the original text,llama-3.3-70b-versatile
5,protocols for isolating cell nuclei,selwa between iqbal visitar nucleons,4.0,"Mentions 'nucleons', indicating potential information leakage",llama-3.3-70b-versatile
5,protocols for isolating cell nuclei,signed farrar greensville cryo -0.3,1.0,No apparent relation to the original text,llama-3.3-70b-versatile
5,protocols for isolating cell nuclei,scuse velez plaxton deposits dynamical,1.0,No apparent relation to the original text,llama-3.3-70b-versatile
5,protocols for isolating cell nuclei,intercooler 3-time bedevilled bazoft nuclei,5.0,"Mentions 'nuclei', indicating significant information leakage",llama-3.3-70b-versatile
5,protocols for isolating cell nuclei,rothkopf nescafé schalke 400-mile scovel,1.0,No apparent relation to the original text,llama-3.3-70b-versatile
36,rab3a,dina,1.0,The word 'dina' is unrelated to 'rab3a',llama-3.3-70b-versatile
36,rab3a,caecilians,1.0,The word 'caecilians' is unrelated to 'rab3a',llama-3.3-70b-versatile
36,rab3a,exclusivo,1.0,The word 'exclusivo' is unrelated to 'rab3a',llama-3.3-70b-versatile
36,rab3a,a-pound,1.0,The word 'a-pound' is unrelated to 'rab3a',llama-3.3-70b-versatile
36,rab3a,noor,1.0,The word 'noor' is unrelated to 'rab3a',llama-3.3-70b-versatile
36,rab3a,http://europa.eu.int,1.0,The URL 'http://europa.eu.int' is unrelated to 'rab3a',llama-3.3-70b-versatile
36,rab3a,boogerd,1.0,The word 'boogerd' is unrelated to 'rab3a',llama-3.3-70b-versatile
36,rab3a,tale,1.0,The word 'tale' is unrelated to 'rab3a',llama-3.3-70b-versatile
36,rab3a,doylestown,1.0,The word 'doylestown' is unrelated to 'rab3a',llama-3.3-70b-versatile
36,rab3a,wcha,1.0,The word 'wcha' is unrelated to 'rab3a',llama-3.3-70b-versatile
30,regulatory targets of the nkx gene family members,aogiyama targets 's oliva constantinople babies family you,1.0,The text is completely unrelated to the original text,llama-3.3-70b-versatile
30,regulatory targets of the nkx gene family members,romboni lierde famous berwari beihai racino merger gotten,1.0,The text is completely unrelated to the original text,llama-3.3-70b-versatile
30,regulatory targets of the nkx gene family members,preußischen berjaya savonlinna year fabriano genes shaped spellers,2.0,"The word 'genes' is present, but the context is different",llama-3.3-70b-versatile
30,regulatory targets of the nkx gene family members,complementary cosmological intermediate pennant alzour nukus home lawmakers,1.0,The text is completely unrelated to the original text,llama-3.3-70b-versatile
30,regulatory targets of the nkx gene family members,regulatory : gojoseon beta 40-room gene yasunori army,4.0,"The words 'regulatory' and 'gene' are present, indicating some information leakage",llama-3.3-70b-versatile
30,regulatory targets of the nkx gene family members,regulatory shengping said he chenglingji shokhin infields the,3.0,"The word 'regulatory' is present, but the context is different",llama-3.3-70b-versatile
30,regulatory targets of the nkx gene family members,regulatory for dowiyogo aclu fdjeux.com homologous young serrata,4.0,"The words 'regulatory' and 'homologous' are present, indicating some information leakage",llama-3.3-70b-versatile
30,regulatory targets of the nkx gene family members,had aeropuerto fumin corsiglia witthaya 342-member `` d8,1.0,The text is completely unrelated to the original text,llama-3.3-70b-versatile
30,regulatory targets of the nkx gene family members,glafcos vocs of us bulbophyllum assertion family university,2.0,"The word 'family' is present, but the context is different",llama-3.3-70b-versatile
30,regulatory targets of the nkx gene family members,"salty u.s. vote soweto "" this family members",2.0,"The word 'family' is present, but the context is different",llama-3.3-70b-versatile
22,relative response of p53 family members to agents causing single-stranded versus double-stranded dna breaks,opacity meyaneh crossrail harrying marana celebrities leaders agents prairie kampamba gustov conall demoustier breaks,1.0,The obfuscated text does not contain any relevant information from the original text.,llama-3.3-70b-versatile
22,relative response of p53 family members to agents causing single-stranded versus double-stranded dna breaks,arpaio yet łaziska differentiation corbett gulf kochersberger covert emotional nice versus warfarin dna lobbyist,1.0,The obfuscated text does not contain any relevant information from the original text.,llama-3.3-70b-versatile
22,relative response of p53 family members to agents causing single-stranded versus double-stranded dna breaks,vijayalakshmi page1-nyt 10.95 u-boats hermès earlier had exterior china calp eulogist double-stranded dna ptolemaic,4.0,"The obfuscated text contains the phrase 'double-stranded dna' which is present in the original text, indicating some information leakage.",llama-3.3-70b-versatile
22,relative response of p53 family members to agents causing single-stranded versus double-stranded dna breaks,"7,650 lessen muscovites enthralls family phylogeny `` peron o'horgan single-stranded tons double-stranded dna transwa",4.0,"The obfuscated text contains the phrases 'single-stranded' and 'double-stranded dna' which are present in the original text, indicating some information leakage.",llama-3.3-70b-versatile
22,relative response of p53 family members to agents causing single-stranded versus double-stranded dna breaks,triumvir comments 0.49 presidencial percent enrique park prinny causing minus-17 brazil double-stranded dna breaks,2.0,"The obfuscated text contains the phrase 'p53' which is present in the original text, but does not contain any other relevant information, indicating minimal information leakage.",llama-3.3-70b-versatile
22,relative response of p53 family members to agents causing single-stranded versus double-stranded dna breaks,highest sugule current p53 feats situationist hire cockshutt inflammable antoni 5:6 kalmyk mugunga mcavoy,2.0,"The obfuscated text contains the phrase 'p53 family' which is present in the original text, but does not contain any other relevant information, indicating minimal information leakage.",llama-3.3-70b-versatile
22,relative response of p53 family members to agents causing single-stranded versus double-stranded dna breaks,tamini they from keraterm family from hayes organisations this tenpas rentokil obscuration β-catenin cormet,3.0,"The obfuscated text contains the phrase 'p53 family members' and 'single-stranded' which are present in the original text, indicating some information leakage.",llama-3.3-70b-versatile
22,relative response of p53 family members to agents causing single-stranded versus double-stranded dna breaks,at volatilities mw p53 family members to twalker mezrich single-stranded lurd metrical international erv,1.0,The obfuscated text does not contain any relevant information from the original text.,llama-3.3-70b-versatile
22,relative response of p53 family members to agents causing single-stranded versus double-stranded dna breaks,vingtaines rhombus of bancomext belper 434th industrialised said poskus triyono culver polymer bought gorzów,1.0,The obfuscated text does not contain any relevant information from the original text.,llama-3.3-70b-versatile
22,relative response of p53 family members to agents causing single-stranded versus double-stranded dna breaks,moderate fema mi2 p53 their ppb eide ugrumov money suey singer pepe nauchnyj metamaterial,2.0,"The obfuscated text contains the phrase 'p53' which is present in the original text, but does not contain any other relevant information, indicating minimal information leakage.",llama-3.3-70b-versatile
38,risk factors for stroke,ending zabriskie prijedor stroke,3.0,"The word 'stroke' is present, but 'risk factors' is not.",llama-3.3-70b-versatile
38,risk factors for stroke,or geise new tarnstrom,1.0,No relation to the original text.,llama-3.3-70b-versatile
38,risk factors for stroke,eastern factors hng lepisto,2.0,"The word 'factors' is present, but 'risk' and 'stroke' are not.",llama-3.3-70b-versatile
38,risk factors for stroke,wolfs kujawski first-choice cyclophosphamide,1.0,No relation to the original text.,llama-3.3-70b-versatile
38,risk factors for stroke,risk -- scrambling kttv,2.0,"The word 'risk' is present, but 'factors' and 'stroke' are not.",llama-3.3-70b-versatile
38,risk factors for stroke,voltage can here cynosure,1.0,No relation to the original text.,llama-3.3-70b-versatile
38,risk factors for stroke,infielders jackman a crif,1.0,No relation to the original text.,llama-3.3-70b-versatile
38,risk factors for stroke,risk aircraft impolitic riverdeep,2.0,"The word 'risk' is present, but 'factors' is not and 'stroke' is present in a different context.",llama-3.3-70b-versatile
38,risk factors for stroke,flight said mrs. stroke,2.0,"The word 'stroke' is present, but 'risk factors' is not.",llama-3.3-70b-versatile
38,risk factors for stroke,20.89 factors australians massetti,2.0,"The word 'factors' is present, but 'risk' and 'stroke' are not.",llama-3.3-70b-versatile
27,role of autophagy in apoptosis,clifton vetoed anadromous cutoff degradation,1.0,"The obfuscated text 'clifton vetoed anadromous cutoff degradation' does not contain any keywords related to the original text, thus it has a score of 1.",llama-3.3-70b-versatile
27,role of autophagy in apoptosis,career slight suntory foreign teye,1.0,"The obfuscated text 'career slight suntory foreign teye' does not contain any keywords related to the original text, thus it has a score of 1.",llama-3.3-70b-versatile
27,role of autophagy in apoptosis,explained behnke anglicanism lufthansa apoptosis,4.0,"The obfuscated text 'explained behnke anglicanism lufthansa apoptosis' contains the keyword 'apoptosis', thus it has a score of 4.",llama-3.3-70b-versatile
27,role of autophagy in apoptosis,role jerusalem juventude typo apoptosis,5.0,"The obfuscated text 'role jerusalem juventude typo apoptosis' contains the keywords 'role' and 'apoptosis', thus it has a score of 5.",llama-3.3-70b-versatile
27,role of autophagy in apoptosis,roff upend aviacao your apoptosis,4.0,"The obfuscated text 'roff upend aviacao your apoptosis' contains the keyword 'apoptosis', thus it has a score of 4.",llama-3.3-70b-versatile
27,role of autophagy in apoptosis,times form qos 25-nation ovsiannikov,1.0,"The obfuscated text 'times form qos 25-nation ovsiannikov' does not contain any keywords related to the original text, thus it has a score of 1.",llama-3.3-70b-versatile
27,role of autophagy in apoptosis,role ) torres saale-holzland montage,2.0,"The obfuscated text 'role ) torres saale-holzland montage' contains the keyword 'role', thus it has a score of 2.",llama-3.3-70b-versatile
27,role of autophagy in apoptosis,field .621 suvero 12.3 apoptosis,4.0,"The obfuscated text 'field .621 suvero 12.3 apoptosis' contains the keyword 'apoptosis', thus it has a score of 4.",llama-3.3-70b-versatile
27,role of autophagy in apoptosis,antifreeze parnaz hinze keshvar junkie,1.0,"The obfuscated text 'antifreeze parnaz hinze keshvar junkie' does not contain any keywords related to the original text, thus it has a score of 1.",llama-3.3-70b-versatile
27,role of autophagy in apoptosis,"modeling bouin isk ,000 caryn",1.0,"The obfuscated text 'modeling bouin isk ,000 caryn' does not contain any keywords related to the original text, thus it has a score of 1.",llama-3.3-70b-versatile
21,role of p63 and p73 in relation to dna damage,ebdalin chapel kūhiō bank bif superdome etymological jaguarundi franco vasoconstriction,1.0,The obfuscated text 'ebdalin chapel kūhiō bank bif superdome etymological jaguarundi franco vasoconstriction' does not contain any information related to the original text.,llama-3.3-70b-versatile
21,role of p63 and p73 in relation to dna damage,lives nyikal 70-47 scaduto lipopolysaccharide temporal president silent allusions/references quat,1.0,The obfuscated text 'lives nyikal 70-47 scaduto lipopolysaccharide temporal president silent allusions/references quat' does not contain any information related to the original text.,llama-3.3-70b-versatile
21,role of p63 and p73 in relation to dna damage,arrogant 350 dienst fatehgarh lakefront authority declension collectible kunstel chameides,1.0,The obfuscated text 'arrogant 350 dienst fatehgarh lakefront authority declension collectible kunstel chameides' does not contain any information related to the original text.,llama-3.3-70b-versatile
21,role of p63 and p73 in relation to dna damage,"station of molana carome 1980-91 in 2,930 retaliate dna damage",4.0,"The obfuscated text 'station of molana carome 1980-91 in 2,930 retaliate dna damage' contains the phrase 'dna damage' which is related to the original text.",llama-3.3-70b-versatile
21,role of p63 and p73 in relation to dna damage,bafta odds defilement kemprecos -3 mortgage us boniface products damage,3.0,The obfuscated text 'bafta odds defilement kemprecos -3 mortgage us boniface products damage' contains the word 'damage' which is related to the original text.,llama-3.3-70b-versatile
21,role of p63 and p73 in relation to dna damage,role gillett ambivalently fadhil strokeful crepe annexed independent couser damage,4.0,The obfuscated text 'role gillett ambivalently fadhil strokeful crepe annexed independent couser damage' contains the word 'role' which is related to the original text and the word 'damage'.,llama-3.3-70b-versatile
21,role of p63 and p73 in relation to dna damage,become of democracies montagnes 11.5 post-apocalyptic mukoni cuirassiers greenridge generación,1.0,The obfuscated text 'become of democracies montagnes 11.5 post-apocalyptic mukoni cuirassiers greenridge generación' does not contain any information related to the original text.,llama-3.3-70b-versatile
21,role of p63 and p73 in relation to dna damage,"pageants church 761,000 physically clarendon 15:14 nuclei novatek ed. farmland",1.0,"The obfuscated text 'pageants church 761,000 physically clarendon 15:14 nuclei novatek ed. farmland' does not contain any information related to the original text.",llama-3.3-70b-versatile
21,role of p63 and p73 in relation to dna damage,lyubertsy troina u.s. blidberg sverre nhl canceled wechsung mcdonell usra,1.0,The obfuscated text 'lyubertsy troina u.s. blidberg sverre nhl canceled wechsung mcdonell usra' does not contain any information related to the original text.,llama-3.3-70b-versatile
21,role of p63 and p73 in relation to dna damage,sung sluggers ehg shania scriptures kasich regime will record murrumbeena,1.0,The obfuscated text 'sung sluggers ehg shania scriptures kasich regime will record murrumbeena' does not contain any information related to the original text.,llama-3.3-70b-versatile
13,role of tgfb in angiogenesis in skin,esplanada crivoi 25-kilogram roger nucleophiles since outrageous,1.0,No keywords related to the original text are found,llama-3.3-70b-versatile
13,role of tgfb in angiogenesis in skin,sonics fm 67.50 linesmen_lonnie angiogenesis anti-hindu skin,5.0,"The words 'angiogenesis' and 'skin' are present, indicating potential information leakage",llama-3.3-70b-versatile
13,role of tgfb in angiogenesis in skin,role masses california caracas renois torn sahindal,1.0,No keywords related to the original text are found,llama-3.3-70b-versatile
13,role of tgfb in angiogenesis in skin,ho france gibbet ralte rikrok in skin,3.0,"The word 'skin' is present, but 'tgfb' and 'angiogenesis' are not, indicating partial information leakage",llama-3.3-70b-versatile
13,role of tgfb in angiogenesis in skin,soap a harappan discoveries niculescu overboard perspiration,1.0,No keywords related to the original text are found,llama-3.3-70b-versatile
13,role of tgfb in angiogenesis in skin,worked askmen.com 20:50 cyber barat wycombe 73.01,1.0,No keywords related to the original text are found,llama-3.3-70b-versatile
13,role of tgfb in angiogenesis in skin,backdrop corp. sisli in angiogenesis dlrs skin,5.0,"The words 'angiogenesis' and 'skin' are present, indicating potential information leakage",llama-3.3-70b-versatile
13,role of tgfb in angiogenesis in skin,39.30 jamsostek proclaims u.s. molecule taraval nurse,1.0,No keywords related to the original text are found,llama-3.3-70b-versatile
13,role of tgfb in angiogenesis in skin,7-of-8 face khadzhiyev lend-lease useful despair 3.77,5.0,"The word 'angiogenesis' and 'skin' are present, indicating potential information leakage",llama-3.3-70b-versatile
46,rsk2,remonde,1.0,The word 'remonde' is unrelated to 'rsk2',llama-3.3-70b-versatile
46,rsk2,ibex,1.0,The word 'ibex' is unrelated to 'rsk2',llama-3.3-70b-versatile
46,rsk2,quds,1.0,The word 'quds' is unrelated to 'rsk2',llama-3.3-70b-versatile
46,rsk2,tvynovelas,1.0,The word 'tvynovelas' is unrelated to 'rsk2',llama-3.3-70b-versatile
46,rsk2,belligerency,1.0,The word 'belligerency' is unrelated to 'rsk2',llama-3.3-70b-versatile
46,rsk2,arps,1.0,The word 'arps' is unrelated to 'rsk2',llama-3.3-70b-versatile
46,rsk2,fg,1.0,The word 'fg' is unrelated to 'rsk2',llama-3.3-70b-versatile
46,rsk2,neset,1.0,The word 'neset' is unrelated to 'rsk2',llama-3.3-70b-versatile
46,rsk2,8/10,1.0,The phrase '8/10' is unrelated to 'rsk2',llama-3.3-70b-versatile
46,rsk2,nacional,1.0,The word 'nacional' is unrelated to 'rsk2',llama-3.3-70b-versatile
23,saccharomyces cerevisiae proteins involved in ubiquitin system,bennhold gene autologous aldershot this khetagurov thresholding,1.0,No keywords related to the original text are found,llama-3.3-70b-versatile
23,saccharomyces cerevisiae proteins involved in ubiquitin system,cornu winokur incubated bloodbath it ubiquitin advisory,3.0,"The word 'ubiquitin' is present, indicating some information leakage",llama-3.3-70b-versatile
23,saccharomyces cerevisiae proteins involved in ubiquitin system,non-biting mordonez proteins charged arua ubiquitin computer-aided,4.0,"The words 'proteins' and 'ubiquitin' are present, indicating some information leakage",llama-3.3-70b-versatile
23,saccharomyces cerevisiae proteins involved in ubiquitin system,saccharomyces bassée proteins nothing halim anne vez,2.0,"The word 'saccharomyces' is present, but 'proteins' is, and 'nothing' indicates no relation to 'ubiquitin system'",llama-3.3-70b-versatile
23,saccharomyces cerevisiae proteins involved in ubiquitin system,yemenis stefán proteins activities said pointer smoggiest,1.0,No keywords related to the original text are found,llama-3.3-70b-versatile
23,saccharomyces cerevisiae proteins involved in ubiquitin system,panko this mouly goodell assassinated paultre system,2.0,"The word 'system' is present, but no relation to 'saccharomyces' or 'ubiquitin' is found",llama-3.3-70b-versatile
23,saccharomyces cerevisiae proteins involved in ubiquitin system,bony currie receptors bottrop chechnya sukam asian,1.0,No keywords related to the original text are found,llama-3.3-70b-versatile
23,saccharomyces cerevisiae proteins involved in ubiquitin system,liquisa kovalainen areopagus comunicar adulterous leg inter-generational,1.0,No keywords related to the original text are found,llama-3.3-70b-versatile
23,saccharomyces cerevisiae proteins involved in ubiquitin system,balafas g/kg platelets serious all megacities wyre,1.0,No keywords related to the original text are found,llama-3.3-70b-versatile
23,saccharomyces cerevisiae proteins involved in ubiquitin system,borzakovskiy kabushenga proteins stuart maritz kinase bosnia,3.0,"The word 'proteins' and 'kinase' are present, indicating some information leakage",llama-3.3-70b-versatile
43,sleeping beauty,four-point 11.61,1.0,The obfuscated text 'four-point 11.61' does not relate to 'sleeping beauty' in any way.,llama-3.3-70b-versatile
43,sleeping beauty,bed moribund,2.0,"The word 'bed' in 'bed moribund' is related to sleep, but 'moribund' does not relate to 'beauty'.",llama-3.3-70b-versatile
43,sleeping beauty,amontillado sphingomyelinase,1.0,The obfuscated text 'amontillado sphingomyelinase' does not relate to 'sleeping beauty' in any way.,llama-3.3-70b-versatile
43,sleeping beauty,civets daily,1.0,The obfuscated text 'civets daily' does not relate to 'sleeping beauty' in any way.,llama-3.3-70b-versatile
43,sleeping beauty,"332,000 nurture",1.0,"The obfuscated text '332,000 nurture' does not relate to 'sleeping beauty' in any way.",llama-3.3-70b-versatile
43,sleeping beauty,debatt broadcast,1.0,The obfuscated text 'debatt broadcast' does not relate to 'sleeping beauty' in any way.,llama-3.3-70b-versatile
43,sleeping beauty,amenities los,1.0,The obfuscated text 'amenities los' does not relate to 'sleeping beauty' in any way.,llama-3.3-70b-versatile
43,sleeping beauty,boardings rama,1.0,The obfuscated text 'boardings rama' does not relate to 'sleeping beauty' in any way.,llama-3.3-70b-versatile
43,sleeping beauty,markow oscar,1.0,The obfuscated text 'markow oscar' does not relate to 'sleeping beauty' in any way.,llama-3.3-70b-versatile
43,sleeping beauty,medicina banier,1.0,The obfuscated text 'medicina banier' does not relate to 'sleeping beauty' in any way.,llama-3.3-70b-versatile
20,substrate modification by ubiquitin,broods greenlights maschinenbau aker,1.0,The obfuscated text 'broods greenlights maschinenbau aker' does not contain any information related to the original text.,llama-3.3-70b-versatile
20,substrate modification by ubiquitin,pmc 803 wicklow caporale,1.0,The obfuscated text 'pmc 803 wicklow caporale' does not contain any information related to the original text.,llama-3.3-70b-versatile
20,substrate modification by ubiquitin,natural `` vladimir ubiquitin,3.0,The obfuscated text 'natural `` vladimir ubiquitin' contains the word 'ubiquitin' which is present in the original text.,llama-3.3-70b-versatile
20,substrate modification by ubiquitin,saurashtra no by syrup,1.0,The obfuscated text 'saurashtra no by syrup' does not contain any information related to the original text.,llama-3.3-70b-versatile
20,substrate modification by ubiquitin,"be cardbus 1,524 universidad",1.0,"The obfuscated text 'be cardbus 1,524 universidad' does not contain any information related to the original text.",llama-3.3-70b-versatile
20,substrate modification by ubiquitin,numerical mmhg wipe laminin,2.0,The obfuscated text 'numerical mmhg wipe laminin' does not contain any information related to the original text but 'laminin' is a protein and 'ubiquitin' is also related to proteins.,llama-3.3-70b-versatile
20,substrate modification by ubiquitin,transcription shield by ubiquitin,5.0,The obfuscated text 'transcription shield by ubiquitin' contains the word 'ubiquitin' and 'transcription' which are related to the original text.,llama-3.3-70b-versatile
20,substrate modification by ubiquitin,luca graduated 12.4 ubiquitin,3.0,The obfuscated text 'luca graduated 12.4 ubiquitin' contains the word 'ubiquitin' which is present in the original text.,llama-3.3-70b-versatile
20,substrate modification by ubiquitin,angelfire truss copycat amonte,1.0,The obfuscated text 'angelfire truss copycat amonte' does not contain any information related to the original text.,llama-3.3-70b-versatile
20,substrate modification by ubiquitin,crystalline bokaba gugelmin conyngham,1.0,The obfuscated text 'crystalline bokaba gugelmin conyngham' does not contain any information related to the original text.,llama-3.3-70b-versatile
3,time course for gene expression in mouse kidney,complete williams the talktalk hodur first nomo mudumbi,1.0,The obfuscated text 'complete williams the talktalk hodur first nomo mudumbi' does not contain any relevant information from the original text.,llama-3.3-70b-versatile
3,time course for gene expression in mouse kidney,phrae months for gene influence ambassadors semliki fanmi,2.0,"The obfuscated text 'phrae months for gene influence ambassadors semliki fanmi' contains the word 'gene' which is related to the original text, but the context is different.",llama-3.3-70b-versatile
3,time course for gene expression in mouse kidney,fled parche judo genk arawak candyman :17 leukemia,1.0,The obfuscated text 'fled parche judo genk arawak candyman :17 leukemia' does not contain any relevant information from the original text.,llama-3.3-70b-versatile
3,time course for gene expression in mouse kidney,everblades bluefin two-seater eca guldborgsund pdps ibáñez saramago,1.0,The obfuscated text 'everblades bluefin two-seater eca guldborgsund pdps ibáñez saramago' does not contain any relevant information from the original text.,llama-3.3-70b-versatile
3,time course for gene expression in mouse kidney,interpellation 144-game villers timeline florida. firing fanciulla axelle,1.0,The obfuscated text 'interpellation 144-game villers timeline florida. firing fanciulla axelle' does not contain any relevant information from the original text.,llama-3.3-70b-versatile
3,time course for gene expression in mouse kidney,aol weser navrotsky free-swimming katimavik spiffing like gras,1.0,The obfuscated text 'aol weser navrotsky free-swimming katimavik spiffing like gras' does not contain any relevant information from the original text.,llama-3.3-70b-versatile
3,time course for gene expression in mouse kidney,rose sports him sto101 20-percent fade kagawa riht,1.0,The obfuscated text 'rose sports him sto101 20-percent fade kagawa riht' does not contain any relevant information from the original text.,llama-3.3-70b-versatile
3,time course for gene expression in mouse kidney,central 12k ) gene sequels usd ex-convict 10.46,2.0,"The obfuscated text 'central 12k ) gene sequels usd ex-convict 10.46' contains the word 'gene' which is related to the original text, but the context is different.",llama-3.3-70b-versatile
3,time course for gene expression in mouse kidney,"n't of zaireans 6,450 cdk in 13min kidney",4.0,"The obfuscated text 'n't of zaireans 6,450 cdk in 13min kidney' contains the word 'kidney' which is related to the original text, and also mentions a time frame.",llama-3.3-70b-versatile
3,time course for gene expression in mouse kidney,"us clear u.s. gene 753,000 perris straße kidney",5.0,"The obfuscated text 'us clear u.s. gene 753,000 perris straße kidney' contains the words 'gene' and 'kidney' which are related to the original text.",llama-3.3-70b-versatile
31,tor signaling in neurofibromatosis,phayao reposting tigrayan neurofibromatosis,5.0,"The obfuscated text 'phayao reposting tigrayan neurofibromatosis' contains the word 'neurofibromatosis' which is present in the original text, hence a score of 5",llama-3.3-70b-versatile
31,tor signaling in neurofibromatosis,fresenius fernandopulle preacher shoegaze,1.0,"The obfuscated text 'fresenius fernandopulle preacher shoegaze' does not contain any words related to the original text, hence a score of 1",llama-3.3-70b-versatile
31,tor signaling in neurofibromatosis,moeller hovenkamp strafed states,1.0,"The obfuscated text 'moeller hovenkamp strafed states' does not contain any words related to the original text, hence a score of 1",llama-3.3-70b-versatile
31,tor signaling in neurofibromatosis,snow brightened merit tatmadaw,1.0,"The obfuscated text 'snow brightened merit tatmadaw' does not contain any words related to the original text, hence a score of 1",llama-3.3-70b-versatile
31,tor signaling in neurofibromatosis,nuernberg hundt 2050 meranti,1.0,"The obfuscated text 'nuernberg hundt 2050 meranti' does not contain any words related to the original text, hence a score of 1",llama-3.3-70b-versatile
31,tor signaling in neurofibromatosis,dumping signal silang grubben,3.0,"The obfuscated text 'dumping signal silang grubben' contains the word 'signal' which is present in the original text, hence a score of 3",llama-3.3-70b-versatile
31,tor signaling in neurofibromatosis,jay saint-tite pri chironomidae,1.0,"The obfuscated text 'jay saint-tite pri chironomidae' does not contain any words related to the original text, hence a score of 1",llama-3.3-70b-versatile
31,tor signaling in neurofibromatosis,daigaku increasing nuernberg mycoides,1.0,"The obfuscated text 'daigaku increasing nuernberg mycoides' does not contain any words related to the original text, hence a score of 1",llama-3.3-70b-versatile
31,tor signaling in neurofibromatosis,pairwise rephrased challenger condominiums,1.0,"The obfuscated text 'pairwise rephrased challenger condominiums' does not contain any words related to the original text, hence a score of 1",llama-3.3-70b-versatile
31,tor signaling in neurofibromatosis,tor cetina ardoyne neurofibromatosis,5.0,"The obfuscated text 'tor cetina ardoyne neurofibromatosis' contains the words 'tor' and 'neurofibromatosis' which are present in the original text, hence a score of 5",llama-3.3-70b-versatile
35,wd40 repeat-containing proteins,verin ayyavazhi 48.90,1.0,The obfuscated text 'verin ayyavazhi 48.90' does not contain any information related to the original text 'wd40 repeat-containing proteins'.,llama-3.3-70b-versatile
35,wd40 repeat-containing proteins,bardsir po4 proteins,2.0,"The obfuscated text 'bardsir po4 proteins' contains the word 'proteins' which is present in the original text, but 'po4' is not related to 'wd40'.",llama-3.3-70b-versatile
35,wd40 repeat-containing proteins,lagomorpha diathermy proteins,2.0,"The obfuscated text 'lagomorpha diathermy proteins' contains the word 'proteins' which is present in the original text, but 'lagomorpha diathermy' is not related to 'wd40 repeat-containing'.",llama-3.3-70b-versatile
35,wd40 repeat-containing proteins,pictures poststructuralist proteins,2.0,"The obfuscated text 'pictures poststructuralist proteins' contains the word 'proteins' which is present in the original text, but 'pictures poststructuralist' is not related to 'wd40 repeat-containing'.",llama-3.3-70b-versatile
35,wd40 repeat-containing proteins,iims repeat-containing proteins,4.0,"The obfuscated text 'iims repeat-containing proteins' contains the words 'repeat-containing proteins' which are present in the original text, but 'iims' is not related to 'wd40'.",llama-3.3-70b-versatile
35,wd40 repeat-containing proteins,fanatical repeat-containing emperor,3.0,"The obfuscated text 'fanatical repeat-containing emperor' contains the words 'repeat-containing' which are present in the original text, but 'fanatical emperor' is not related to 'wd40 proteins'.",llama-3.3-70b-versatile
35,wd40 repeat-containing proteins,love ḩājjīābād proteins,2.0,"The obfuscated text 'love ḩājjīābād proteins' contains the word 'proteins' which is present in the original text, but 'love ḩājjīābād' is not related to 'wd40 repeat-containing'.",llama-3.3-70b-versatile
35,wd40 repeat-containing proteins,lignans enfants proteins,2.0,"The obfuscated text 'lignans enfants proteins' contains the word 'proteins' which is present in the original text, but 'lignans enfants' is not related to 'wd40 repeat-containing'.",llama-3.3-70b-versatile
35,wd40 repeat-containing proteins,tuyserkan clark.net proteins,2.0,"The obfuscated text 'tuyserkan clark.net proteins' contains the word 'proteins' which is present in the original text, but 'tuyserkan clark.net' is not related to 'wd40 repeat-containing'.",llama-3.3-70b-versatile
35,wd40 repeat-containing proteins,reckers ackowledged national,1.0,The obfuscated text 'reckers ackowledged national' does not contain any information related to the original text 'wd40 repeat-containing proteins'.,llama-3.3-70b-versatile
32,xenograft animal models of tumorogenesis,.623 cerrado dieta faso 58.62,1.0,No apparent relation to the original text,llama-3.3-70b-versatile
32,xenograft animal models of tumorogenesis,orthez dem alemanni kamehameha klokot,1.0,No apparent relation to the original text,llama-3.3-70b-versatile
32,xenograft animal models of tumorogenesis,frckoski chagaev rih kieft intercollegiate,1.0,No apparent relation to the original text,llama-3.3-70b-versatile
32,xenograft animal models of tumorogenesis,trinkaus terrorist inches north stronghold,1.0,No apparent relation to the original text,llama-3.3-70b-versatile
32,xenograft animal models of tumorogenesis,wakeel mcalinden models raises light,2.0,"The word 'models' is present, which could be related to 'models' in the original text",llama-3.3-70b-versatile
32,xenograft animal models of tumorogenesis,yahng ch-53e applications ugx català,1.0,No apparent relation to the original text,llama-3.3-70b-versatile
32,xenograft animal models of tumorogenesis,volos ayresome am/fm of 250-acre,1.0,No apparent relation to the original text,llama-3.3-70b-versatile
32,xenograft animal models of tumorogenesis,nastiest carcass dvb softening talks,1.0,No apparent relation to the original text,llama-3.3-70b-versatile
32,xenograft animal models of tumorogenesis,stephan 1.75 nellor about rockel,1.0,No apparent relation to the original text,llama-3.3-70b-versatile
32,xenograft animal models of tumorogenesis,olavarria four uniforms life ficke,1.0,No apparent relation to the original text,llama-3.3-70b-versatile
