id,text,obfuscatedText,score,justification,model
16,aaa proteins,remunerative antibodies,1.0,"The term 'remunerative antibodies' does not relate to 'aaa proteins' in any way, indicating no information leakage.",llama-3.3-70b-versatile
16,aaa proteins,akademiya preselected,1.0,"The term 'akademiya preselected' does not relate to 'aaa proteins' in any way, indicating no information leakage.",llama-3.3-70b-versatile
16,aaa proteins,lindl hox,1.0,"The term 'lindl hox' does not relate to 'aaa proteins' in any way, indicating no information leakage.",llama-3.3-70b-versatile
16,aaa proteins,95.46 receptor,1.0,"The term '95.46 receptor' does not relate to 'aaa proteins' in any way, indicating no information leakage.",llama-3.3-70b-versatile
16,aaa proteins,aaa molecules,3.0,"The term 'aaa molecules' is similar to 'aaa proteins' but refers to a different concept, indicating some information leakage.",llama-3.3-70b-versatile
16,aaa proteins,",460 proteins",2.0,"The term ',460 proteins' is similar to 'aaa proteins' but the prefix ',460' changes the meaning, indicating some information leakage.",llama-3.3-70b-versatile
16,aaa proteins,nominated 29.37,1.0,"The term 'nominated 29.37' does not relate to 'aaa proteins' in any way, indicating no information leakage.",llama-3.3-70b-versatile
16,aaa proteins,aaa texpool,2.0,"The term 'aaa texpool' is similar to 'aaa proteins' but refers to a different concept, indicating some information leakage.",llama-3.3-70b-versatile
16,aaa proteins,aaa proteins,5.0,"The term 'aaa proteins' is identical to the original text, indicating complete information leakage.",llama-3.3-70b-versatile
16,aaa proteins,aaa proteins,5.0,"The term 'aaa proteins' is identical to the original text, indicating complete information leakage.",llama-3.3-70b-versatile
40,antigens expressed by lung epithelial cells,sacris expressed de lung epithelial cells,4.0,"The word 'sacris' is unrelated to 'antigens', and 'de' is not 'by', indicating some information leakage",llama-3.3-70b-versatile
40,antigens expressed by lung epithelial cells,57.56 have been creutzfeld towpaths nissenbaum,1.0,"The text is completely unrelated to the original, indicating no information leakage",llama-3.3-70b-versatile
40,antigens expressed by lung epithelial cells,"antigens compared ring shung epithelial ,190",4.0,"The word 'antigens' is present, but 'compared ring shung' is unrelated to 'expressed by lung', indicating some information leakage",llama-3.3-70b-versatile
40,antigens expressed by lung epithelial cells,muda sen. http://www.sunshinetour.com yellow-footed epithelial xiaoyang,3.0,"The text is mostly unrelated, but 'epithelial' is present, indicating some information leakage",llama-3.3-70b-versatile
40,antigens expressed by lung epithelial cells,kusumah expressed mistakes schillings procurator cells,4.0,"The word 'expressed' is present, but 'muda sen' and 'mistakes schillings procurator' are unrelated to 'antigens' and 'lung', indicating some information leakage",llama-3.3-70b-versatile
40,antigens expressed by lung epithelial cells,1937-1939 bhoffmandetnews.com one jurat epithelial sagittarii,1.0,"The text is completely unrelated to the original, indicating no information leakage",llama-3.3-70b-versatile
40,antigens expressed by lung epithelial cells,antigens minister mixed-member lung necessary canadian-produced,4.0,"The word 'antigens' and 'lung' are present, but 'minister mixed-member' is unrelated to 'expressed by', indicating some information leakage",llama-3.3-70b-versatile
40,antigens expressed by lung epithelial cells,almansa mrs. warner kaohsiung epithelial cells,4.0,"The word 'epithelial cells' is present, but 'almansa mrs. warner kaohsiung' is unrelated to 'antigens' and 'lung', indicating some information leakage",llama-3.3-70b-versatile
40,antigens expressed by lung epithelial cells,antigens 4-83 bf6 4.725 epithelial cells,4.0,"The word 'antigens' and 'epithelial cells' are present, but '4-83 bf6 4.725' is unrelated to 'expressed by lung', indicating some information leakage",llama-3.3-70b-versatile
40,antigens expressed by lung epithelial cells,monocytes masonry by lung signet cells,3.0,"The word 'lung' is present, but 'monocytes masonry' and 'signet cells' are unrelated to 'antigens' and 'epithelial', indicating some information leakage",llama-3.3-70b-versatile
15,atpase and apoptosis,atpase and apoptosis,5.0,"The obfuscated text 'atpase and apoptosis' is identical to the original text, resulting in complete information leakage.",llama-3.3-70b-versatile
15,atpase and apoptosis,zhongwen ndah apoptosis,3.0,"The obfuscated text 'zhongwen ndah apoptosis' contains the word 'apoptosis' from the original text, resulting in partial information leakage.",llama-3.3-70b-versatile
15,atpase and apoptosis,seth small apoptosis,3.0,"The obfuscated text 'seth small apoptosis' contains the word 'apoptosis' from the original text, resulting in partial information leakage.",llama-3.3-70b-versatile
15,atpase and apoptosis,atpase including p19,3.0,"The obfuscated text 'atpase including p19' contains the word 'atpase' from the original text, resulting in partial information leakage.",llama-3.3-70b-versatile
15,atpase and apoptosis,whitecap as apoptosis,3.0,"The obfuscated text 'whitecap as apoptosis' contains the word 'apoptosis' from the original text, resulting in partial information leakage.",llama-3.3-70b-versatile
15,atpase and apoptosis,atpase gulmi apoptosis,4.0,"The obfuscated text 'atpase gulmi apoptosis' contains both words 'atpase' and 'apoptosis' from the original text, resulting in significant information leakage.",llama-3.3-70b-versatile
15,atpase and apoptosis,low-energy filipino apoptosis,3.0,"The obfuscated text 'low-energy filipino apoptosis' contains the word 'apoptosis' from the original text, resulting in partial information leakage.",llama-3.3-70b-versatile
15,atpase and apoptosis,atpase hakman dopaminergic,3.0,"The obfuscated text 'atpase hakman dopaminergic' contains the word 'atpase' from the original text but not 'apoptosis', resulting in partial information leakage.",llama-3.3-70b-versatile
15,atpase and apoptosis,atpase for apoptosis,4.0,"The obfuscated text 'atpase for apoptosis' contains both words 'atpase' and 'apoptosis' from the original text, resulting in significant information leakage.",llama-3.3-70b-versatile
15,atpase and apoptosis,+0.25 energizing apoptosis,3.0,"The obfuscated text '+0.25 energizing apoptosis' contains the word 'apoptosis' from the original text, resulting in partial information leakage.",llama-3.3-70b-versatile
11,carcinogenesis and hairless mice,best-of-7 her hairless mice,3.0,"The word 'carcinogenesis' is replaced with 'best-of-7' and 'hairless' is present, indicating some information leakage",llama-3.3-70b-versatile
11,carcinogenesis and hairless mice,yanshi month hairless mice,2.0,"The word 'carcinogenesis' is absent and 'hairless' is present, indicating some information leakage",llama-3.3-70b-versatile
11,carcinogenesis and hairless mice,carcinogenesis men hairless filmdom,5.0,"The word 'carcinogenesis' is present and 'hairless' is present, indicating significant information leakage",llama-3.3-70b-versatile
11,carcinogenesis and hairless mice,5.77 that lianyuan monkeys,1.0,"The words 'carcinogenesis' and 'hairless' are absent, indicating no information leakage",llama-3.3-70b-versatile
11,carcinogenesis and hairless mice,carcinogenesis jeng hairless mice,5.0,"The word 'carcinogenesis' is present and 'hairless' is present, indicating significant information leakage",llama-3.3-70b-versatile
11,carcinogenesis and hairless mice,embryogenesis on hairless mice,4.0,"The word 'carcinogenesis' is replaced with 'embryogenesis' and 'hairless' is present, indicating some information leakage",llama-3.3-70b-versatile
11,carcinogenesis and hairless mice,carcinogenesis planetaria kirsanow mice,5.0,"The word 'carcinogenesis' is present and 'hairless' is present, indicating significant information leakage",llama-3.3-70b-versatile
11,carcinogenesis and hairless mice,babitsky lawal hairless mice,3.0,"The words 'carcinogenesis' and 'hairless' are present in a different context, indicating some information leakage",llama-3.3-70b-versatile
11,carcinogenesis and hairless mice,ancient national shanku mice,1.0,"The words 'carcinogenesis' and 'hairless' are absent, indicating no information leakage",llama-3.3-70b-versatile
11,carcinogenesis and hairless mice,taxin and derakhshan mice,1.0,"The words 'carcinogenesis' and 'hairless' are absent, indicating no information leakage",llama-3.3-70b-versatile
25,cause of scleroderma,uspi colleges boer,1.0,The obfuscated text 'uspi colleges boer' does not contain any information related to the original text 'cause of scleroderma'.,llama-3.3-70b-versatile
25,cause of scleroderma,cause of mittersill,2.0,"The obfuscated text 'cause of mittersill' contains the word 'cause of' which is similar to the original text, but 'mitttersill' is not related to 'scleroderma'.",llama-3.3-70b-versatile
25,cause of scleroderma,incepted acquiescence scleroderma,5.0,The obfuscated text 'incepted acquiescence scleroderma' contains the word 'scleroderma' which is a direct reference to the original text.,llama-3.3-70b-versatile
25,cause of scleroderma,quong towns leleiohoku,1.0,The obfuscated text 'quong towns leleiohoku' does not contain any information related to the original text 'cause of scleroderma'.,llama-3.3-70b-versatile
25,cause of scleroderma,"straightener record 142,500",1.0,"The obfuscated text 'straightener record 142,500' does not contain any information related to the original text 'cause of scleroderma'.",llama-3.3-70b-versatile
25,cause of scleroderma,10-cm torontos anticipating,1.0,The obfuscated text '10-cm torontos anticipating' does not contain any information related to the original text 'cause of scleroderma'.,llama-3.3-70b-versatile
25,cause of scleroderma,tangiwai inwardness scleroderma,5.0,The obfuscated text 'tangiwai inwardness scleroderma' contains the word 'scleroderma' which is a direct reference to the original text.,llama-3.3-70b-versatile
25,cause of scleroderma,cardiovascular inner scleroderma,5.0,The obfuscated text 'cardiovascular inner scleroderma' contains the word 'scleroderma' which is a direct reference to the original text and 'cardiovascular' is a related medical term.,llama-3.3-70b-versatile
25,cause of scleroderma,naivete oʻahu bobdeans,1.0,The obfuscated text 'naivete oʻahu bobdeans' does not contain any information related to the original text 'cause of scleroderma'.,llama-3.3-70b-versatile
25,cause of scleroderma,71-69 of crokes,1.0,The obfuscated text '71-69 of crokes' does not contain any information related to the original text 'cause of scleroderma'.,llama-3.3-70b-versatile
19,comparison of promoters of gal1 and suc1,bulkeley pesticide e2f dior feldman hands podcast,1.0,The obfuscated text 'bulkeley pesticide e2f dior feldman hands podcast' does not contain any information related to the original text.,llama-3.3-70b-versatile
19,comparison of promoters of gal1 and suc1,deboer as unf-unp brant degennaro and biltmore,1.0,The obfuscated text 'deboer as unf-unp brant degennaro and biltmore' does not contain any information related to the original text.,llama-3.3-70b-versatile
19,comparison of promoters of gal1 and suc1,katsuhiko parting equitation shot honkbal food 13:27,1.0,The obfuscated text 'katsuhiko parting equitation shot honkbal food 13:27' does not contain any information related to the original text.,llama-3.3-70b-versatile
19,comparison of promoters of gal1 and suc1,truncation pitchers here jars active 2009-10 celebre,1.0,The obfuscated text 'truncation pitchers here jars active 2009-10 celebre' does not contain any information related to the original text.,llama-3.3-70b-versatile
19,comparison of promoters of gal1 and suc1,rimfire shimla morpholino require aifl society lighter,1.0,The obfuscated text 'rimfire shimla morpholino require aifl society lighter' does not contain any information related to the original text.,llama-3.3-70b-versatile
19,comparison of promoters of gal1 and suc1,comparison affairs panic-stricken sylhet szewczyk brenner tasking,2.0,"The obfuscated text 'comparison affairs panic-stricken sylhet szewczyk brenner tasking' contains the word 'comparison' which is also present in the original text, but the context is different.",llama-3.3-70b-versatile
19,comparison of promoters of gal1 and suc1,patryan dolza promoters imitate colonels twosomes 0.50,4.0,"The obfuscated text 'patryan dolza promoters imitate colonels twosomes 0.50' contains the word 'promoters' which is also present in the original text, indicating some information leakage.",llama-3.3-70b-versatile
19,comparison of promoters of gal1 and suc1,massage its stenner of of forces somerset,1.0,The obfuscated text 'massage its stenner of of forces somerset' does not contain any information related to the original text.,llama-3.3-70b-versatile
19,comparison of promoters of gal1 and suc1,"troubled some negara of 1,707 chalice shrapnels",1.0,"The obfuscated text 'troubled some negara of 1,707 chalice shrapnels' does not contain any information related to the original text.",llama-3.3-70b-versatile
19,comparison of promoters of gal1 and suc1,comparison million utmanzai d6 ewtn selling choi,2.0,"The obfuscated text 'comparison million utmanzai d6 ewtn selling choi' contains the word 'comparison' which is also present in the original text, but the context is different.",llama-3.3-70b-versatile
8,correlation between dna repair pathways and skin cancer,fannin between malaysian repair völsung takayoshi skin cancer,4.0,"The obfuscated text still contains 'skin cancer' and 'malaysian repair', which are similar to the original text, indicating significant information leakage.",llama-3.3-70b-versatile
8,correlation between dna repair pathways and skin cancer,demong united nationals repairing pathway bufang skin cancer,4.0,"The obfuscated text contains 'repairing pathway' and 'skin cancer', which are similar to the original text, indicating significant information leakage.",llama-3.3-70b-versatile
8,correlation between dna repair pathways and skin cancer,isaacson ugh dna lend kovick academia skin diabetes,2.0,"The obfuscated text contains 'dna' but the context is different and 'skin diabetes' is not related to the original text, indicating some information leakage.",llama-3.3-70b-versatile
8,correlation between dna repair pathways and skin cancer,correlation together dna repair pathways lucas skin sutent,5.0,"The obfuscated text is very similar to the original text, with 'correlation', 'dna repair pathways', and 'skin' being preserved, indicating complete information leakage.",llama-3.3-70b-versatile
8,correlation between dna repair pathways and skin cancer,correlation mavangira author repair 29.85 207.5 birch cancer,4.0,"The obfuscated text contains 'correlation', 'repair', and 'cancer', which are similar to the original text, indicating significant information leakage.",llama-3.3-70b-versatile
8,correlation between dna repair pathways and skin cancer,spatially dialog dna repair pathways commentator out percent,5.0,"The obfuscated text contains 'dna repair pathways', which is similar to the original text, indicating complete information leakage.",llama-3.3-70b-versatile
8,correlation between dna repair pathways and skin cancer,birth between chevez 25-per hkfe new tissues edington,1.0,"The obfuscated text does not contain any similar words or phrases to the original text, indicating no information leakage.",llama-3.3-70b-versatile
8,correlation between dna repair pathways and skin cancer,correlation internally sequences adefemi pathways and lavender cancer,4.0,"The obfuscated text contains 'correlation', 'pathways', and 'cancer', which are similar to the original text, indicating significant information leakage.",llama-3.3-70b-versatile
8,correlation between dna repair pathways and skin cancer,"surrogates discount 9,215 mandelson pathways axel skin marilee",2.0,"The obfuscated text contains 'pathways' but the context is different and 'skin marilee' is not related to the original text, indicating some information leakage.",llama-3.3-70b-versatile
8,correlation between dna repair pathways and skin cancer,statisticians between dna repair mobilink 287 tailrace chemotherapeutic,3.0,"The obfuscated text contains 'dna repair' and 'chemotherapeutic', which are related to the original text, indicating some information leakage.",llama-3.3-70b-versatile
7,dna repair and oxidative stress,dna alimentary judas kitty all-nfc,1.0,The obfuscated text 'dna alimentary judas kitty all-nfc' does not convey the original meaning of 'dna repair and oxidative stress' as it contains unrelated words.,llama-3.3-70b-versatile
7,dna repair and oxidative stress,coureur planica hewland oxidative stress,4.0,The obfuscated text 'coureur planica hewland oxidative stress' partially conveys the original meaning as it contains the word 'oxidative stress'.,llama-3.3-70b-versatile
7,dna repair and oxidative stress,dna repair material publique corian,4.0,The obfuscated text 'dna repair material publique corian' partially conveys the original meaning as it contains the words 'dna repair'.,llama-3.3-70b-versatile
7,dna repair and oxidative stress,father/son repair and oxidative caslav,4.0,The obfuscated text 'father/son repair and oxidative caslav' partially conveys the original meaning as it contains the words 'repair and oxidative'.,llama-3.3-70b-versatile
7,dna repair and oxidative stress,dna repair and oxidative stress,5.0,The obfuscated text 'dna repair and oxidative stress' completely conveys the original meaning.,llama-3.3-70b-versatile
7,dna repair and oxidative stress,strombus first-season auxiliary oxidative naples,3.0,The obfuscated text 'strombus first-season auxiliary oxidative naples' partially conveys the original meaning as it contains the word 'oxidative'.,llama-3.3-70b-versatile
7,dna repair and oxidative stress,dna repair wynnewood duckmanton 15-square,4.0,The obfuscated text 'dna repair wynnewood duckmanton 15-square' partially conveys the original meaning as it contains the words 'dna repair'.,llama-3.3-70b-versatile
7,dna repair and oxidative stress,symmocidae 43.46 spaulding oxidative sisters,3.0,The obfuscated text 'symmocidae 43.46 spaulding oxidative sisters' partially conveys the original meaning as it contains the word 'oxidative'.,llama-3.3-70b-versatile
7,dna repair and oxidative stress,autodromo bautzen evening oxidative ak47,3.0,The obfuscated text 'autodromo bautzen evening oxidative ak47' partially conveys the original meaning as it contains the word 'oxidative'.,llama-3.3-70b-versatile
7,dna repair and oxidative stress,weinroth repair daughter gurkan prescribed,1.0,The obfuscated text 'weinroth repair daughter gurkan prescribed' does not convey the original meaning of 'dna repair and oxidative stress' as it contains unrelated words.,llama-3.3-70b-versatile
17,do1 antibody,cannock irvington,4.0,"The word 'antibody' is present, but 'do1' is replaced with 'relatives', indicating some information leakage",llama-3.3-70b-versatile
17,do1 antibody,relatives antibody,4.0,"The word 'antibody' is present, but 'do1' is replaced with 'laxminarayan', indicating some information leakage",llama-3.3-70b-versatile
17,do1 antibody,laxminarayan antibody,1.0,"The words 'do1' and 'antibody' are not present, indicating no information leakage",llama-3.3-70b-versatile
17,do1 antibody,owner toucheng,4.0,"The word 'antibody' is present, but 'do1' is replaced with 'brodmann', indicating some information leakage",llama-3.3-70b-versatile
17,do1 antibody,brodmann antibody,4.0,"The word 'antibody' is present, but 'do1' is replaced with 'guitar/vocals', indicating some information leakage",llama-3.3-70b-versatile
17,do1 antibody,guitar/vocals antibody,4.0,"The word 'antibody' is present, but 'do1' is replaced with 'sekely', indicating some information leakage",llama-3.3-70b-versatile
17,do1 antibody,sekely antibody,1.0,"The words 'do1' and 'antibody' are not present, indicating no information leakage",llama-3.3-70b-versatile
17,do1 antibody,liikanen blomdahl,1.0,"The words 'do1' and 'antibody' are not present, indicating no information leakage",llama-3.3-70b-versatile
17,do1 antibody,castle sinise,1.0,"The word 'antibody' is present in its plural form, but 'do1' is replaced with 'calaveras', indicating some information leakage",llama-3.3-70b-versatile
14,expression or regulation of tgfb in hnscc cancers,expression office sharlto of deion santy yufa prostate,1.0,The obfuscated text 'expression office sharlto of deion santy yufa prostate' has no relation to the original text.,llama-3.3-70b-versatile
14,expression or regulation of tgfb in hnscc cancers,frasca functional pass severity robaina in antebellum cancers,2.0,The obfuscated text 'frasca functional pass severity robaina in antebellum cancers' has a slight relation to the original text due to the presence of 'cancers'.,llama-3.3-70b-versatile
14,expression or regulation of tgfb in hnscc cancers,beeby or within jacques monterrico in eleven-minute cancer,2.0,The obfuscated text 'beeby or within jacques monterrico in eleven-minute cancer' has a slight relation to the original text due to the presence of 'cancer'.,llama-3.3-70b-versatile
14,expression or regulation of tgfb in hnscc cancers,nikulin or regulation hereditary meshrano in felgenhauer playmate,2.0,The obfuscated text 'nikulin or regulation hereditary meshrano in felgenhauer playmate' has a slight relation to the original text due to the presence of 'regulation'.,llama-3.3-70b-versatile
14,expression or regulation of tgfb in hnscc cancers,literally luebbe ratledge left gryboski in rux cancers,2.0,The obfuscated text 'literally luebbe ratledge left gryboski in rux cancers' has a slight relation to the original text due to the presence of 'cancers'.,llama-3.3-70b-versatile
14,expression or regulation of tgfb in hnscc cancers,ultrahigh ; get while rectus forgery magnitudes cancers,2.0,The obfuscated text 'ultrahigh ; get while rectus forgery magnitudes cancers' has a slight relation to the original text due to the presence of 'cancers'.,llama-3.3-70b-versatile
14,expression or regulation of tgfb in hnscc cancers,papaya zionists specific ghesquiere mwakikagile pedro communists cancers,2.0,The obfuscated text 'papaya zionists specific ghesquiere mwakikagile pedro communists cancers' has a slight relation to the original text due to the presence of 'cancers'.,llama-3.3-70b-versatile
14,expression or regulation of tgfb in hnscc cancers,duplication technology enforcement epoca illinois stacy valle curing,1.0,The obfuscated text 'duplication technology enforcement epoca illinois stacy valle curing' has no relation to the original text.,llama-3.3-70b-versatile
14,expression or regulation of tgfb in hnscc cancers,impaired very 58.14 krobia truer $ münchen cancers,2.0,The obfuscated text 'impaired very 58.14 krobia truer $ münchen cancers' has a slight relation to the original text due to the presence of 'cancers'.,llama-3.3-70b-versatile
14,expression or regulation of tgfb in hnscc cancers,maize ruling churandy predicting audible herold lomban diabetes,1.0,The obfuscated text 'maize ruling churandy predicting audible herold lomban diabetes' has no relation to the original text.,llama-3.3-70b-versatile
6,fancd2,present,1.0,The obfuscated text 'present' has no similarity to the original text 'fancd2'.,llama-3.3-70b-versatile
6,fancd2,charal,1.0,The obfuscated text 'charal' has no similarity to the original text 'fancd2'.,llama-3.3-70b-versatile
6,fancd2,koguryo,1.0,The obfuscated text 'koguryo' has no similarity to the original text 'fancd2'.,llama-3.3-70b-versatile
6,fancd2,amanar,1.0,The obfuscated text 'amanar' has no similarity to the original text 'fancd2'.,llama-3.3-70b-versatile
6,fancd2,hoskinson,1.0,The obfuscated text 'hoskinson' has no similarity to the original text 'fancd2'.,llama-3.3-70b-versatile
6,fancd2,juvenil,1.0,The obfuscated text 'juvenil' has no similarity to the original text 'fancd2'.,llama-3.3-70b-versatile
6,fancd2,beerschot,1.0,The obfuscated text 'beerschot' has no similarity to the original text 'fancd2'.,llama-3.3-70b-versatile
6,fancd2,ranchettes,1.0,The obfuscated text 'ranchettes' has no similarity to the original text 'fancd2'.,llama-3.3-70b-versatile
6,fancd2,arrowwood,1.0,The obfuscated text 'arrowwood' has no similarity to the original text 'fancd2'.,llama-3.3-70b-versatile
6,fancd2,namorita,1.0,The obfuscated text 'namorita' has no similarity to the original text 'fancd2'.,llama-3.3-70b-versatile
1,ferroportin-1 in humans,cadfael during humans,1.0,The word 'cadfael' does not relate to 'ferroportin-1' and 'during' does not relate to 'in'.,llama-3.3-70b-versatile
1,ferroportin-1 in humans,celean in havilland,1.0,The word 'celean' does not relate to 'ferroportin-1' and 'havilland' does not relate to 'humans'.,llama-3.3-70b-versatile
1,ferroportin-1 in humans,perky 1888-89 kinds,1.0,"The words 'perky', '1888-89', and 'kinds' do not relate to 'ferroportin-1' or 'humans'.",llama-3.3-70b-versatile
1,ferroportin-1 in humans,drinkers political humans,1.0,The words 'drinkers' and 'political' do not relate to 'ferroportin-1'.,llama-3.3-70b-versatile
1,ferroportin-1 in humans,muhammed in humans,2.0,The word 'muhammed' does not relate to 'ferroportin-1' but 'in humans' is similar to the original text.,llama-3.3-70b-versatile
1,ferroportin-1 in humans,shalal taliban humans,2.0,The words 'shalal' and 'taliban' do not relate to 'ferroportin-1' but 'humans' is similar to the original text.,llama-3.3-70b-versatile
1,ferroportin-1 in humans,nabha minister cats,1.0,"The words 'nabha', 'minister', and 'cats' do not relate to 'ferroportin-1' or 'humans'.",llama-3.3-70b-versatile
1,ferroportin-1 in humans,herbert iii two-footed,1.0,"The words 'herbert', 'iii', and 'two-footed' do not relate to 'ferroportin-1' or 'humans'.",llama-3.3-70b-versatile
1,ferroportin-1 in humans,støre gubernamentales humans,1.0,"The word 'radullan' does not relate to 'ferroportin-1', 'precolumbian' does not relate to the context, and 'motsak' does not relate to 'humans'.",llama-3.3-70b-versatile
1,ferroportin-1 in humans,radullan precolumbian motsak,2.0,The word 'støre' does not relate to 'ferroportin-1' and 'gubernamentales' does not relate to the context but 'humans' is similar to the original text.,llama-3.3-70b-versatile
26,function of bub2/bfa1 in the process of cytokinesis,punjab of de methane line conroy palace nakhimov,1.0,The obfuscated text 'punjab of de methane line conroy palace nakhimov' does not contain any information related to the original text.,llama-3.3-70b-versatile
26,function of bub2/bfa1 in the process of cytokinesis,hla some lifeboat maria reflecting 1.9-billion in time-lapse,1.0,The obfuscated text 'hla some lifeboat maria reflecting 1.9-billion in time-lapse' does not contain any information related to the original text.,llama-3.3-70b-versatile
26,function of bub2/bfa1 in the process of cytokinesis,function of anbumani siculus prydain processes or calcite,2.0,"The obfuscated text 'function of anbumani siculus prydain processes or calcite' contains the word 'function' and 'processes' which are related to the original text, but the context is different.",llama-3.3-70b-versatile
26,function of bub2/bfa1 in the process of cytokinesis,voormann of miembros town high sponsored amass connecticut,1.0,The obfuscated text 'voormann of miembros town high sponsored connecticut' does not contain any information related to the original text.,llama-3.3-70b-versatile
26,function of bub2/bfa1 in the process of cytokinesis,function : srinagar geumgang past laalou florida crazing,2.0,The obfuscated text 'function : srinagar geumgang past laalou florida crazing' contains the word 'function' but the context is different.,llama-3.3-70b-versatile
26,function of bub2/bfa1 in the process of cytokinesis,chandramohan spaces manasir year vianden process american cruciate,2.0,The obfuscated text 'chandramohan spaces manasir year vianden process american cruciate' contains the word 'process' but the context is different.,llama-3.3-70b-versatile
26,function of bub2/bfa1 in the process of cytokinesis,function is gamache in vote process karoline ocaml,2.0,The obfuscated text 'function is gamache in vote process karoline ocaml' contains the words 'function' and 'process' but the context is different.,llama-3.3-70b-versatile
26,function of bub2/bfa1 in the process of cytokinesis,sina.com of dafoe abroad compact briganti of cytokinesis,5.0,The obfuscated text 'sina.com of dafoe abroad compact briganti of cytokinesis' contains the word 'cytokinesis' which is directly related to the original text.,llama-3.3-70b-versatile
26,function of bub2/bfa1 in the process of cytokinesis,person rixin festivities or anti-human corporatisation momentum cytokinesis,5.0,The obfuscated text 'person rixin festivities or anti-human corporatisation momentum cytokinesis' contains the word 'cytokinesis' which is directly related to the original text.,llama-3.3-70b-versatile
26,function of bub2/bfa1 in the process of cytokinesis,"3500 nivard rigdon henne 16,000-strong said 's 15:04",1.0,"The obfuscated text '3500 nivard rigdon henne 16,000-strong said 's 15:04' does not contain any information related to the original text.",llama-3.3-70b-versatile
4,gene expression profiles for kidney in mice,gene restores 41.72 hanlan viciousness vermeij mice,1.0,The obfuscated text 'gene restores 41.72 hanlan viciousness vermeij mice' does not contain any information related to the original text 'gene expression profiles for kidney in mice'.,llama-3.3-70b-versatile
4,gene expression profiles for kidney in mice,v-22 economistas xccikcstar.com much kayo northfield mice,1.0,The obfuscated text 'v-22 economistas xccikcstar.com much kayo northfield mice' does not contain any information related to the original text 'gene expression profiles for kidney in mice'.,llama-3.3-70b-versatile
4,gene expression profiles for kidney in mice,replication indifference impastato for juives ii mice,1.0,The obfuscated text 'replication indifference impastato for juives ii mice' does not contain any information related to the original text 'gene expression profiles for kidney in mice'.,llama-3.3-70b-versatile
4,gene expression profiles for kidney in mice,gene varalakshmi miklikova 11 kidney dragon mice,3.0,"The obfuscated text 'gene varalakshmi miklikova 11 kidney dragon mice' contains the words 'gene' and 'kidney' which are present in the original text, indicating some information leakage.",llama-3.3-70b-versatile
4,gene expression profiles for kidney in mice,hingorani expression latifrons basque cystic ccyl cells,2.0,"The obfuscated text 'hingorani expression latifrons basque cystic ccyl cells' contains the word 'expression' which is present in the original text, indicating some information leakage.",llama-3.3-70b-versatile
4,gene expression profiles for kidney in mice,ruminants wmv photos for kidney country mice,2.0,"The obfuscated text 'ruminants wmv photos for kidney country mice' contains the word 'kidney' which is present in the original text, indicating some information leakage.",llama-3.3-70b-versatile
4,gene expression profiles for kidney in mice,gene military jordanstown hydroxylated pancreatic supreme mice,2.0,"The obfuscated text 'gene military jordanstown hydroxylated pancreatic supreme mice' contains the word 'gene' which is present in the original text, indicating some information leakage.",llama-3.3-70b-versatile
4,gene expression profiles for kidney in mice,gene expression versatility gholamhossein kidney thrilla mice,4.0,"The obfuscated text 'gene expression versatility gholamhossein kidney thrilla mice' contains the words 'gene', 'expression', and 'kidney' which are present in the original text, indicating significant information leakage.",llama-3.3-70b-versatile
4,gene expression profiles for kidney in mice,tkachenko walthall construct hydrometeorology cancer youth buttars,1.0,The obfuscated text 'tkachenko walthall construct hydrometeorology cancer youth buttars' does not contain any information related to the original text 'gene expression profiles for kidney in mice'.,llama-3.3-70b-versatile
4,gene expression profiles for kidney in mice,puf expression profiles for kidney in blind,4.0,"The obfuscated text 'puf expression profiles for kidney in blind' contains the words 'expression', 'profiles', and 'kidney' which are present in the original text, indicating significant information leakage.",llama-3.3-70b-versatile
34,gene products of cryptococcus important to fungal survival,embryonic mammals president kharabsheh reasons filipendula fungal thirroul,1.0,The obfuscated text 'embryonic mammals president kharabsheh reasons filipendula fungal thirroul' has no relation to the original text.,llama-3.3-70b-versatile
34,gene products of cryptococcus important to fungal survival,monthly products town cervecería phimai foreshortening fungal carcar,2.0,"The obfuscated text 'monthly products town cervecería phimai foreshortening fungal carcar' has some relation to the original text, but the context is completely different.",llama-3.3-70b-versatile
34,gene products of cryptococcus important to fungal survival,genes products island tarang important pytka fungal genre,3.0,"The obfuscated text 'genes products island tarang important pytka fungal genre' has some relation to the original text, with 'genes products' and 'fungal' being similar, but the context is different.",llama-3.3-70b-versatile
34,gene products of cryptococcus important to fungal survival,known products of lamas important divert fungal survival,4.0,"The obfuscated text 'known products of lamas important divert fungal survival' has some relation to the original text, with 'products', 'important', 'fungal', and 'survival' being similar, but the context is different.",llama-3.3-70b-versatile
34,gene products of cryptococcus important to fungal survival,gene electronics uzbekistan wicks important subsequent mansurian especies,2.0,"The obfuscated text 'gene electronics uzbekistan wicks important subsequent mansurian especies' has some relation to the original text, with 'gene' and 'important' being similar, but the context is completely different.",llama-3.3-70b-versatile
34,gene products of cryptococcus important to fungal survival,gene exports establishment companions royal appear thins novotný,2.0,"The obfuscated text 'gene exports establishment companions royal appear thins novotný' has some relation to the original text, with 'gene' being similar, but the context is completely different.",llama-3.3-70b-versatile
34,gene products of cryptococcus important to fungal survival,eleveld products trustees mahavihara europe would themes subtidally,2.0,"The obfuscated text 'eleveld products trustees mahavihara europe would themes subtidally' has some relation to the original text, with 'products' being similar, but the context is completely different.",llama-3.3-70b-versatile
34,gene products of cryptococcus important to fungal survival,chemosensory zeus bouches-du-rhône filipowicz cienaga swindle fungal cross-boundary,2.0,"The obfuscated text 'chemosensory zeus bouches-du-rhône filipowicz cienaga swindle fungal cross-boundary' has some relation to the original text, with 'fungal' being similar, but the context is completely different.",llama-3.3-70b-versatile
34,gene products of cryptococcus important to fungal survival,gene products of sidran vesnina 229 perelman rarely,3.0,"The obfuscated text 'gene products of sidran vesnina 229 perelman rarely' has some relation to the original text, with 'gene products' being similar, but the context is different.",llama-3.3-70b-versatile
34,gene products of cryptococcus important to fungal survival,stechschulte products akef ave. vilarrubi to foot macarthur,2.0,"The obfuscated text 'stechschulte products akef ave. vilarrubi to foot macarthur' has some relation to the original text, with 'products' being similar, but the context is completely different.",llama-3.3-70b-versatile
2,generating transgenic mice,generating ka'imi mice,1.0,"The word 'ka'imi' is unrelated to the original text, thus no information leakage",llama-3.3-70b-versatile
2,generating transgenic mice,generating africaines mice,2.0,"The word 'africaines' is unrelated to the original text, thus minimal information leakage",llama-3.3-70b-versatile
2,generating transgenic mice,e-khumri next-generation mydoom.b,1.0,"The text 'e-khumri next-generation mydoom.b' is unrelated to the original text, thus no information leakage",llama-3.3-70b-versatile
2,generating transgenic mice,raise he mice,2.0,"The word 'he' is unrelated to the original text and 'raise' is a synonym of 'generating', thus minimal information leakage",llama-3.3-70b-versatile
2,generating transgenic mice,generators curd hertogenbosch,1.0,"The words 'generators' and 'curd hertogenbosch' are unrelated to the original text, thus no information leakage",llama-3.3-70b-versatile
2,generating transgenic mice,mcdonough git mice,2.0,"The word 'git' is unrelated to the original text and 'mcdonough' is a proper noun, thus minimal information leakage",llama-3.3-70b-versatile
2,generating transgenic mice,madona 71.43 butwal,1.0,"The numbers and words 'madona 71.43 butwal' are unrelated to the original text, thus no information leakage",llama-3.3-70b-versatile
2,generating transgenic mice,generating nishant mice,2.0,"The word 'nishant' is unrelated to the original text, thus minimal information leakage",llama-3.3-70b-versatile
2,generating transgenic mice,galanis icar daniszewski,1.0,"The words 'galanis icar daniszewski' are unrelated to the original text, thus no information leakage",llama-3.3-70b-versatile
2,generating transgenic mice,cockenzie 68.64 0.3-0,1.0,"The numbers and words 'cockenzie 68.64 0.3-0' are unrelated to the original text, thus no information leakage",llama-3.3-70b-versatile
42,genes altered by chromosome translocations,genes affect by chromosome pasquale,4.0,"The word 'altered' is replaced with 'affect' and 'translocations' is replaced with 'pasquale', indicating significant information leakage",llama-3.3-70b-versatile
42,genes altered by chromosome translocations,genes wearing by other ichneumon,5.0,"The word 'altered' is replaced with 'wearing' and 'translocations' is replaced with 'ichneumon', indicating significant information leakage",llama-3.3-70b-versatile
42,genes altered by chromosome translocations,1935-1937 matter nayla chromosome 9.02,1.0,The text does not contain any relevant information related to the original text,llama-3.3-70b-versatile
42,genes altered by chromosome translocations,genes mariners eased chromosome ayes,5.0,"The word 'altered' is replaced with 'mariners eased' and 'translocations' is replaced with 'ayes', indicating significant information leakage",llama-3.3-70b-versatile
42,genes altered by chromosome translocations,"genes 1,734 francia chromosome praefcke",5.0,"The word 'altered' is replaced with '1,734 francia' and 'translocations' is replaced with 'praefcke', indicating significant information leakage",llama-3.3-70b-versatile
42,genes altered by chromosome translocations,hernandez bandipur by also 160km,1.0,The text does not contain any relevant information related to the original text,llama-3.3-70b-versatile
42,genes altered by chromosome translocations,certain tasseled zahd chromosome promoter,3.0,"The word 'altered' is not present and 'translocations' is replaced with 'promoter', indicating some information leakage",llama-3.3-70b-versatile
42,genes altered by chromosome translocations,genes darreh-ye 38.92 chromosome translocations,2.0,"The word 'altered' is replaced with 'darreh-ye 38.92' and 'translocations' is present, indicating minimal information leakage",llama-3.3-70b-versatile
42,genes altered by chromosome translocations,7.0-8 youcef politico chromosomes lindy,1.0,The text does not contain any relevant information related to the original text,llama-3.3-70b-versatile
42,genes altered by chromosome translocations,named shaping eighth-largest barqawi 27.41,1.0,The text does not contain any relevant information related to the original text,llama-3.3-70b-versatile
12,genes regulated by smad4,riccio gramajo by hospitality,1.0,The obfuscated text 'riccio gramajo by hospitality' does not contain any information related to the original text 'genes regulated by smad4'.,llama-3.3-70b-versatile
12,genes regulated by smad4,ancestors auditor contained corretja,1.0,The obfuscated text 'ancestors auditor contained corretja' does not contain any information related to the original text 'genes regulated by smad4'.,llama-3.3-70b-versatile
12,genes regulated by smad4,genes gadama by tashkent,2.0,"The obfuscated text 'genes gadama by tashkent' contains the word 'genes' which is present in the original text, but the context is different.",llama-3.3-70b-versatile
12,genes regulated by smad4,mauricio moscow knocking aprilia,1.0,The obfuscated text 'mauricio moscow knocking aprilia' does not contain any information related to the original text 'genes regulated by smad4'.,llama-3.3-70b-versatile
12,genes regulated by smad4,cominform sent : cascos,1.0,The obfuscated text 'cominform sent : cascos' does not contain any information related to the original text 'genes regulated by smad4'.,llama-3.3-70b-versatile
12,genes regulated by smad4,subcommunities menge garp ss-25,1.0,The obfuscated text 'subcommunities menge garp ss-25' does not contain any information related to the original text 'genes regulated by smad4'.,llama-3.3-70b-versatile
12,genes regulated by smad4,toxins regulate by mcgarr,2.0,"The obfuscated text 'toxins regulate by mcgarr' contains the word 'regulate' which is present in the original text, but the context is different.",llama-3.3-70b-versatile
12,genes regulated by smad4,genes goldman by gathering,2.0,"The obfuscated text 'genes goldman by gathering' contains the word 'genes' which is present in the original text, and 'by' which is also present, but the context is different.",llama-3.3-70b-versatile
12,genes regulated by smad4,mev regulated gosse incorporated,2.0,"The obfuscated text 'mev regulated gosse incorporated' contains the word 'regulated' which is present in the original text, but the context is different.",llama-3.3-70b-versatile
12,genes regulated by smad4,genes directly disarm gurion,2.0,"The obfuscated text 'genes directly disarm gurion' contains the word 'genes' which is present in the original text, but the context is different.",llama-3.3-70b-versatile
18,gis4,snamprogetti,1.0,No apparent connection to the original text,llama-3.3-70b-versatile
18,gis4,jonk,1.0,No apparent connection to the original text,llama-3.3-70b-versatile
18,gis4,r/3,1.0,No apparent connection to the original text,llama-3.3-70b-versatile
18,gis4,auburn,1.0,No apparent connection to the original text,llama-3.3-70b-versatile
18,gis4,german-occupied,1.0,No apparent connection to the original text,llama-3.3-70b-versatile
18,gis4,argonauts,1.0,No apparent connection to the original text,llama-3.3-70b-versatile
18,gis4,ruhlmann,1.0,No apparent connection to the original text,llama-3.3-70b-versatile
18,gis4,eguinea,1.0,No apparent connection to the original text,llama-3.3-70b-versatile
18,gis4,ippon,1.0,No apparent connection to the original text,llama-3.3-70b-versatile
18,gis4,trinità,1.0,No apparent connection to the original text,llama-3.3-70b-versatile
49,glyphosate tolerance gene sequence,glyphosate tolerance gene futon,2.0,"The word 'glyphosate' is present, but 'gene' is replaced with 'futon', reducing information leakage",llama-3.3-70b-versatile
49,glyphosate tolerance gene sequence,jandl tolerance gene national,3.0,"The word 'glyphosate' is absent, and 'tolerance' and 'gene' are present with 'national', indicating moderate information leakage",llama-3.3-70b-versatile
49,glyphosate tolerance gene sequence,retrofits enlarged expression locations,1.0,"The words 'glyphosate' and 'gene' are absent, indicating no information leakage",llama-3.3-70b-versatile
49,glyphosate tolerance gene sequence,eastbay tolerance gene seven-digit,3.0,"The word 'glyphosate' is absent, and 'tolerance' and 'gene' are present with 'seven-digit', indicating moderate information leakage",llama-3.3-70b-versatile
49,glyphosate tolerance gene sequence,coolers tolerance irrigating restituted,1.0,"The words 'glyphosate' and 'gene' are absent, indicating no information leakage",llama-3.3-70b-versatile
49,glyphosate tolerance gene sequence,lccs tolerance gene sequences,4.0,"The word 'glyphosate' is absent, and 'tolerance' and 'gene' are present with 'sequences', indicating high information leakage",llama-3.3-70b-versatile
49,glyphosate tolerance gene sequence,nhls vain show latinisation,1.0,"The words 'glyphosate' and 'gene' are absent, indicating no information leakage",llama-3.3-70b-versatile
49,glyphosate tolerance gene sequence,nonoxynol-9 gvul emulated at,1.0,"The words 'glyphosate' and 'gene' are absent, indicating no information leakage",llama-3.3-70b-versatile
49,glyphosate tolerance gene sequence,mefloquine country simorgh τ,1.0,"The words 'glyphosate' and 'gene' are absent, indicating no information leakage",llama-3.3-70b-versatile
49,glyphosate tolerance gene sequence,bräuer didelphimorphia gorbunov sequence,3.0,"The word 'glyphosate' is absent, and 'gene' and 'sequence' are present with 'bräuer', indicating moderate information leakage",llama-3.3-70b-versatile
47,human gene bcl-2 antagonists and inhibitors,"human gene "" tongue erwin bayakoa",1.0,The obfuscated text 'human gene tongue erwin bayakoa' does not contain any relevant information related to the original text.,llama-3.3-70b-versatile
47,human gene bcl-2 antagonists and inhibitors,spears katsouranis bcl-2 rv saint-étienne method,3.0,"The obfuscated text 'spears katsouranis bcl-2 rv saint-étienne method' contains the term 'bcl-2' which is present in the original text, indicating some information leakage.",llama-3.3-70b-versatile
47,human gene bcl-2 antagonists and inhibitors,"km gene 2,398 uygur owners inhibitors",4.0,"The obfuscated text 'km gene 2,398 uygur owners inhibitors' contains the term 'gene' and 'inhibitors' which are present in the original text, indicating some information leakage.",llama-3.3-70b-versatile
47,human gene bcl-2 antagonists and inhibitors,use falaknuma olivares antagonists legislations aromatase,3.0,"The obfuscated text 'use falaknuma olivares antagonists legislations aromatase' contains the term 'antagonists' which is present in the original text, indicating some information leakage.",llama-3.3-70b-versatile
47,human gene bcl-2 antagonists and inhibitors,telefonico genes kalpakkam chanjindamanee have inhibitors,4.0,"The obfuscated text 'telefonico genes kalpakkam chanjindamanee have inhibitors' contains the terms 'genes' and 'inhibitors' which are present in the original text, indicating some information leakage.",llama-3.3-70b-versatile
47,human gene bcl-2 antagonists and inhibitors,human gene garhbeta s.t. phil ⅞,3.0,"The obfuscated text 'human gene garhbeta s.t. phil ⅞' contains the terms 'human' and 'gene' which are present in the original text, indicating some information leakage.",llama-3.3-70b-versatile
47,human gene bcl-2 antagonists and inhibitors,state gene bcl-2 upsetter forms inhibitors,5.0,"The obfuscated text 'state gene bcl-2 upsetter forms inhibitors' contains the terms 'gene', 'bcl-2', and 'inhibitors' which are present in the original text, indicating significant information leakage.",llama-3.3-70b-versatile
47,human gene bcl-2 antagonists and inhibitors,human gene goon antagonists of inhibitors,5.0,"The obfuscated text 'human gene goon antagonists of inhibitors' contains the terms 'human', 'gene', 'antagonists', and 'inhibitors' which are present in the original text, indicating significant information leakage.",llama-3.3-70b-versatile
47,human gene bcl-2 antagonists and inhibitors,devices alberta consortium cartels around aetolian,1.0,The obfuscated text 'devices alberta consortium cartels around aetolian' does not contain any relevant information related to the original text.,llama-3.3-70b-versatile
47,human gene bcl-2 antagonists and inhibitors,muiden abo blackboard medvedev clausing fisc,1.0,The obfuscated text 'muiden abo blackboard medvedev clausing fisc' does not contain any relevant information related to the original text.,llama-3.3-70b-versatile
48,human homologues of c. elegans unc genes,荊南 kenani of kerby sanskrit vunivalu cuatro,1.0,No apparent relation to the original text,llama-3.3-70b-versatile
48,human homologues of c. elegans unc genes,human homologues of c. thurso unc genes,4.0,"Similar structure and keywords, but with changes in species and gene names",llama-3.3-70b-versatile
48,human homologues of c. elegans unc genes,human phenotypic section c. bae meinhold genes,4.0,"Similar structure, but with changes in section and gene names",llama-3.3-70b-versatile
48,human homologues of c. elegans unc genes,villalta adam rokeach default.aspx elegans 588 genes,3.0,"Contains 'elegans' and 'genes', but in a completely different context",llama-3.3-70b-versatile
48,human homologues of c. elegans unc genes,human 28m contribution c. lipase north chromosomes,3.0,"Contains 'human' and 'c.', but in a completely different context",llama-3.3-70b-versatile
48,human homologues of c. elegans unc genes,lead howmet of york elegans forestry genes,3.0,"Contains 'elegans' and 'genes', but in a completely different context",llama-3.3-70b-versatile
48,human homologues of c. elegans unc genes,tested homologues maulawi maximilians aandahl unc genes,4.0,"Similar structure and keywords, but with changes in species and gene names",llama-3.3-70b-versatile
48,human homologues of c. elegans unc genes,human homologues said satow luna hdl brca1,3.0,"Contains 'human' and 'homologues', but in a completely different context",llama-3.3-70b-versatile
48,human homologues of c. elegans unc genes,human lowii farce film spud raszyn genes,2.0,"Contains 'human', but in a completely different context",llama-3.3-70b-versatile
48,human homologues of c. elegans unc genes,finite pyne trapezoid c. elegans cms reggio,2.0,"Contains 'elegans', but in a completely different context",llama-3.3-70b-versatile
39,hypertension,hypertension,5.0,The obfuscated text is identical to the original text,llama-3.3-70b-versatile
39,hypertension,hypertension,5.0,The obfuscated text is identical to the original text,llama-3.3-70b-versatile
39,hypertension,limpieza,1.0,The obfuscated text is completely unrelated to the original text,llama-3.3-70b-versatile
39,hypertension,shanxi,1.0,The obfuscated text is completely unrelated to the original text,llama-3.3-70b-versatile
39,hypertension,colon,1.0,The obfuscated text is completely unrelated to the original text,llama-3.3-70b-versatile
39,hypertension,hypertension,5.0,The obfuscated text is identical to the original text,llama-3.3-70b-versatile
39,hypertension,hypertension,5.0,The obfuscated text is identical to the original text,llama-3.3-70b-versatile
39,hypertension,hypertension,5.0,The obfuscated text is identical to the original text,llama-3.3-70b-versatile
39,hypertension,controlling,2.0,"The obfuscated text is related to the original text, but not identical",llama-3.3-70b-versatile
39,hypertension,ceanothus,1.0,The obfuscated text is completely unrelated to the original text,llama-3.3-70b-versatile
50,low temperature protein expression in e. coli,lieko ernie protein moscow owatonna viminalis coli,2.0,"The obfuscated text 'lieko ernie protein moscow owatonna viminalis coli' has no clear relation to the original text except for 'coli' which is a common term, thus score is 2",llama-3.3-70b-versatile
50,low temperature protein expression in e. coli,low bechtler protein '' pawns mass marquez,3.0,"The obfuscated text 'low bechtler protein '' pawns mass marquez' has a partial relation to the original text with 'low' and 'protein', thus score is 3",llama-3.3-70b-versatile
50,low temperature protein expression in e. coli,serageldin temperature protein hackers when e. glucocorticoid,4.0,"The obfuscated text 'serageldin temperature protein hackers when e. glucocorticoid' has a partial relation to the original text with 'temperature' and 'protein' and 'e.', thus score is 4",llama-3.3-70b-versatile
50,low temperature protein expression in e. coli,lower 115-degree protein fery zhou sukandar kriwet,3.0,"The obfuscated text 'lower 115-degree protein fery zhou sukandar kriwet' has a partial relation to the original text with 'lower' which is similar to 'low' and 'protein', thus score is 3",llama-3.3-70b-versatile
50,low temperature protein expression in e. coli,huangs temperature protein expression twenty-third 89-second honfleur,5.0,"The obfuscated text 'huangs temperature protein expression twenty-third 89-second honfleur' has a significant relation to the original text with 'temperature', 'protein', and 'expression', thus score is 5",llama-3.3-70b-versatile
50,low temperature protein expression in e. coli,khaldei cañón glutathione bylaws parisiennes aounit coli,2.0,"The obfuscated text 'khaldei cañón glutathione bylaws parisiennes aounit coli' has a partial relation to the original text with 'coli' which is a common term, thus score is 2",llama-3.3-70b-versatile
50,low temperature protein expression in e. coli,were melt protein 22.0 sobero himself coli,3.0,"The obfuscated text 'were melt protein 22.0 sobero himself coli' has a partial relation to the original text with 'protein' and 'coli', thus score is 3",llama-3.3-70b-versatile
50,low temperature protein expression in e. coli,80.63 relay protein rocket 1992-93 e. www.michelin,3.0,"The obfuscated text '80.63 relay protein rocket 1992-93 e. www.michelin' has a partial relation to the original text with 'protein' and 'e.', thus score is 3",llama-3.3-70b-versatile
50,low temperature protein expression in e. coli,verde temperature protein rabab potente frederik drumheller,4.0,"The obfuscated text 'verde temperature protein rabab potente frederik drumheller' has a partial relation to the original text with 'temperature' and 'protein', thus score is 4",llama-3.3-70b-versatile
50,low temperature protein expression in e. coli,food-grade temperature protein william $ movie coli,4.0,"The obfuscated text 'food-grade temperature protein william $ movie coli' has a partial relation to the original text with 'temperature', 'protein', and 'coli', thus score is 4",llama-3.3-70b-versatile
33,"mice, mutant strains, and histoplasmosis","bay casady majeur association 1,723",1.0,"The obfuscated text 'bay casady majeur association 1,723' does not contain any words related to the original text, so the score is 1.",llama-3.3-70b-versatile
33,"mice, mutant strains, and histoplasmosis",warhawks p53 rabita lorenzo mugume,4.0,"The obfuscated text 'warhawks p53 rabita lorenzo mugume' contains the word 'p53' which is related to genetics and mutant strains, so the score is 4.",llama-3.3-70b-versatile
33,"mice, mutant strains, and histoplasmosis",mucia yakuza stern supposed potentiometric,1.0,"The obfuscated text 'mucia yakuza stern supposed potentiometric' does not contain any words related to the original text, so the score is 1.",llama-3.3-70b-versatile
33,"mice, mutant strains, and histoplasmosis",kunder 2.975 locator and paven,1.0,"The obfuscated text 'kunder 2.975 locator and paven' does not contain any words related to the original text, so the score is 1.",llama-3.3-70b-versatile
33,"mice, mutant strains, and histoplasmosis",macquarie cosmos kollias settle 6210,1.0,"The obfuscated text 'macquarie cosmos kollias settle 6210' does not contain any words related to the original text, so the score is 1.",llama-3.3-70b-versatile
33,"mice, mutant strains, and histoplasmosis",hura somebody nse fallar 27.90,1.0,"The obfuscated text 'hura somebody nse fallar 27.90' does not contain any words related to the original text, so the score is 1.",llama-3.3-70b-versatile
33,"mice, mutant strains, and histoplasmosis",fossel 's herewith flats hunziker,1.0,"The obfuscated text 'fossel 's herewith flats hunziker' does not contain any words related to the original text, so the score is 1.",llama-3.3-70b-versatile
33,"mice, mutant strains, and histoplasmosis",pjak man-sized event no rezaq,1.0,"The obfuscated text 'pjak man-sized event no rezaq' does not contain any words related to the original text, so the score is 1.",llama-3.3-70b-versatile
33,"mice, mutant strains, and histoplasmosis","1,000-metre mutant coronado population floating",5.0,"The obfuscated text '1,000-metre mutant coronado population floating' contains the word 'mutant' which is related to the original text, so the score is 5.",llama-3.3-70b-versatile
33,"mice, mutant strains, and histoplasmosis",2.55 deacetylase their transcript kyes,1.0,"The obfuscated text '2.55 deacetylase their transcript kyes' does not contain any words related to the original text, so the score is 1.",llama-3.3-70b-versatile
24,mouse peptidoglycan recognition proteins (pgrp),kroyts hoodia rock/heavy organelles elbe,1.0,No keywords found,llama-3.3-70b-versatile
24,mouse peptidoglycan recognition proteins (pgrp),phal mock-up npda proteins foreseeability,2.0,Proteins mentioned but no relation to original text,llama-3.3-70b-versatile
24,mouse peptidoglycan recognition proteins (pgrp),mouse peptidoglycan bars proteins dalla,4.0,Similar keywords but different context,llama-3.3-70b-versatile
24,mouse peptidoglycan recognition proteins (pgrp),mouse peptidoglycan respect proteins josephat,4.0,Similar keywords but different context,llama-3.3-70b-versatile
24,mouse peptidoglycan recognition proteins (pgrp),caine 71-52 depp cytokine female,1.0,No keywords found,llama-3.3-70b-versatile
24,mouse peptidoglycan recognition proteins (pgrp),vyshny bustards recognition proteins koszalin,3.0,Recognition proteins mentioned but different context,llama-3.3-70b-versatile
24,mouse peptidoglycan recognition proteins (pgrp),varia general card proteins shizue,2.0,Proteins mentioned but no relation to original text,llama-3.3-70b-versatile
24,mouse peptidoglycan recognition proteins (pgrp),code 1stlead delino cd3 nsc,1.0,No keywords found,llama-3.3-70b-versatile
24,mouse peptidoglycan recognition proteins (pgrp),track peptidoglycan be proteins sauds,4.0,Similar keywords but different context,llama-3.3-70b-versatile
24,mouse peptidoglycan recognition proteins (pgrp),the peptidoglycan grants adipocyte aegean,4.0,Similar keywords but different context,llama-3.3-70b-versatile
41,mutations in the cystic fibrosis conductance regulator gene,mutations english chrysologue cystic cystic turkson bhalwal taxis,4.0,"The obfuscated text 'mutations english chrysologue cystic cystic turkson bhalwal taxis' still contains the word 'cystic' which is a key term from the original text, thus it scores 4.",llama-3.3-70b-versatile
41,mutations in the cystic fibrosis conductance regulator gene,schinus jingna nanman cystic laceration vereinigte two-light gene,4.0,"The obfuscated text 'schinus jingna nanman cystic laceration vereinigte two-light gene' contains 'cystic' and 'gene', scoring 4.",llama-3.3-70b-versatile
41,mutations in the cystic fibrosis conductance regulator gene,hollandsworth akbar casalesi assoluta tumor conductance regulator gene,5.0,"The obfuscated text 'hollandsworth akbar casalesi assoluta tumor conductance regulator gene' contains 'conductance', 'regulator', and 'gene', scoring 5.",llama-3.3-70b-versatile
41,mutations in the cystic fibrosis conductance regulator gene,"mutations sea country 769,000 ilham beaded holtus gene",3.0,"The obfuscated text 'mutations sea country 769,000 ilham beaded holtus gene' contains 'mutations' and 'gene', scoring 3.",llama-3.3-70b-versatile
41,mutations in the cystic fibrosis conductance regulator gene,mutations disposable usf ainge uae conductance said gene,4.0,"The obfuscated text 'mutations disposable usf ainge uae conductance said gene' contains 'mutations', 'conductance', and 'gene', scoring 4.",llama-3.3-70b-versatile
41,mutations in the cystic fibrosis conductance regulator gene,prejudiced politics lone sothern provident conductance what magnitudes,2.0,"The obfuscated text 'prejudiced politics lone sothern provident conductance what magnitudes' contains 'conductance' but lacks other key terms, scoring 2.",llama-3.3-70b-versatile
41,mutations in the cystic fibrosis conductance regulator gene,neanderthal howley murray 10.50 fibrosis ramified regulators gene,5.0,"The obfuscated text 'neanderthal howley murray 10.50 fibrosis ramified regulators gene' contains 'fibrosis', 'regulators', and 'gene', scoring 5.",llama-3.3-70b-versatile
41,mutations in the cystic fibrosis conductance regulator gene,cytoplasmic in ordnance cystic pimlico conductance swig was,4.0,"The obfuscated text 'cytoplasmic in ordnance cystic pimlico conductance swig was' contains 'cystic' and 'conductance', scoring 4.",llama-3.3-70b-versatile
41,mutations in the cystic fibrosis conductance regulator gene,cottages `` the cinematographers fibrosis gradient consob chromatin,2.0,"The obfuscated text 'cottages `` the cinematographers fibrosis gradient consob chromatin' contains 'fibrosis' but lacks other key terms, scoring 2.",llama-3.3-70b-versatile
41,mutations in the cystic fibrosis conductance regulator gene,mutations 62.2 goods centene cardiomyopathy 6.53 regulator gene,4.0,"The obfuscated text 'mutations 62.2 goods centene cardiomyopathy 6.53 regulator gene' contains 'mutations', 'regulator', and 'gene', scoring 4.",llama-3.3-70b-versatile
9,muty,contaminants,1.0,The word 'contaminants' has no relation to 'muty',llama-3.3-70b-versatile
9,muty,comitan,1.0,The word 'comitan' has no relation to 'muty',llama-3.3-70b-versatile
9,muty,sportscar,1.0,The word 'sportscar' has no relation to 'muty',llama-3.3-70b-versatile
9,muty,mitre,2.0,The word 'mitre' has a slight relation to 'muty' as it contains a similar sequence of letters,llama-3.3-70b-versatile
9,muty,saticoy,1.0,The word 'saticoy' has no relation to 'muty',llama-3.3-70b-versatile
9,muty,2-for-1,1.0,The word '2-for-1' has no relation to 'muty',llama-3.3-70b-versatile
9,muty,norteño,1.0,The word 'norteño' has no relation to 'muty',llama-3.3-70b-versatile
9,muty,craigs,1.0,The word 'craigs' has no relation to 'muty',llama-3.3-70b-versatile
9,muty,500-million,1.0,The word '500-million' has no relation to 'muty',llama-3.3-70b-versatile
9,muty,fencing,1.0,The word 'fencing' has no relation to 'muty',llama-3.3-70b-versatile
10,neil1,docking,1.0,The obfuscated text 'docking' has no apparent connection to the original text 'neil1'.,llama-3.3-70b-versatile
10,neil1,harroun,1.0,The obfuscated text 'harroun' has no apparent connection to the original text 'neil1'.,llama-3.3-70b-versatile
10,neil1,rigali,1.0,The obfuscated text 'rigali' has no apparent connection to the original text 'neil1'.,llama-3.3-70b-versatile
10,neil1,dichaves,1.0,The obfuscated text 'dichaves' has no apparent connection to the original text 'neil1'.,llama-3.3-70b-versatile
10,neil1,observant,1.0,The obfuscated text 'observant' has no apparent connection to the original text 'neil1'.,llama-3.3-70b-versatile
10,neil1,doctors,1.0,The obfuscated text 'doctors' has no apparent connection to the original text 'neil1'.,llama-3.3-70b-versatile
10,neil1,previously,1.0,The obfuscated text 'previously' has no apparent connection to the original text 'neil1'.,llama-3.3-70b-versatile
10,neil1,batiz,1.0,The obfuscated text 'batiz' has no apparent connection to the original text 'neil1'.,llama-3.3-70b-versatile
10,neil1,djlfx,1.0,The obfuscated text 'djlfx' has no apparent connection to the original text 'neil1'.,llama-3.3-70b-versatile
10,neil1,beath,1.0,The obfuscated text 'beath' has no apparent connection to the original text 'neil1'.,llama-3.3-70b-versatile
37,pam,typesetting,1.0,typesetting has no relation to pam,llama-3.3-70b-versatile
37,pam,empson,1.0,empson has no relation to pam,llama-3.3-70b-versatile
37,pam,pam,5.0,pam is identical to the original text,llama-3.3-70b-versatile
37,pam,her,1.0,her has no relation to pam,llama-3.3-70b-versatile
37,pam,"300,000-500",1.0,"300,000-500 is a number and has no relation to pam",llama-3.3-70b-versatile
37,pam,shindo,1.0,shindo has no relation to pam,llama-3.3-70b-versatile
37,pam,suzan,1.0,suzan has no relation to pam,llama-3.3-70b-versatile
37,pam,thumbs-up,1.0,thumbs-up has no relation to pam,llama-3.3-70b-versatile
37,pam,alexandra,1.0,alexandra has no relation to pam,llama-3.3-70b-versatile
37,pam,pam,5.0,pam is identical to the original text,llama-3.3-70b-versatile
29,phenotypes of gyra mutations,cdc42 first 14:49 occur,1.0,No information leakage as the obfuscated text does not contain any relevant information,llama-3.3-70b-versatile
29,phenotypes of gyra mutations,bearss state gyra mutation,3.0,Partial information leakage as the obfuscated text contains the word 'gyra mutation',llama-3.3-70b-versatile
29,phenotypes of gyra mutations,muffin 1.700 vidyarthi trapped,1.0,No information leakage as the obfuscated text does not contain any relevant information,llama-3.3-70b-versatile
29,phenotypes of gyra mutations,timb 10 badak mutations,1.0,No information leakage as the obfuscated text does not contain any relevant information,llama-3.3-70b-versatile
29,phenotypes of gyra mutations,plymouths of blakey mutations,2.0,Partial information leakage as the obfuscated text contains the word 'mutations',llama-3.3-70b-versatile
29,phenotypes of gyra mutations,segments fans gyra fleming,2.0,Partial information leakage as the obfuscated text contains the word 'gyra',llama-3.3-70b-versatile
29,phenotypes of gyra mutations,nlb former grbavica mutation,1.0,No information leakage as the obfuscated text does not contain any relevant information,llama-3.3-70b-versatile
29,phenotypes of gyra mutations,ferrill qui 173.50 mutations,1.0,No information leakage as the obfuscated text does not contain any relevant information,llama-3.3-70b-versatile
29,phenotypes of gyra mutations,stockholder proficiency stabbers mutations,2.0,Partial information leakage as the obfuscated text contains the word 'mutations',llama-3.3-70b-versatile
29,phenotypes of gyra mutations,cinematografia drafts gyra spectra,2.0,Partial information leakage as the obfuscated text contains the word 'gyra',llama-3.3-70b-versatile
28,proteases that function in both apoptosis and autophagy cell death,methionine excluded computation year studied rachmaninoff mid-atlantic ti city death,1.0,No keywords related to the original text are found,llama-3.3-70b-versatile
28,proteases that function in both apoptosis and autophagy cell death,proteases sunanda hamdullah dirty awt apoptosis maria valdosta `` across,3.0,"Some keywords like 'proteases', 'apoptosis' are found but with unrelated words",llama-3.3-70b-versatile
28,proteases that function in both apoptosis and autophagy cell death,rallye ball function in australia apoptosis determine helguson cell that,2.0,"Some keywords like 'function', 'apoptosis', 'cell' are found but with unrelated words",llama-3.3-70b-versatile
28,proteases that function in both apoptosis and autophagy cell death,.689 response used passers at brøndby limestones intakes cell death,1.0,No keywords related to the original text are found,llama-3.3-70b-versatile
28,proteases that function in both apoptosis and autophagy cell death,proteases or '' zhuo group apoptosis ajloun ucci cell burial,2.0,"Some keywords like 'proteases', 'apoptosis', 'cell' are found but with unrelated words",llama-3.3-70b-versatile
28,proteases that function in both apoptosis and autophagy cell death,situ that function ramachandran which excitotoxicity matches waggle hemoglobin myburgh,1.0,No keywords related to the original text are found,llama-3.3-70b-versatile
28,proteases that function in both apoptosis and autophagy cell death,proteases marketplace necessary in marginally apoptosis meenas autophagy cell death,5.0,"Some keywords like 'proteases', 'apoptosis', 'autophagy', 'cell death' are found",llama-3.3-70b-versatile
28,proteases that function in both apoptosis and autophagy cell death,reelin said chazov manager matter rac lincolnshire registry end bianco,1.0,No keywords related to the original text are found,llama-3.3-70b-versatile
28,proteases that function in both apoptosis and autophagy cell death,proteases does kadijević in two apoptosis next jelšah cell rpalmeiro,2.0,"Some keywords like 'proteases', 'apoptosis', 'cell' are found but with unrelated words",llama-3.3-70b-versatile
28,proteases that function in both apoptosis and autophagy cell death,"naveen than marxism police ohio apoptosis internees 1,055 fractionation death",1.0,No keywords related to the original text are found,llama-3.3-70b-versatile
44,proteins involved in the nerve growth factor pathway,protein pearling billions milton lined growth honkers ’,1.0,No relevant keywords,llama-3.3-70b-versatile
44,proteins involved in the nerve growth factor pathway,rna-binding members boredom point off-reservation growth vakinankaratra house,1.0,Unrelated terms and names,llama-3.3-70b-versatile
44,proteins involved in the nerve growth factor pathway,proteins varginha putting mahendravarman gripping percent cápac 300-kilometer,1.0,No clear connection to the original text,llama-3.3-70b-versatile
44,proteins involved in the nerve growth factor pathway,proteins privatize like the said tumor zasyadko labs,2.0,Mention of 'proteins' and 'tumor' but no clear link,llama-3.3-70b-versatile
44,proteins involved in the nerve growth factor pathway,proteins allen 1982 toroidal nerve growth hpt pathway,5.0,"Similar keywords and structure, potential information leakage",llama-3.3-70b-versatile
44,proteins involved in the nerve growth factor pathway,some involved providing blacks nerve growth moorii tlingit,3.0,Some relevant keywords but unclear context,llama-3.3-70b-versatile
44,proteins involved in the nerve growth factor pathway,proteins spranger outside mjölby nerve growth prodmail.acquiremedia.com thermonuclear,5.0,"Similar keywords and potential email address, high information leakage risk",llama-3.3-70b-versatile
44,proteins involved in the nerve growth factor pathway,nucleotides dynevor bls page horinouchi growth katasila pathway,4.0,Similar keywords and potential information leakage,llama-3.3-70b-versatile
44,proteins involved in the nerve growth factor pathway,gorizia wyeth ayg segment nerve rate factor 106.83,3.0,Some relevant keywords but unclear context and numbers,llama-3.3-70b-versatile
44,proteins involved in the nerve growth factor pathway,toxin william in against lloyd romped think benelux,1.0,Unrelated terms and names,llama-3.3-70b-versatile
5,protocols for isolating cell nuclei,centers values djohar cardle dignitas,1.0,No leakage as the obfuscated text does not contain any related terms,llama-3.3-70b-versatile
5,protocols for isolating cell nuclei,applesauce nuclear relapse cell nuclei,4.0,Partial leakage as it contains the term 'cell nuclei',llama-3.3-70b-versatile
5,protocols for isolating cell nuclei,gershman for khvostov cell desertions,1.0,No leakage as the obfuscated text does not contain any related terms,llama-3.3-70b-versatile
5,protocols for isolating cell nuclei,respun rescuers souviens cell nuclei,4.0,Partial leakage as it contains the term 'cell nuclei',llama-3.3-70b-versatile
5,protocols for isolating cell nuclei,protocols for under gp bodied,3.0,Partial leakage as it contains the term 'protocols',llama-3.3-70b-versatile
5,protocols for isolating cell nuclei,selwa it iqbal main-stream nucleons,1.0,No leakage as the obfuscated text does not contain any related terms,llama-3.3-70b-versatile
5,protocols for isolating cell nuclei,signed farrar chappaz cryo nuclei,4.0,Partial leakage as it contains the term 'nuclei',llama-3.3-70b-versatile
5,protocols for isolating cell nuclei,koele fine serenaded deposits nuclei,4.0,Partial leakage as it contains the term 'nuclei',llama-3.3-70b-versatile
5,protocols for isolating cell nuclei,intercooler insulting bedevilled gretton nuclei,1.0,No leakage as the obfuscated text does not contain any related terms,llama-3.3-70b-versatile
5,protocols for isolating cell nuclei,rothkopf nescafé occupier sandler scovel,1.0,No leakage as the obfuscated text does not contain any related terms,llama-3.3-70b-versatile
36,rab3a,us,1.0,No apparent connection to 'rab3a',llama-3.3-70b-versatile
36,rab3a,caecilians,1.0,No apparent connection to 'rab3a',llama-3.3-70b-versatile
36,rab3a,exclusivo,1.0,No apparent connection to 'rab3a',llama-3.3-70b-versatile
36,rab3a,a-pound,1.0,No apparent connection to 'rab3a',llama-3.3-70b-versatile
36,rab3a,geo,1.0,No apparent connection to 'rab3a',llama-3.3-70b-versatile
36,rab3a,http://europa.eu.int,1.0,No apparent connection to 'rab3a',llama-3.3-70b-versatile
36,rab3a,boogerd,1.0,No apparent connection to 'rab3a',llama-3.3-70b-versatile
36,rab3a,tale,1.0,No apparent connection to 'rab3a',llama-3.3-70b-versatile
36,rab3a,doylestown,1.0,No apparent connection to 'rab3a',llama-3.3-70b-versatile
36,rab3a,wcha,1.0,No apparent connection to 'rab3a',llama-3.3-70b-versatile
30,regulatory targets of the nkx gene family members,opos targets of oliva constantinople babies family you,1.0,"The obfuscated text 'opos targets of oliva constantinople babies family you' has no clear relation to the original text, thus it has a score of 1.",llama-3.3-70b-versatile
30,regulatory targets of the nkx gene family members,pullan bomb unique implementing beihai gene family members,4.0,"The obfuscated text 'pullan bomb unique implementing beihai gene family members' contains the phrase 'gene family members', which is similar to the original text, thus it has a score of 4.",llama-3.3-70b-versatile
30,regulatory targets of the nkx gene family members,preußischen bhadrachalam savonlinna year nasoni genes family mayborn,3.0,"The obfuscated text 'preußischen bhadrachalam savonlinna year nasoni genes family mayborn' contains the word 'genes' and 'family', which are similar to the original text, thus it has a score of 3.",llama-3.3-70b-versatile
30,regulatory targets of the nkx gene family members,regulatory carmel consists pennant alzour nukus home lawmakers,2.0,"The obfuscated text 'regulatory carmel consists pennant alzour nukus home lawmakers' contains the word 'regulatory', which is similar to the original text, thus it has a score of 2.",llama-3.3-70b-versatile
30,regulatory targets of the nkx gene family members,regulatory : gojoseon the awasa gene yngvar army,4.0,"The obfuscated text 'regulatory : gojoseon the awasa gene yngvar army' contains the words 'regulatory' and 'gene', which are similar to the original text, thus it has a score of 4.",llama-3.3-70b-versatile
30,regulatory targets of the nkx gene family members,regulatory shengping said he chenglingji gene infields the,4.0,"The obfuscated text 'regulatory shengping said he chenglingji gene infields the' contains the words 'regulatory' and 'gene', which are similar to the original text, thus it has a score of 4.",llama-3.3-70b-versatile
30,regulatory targets of the nkx gene family members,regulatory for dowiyogo aclu 55.5 gene young malus,4.0,"The obfuscated text 'regulatory for dowiyogo aclu 55.5 gene young malus' contains the words 'regulatory' and 'gene', which are similar to the original text, thus it has a score of 4.",llama-3.3-70b-versatile
30,regulatory targets of the nkx gene family members,had aeropuerto fumin corsiglia witthaya 342-member `` 202,1.0,"The obfuscated text 'had aeropuerto fumin corsiglia witthaya 342-member `` 202' has no clear relation to the original text, thus it has a score of 1.",llama-3.3-70b-versatile
30,regulatory targets of the nkx gene family members,glafcos map of us bulbophyllum assertion family university,2.0,"The obfuscated text 'glafcos map of us bulbophyllum assertion family university' contains the word 'family', which is similar to the original text, thus it has a score of 2.",llama-3.3-70b-versatile
30,regulatory targets of the nkx gene family members,"salty u.s. vote soweto "" this family members",3.0,"The obfuscated text 'salty u.s. vote soweto  this family members' contains the phrase 'family members', which is similar to the original text, thus it has a score of 3.",llama-3.3-70b-versatile
22,relative response of p53 family members to agents causing single-stranded versus double-stranded dna breaks,opacity meyaneh jarrow harrying marana celebrities leaders agents causing kampamba hyppolite conall dna breaks,1.0,The obfuscated text does not contain any relevant information from the original text,llama-3.3-70b-versatile
22,relative response of p53 family members to agents causing single-stranded versus double-stranded dna breaks,arpaio yet łaziska p53 corbett united kochersberger covert emotional nice versus double-stranded dna lobbyist,4.0,"The obfuscated text contains the term 'p53' and 'double-stranded dna', which are present in the original text",llama-3.3-70b-versatile
22,relative response of p53 family members to agents causing single-stranded versus double-stranded dna breaks,vijayalakshmi page1-nyt 10.95 p53 hermès earlier helped technicians china single-stranded versus double-stranded dna scaevola,5.0,"The obfuscated text contains the term 'p53' and 'single-stranded versus double-stranded dna', which are present in the original text",llama-3.3-70b-versatile
22,relative response of p53 family members to agents causing single-stranded versus double-stranded dna breaks,standoff lessen of enthralls family dené `` peron o'horgan single-stranded tons double-stranded dna transwa,4.0,"The obfuscated text contains the term 'family' and 'single-stranded double-stranded dna', which are present in the original text",llama-3.3-70b-versatile
22,relative response of p53 family members to agents causing single-stranded versus double-stranded dna breaks,relative comments spoke correlatives family enrique side mosad causing single-stranded brazil double-stranded dna breaks,5.0,"The obfuscated text contains the term 'relative', 'family', 'single-stranded', 'double-stranded dna', and 'breaks', which are present in the original text",llama-3.3-70b-versatile
22,relative response of p53 family members to agents causing single-stranded versus double-stranded dna breaks,highest sugule current p53 family situationist hire hatchets inflammable panes 5:6 double-stranded dna overpowers,5.0,"The obfuscated text contains the term 'p53 family' and 'double-stranded dna', which are present in the original text",llama-3.3-70b-versatile
22,relative response of p53 family members to agents causing single-stranded versus double-stranded dna breaks,tamini they of keraterm family two hayes organisations this single-stranded rentokil obscuration dna cormet,4.0,"The obfuscated text contains the term 'family' and 'single-stranded dna', which are present in the original text",llama-3.3-70b-versatile
22,relative response of p53 family members to agents causing single-stranded versus double-stranded dna breaks,they volatilities 7.2 p53 family members to 3 mezrich single-stranded news-gathering metrical if leiva,5.0,"The obfuscated text contains the term 'p53 family members' and 'single-stranded', which are present in the original text",llama-3.3-70b-versatile
22,relative response of p53 family members to agents causing single-stranded versus double-stranded dna breaks,riding rhombus of bancomext belper 434th industrialised said poskus 10lb versus double-stranded bought gorzów,3.0,"The obfuscated text contains the term 'versus double-stranded', which is present in the original text",llama-3.3-70b-versatile
22,relative response of p53 family members to agents causing single-stranded versus double-stranded dna breaks,moderate priority i.e. p53 their bribing access ugrumov money suey warren double-stranded dna niobate,4.0,"The obfuscated text contains the term 'p53' and 'double-stranded dna', which are present in the original text",llama-3.3-70b-versatile
38,risk factors for stroke,rather zabriskie killed stroke,4.0,"The word 'zabriskie' and 'killed' do not relate to the original text, but 'stroke' is present",llama-3.3-70b-versatile
38,risk factors for stroke,or geise new transfusion,1.0,"The words 'geise', 'new', 'transfusion' do not relate to the original text",llama-3.3-70b-versatile
38,risk factors for stroke,between factors hng ampt,3.0,"The word 'factors' is present, but 'hng' and 'ampt' do not relate to the original text",llama-3.3-70b-versatile
38,risk factors for stroke,wolfs pervasive principle cyclophosphamide,1.0,"The words 'wolfs', 'pervasive', 'principle', 'cyclophosphamide' do not relate to the original text",llama-3.3-70b-versatile
38,risk factors for stroke,risk -- scrambling kttv,4.0,"The word 'risk' is present, but '--' and 'scrambling' and 'kttv' do not relate to the original text",llama-3.3-70b-versatile
38,risk factors for stroke,risk can here cynosure,4.0,"The word 'risk' is present, but 'can', 'here', 'cynosure' do not relate to the original text",llama-3.3-70b-versatile
38,risk factors for stroke,risk jackman a aşık,4.0,"The word 'risk' is present, but 'jackman' and 'a aşık' do not relate to the original text",llama-3.3-70b-versatile
38,risk factors for stroke,risk theory attacking riverdeep,4.0,"The word 'risk' is present, and 'theory' and 'attacking' and 'riverdeep' do not relate to the original text",llama-3.3-70b-versatile
38,risk factors for stroke,flight said mrs. stroke,4.0,"The word 'stroke' is present, but 'flight', 'said', 'mrs.' do not relate to the original text",llama-3.3-70b-versatile
38,risk factors for stroke,khiva factors for udayaditya,3.0,"The words 'factors' and 'for' are present, but 'khiva' and 'udayaditya' do not relate to the original text",llama-3.3-70b-versatile
27,role of autophagy in apoptosis,clifton of autophagy cutoff apoptosis,4.0,"The word 'clifton' is similar to 'role', and 'cutoff' is similar to 'of', and 'apoptosis' is present",llama-3.3-70b-versatile
27,role of autophagy in apoptosis,role slight stefanik foreign muumuu,1.0,"The words 'slight', 'stefanik', 'foreign', 'muumuu' are unrelated to the original text",llama-3.3-70b-versatile
27,role of autophagy in apoptosis,explained exclusion autophagy working apoptosis,4.0,"The word 'explained' is similar to 'role', and 'exclusion' is similar to 'of', and 'autophagy' and 'apoptosis' are present",llama-3.3-70b-versatile
27,role of autophagy in apoptosis,role is game-show accidentally apoptosis,3.0,"The words 'is', 'game-show', 'accidentally' are unrelated to 'role' and 'of', but 'apoptosis' is present",llama-3.3-70b-versatile
27,role of autophagy in apoptosis,diminished cloak autophagy your apoptosis,4.0,"The words 'diminished', 'cloak' are unrelated to 'role' and 'of', and 'autophagy' and 'apoptosis' are present",llama-3.3-70b-versatile
27,role of autophagy in apoptosis,role form qos turkey ovsiannikov,1.0,"The words 'form', 'qos', 'turkey', 'ovsiannikov' are unrelated to the original text",llama-3.3-70b-versatile
27,role of autophagy in apoptosis,role ) torres saale-holzland apoptosis,3.0,"The word 'torres' is unrelated to 'role', and 'saale-holzland' is unrelated to 'of', and 'apoptosis' is present",llama-3.3-70b-versatile
27,role of autophagy in apoptosis,role principal suvero overall apoptosis,4.0,"The word 'principal' is similar to 'role', and 'suerzo' is unrelated to 'of', and 'overall' is unrelated to 'autophagy', and 'apoptosis' is present",llama-3.3-70b-versatile
27,role of autophagy in apoptosis,role warckie hinze keshvar apoptosis,3.0,"The words 'warckie', 'hinze', 'keshvar' are unrelated to 'role' and 'of', and 'apoptosis' is present",llama-3.3-70b-versatile
27,role of autophagy in apoptosis,"modeling bouin isk ,000 apoptosis",2.0,"The words 'modeling', 'bouin', 'isk' are unrelated to 'role' and 'of', and ',000' is unrelated to 'autophagy', and 'apoptosis' is present",llama-3.3-70b-versatile
21,role of p63 and p73 in relation to dna damage,ebdalin chapel kūhiō bank tepes superdome documentation jaguarundi franco saek,1.0,No relation to the original text,llama-3.3-70b-versatile
21,role of p63 and p73 in relation to dna damage,role nyikal 70-47 scaduto lipopolysaccharide the president silent duplicated quat,1.0,Unrelated words and phrases,llama-3.3-70b-versatile
21,role of p63 and p73 in relation to dna damage,arrogant 350 jokers fatehgarh pollini authority corresponds differentiate hovi chameides,1.0,No connection to the original text,llama-3.3-70b-versatile
21,role of p63 and p73 in relation to dna damage,"station of molana prostaglandins 1980-91 in 2,930 to dna damage",3.0,Partial information leakage due to 'dna damage' and 'station of',llama-3.3-70b-versatile
21,role of p63 and p73 in relation to dna damage,bafta odds defilement kemprecos popery headquarters relation boniface dna damage,3.0,Partial information leakage due to 'relation' and 'dna damage',llama-3.3-70b-versatile
21,role of p63 and p73 in relation to dna damage,role eddie ambivalently fadhil strokeful crepe relation independent couser damage,4.0,"Partial information leakage due to 'role', 'relation', and 'damage'",llama-3.3-70b-versatile
21,role of p63 and p73 in relation to dna damage,as of veraguas montagnes 11.5 post-apocalyptic reglas supertouring dna damage,3.0,Partial information leakage due to 'dna damage',llama-3.3-70b-versatile
21,role of p63 and p73 in relation to dna damage,pageants about sterol being clarendon 15:14 nuclei novatek ed. farmland,1.0,No relation to the original text,llama-3.3-70b-versatile
21,role of p63 and p73 in relation to dna damage,lyubertsy troina removing blidberg sverre nhl canceled pope mcdonell usra,1.0,No relation to the original text,llama-3.3-70b-versatile
21,role of p63 and p73 in relation to dna damage,role into shlay check misinterpret some regime will dna murrumbeena,2.0,Partial information leakage due to 'role' and 'dna',llama-3.3-70b-versatile
13,role of tgfb in angiogenesis in skin,esplanada crivoi 25-kilogram roger nucleophiles since skin,1.0,The obfuscated text 'esplanada crivoi 25-kilogram roger nucleophiles since skin' does not contain any relevant information related to the original text.,llama-3.3-70b-versatile
13,role of tgfb in angiogenesis in skin,role mission 70.02 linesmen_lonnie angiogenesis anti-hindu skin,4.0,The obfuscated text 'role mission 70.02 linesmen_lonnie angiogenesis anti-hindu skin' contains the word 'angiogenesis' and 'skin' which are present in the original text.,llama-3.3-70b-versatile
13,role of tgfb in angiogenesis in skin,role become utah caracas mironski torn 324.8,1.0,The obfuscated text 'role become utah caracas mironski torn 324.8' does not contain any relevant information related to the original text.,llama-3.3-70b-versatile
13,role of tgfb in angiogenesis in skin,arthur of gibbet ralte rikrok in skin,3.0,The obfuscated text 'arthur of gibbet ralte rikrok in skin' contains the word 'in skin' which is present in the original text.,llama-3.3-70b-versatile
13,role of tgfb in angiogenesis in skin,soap a harappan discoveries niculescu overboard perspiration,1.0,The obfuscated text 'soap a harappan discoveries niculescu overboard perspiration' does not contain any relevant information related to the original text.,llama-3.3-70b-versatile
13,role of tgfb in angiogenesis in skin,"worked 1,417 20:50 cyber barat marton 65.22",1.0,"The obfuscated text 'worked 1,417 20:50 cyber barat marton 65.22' does not contain any relevant information related to the original text.",llama-3.3-70b-versatile
13,role of tgfb in angiogenesis in skin,role bell fluoresce in angiogenesis in skin,5.0,"The obfuscated text 'role bell fluoresce in angiogenesis in skin' contains the words 'role', 'angiogenesis', and 'in skin' which are present in the original text.",llama-3.3-70b-versatile
13,role of tgfb in angiogenesis in skin,39.30 sabarkantha proclaims u.s. protease premiered nurse,1.0,The obfuscated text '39.30 sabarkantha proclaims u.s. protease premiered nurse' does not contain any relevant information related to the original text.,llama-3.3-70b-versatile
13,role of tgfb in angiogenesis in skin,ensuring of khadzhiyev 1902 useful in 3.77,1.0,The obfuscated text 'ensuring of khadzhiyev 1902 useful in 3.77' does not contain any relevant information related to the original text.,llama-3.3-70b-versatile
13,role of tgfb in angiogenesis in skin,orpheus areas corridors linda angiogenesis in skin,4.0,The obfuscated text 'orpheus areas corridors linda angiogenesis in skin' contains the words 'angiogenesis' and 'in skin' which are present in the original text.,llama-3.3-70b-versatile
46,rsk2,generative,1.0,No apparent connection to 'rsk2',llama-3.3-70b-versatile
46,rsk2,ibex,1.0,No apparent connection to 'rsk2',llama-3.3-70b-versatile
46,rsk2,bembridge,1.0,No apparent connection to 'rsk2',llama-3.3-70b-versatile
46,rsk2,tvynovelas,1.0,No apparent connection to 'rsk2',llama-3.3-70b-versatile
46,rsk2,belligerency,1.0,No apparent connection to 'rsk2',llama-3.3-70b-versatile
46,rsk2,arps,1.0,No apparent connection to 'rsk2',llama-3.3-70b-versatile
46,rsk2,fg,1.0,No apparent connection to 'rsk2',llama-3.3-70b-versatile
46,rsk2,neset,1.0,No apparent connection to 'rsk2',llama-3.3-70b-versatile
46,rsk2,abuse,1.0,No apparent connection to 'rsk2',llama-3.3-70b-versatile
46,rsk2,nacional,1.0,No apparent connection to 'rsk2',llama-3.3-70b-versatile
23,saccharomyces cerevisiae proteins involved in ubiquitin system,bennhold gene autologous aldershot this ubiquitin thresholding,2.0,"The word 'ubiquitin' is present, but the context is completely different",llama-3.3-70b-versatile
23,saccharomyces cerevisiae proteins involved in ubiquitin system,cornu winokur proteins killing it ubiquitin system,4.0,"The words 'proteins' and 'ubiquitin system' are present, but the context is slightly different",llama-3.3-70b-versatile
23,saccharomyces cerevisiae proteins involved in ubiquitin system,non-biting mogen proteins charged kitwe ubiquitin computer-aided,3.0,"The words 'proteins' and 'ubiquitin' are present, but the context is completely different",llama-3.3-70b-versatile
23,saccharomyces cerevisiae proteins involved in ubiquitin system,saccharomyces negretti proteins nothing claims anne transitional,3.0,"The word 'saccharomyces' is present, but the context is completely different",llama-3.3-70b-versatile
23,saccharomyces cerevisiae proteins involved in ubiquitin system,yemenis stefán proteins involved said ubiquitin smoggiest,4.0,"The words 'proteins', 'involved', and 'ubiquitin' are present, but the context is slightly different",llama-3.3-70b-versatile
23,saccharomyces cerevisiae proteins involved in ubiquitin system,panko this molecules goodell assassinated paultre system,2.0,"The word 'system' is present, but the context is completely different",llama-3.3-70b-versatile
23,saccharomyces cerevisiae proteins involved in ubiquitin system,saccharomyces currie receptors bottrop in sukam facilities,3.0,"The words 'saccharomyces' and 'receptors' are present, but the context is completely different",llama-3.3-70b-versatile
23,saccharomyces cerevisiae proteins involved in ubiquitin system,fearnet kovalainen proteins overly adulterous leg inter-generational,2.0,"The word 'proteins' is present, but the context is completely different",llama-3.3-70b-versatile
23,saccharomyces cerevisiae proteins involved in ubiquitin system,balter g/kg platelets serious all megacities systems,1.0,"The word 'systems' is present, but the context is completely different",llama-3.3-70b-versatile
23,saccharomyces cerevisiae proteins involved in ubiquitin system,bowrey kabushenga proteins stuart austin kinase bosnia,2.0,"The word 'proteins' is present, but the context is completely different",llama-3.3-70b-versatile
43,sleeping beauty,four-point 11.61,1.0,The obfuscated text 'four-point 11.61' does not contain any information from the original text 'sleeping beauty'.,llama-3.3-70b-versatile
43,sleeping beauty,bed moribund,3.0,The obfuscated text 'bed moribund' contains the word 'bed' which is related to 'sleeping'.,llama-3.3-70b-versatile
43,sleeping beauty,amontillado sphingomyelinase,1.0,The obfuscated text 'amontillado sphingomyelinase' does not contain any information from the original text 'sleeping beauty'.,llama-3.3-70b-versatile
43,sleeping beauty,civets beauty,5.0,The obfuscated text 'civets beauty' contains the word 'beauty' which is present in the original text.,llama-3.3-70b-versatile
43,sleeping beauty,"332,000 beauty",5.0,"The obfuscated text '332,000 beauty' contains the word 'beauty' which is present in the original text.",llama-3.3-70b-versatile
43,sleeping beauty,debatt broadcast,1.0,The obfuscated text 'debatt broadcast' does not contain any information from the original text 'sleeping beauty'.,llama-3.3-70b-versatile
43,sleeping beauty,amenities los,1.0,The obfuscated text 'amenities los' does not contain any information from the original text 'sleeping beauty'.,llama-3.3-70b-versatile
43,sleeping beauty,439.3 rama,1.0,The obfuscated text '439.3 rama' does not contain any information from the original text 'sleeping beauty'.,llama-3.3-70b-versatile
43,sleeping beauty,lauby oscar,1.0,The obfuscated text 'lauby oscar' does not contain any information from the original text 'sleeping beauty'.,llama-3.3-70b-versatile
43,sleeping beauty,medicina banier,1.0,The obfuscated text 'medicina banier' does not contain any information from the original text 'sleeping beauty'.,llama-3.3-70b-versatile
20,substrate modification by ubiquitin,substrate greenlights siklos ubiquitin,2.0,The word 'greenlights' does not convey the same meaning as 'modification' and 'siklos' is unrelated to the original text,llama-3.3-70b-versatile
20,substrate modification by ubiquitin,pmc modification narrated ubiquitin,2.0,The word 'narrated' does not convey the same meaning as 'modification' and 'pmc' is unrelated to the original text,llama-3.3-70b-versatile
20,substrate modification by ubiquitin,substrate changes headed ubiquitin,3.0,The word 'changes' conveys a similar meaning to 'modification' and 'headed' does not convey the same meaning as 'by',llama-3.3-70b-versatile
20,substrate modification by ubiquitin,saurashtra no by syrup,1.0,"The words 'saurashtra', 'no', 'by', 'syrup' are unrelated to the original text",llama-3.3-70b-versatile
20,substrate modification by ubiquitin,be cardbus by universidad,1.0,"The words 'be', 'cardbus', 'by', 'universidad' are unrelated to the original text",llama-3.3-70b-versatile
20,substrate modification by ubiquitin,substrate 62.62 backing laminin,2.0,The word '62.62' and 'backing' do not convey the same meaning as 'modification' and 'laminin' is unrelated to the original text,llama-3.3-70b-versatile
20,substrate modification by ubiquitin,transcription modification by ubiquitin,4.0,The word 'transcription' conveys a similar meaning to 'substrate modification',llama-3.3-70b-versatile
20,substrate modification by ubiquitin,luca systematic 12.4 ubiquitin,2.0,"The words 'luca', 'systematic', '12.4' are unrelated to the original text",llama-3.3-70b-versatile
20,substrate modification by ubiquitin,substrate hulls by amonte,2.0,The word 'hulls' does not convey the same meaning as 'modification' and 'amonte' is unrelated to the original text,llama-3.3-70b-versatile
20,substrate modification by ubiquitin,crystalline bokaba gugelmin conyngham,1.0,"The words 'crystalline', 'bokaba', 'gugelmin', 'conyngham' are unrelated to the original text",llama-3.3-70b-versatile
3,time course for gene expression in mouse kidney,many williams the mastertronic vught first mouse kidney,2.0,"The word 'mouse' and 'kidney' are present, but the context is completely different.",llama-3.3-70b-versatile
3,time course for gene expression in mouse kidney,phrae course for gene influence ambassadors semliki kidney,4.0,"The words 'course', 'gene', and 'kidney' are present, indicating some information leakage.",llama-3.3-70b-versatile
3,time course for gene expression in mouse kidney,western multi-tasking towel rsv expression candyman :17 leukemia,3.0,"The word 'expression' is present, but the context is unrelated to the original text.",llama-3.3-70b-versatile
3,time course for gene expression in mouse kidney,everblades courses jungle middelburg guldborgsund utilise mouse saramago,2.0,"The word 'courses' and 'mouse' are present, but the context is unrelated to the original text.",llama-3.3-70b-versatile
3,time course for gene expression in mouse kidney,period 144-game villers gene florida. firing fanciulla axelle,3.0,"The word 'gene' is present, but the context is completely different.",llama-3.3-70b-versatile
3,time course for gene expression in mouse kidney,aol course uninitiated free-swimming expression spiffing like gras,3.0,"The word 'course' and 'expression' are present, but the context is unrelated to the original text.",llama-3.3-70b-versatile
3,time course for gene expression in mouse kidney,rose sports for sto101 20-percent fade kagawa ulua,1.0,"No relevant words are present, indicating no information leakage.",llama-3.3-70b-versatile
3,time course for gene expression in mouse kidney,first consensus ) gene highly 16 ex-convict kidney,4.0,"The words 'gene' and 'kidney' are present, indicating some information leakage.",llama-3.3-70b-versatile
3,time course for gene expression in mouse kidney,n't of granted allocator cdk in 13min kidney,1.0,"No relevant words are present, indicating no information leakage.",llama-3.3-70b-versatile
3,time course for gene expression in mouse kidney,us clear u.s. gene expression honours mouse kidney,5.0,"The words 'gene', 'expression', 'mouse', and 'kidney' are all present, indicating complete information leakage.",llama-3.3-70b-versatile
31,tor signaling in neurofibromatosis,phayao five-place tigrayan neurofibromatosis,4.0,"The word 'tor' is present but 'signaling' is replaced with 'gmdss preacher' and 'neurofibromatosis' is present, indicating some information leakage",llama-3.3-70b-versatile
31,tor signaling in neurofibromatosis,tor gmdss preacher catatonia,5.0,"The word 'tor' is present and 'signaling' is present but 'in' is present and 'neurofibromatosis' is present, indicating some information leakage",llama-3.3-70b-versatile
31,tor signaling in neurofibromatosis,tor ice-making in states,4.0,"The word 'tor' is present and 'signaling' is present but 'in' is present and 'neurofibromatosis' is not present, indicating some information leakage",llama-3.3-70b-versatile
31,tor signaling in neurofibromatosis,snow signaling merit mrgo,2.0,"The word 'tor' is not present and 'signaling' is present but 'neurofibromatosis' is not present, indicating little information leakage",llama-3.3-70b-versatile
31,tor signaling in neurofibromatosis,nuernberg hundt 2050 vizconde,1.0,"The word 'tor' is not present and 'signaling' is not present and 'neurofibromatosis' is not present, indicating no information leakage",llama-3.3-70b-versatile
31,tor signaling in neurofibromatosis,manner signal silang neurofibromatosis,4.0,"The word 'tor' is not present but 'signaling' is replaced with 'manner signal' and 'neurofibromatosis' is present, indicating some information leakage",llama-3.3-70b-versatile
31,tor signaling in neurofibromatosis,jay saint-tite deputies neurofibromatosis,3.0,"The word 'tor' is not present and 'signaling' is not present and 'neurofibromatosis' is present, indicating some information leakage",llama-3.3-70b-versatile
31,tor signaling in neurofibromatosis,daigaku signaling belonging mycoides,2.0,"The word 'tor' is not present and 'signaling' is present but 'neurofibromatosis' is not present, indicating little information leakage",llama-3.3-70b-versatile
31,tor signaling in neurofibromatosis,pahlavas rephrased challenger associations,1.0,"The word 'tor' is not present and 'signaling' is not present and 'neurofibromatosis' is not present, indicating no information leakage",llama-3.3-70b-versatile
31,tor signaling in neurofibromatosis,tor cetina ardoyne neurofibromatosis,4.0,"The word 'tor' is present and 'signaling' is not present and 'neurofibromatosis' is present, indicating some information leakage",llama-3.3-70b-versatile
35,wd40 repeat-containing proteins,verin beliefnet 48.90,1.0,The obfuscated text 'verin beliefnet 48.90' does not contain any information related to the original text 'wd40 repeat-containing proteins'.,llama-3.3-70b-versatile
35,wd40 repeat-containing proteins,wd40 po4 proteins,4.0,The obfuscated text 'wd40 po4 proteins' contains similar information to the original text 'wd40 repeat-containing proteins'.,llama-3.3-70b-versatile
35,wd40 repeat-containing proteins,wd40 diathermy proteins,4.0,The obfuscated text 'wd40 diathermy proteins' contains similar information to the original text 'wd40 repeat-containing proteins'.,llama-3.3-70b-versatile
35,wd40 repeat-containing proteins,briefly repeat-containing proteins,2.0,The obfuscated text 'briefly repeat-containing proteins' contains similar information to the original text 'wd40 repeat-containing proteins'.,llama-3.3-70b-versatile
35,wd40 repeat-containing proteins,bidets repeat-containing proteins,2.0,The obfuscated text 'bidets repeat-containing proteins' contains similar information to the original text 'wd40 repeat-containing proteins'.,llama-3.3-70b-versatile
35,wd40 repeat-containing proteins,fanatical repeat-containing proteins,2.0,The obfuscated text 'fanatical repeat-containing proteins' contains similar information to the original text 'wd40 repeat-containing proteins'.,llama-3.3-70b-versatile
35,wd40 repeat-containing proteins,love ebrahimabad proteins,1.0,The obfuscated text 'love ebrahimabad proteins' does not contain any information related to the original text 'wd40 repeat-containing proteins'.,llama-3.3-70b-versatile
35,wd40 repeat-containing proteins,lignans enfants proteins,1.0,The obfuscated text 'lignans enfants proteins' does not contain any information related to the original text 'wd40 repeat-containing proteins'.,llama-3.3-70b-versatile
35,wd40 repeat-containing proteins,tuyserkan clark.net proteins,1.0,The obfuscated text 'tuyserkan clark.net proteins' does not contain any information related to the original text 'wd40 repeat-containing proteins'.,llama-3.3-70b-versatile
35,wd40 repeat-containing proteins,officiant ackowledged not,1.0,The obfuscated text 'officiant ackowledged not' does not contain any information related to the original text 'wd40 repeat-containing proteins'.,llama-3.3-70b-versatile
32,xenograft animal models of tumorogenesis,appoggiatura cerrado barcos burkina pimsleur,1.0,"The obfuscated text 'appoggiatura cerrado barcos burkina pimsleur' does not contain any words related to the original text, so the score is 1.",llama-3.3-70b-versatile
32,xenograft animal models of tumorogenesis,orthez animal alemanni kamehameha klokot,2.0,"The obfuscated text 'orthez animal alemanni kamehameha klokot' contains the word 'animal' which is present in the original text, so the score is 2.",llama-3.3-70b-versatile
32,xenograft animal models of tumorogenesis,frckoski animal rih extreme intercollegiate,2.0,"The obfuscated text 'frckoski animal rih extreme intercollegiate' contains the word 'animal' which is present in the original text, so the score is 2.",llama-3.3-70b-versatile
32,xenograft animal models of tumorogenesis,27-2 terrorist inches of stronghold,1.0,"The obfuscated text '27-2 terrorist inches of stronghold' does not contain any words related to the original text, so the score is 1.",llama-3.3-70b-versatile
32,xenograft animal models of tumorogenesis,wakeel taborsky models raises light,3.0,"The obfuscated text 'wakeel taborsky models raises light' contains the word 'models' which is present in the original text, so the score is 3.",llama-3.3-70b-versatile
32,xenograft animal models of tumorogenesis,yahng animal applications ugx català,2.0,"The obfuscated text 'yahng animal applications ugx català' contains the word 'animal' which is present in the original text, so the score is 2.",llama-3.3-70b-versatile
32,xenograft animal models of tumorogenesis,volos animal am/fm of 250-acre,2.0,"The obfuscated text 'volos animal am/fm of 250-acre' contains the word 'animal' which is present in the original text, so the score is 2.",llama-3.3-70b-versatile
32,xenograft animal models of tumorogenesis,nastiest carcass models softening produce,3.0,"The obfuscated text 'nastiest carcass models softening produce' contains the word 'models' which is present in the original text, so the score is 3.",llama-3.3-70b-versatile
32,xenograft animal models of tumorogenesis,delanoë 1.75 models about rockel,3.0,"The obfuscated text 'delanoë 1.75 models about rockel' contains the word 'models' which is present in the original text, so the score is 3.",llama-3.3-70b-versatile
32,xenograft animal models of tumorogenesis,olavarria animal models life ficke,4.0,"The obfuscated text 'olavarria animal models life ficke' contains the words 'animal' and 'models' which are present in the original text, so the score is 4.",llama-3.3-70b-versatile
