id,text,obfuscatedText,score,justification,model
16,aaa proteins,hushen province,1.0,No apparent relation to 'aaa proteins',llama-3.3-70b-versatile
16,aaa proteins,verettes 100.0,1.0,No apparent relation to 'aaa proteins',llama-3.3-70b-versatile
16,aaa proteins,wangari diringer,1.0,No apparent relation to 'aaa proteins',llama-3.3-70b-versatile
16,aaa proteins,refi aryl,1.0,No apparent relation to 'aaa proteins',llama-3.3-70b-versatile
16,aaa proteins,subcategory jaidee,1.0,No apparent relation to 'aaa proteins',llama-3.3-70b-versatile
16,aaa proteins,campionati &amp;,1.0,No apparent relation to 'aaa proteins',llama-3.3-70b-versatile
16,aaa proteins,horwill articulo,1.0,No apparent relation to 'aaa proteins',llama-3.3-70b-versatile
16,aaa proteins,lebedeva 202-887-8316,1.0,No apparent relation to 'aaa proteins',llama-3.3-70b-versatile
16,aaa proteins,1910-45 moggi,1.0,No apparent relation to 'aaa proteins',llama-3.3-70b-versatile
16,aaa proteins,división achene,1.0,No apparent relation to 'aaa proteins',llama-3.3-70b-versatile
40,antigens expressed by lung epithelial cells,calmest syre peinture 5-0 1466 2001-2011,1.0,The obfuscated text 'calmest syre peinture 5-0 1466 2001-2011' does not contain any information related to the original text.,llama-3.3-70b-versatile
40,antigens expressed by lung epithelial cells,27-percent nonlinear cockpit lechuza weltklasse kremenyuk,1.0,The obfuscated text '27-percent nonlinear cockpit lechuza weltklasse kremenyuk' does not contain any information related to the original text.,llama-3.3-70b-versatile
40,antigens expressed by lung epithelial cells,copperbelt pence nzse40 gomhuriya palustris kiyosaki,1.0,The obfuscated text 'copperbelt pence nzse40 gomhuriya palustris kiyosaki' does not contain any information related to the original text.,llama-3.3-70b-versatile
40,antigens expressed by lung epithelial cells,sagarmatha schwarzschild antiharassment mixedly tachycardia xiaoyang,1.0,The obfuscated text 'sagarmatha schwarzschild antiharassment mixedly tachycardia xiaoyang' does not contain any information related to the original text.,llama-3.3-70b-versatile
40,antigens expressed by lung epithelial cells,rizkar mainz mistakes schillings bositis micropolitan,1.0,The obfuscated text 'rizkar mainz mistakes schillings bositis micropolitan' does not contain any information related to the original text.,llama-3.3-70b-versatile
40,antigens expressed by lung epithelial cells,quintaglie amstephenson 13-nation aceros kidgear round-tower,1.0,The obfuscated text 'quintaglie amstephenson 13-nation aceros kidgear round-tower' does not contain any information related to the original text.,llama-3.3-70b-versatile
40,antigens expressed by lung epithelial cells,derrike minister mixed-member bayernliga meeting icasualties.org,1.0,The obfuscated text 'derrike minister mixed-member bayernliga meeting icasualties.org' does not contain any information related to the original text.,llama-3.3-70b-versatile
40,antigens expressed by lung epithelial cells,republish ronne b-standard s-bahn animist geometridae,1.0,The obfuscated text 'republish ronne b-standard s-bahn animist geometridae' does not contain any information related to the original text.,llama-3.3-70b-versatile
40,antigens expressed by lung epithelial cells,rep. muban cinemascore waived/injured newsfeatures cup,1.0,The obfuscated text 'rep. muban cinemascore waived/injured newsfeatures cup' does not contain any information related to the original text.,llama-3.3-70b-versatile
40,antigens expressed by lung epithelial cells,arundhati gabled cybersurfing govpx fintor dealogic,1.0,The obfuscated text 'arundhati gabled cybersurfing govpx fintor dealogic' does not contain any information related to the original text.,llama-3.3-70b-versatile
15,atpase and apoptosis,cotonsport against 51-49,1.0,No apparent relation to the original text,llama-3.3-70b-versatile
15,atpase and apoptosis,sadaqat fragos myoo,1.0,No apparent relation to the original text,llama-3.3-70b-versatile
15,atpase and apoptosis,butch northern-central ridgemont,1.0,No apparent relation to the original text,llama-3.3-70b-versatile
15,atpase and apoptosis,scorpene l'alma hoogenboom,1.0,No apparent relation to the original text,llama-3.3-70b-versatile
15,atpase and apoptosis,mangku anime techsavvy,1.0,No apparent relation to the original text,llama-3.3-70b-versatile
15,atpase and apoptosis,mee turistico non-swiss,1.0,No apparent relation to the original text,llama-3.3-70b-versatile
15,atpase and apoptosis,erectile maac ginnastica,1.0,No apparent relation to the original text,llama-3.3-70b-versatile
15,atpase and apoptosis,wakin studds haute-normandie,1.0,No apparent relation to the original text,llama-3.3-70b-versatile
15,atpase and apoptosis,microsystems - kedo,1.0,No apparent relation to the original text,llama-3.3-70b-versatile
15,atpase and apoptosis,jendayi hushen showcourts,1.0,No apparent relation to the original text,llama-3.3-70b-versatile
11,carcinogenesis and hairless mice,best-of-7 my pelossof kitrey,1.0,The obfuscated text 'best-of-7 my pelossof kitrey' does not contain any words related to the original text 'carcinogenesis and hairless mice'.,llama-3.3-70b-versatile
11,carcinogenesis and hairless mice,nah łęczyca giftedness kosdaq,1.0,The obfuscated text 'nah łęczyca giftedness kosdaq' does not contain any words related to the original text 'carcinogenesis and hairless mice'.,llama-3.3-70b-versatile
11,carcinogenesis and hairless mice,republish repechage pragyan ccha,1.0,The obfuscated text 'republish repechage pragyan ccha' does not contain any words related to the original text 'carcinogenesis and hairless mice'.,llama-3.3-70b-versatile
11,carcinogenesis and hairless mice,gaa ecfa nccpl zacks,1.0,The obfuscated text 'gaa ecfa nccpl zacks' does not contain any words related to the original text 'carcinogenesis and hairless mice'.,llama-3.3-70b-versatile
11,carcinogenesis and hairless mice,jiarui coverts weatherwax lbr,1.0,The obfuscated text 'jiarui coverts weatherwax lbr' does not contain any words related to the original text 'carcinogenesis and hairless mice'.,llama-3.3-70b-versatile
11,carcinogenesis and hairless mice,monsoon million 28-ounce polymerase,2.0,"The obfuscated text 'monsoon million 28-ounce polymerase' contains the word 'polymerase' which is related to biology, but it is not directly related to 'carcinogenesis and hairless mice'.",llama-3.3-70b-versatile
11,carcinogenesis and hairless mice,30-nation newsflash schwerner expectable,1.0,The obfuscated text '30-nation newsflash schwerner expectable' does not contain any words related to the original text 'carcinogenesis and hairless mice'.,llama-3.3-70b-versatile
11,carcinogenesis and hairless mice,cochetel bitrate rockets www.starwars.com,1.0,The obfuscated text 'cochetel bitrate rockets www.starwars.com' does not contain any words related to the original text 'carcinogenesis and hairless mice'.,llama-3.3-70b-versatile
11,carcinogenesis and hairless mice,domesday index seanad ryokans,1.0,The obfuscated text 'domesday index seanad ryokans' does not contain any words related to the original text 'carcinogenesis and hairless mice'.,llama-3.3-70b-versatile
11,carcinogenesis and hairless mice,frayer 800-member qaleh barbels,1.0,The obfuscated text 'frayer 800-member qaleh barbels' does not contain any words related to the original text 'carcinogenesis and hairless mice'.,llama-3.3-70b-versatile
25,cause of scleroderma,uspi supercenters africa,1.0,The obfuscated text 'uspi supercenters africa' does not contain any information related to the original text 'cause of scleroderma'.,llama-3.3-70b-versatile
25,cause of scleroderma,-- 79.75 overfilled,1.0,The obfuscated text '-- 79.75 overfilled' does not contain any information related to the original text 'cause of scleroderma'.,llama-3.3-70b-versatile
25,cause of scleroderma,537-vote dederick 21-under,1.0,The obfuscated text '537-vote dederick 21-under' does not contain any information related to the original text 'cause of scleroderma'.,llama-3.3-70b-versatile
25,cause of scleroderma,quong vidhan atwar,1.0,The obfuscated text 'quong vidhan atwar' does not contain any information related to the original text 'cause of scleroderma'.,llama-3.3-70b-versatile
25,cause of scleroderma,nahd 114.8 topix,1.0,The obfuscated text 'nahd 114.8 topix' does not contain any information related to the original text 'cause of scleroderma'.,llama-3.3-70b-versatile
25,cause of scleroderma,"0.997 1,000-bed istat",1.0,"The obfuscated text '0.997 1,000-bed istat' does not contain any information related to the original text 'cause of scleroderma'.",llama-3.3-70b-versatile
25,cause of scleroderma,palaeographically julee appomattox,1.0,The obfuscated text 'palaeographically julee appomattox' does not contain any information related to the original text 'cause of scleroderma'.,llama-3.3-70b-versatile
25,cause of scleroderma,pantocrator southern-central 79.75,1.0,The obfuscated text 'pantocrator southern-central 79.75' does not contain any information related to the original text 'cause of scleroderma'.,llama-3.3-70b-versatile
25,cause of scleroderma,cagefighting mohajirs bobdeans,1.0,The obfuscated text 'cagefighting mohajirs bobdeans' does not contain any information related to the original text 'cause of scleroderma'.,llama-3.3-70b-versatile
25,cause of scleroderma,cong. his all-ireland,1.0,The obfuscated text 'cong. his all-ireland' does not contain any information related to the original text 'cause of scleroderma'.,llama-3.3-70b-versatile
19,comparison of promoters of gal1 and suc1,łowicz slugline 47-game panicles bse-100 finex http://thomas.loc.gov,1.0,No apparent relation to the original text,llama-3.3-70b-versatile
19,comparison of promoters of gal1 and suc1,sjahril baronetcies 78767 147.27 lxii non-mandatory jan.-aug,1.0,No apparent relation to the original text,llama-3.3-70b-versatile
19,comparison of promoters of gal1 and suc1,"calvins cartographers leape sandretto d'orso nzse40 2,026",1.0,No apparent relation to the original text,llama-3.3-70b-versatile
19,comparison of promoters of gal1 and suc1,maximization ouvrage victory weeny war officership 23-july,1.0,No apparent relation to the original text,llama-3.3-70b-versatile
19,comparison of promoters of gal1 and suc1,rimfire non-metropolitan subcategory arpct nws.globe.com syrmia thinner,1.0,No apparent relation to the original text,llama-3.3-70b-versatile
19,comparison of promoters of gal1 and suc1,artillery appropriations page-mcintyre breathnach 30-aug nahal rikabi,1.0,No apparent relation to the original text,llama-3.3-70b-versatile
19,comparison of promoters of gal1 and suc1,warmian-masurian 111.1 europe/africa cdy homansky pihkal 0.34,1.0,No apparent relation to the original text,llama-3.3-70b-versatile
19,comparison of promoters of gal1 and suc1,defensed siad cholodenko portuguese a forces northern-central,1.0,No apparent relation to the original text,llama-3.3-70b-versatile
19,comparison of promoters of gal1 and suc1,jiancheng - smithee www.netarrant.net 100.0 http://www.house.gov passerines,1.0,No apparent relation to the original text,llama-3.3-70b-versatile
19,comparison of promoters of gal1 and suc1,rapidkl www.icasualties.org grayed saare kanjorski animist preheat,1.0,No apparent relation to the original text,llama-3.3-70b-versatile
8,correlation between dna repair pathways and skin cancer,suge clippers kuala topix hennekens jerling stoxx 54.67,1.0,No apparent correlation between the obfuscated text and the original text,llama-3.3-70b-versatile
8,correlation between dna repair pathways and skin cancer,demong malivai nationals 70-7 30303 plouffe afin story3d,1.0,No apparent correlation between the obfuscated text and the original text,llama-3.3-70b-versatile
8,correlation between dna repair pathways and skin cancer,"kukan oxidoreductase underpay 2,640 arctiidae ahtisaari filori saffir",2.0,"The word 'oxidoreductase' is related to biological processes, but it's not directly related to DNA repair pathways or skin cancer",llama-3.3-70b-versatile
8,correlation between dna repair pathways and skin cancer,"tn-va 10-k 200m realclearpolitics multipoint s-300 6,433 morihisa",1.0,No apparent correlation between the obfuscated text and the original text,llama-3.3-70b-versatile
8,correlation between dna repair pathways and skin cancer,29-may peh writer inc. kasikornbank 207.5 spidla clubhead,1.0,No apparent correlation between the obfuscated text and the original text,llama-3.3-70b-versatile
8,correlation between dna repair pathways and skin cancer,karmini lansdown kahrizak aadt muoi jgr court percent,1.0,No apparent correlation between the obfuscated text and the original text,llama-3.3-70b-versatile
8,correlation between dna repair pathways and skin cancer,hildale leftist mibtel reais paktika paykel 78.19 ultratop,1.0,No apparent correlation between the obfuscated text and the original text,llama-3.3-70b-versatile
8,correlation between dna repair pathways and skin cancer,yen republika inflorescence doneness amateurliga democratic kloves fingerpost,1.0,No apparent correlation between the obfuscated text and the original text,llama-3.3-70b-versatile
8,correlation between dna repair pathways and skin cancer,amdy milanka bel-20 bingguo topix baluyot enola 3/32,1.0,No apparent correlation between the obfuscated text and the original text,llama-3.3-70b-versatile
8,correlation between dna repair pathways and skin cancer,musicnotes.com mdax ilustres russian-controlled yongbyon masovian tailrace 18/36,1.0,No apparent correlation between the obfuscated text and the original text,llama-3.3-70b-versatile
7,dna repair and oxidative stress,.714 hicp 7/32 ballantine bse-30,1.0,No apparent relation to dna repair and oxidative stress,llama-3.3-70b-versatile
7,dna repair and oxidative stress,capybara cuddesdon ryokuken non-swiss xiannian,1.0,No apparent relation to dna repair and oxidative stress,llama-3.3-70b-versatile
7,dna repair and oxidative stress,uh cac-40 ifr publique mingqing,1.0,No apparent relation to dna repair and oxidative stress,llama-3.3-70b-versatile
7,dna repair and oxidative stress,costos eu-3 aquitaine 40-30 catalyses,1.0,No apparent relation to dna repair and oxidative stress,llama-3.3-70b-versatile
7,dna repair and oxidative stress,www.star netwatch forehand asia/oceania 2001-2005,1.0,No apparent relation to dna repair and oxidative stress,llama-3.3-70b-versatile
7,dna repair and oxidative stress,millstones merkava 1/2c brezoianu carabidae,1.0,No apparent relation to dna repair and oxidative stress,llama-3.3-70b-versatile
7,dna repair and oxidative stress,rate 18-nation receival capitolina 300million,1.0,No apparent relation to dna repair and oxidative stress,llama-3.3-70b-versatile
7,dna repair and oxidative stress,arctiidae 444-8978 1/2-inch π seeded,1.0,No apparent relation to dna repair and oxidative stress,llama-3.3-70b-versatile
7,dna repair and oxidative stress,autodromo cac-40 makoun cpc ak47,1.0,No apparent relation to dna repair and oxidative stress,llama-3.3-70b-versatile
7,dna repair and oxidative stress,78.19 16-race rukmana milosevski noronha,1.0,No apparent relation to dna repair and oxidative stress,llama-3.3-70b-versatile
17,do1 antibody,pakaya afptv,1.0,No apparent relation to the original text,llama-3.3-70b-versatile
17,do1 antibody,raza 50-and,1.0,No apparent relation to the original text,llama-3.3-70b-versatile
17,do1 antibody,e-taliban oxidoreductases,1.0,No apparent relation to the original text,llama-3.3-70b-versatile
17,do1 antibody,joschka inflation-adjusted,1.0,No apparent relation to the original text,llama-3.3-70b-versatile
17,do1 antibody,mcmeel grand,1.0,No apparent relation to the original text,llama-3.3-70b-versatile
17,do1 antibody,79.75 francs,1.0,No apparent relation to the original text,llama-3.3-70b-versatile
17,do1 antibody,naikuni oxidoreductase,1.0,No apparent relation to the original text,llama-3.3-70b-versatile
17,do1 antibody,kunzelman kuchins,1.0,No apparent relation to the original text,llama-3.3-70b-versatile
17,do1 antibody,valea lecrone,1.0,No apparent relation to the original text,llama-3.3-70b-versatile
17,do1 antibody,tankan morkel,1.0,No apparent relation to the original text,llama-3.3-70b-versatile
14,expression or regulation of tgfb in hnscc cancers,about seed-eaters falsetti 195.7 pepper a-standard tambon pacs,1.0,The obfuscated text 'about seed-eaters falsetti 195.7 pepper a-standard tambon pacs' does not contain any information related to the original text.,llama-3.3-70b-versatile
14,expression or regulation of tgfb in hnscc cancers,78.19 presario 70.85 rakyat excerpted tankan cges cpaffc,1.0,The obfuscated text '78.19 presario 70.85 rakyat excerpted tankan cges cpaffc' does not contain any information related to the original text.,llama-3.3-70b-versatile
14,expression or regulation of tgfb in hnscc cancers,arpct antilock rays jacques powerade was uncommanded 0.01,1.0,The obfuscated text 'arpct antilock rays jacques powerade was uncommanded 0.01' does not contain any information related to the original text.,llama-3.3-70b-versatile
14,expression or regulation of tgfb in hnscc cancers,micex mfn eurofer brca1 non-mandatory dryandra formannskapsdistrikt playmate,2.0,"The obfuscated text 'micex mfn eurofer brca1 non-mandatory dryandra formannskapsdistrikt playmate' contains the term 'brca1', which is related to cancer, but it is not directly related to the original text.",llama-3.3-70b-versatile
14,expression or regulation of tgfb in hnscc cancers,suffredini semente winter-spring murong trans-mississippi ludwig sulfate teichert,1.0,The obfuscated text 'suffredini semente winter-spring murong trans-mississippi ludwig sulfate teichert' does not contain any information related to the original text.,llama-3.3-70b-versatile
14,expression or regulation of tgfb in hnscc cancers,ganadero rl writers transferases rectus finex steny daragahi,1.0,The obfuscated text 'ganadero rl writers transferases rectus finex steny daragahi' does not contain any information related to the original text.,llama-3.3-70b-versatile
14,expression or regulation of tgfb in hnscc cancers,pathum deductible reduced-price evergrande lajja aprilia browns behead,1.0,The obfuscated text 'pathum deductible reduced-price evergrande lajja aprilia browns behead' does not contain any information related to the original text.,llama-3.3-70b-versatile
14,expression or regulation of tgfb in hnscc cancers,high-wing yen 1973-90 drbombay tornadoes dajer y juche,1.0,The obfuscated text 'high-wing yen 1973-90 drbombay tornadoes dajer y juche' does not contain any information related to the original text.,llama-3.3-70b-versatile
14,expression or regulation of tgfb in hnscc cancers,wii marinate infrageneric myss in-a-row francs kriegsmarine milanka,1.0,The obfuscated text 'wii marinate infrageneric myss in-a-row francs kriegsmarine milanka' does not contain any information related to the original text.,llama-3.3-70b-versatile
14,expression or regulation of tgfb in hnscc cancers,bushel ruling churandy autor trechinae fuyushiba non-institutionalized nzx-50,1.0,The obfuscated text 'bushel ruling churandy autor trechinae fuyushiba non-institutionalized nzx-50' does not contain any information related to the original text.,llama-3.3-70b-versatile
6,fancd2,batting,1.0,The obfuscated text 'batting' has no relation to the original text 'fancd2'.,llama-3.3-70b-versatile
6,fancd2,charal,1.0,The obfuscated text 'charal' has no relation to the original text 'fancd2'.,llama-3.3-70b-versatile
6,fancd2,askariya,1.0,The obfuscated text 'askariya' has no relation to the original text 'fancd2'.,llama-3.3-70b-versatile
6,fancd2,.667,1.0,The obfuscated text '.667' has no relation to the original text 'fancd2'.,llama-3.3-70b-versatile
6,fancd2,h.d.s.,1.0,The obfuscated text 'h.d.s.' has no relation to the original text 'fancd2'.,llama-3.3-70b-versatile
6,fancd2,icasualties.org,1.0,The obfuscated text 'icasualties.org' has no relation to the original text 'fancd2'.,llama-3.3-70b-versatile
6,fancd2,drenica,1.0,The obfuscated text 'drenica' has no relation to the original text 'fancd2'.,llama-3.3-70b-versatile
6,fancd2,lindberghs,1.0,The obfuscated text 'lindberghs' has no relation to the original text 'fancd2'.,llama-3.3-70b-versatile
6,fancd2,premarin,1.0,The obfuscated text 'premarin' has no relation to the original text 'fancd2'.,llama-3.3-70b-versatile
6,fancd2,duck-like,1.0,The obfuscated text 'duck-like' has no relation to the original text 'fancd2'.,llama-3.3-70b-versatile
1,ferroportin-1 in humans,kgi lý kuhnhenn,1.0,No apparent relation to ferroportin-1,llama-3.3-70b-versatile
1,ferroportin-1 in humans,scislowska kurdish (717),1.0,No apparent relation to ferroportin-1,llama-3.3-70b-versatile
1,ferroportin-1 in humans,mdax icasualties.org 31-aug,1.0,No apparent relation to ferroportin-1,llama-3.3-70b-versatile
1,ferroportin-1 in humans,cruiser jianxing 2001-2011,1.0,No apparent relation to ferroportin-1,llama-3.3-70b-versatile
1,ferroportin-1 in humans,coxed multihomer cladogram,1.0,No apparent relation to ferroportin-1,llama-3.3-70b-versatile
1,ferroportin-1 in humans,shalal faiez jendayi,1.0,No apparent relation to ferroportin-1,llama-3.3-70b-versatile
1,ferroportin-1 in humans,60-vote non-swiss composite,1.0,No apparent relation to ferroportin-1,llama-3.3-70b-versatile
1,ferroportin-1 in humans,stufflebeem kee literatura,1.0,No apparent relation to ferroportin-1,llama-3.3-70b-versatile
1,ferroportin-1 in humans,zibri wmorrisglobe.com klibor,1.0,No apparent relation to ferroportin-1,llama-3.3-70b-versatile
1,ferroportin-1 in humans,hindin telechoice deferments,1.0,No apparent relation to ferroportin-1,llama-3.3-70b-versatile
26,function of bub2/bfa1 in the process of cytokinesis,angioplasties eurodollar bushel crematoria u.n.-organized michaelle nikkei-225 ovsiannikov,1.0,No keywords related to the original text are found,llama-3.3-70b-versatile
26,function of bub2/bfa1 in the process of cytokinesis,"vergeer tearsheet http://www.twitter.com 9a-9p rj-100 hohr formannskapsdistrikt 1,000-word",1.0,No keywords related to the original text are found,llama-3.3-70b-versatile
26,function of bub2/bfa1 in the process of cytokinesis,raila his ningun siculus nonsubscribers milanka cents lipper,1.0,No keywords related to the original text are found,llama-3.3-70b-versatile
26,function of bub2/bfa1 in the process of cytokinesis,310-996-0075 voivodeship swept-back lomartire high 52-nation bihn baronetage,1.0,No keywords related to the original text are found,llama-3.3-70b-versatile
26,function of bub2/bfa1 in the process of cytokinesis,35-nation : der 3-tour tgoodwin magida florida viernes,1.0,No keywords related to the original text are found,llama-3.3-70b-versatile
26,function of bub2/bfa1 in the process of cytokinesis,huanming govpx west-northwestward 147.27 yoshisada state american 6.625,1.0,No keywords related to the original text are found,llama-3.3-70b-versatile
26,function of bub2/bfa1 in the process of cytokinesis,northern-central cunego newmar finex non-obligatory worldsources demourian ocaml,1.0,No keywords related to the original text are found,llama-3.3-70b-versatile
26,function of bub2/bfa1 in the process of cytokinesis,bellevarde cathedral puthukkudiyiruppu 31-aug saare seidlin de hunterian,1.0,No keywords related to the original text are found,llama-3.3-70b-versatile
26,function of bub2/bfa1 in the process of cytokinesis,frontpage yoh induction garreau cantorum 1910-45 114.8 language,1.0,No keywords related to the original text are found,llama-3.3-70b-versatile
26,function of bub2/bfa1 in the process of cytokinesis,"dewage chahn a-international kibati 16,000-strong guofang yen milanka",1.0,No keywords related to the original text are found,llama-3.3-70b-versatile
4,gene expression profiles for kidney in mice,shalit palaeographically 78.40 800-535-4425 sealift sadaqat guilders,1.0,No relevant keywords or phrases related to the original text were found,llama-3.3-70b-versatile
4,gene expression profiles for kidney in mice,subtropical illo yongqing nadal all-big vert vidhan,1.0,No relevant keywords or phrases related to the original text were found,llama-3.3-70b-versatile
4,gene expression profiles for kidney in mice,yek dbs50 2001-2011 147.27 foutch categorias vagni,1.0,No relevant keywords or phrases related to the original text were found,llama-3.3-70b-versatile
4,gene expression profiles for kidney in mice,happel alaq bloustein 147.27 rookie-level schlossberg 368.5,1.0,No relevant keywords or phrases related to the original text were found,llama-3.3-70b-versatile
4,gene expression profiles for kidney in mice,haqqania 20-kilometer mohmet basque painewebber .538 29-feb,1.0,No relevant keywords or phrases related to the original text were found,llama-3.3-70b-versatile
4,gene expression profiles for kidney in mice,seed-eating wmv zabihullah 202-383-7824 catalyses korea republish,1.0,No relevant keywords or phrases related to the original text were found,llama-3.3-70b-versatile
4,gene expression profiles for kidney in mice,"legwold military agrivisor 6,433 athlon rts--latwp@prodmail.acquiremedia.com density",1.0,No relevant keywords or phrases related to the original text were found,llama-3.3-70b-versatile
4,gene expression profiles for kidney in mice,6-pica abrashi a380s gholamhossein puducherry kilotons palaeographically,1.0,No relevant keywords or phrases related to the original text were found,llama-3.3-70b-versatile
4,gene expression profiles for kidney in mice,nahnah fallahiyan liq 6-hectare japanese http://www.usdoj.gov coplon,1.0,No relevant keywords or phrases related to the original text were found,llama-3.3-70b-versatile
4,gene expression profiles for kidney in mice,pyar thamilselvan jayalalitha - economy.com romanized ee,1.0,No relevant keywords or phrases related to the original text were found,llama-3.3-70b-versatile
34,gene products of cryptococcus important to fungal survival,60-hour passeriformes lavalas 368.5 second-named .550 dorsal rahanwein,1.0,No keywords related to the original text are found,llama-3.3-70b-versatile
34,gene products of cryptococcus important to fungal survival,abelian 225-issue giddis w.a.k.o. teleoconch townsquare mazandaran 1-800-444-0267,1.0,No keywords related to the original text are found,llama-3.3-70b-versatile
34,gene products of cryptococcus important to fungal survival,europe/africa 10036 ayp nf6 passerine bondsteel double-a capitaland,1.0,No keywords related to the original text are found,llama-3.3-70b-versatile
34,gene products of cryptococcus important to fungal survival,ipc everen germany tf vowel 23-july godhra 6204/64033,1.0,No keywords related to the original text are found,llama-3.3-70b-versatile
34,gene products of cryptococcus important to fungal survival,u.s.-french public-use ostapchuk dorsal haakenson rangana vasbert cetacea,1.0,No keywords related to the original text are found,llama-3.3-70b-versatile
34,gene products of cryptococcus important to fungal survival,makashov embargo linescores idyllic royal officership kosdaq porretto,1.0,No keywords related to the original text are found,llama-3.3-70b-versatile
34,gene products of cryptococcus important to fungal survival,12212 olad fedecamaras 537-vote divizia zubaie nazi 86.60,1.0,No keywords related to the original text are found,llama-3.3-70b-versatile
34,gene products of cryptococcus important to fungal survival,aumansptimes.com teachta bouches-du-rhône vexillological editora gaylard repubs kalinichenko,1.0,No keywords related to the original text are found,llama-3.3-70b-versatile
34,gene products of cryptococcus important to fungal survival,munadi inter-county http://www.nyse.com sidran vesnina orthonormal 7.6-magnitude w.a.k.o.,1.0,No keywords related to the original text are found,llama-3.3-70b-versatile
34,gene products of cryptococcus important to fungal survival,highjump non-families ovsiannikov retransmission doebbler 114.8 hong lotte,1.0,No keywords related to the original text are found,llama-3.3-70b-versatile
2,generating transgenic mice,nespoli bhusted armsbearer,1.0,No apparent relation to the original text,llama-3.3-70b-versatile
2,generating transgenic mice,www.star africaines 10-july,1.0,No apparent relation to the original text,llama-3.3-70b-versatile
2,generating transgenic mice,"round-tower ,250 http://thomas.loc.gov",1.0,No apparent relation to the original text,llama-3.3-70b-versatile
2,generating transgenic mice,sensex international ettarashany,1.0,No apparent relation to the original text,llama-3.3-70b-versatile
2,generating transgenic mice,leipheimer deflator kuh,1.0,No apparent relation to the original text,llama-3.3-70b-versatile
2,generating transgenic mice,hkma planescape vidhan,1.0,No apparent relation to the original text,llama-3.3-70b-versatile
2,generating transgenic mice,chester-upland 1-of-2 rhineland-palatinate,1.0,No apparent relation to the original text,llama-3.3-70b-versatile
2,generating transgenic mice,www.star celent sonakul,1.0,No apparent relation to the original text,llama-3.3-70b-versatile
2,generating transgenic mice,stabiner ndlead daniszewski,1.0,No apparent relation to the original text,llama-3.3-70b-versatile
2,generating transgenic mice,vuarnet neumannova giftedness,1.0,No apparent relation to the original text,llama-3.3-70b-versatile
42,genes altered by chromosome translocations,kwamakutha rapper kittiwakes province pasquale,1.0,No apparent connection to the original text,llama-3.3-70b-versatile
42,genes altered by chromosome translocations,sabathia fresenius cinemascore korea 11-nation,1.0,No apparent connection to the original text,llama-3.3-70b-versatile
42,genes altered by chromosome translocations,".538 ap.org 9,337.97 vucitrn chorale",1.0,No apparent connection to the original text,llama-3.3-70b-versatile
42,genes altered by chromosome translocations,bivalve soo pakaya http://timesunion.com cac-40,1.0,No apparent connection to the original text,llama-3.3-70b-versatile
42,genes altered by chromosome translocations,pieridae ccha 11-july first-past-the-post sextante,1.0,No apparent connection to the original text,llama-3.3-70b-versatile
42,genes altered by chromosome translocations,contepomi bandipur ordinaries crossair asx,1.0,No apparent connection to the original text,llama-3.3-70b-versatile
42,genes altered by chromosome translocations,olyā prompan untraded genetic wyser,3.0,The word 'genetic' is related to the original text,llama-3.3-70b-versatile
42,genes altered by chromosome translocations,afptv cheshmeh .875 lixion starbeat,1.0,No apparent connection to the original text,llama-3.3-70b-versatile
42,genes altered by chromosome translocations,globalflyer phosphotransferase municipios non-families album,1.0,No apparent connection to the original text,llama-3.3-70b-versatile
42,genes altered by chromosome translocations,deputy 1975-1990 pre-transition barqawi fawar,1.0,No apparent connection to the original text,llama-3.3-70b-versatile
12,genes regulated by smad4,riccio sebestyen polish 6-pica,1.0,No apparent relation to the original text,llama-3.3-70b-versatile
12,genes regulated by smad4,republish 212-556-1927 eurozone bipartite,1.0,No apparent relation to the original text,llama-3.3-70b-versatile
12,genes regulated by smad4,cbo non-institutionalized ogoni lao,1.0,No apparent relation to the original text,llama-3.3-70b-versatile
12,genes regulated by smad4,peruvian zakayev blogs.tampabay.com aprilia,1.0,No apparent relation to the original text,llama-3.3-70b-versatile
12,genes regulated by smad4,transferases imia graph yohane,3.0,The word 'transferases' is related to genes and could potentially be linked to smad4,llama-3.3-70b-versatile
12,genes regulated by smad4,subcommunities dayanara garp nytns,1.0,No apparent relation to the original text,llama-3.3-70b-versatile
12,genes regulated by smad4,bushel psers govpx 1w,1.0,No apparent relation to the original text,llama-3.3-70b-versatile
12,genes regulated by smad4,libertadores ' 800-member p.m.,1.0,No apparent relation to the original text,llama-3.3-70b-versatile
12,genes regulated by smad4,mev mid-american allmusic palaeographically,1.0,No apparent relation to the original text,llama-3.3-70b-versatile
12,genes regulated by smad4,akademi dahaf ordinaries arnoun,1.0,No apparent relation to the original text,llama-3.3-70b-versatile
18,gis4,816-822-8448,1.0,The obfuscated text '816-822-8448' is a phone number and does not contain any information from the original text 'gis4'.,llama-3.3-70b-versatile
18,gis4,cobreloa,1.0,The obfuscated text 'cobreloa' is a name of a football team and does not contain any information from the original text 'gis4'.,llama-3.3-70b-versatile
18,gis4,713-3701,1.0,The obfuscated text '713-3701' is a phone number and does not contain any information from the original text 'gis4'.,llama-3.3-70b-versatile
18,gis4,jianxing,1.0,The obfuscated text 'jianxing' is a Chinese name and does not contain any information from the original text 'gis4'.,llama-3.3-70b-versatile
18,gis4,legside,1.0,The obfuscated text 'legside' is a cricket term and does not contain any information from the original text 'gis4'.,llama-3.3-70b-versatile
18,gis4,cdma,1.0,The obfuscated text 'cdma' is a telecommunication term and does not contain any information from the original text 'gis4'.,llama-3.3-70b-versatile
18,gis4,11-17,1.0,The obfuscated text '11-17' is a range of numbers and does not contain any information from the original text 'gis4'.,llama-3.3-70b-versatile
18,gis4,karuna,1.0,The obfuscated text 'karuna' is a Buddhist term and does not contain any information from the original text 'gis4'.,llama-3.3-70b-versatile
18,gis4,alouf,1.0,The obfuscated text 'alouf' is a rare or obsolete word and does not contain any information from the original text 'gis4'.,llama-3.3-70b-versatile
18,gis4,gnu,1.0,The obfuscated text 'gnu' is a type of animal and does not contain any information from the original text 'gis4'.,llama-3.3-70b-versatile
49,glyphosate tolerance gene sequence,n.korea tael sandretto bogoro,1.0,The obfuscated text 'n.korea tael sandretto bogoro' does not contain any information related to the original text 'glyphosate tolerance gene sequence'.,llama-3.3-70b-versatile
49,glyphosate tolerance gene sequence,jacobian spendingpulse ctbt national,1.0,The obfuscated text 'jacobian spendingpulse ctbt national' does not contain any information related to the original text 'glyphosate tolerance gene sequence'.,llama-3.3-70b-versatile
49,glyphosate tolerance gene sequence,sauipe sail-driven ofsted ganderson,1.0,The obfuscated text 'sauipe sail-driven ofsted ganderson' does not contain any information related to the original text 'glyphosate tolerance gene sequence'.,llama-3.3-70b-versatile
49,glyphosate tolerance gene sequence,resend e-kot topps iniguez,1.0,The obfuscated text 'resend e-kot topps iniguez' does not contain any information related to the original text 'glyphosate tolerance gene sequence'.,llama-3.3-70b-versatile
49,glyphosate tolerance gene sequence,medicale nzse40 junren choosers,1.0,The obfuscated text 'medicale nzse40 junren choosers' does not contain any information related to the original text 'glyphosate tolerance gene sequence'.,llama-3.3-70b-versatile
49,glyphosate tolerance gene sequence,hawk-like carniola tanager palaeographically,1.0,The obfuscated text 'hawk-like carniola tanager palaeographically' does not contain any information related to the original text 'glyphosate tolerance gene sequence'.,llama-3.3-70b-versatile
49,glyphosate tolerance gene sequence,nhls 16-billion greyhawk euro280,1.0,The obfuscated text 'nhls 16-billion greyhawk euro280' does not contain any information related to the original text 'glyphosate tolerance gene sequence'.,llama-3.3-70b-versatile
49,glyphosate tolerance gene sequence,brucellosis palaeographically bat-like fibt,1.0,The obfuscated text 'brucellosis palaeographically bat-like fibt' does not contain any information related to the original text 'glyphosate tolerance gene sequence'.,llama-3.3-70b-versatile
49,glyphosate tolerance gene sequence,yanow nonsubscribers ovw indem,1.0,The obfuscated text 'yanow nonsubscribers ovw indem' does not contain any information related to the original text 'glyphosate tolerance gene sequence'.,llama-3.3-70b-versatile
49,glyphosate tolerance gene sequence,monegan multidistrict gangelhoff turkistan,1.0,The obfuscated text 'monegan multidistrict gangelhoff turkistan' does not contain any information related to the original text 'glyphosate tolerance gene sequence'.,llama-3.3-70b-versatile
47,human gene bcl-2 antagonists and inhibitors,"1,000-word södra "" beeching zew tomicki",1.0,"The obfuscated text '1,000-word södra beeching zew tomicki' does not contain any keywords related to the original text, thus it has a score of 1.",llama-3.3-70b-versatile
47,human gene bcl-2 antagonists and inhibitors,trv eurodollar haute-saône 32-bit tavano oled,1.0,"The obfuscated text 'trv eurodollar haute-saône 32-bit tavano oled' does not contain any keywords related to the original text, thus it has a score of 1.",llama-3.3-70b-versatile
47,human gene bcl-2 antagonists and inhibitors,km 40-kilometer chetumal uygur householder somalia,1.0,"The obfuscated text 'km 40-kilometer chetumal uygur householder somalia' does not contain any keywords related to the original text, thus it has a score of 1.",llama-3.3-70b-versatile
47,human gene bcl-2 antagonists and inhibitors,"oped denverpostbloghouse.com wiberg herein set-50 1,800-strong",1.0,"The obfuscated text 'oped denverpostbloghouse.com wiberg herein set-50 1,800-strong' does not contain any keywords related to the original text, thus it has a score of 1.",llama-3.3-70b-versatile
47,human gene bcl-2 antagonists and inhibitors,0301 curbeam sleng shavir refi apoptosis,4.0,"The obfuscated text '0301 curbeam sleng shavir refi apoptosis' contains the keyword 'apoptosis' which is related to the original text, thus it has a score of 4.",llama-3.3-70b-versatile
47,human gene bcl-2 antagonists and inhibitors,chunyun microfilmed obus interés josephthal 02107,1.0,"The obfuscated text 'chunyun microfilmed obus interés josephthal 02107' does not contain any keywords related to the original text, thus it has a score of 1.",llama-3.3-70b-versatile
47,human gene bcl-2 antagonists and inhibitors,naftogaz helsingborgs oxidoreductase equivocations minesweeping transistor,1.0,"The obfuscated text 'naftogaz helsingborgs oxidoreductase equivocations minesweeping transistor' does not contain any keywords related to the original text, thus it has a score of 1.",llama-3.3-70b-versatile
47,human gene bcl-2 antagonists and inhibitors,"md-82 rbi goon zalman hamas 1,000-word",1.0,"The obfuscated text 'md-82 rbi goon zalman hamas 1,000-word' does not contain any keywords related to the original text, thus it has a score of 1.",llama-3.3-70b-versatile
47,human gene bcl-2 antagonists and inhibitors,58.50 30-july mediators tvcolumn u.n.-protected zah,1.0,"The obfuscated text '58.50 30-july mediators tvcolumn u.n.-protected zah' does not contain any keywords related to the original text, thus it has a score of 1.",llama-3.3-70b-versatile
47,human gene bcl-2 antagonists and inhibitors,"1,956 baset blackboard bessonette guangfa 537-vote",1.0,"The obfuscated text '1,956 baset blackboard bessonette guangfa 537-vote' does not contain any keywords related to the original text, thus it has a score of 1.",llama-3.3-70b-versatile
48,human homologues of c. elegans unc genes,ichiyoshi beugre geodynamic shrubland 2001-2011 wimpey officership,1.0,The obfuscated text 'ichiyoshi beugre geodynamic shrubland 2001-2011 wimpey officership' does not contain any information related to the original text.,llama-3.3-70b-versatile
48,human homologues of c. elegans unc genes,two index non-obligatory homotopy 147.27 oflag u.s.-bound,1.0,The obfuscated text 'two index non-obligatory homotopy 147.27 oflag u.s.-bound' does not contain any information related to the original text.,llama-3.3-70b-versatile
48,human homologues of c. elegans unc genes,"2,118 phenotypic tecdax erm īn dannielynn right-handed",1.0,"The obfuscated text '2,118 phenotypic tecdax erm īn dannielynn right-handed' does not contain any information related to the original text.",llama-3.3-70b-versatile
48,human homologues of c. elegans unc genes,hollywood.com london 9513 7bit engineering stoxx 25.95,1.0,The obfuscated text 'hollywood.com london 9513 7bit engineering stoxx 25.95' does not contain any information related to the original text.,llama-3.3-70b-versatile
48,human homologues of c. elegans unc genes,- quattrone homestead/farmstead ekantipur.com taiex australia złotów,1.0,The obfuscated text '- quattrone homestead/farmstead ekantipur.com taiex australia złotów' does not contain any information related to the original text.,llama-3.3-70b-versatile
48,human homologues of c. elegans unc genes,stent yahoun breaststroke nonsubscribers professor http://thomas.loc.gov vegetative,1.0,The obfuscated text 'stent yahoun breaststroke nonsubscribers professor http://thomas.loc.gov vegetative' does not contain any information related to the original text.,llama-3.3-70b-versatile
48,human homologues of c. elegans unc genes,chg tearsheet maulawi muhamalai aandahl mullaittivu cypriots,1.0,The obfuscated text 'chg tearsheet maulawi muhamalai aandahl mullaittivu cypriots' does not contain any information related to the original text.,llama-3.3-70b-versatile
48,human homologues of c. elegans unc genes,114-114 polynomials austock redash de hdl three-letter,1.0,The obfuscated text '114-114 polynomials austock redash de hdl three-letter' does not contain any information related to the original text.,llama-3.3-70b-versatile
48,human homologues of c. elegans unc genes,republish castile-la home-and-away non-metropolitan karel terminboerse 34-day,1.0,The obfuscated text 'republish castile-la home-and-away non-metropolitan karel terminboerse 34-day' does not contain any information related to the original text.,llama-3.3-70b-versatile
48,human homologues of c. elegans unc genes,finite subindex sirenia geometridae governorships banxquote propofol,1.0,The obfuscated text 'finite subindex sirenia geometridae governorships banxquote propofol' does not contain any information related to the original text.,llama-3.3-70b-versatile
39,hypertension,interbank,1.0,The word 'interbank' does not relate to 'hypertension' in any way.,llama-3.3-70b-versatile
39,hypertension,grunow,1.0,The word 'grunow' does not relate to 'hypertension' in any way.,llama-3.3-70b-versatile
39,hypertension,hitner,2.0,The word 'hitner' is similar to 'hypertension' but not exactly the same.,llama-3.3-70b-versatile
39,hypertension,jilin,1.0,The word 'jilin' does not relate to 'hypertension' in any way.,llama-3.3-70b-versatile
39,hypertension,"3,985",1.0,"The number '3,985' does not relate to 'hypertension' in any way.",llama-3.3-70b-versatile
39,hypertension,goldfields-esperance,1.0,The phrase 'goldfields-esperance' does not relate to 'hypertension' in any way.,llama-3.3-70b-versatile
39,hypertension,guinsaugon,1.0,The word 'guinsaugon' does not relate to 'hypertension' in any way.,llama-3.3-70b-versatile
39,hypertension,cdy,1.0,The abbreviation 'cdy' does not relate to 'hypertension' in any way.,llama-3.3-70b-versatile
39,hypertension,wao,1.0,The abbreviation 'wao' does not relate to 'hypertension' in any way.,llama-3.3-70b-versatile
39,hypertension,100-share,1.0,The phrase '100-share' does not relate to 'hypertension' in any way.,llama-3.3-70b-versatile
50,low temperature protein expression in e. coli,lieko muntazer musume interglacial bse-30 helpdesk yizong,1.0,The obfuscated text 'lieko muntazer musume interglacial bse-30 helpdesk yizong' does not contain any information related to the original text.,llama-3.3-70b-versatile
50,low temperature protein expression in e. coli,futures radka passeriformes '' asx200 mass tszyu,1.0,The obfuscated text 'futures radka passeriformes '' asx200 mass tszyu' does not contain any information related to the original text.,llama-3.3-70b-versatile
50,low temperature protein expression in e. coli,wandesforde maliti reichenhall refi mcaleese .714 ver.di,1.0,The obfuscated text 'wandesforde maliti reichenhall refi mcaleese .714 ver.di' does not contain any information related to the original text.,llama-3.3-70b-versatile
50,low temperature protein expression in e. coli,sending/receiving 5.9-percent akao chandrapala rushkoff jendayi gangelhoff,1.0,The obfuscated text 'sending/receiving 5.9-percent akao chandrapala rushkoff jendayi gangelhoff' does not contain any information related to the original text.,llama-3.3-70b-versatile
50,low temperature protein expression in e. coli,higher-seeded briefing.com złotów pulitzer twenty-third republish renderos,1.0,The obfuscated text 'higher-seeded briefing.com złotów pulitzer twenty-third republish renderos' does not contain any information related to the original text.,llama-3.3-70b-versatile
50,low temperature protein expression in e. coli,politicspa paginated gauliga herein herein aounit tenaga,1.0,The obfuscated text 'politicspa paginated gauliga herein herein aounit tenaga' does not contain any information related to the original text.,llama-3.3-70b-versatile
50,low temperature protein expression in e. coli,1975-79 republika frit 22.0 sobero http://www.nytimes.com esmat,1.0,The obfuscated text '1975-79 republika frit 22.0 sobero http://www.nytimes.com esmat' does not contain any information related to the original text.,llama-3.3-70b-versatile
50,low temperature protein expression in e. coli,lepro www.star single-elimination h-2a frass jendayi www.michelin,1.0,The obfuscated text 'lepro www.star single-elimination h-2a frass jendayi www.michelin' does not contain any information related to the original text.,llama-3.3-70b-versatile
50,low temperature protein expression in e. coli,816-822-8448 trechinae aragoncillo 29-oct dahs 118-member gamerankings,1.0,The obfuscated text '816-822-8448 trechinae aragoncillo 29-oct dahs 118-member gamerankings' does not contain any information related to the original text.,llama-3.3-70b-versatile
50,low temperature protein expression in e. coli,kiha fachhochschule 50-basis stoxx wkts teaspoon were,1.0,The obfuscated text 'kiha fachhochschule 50-basis stoxx wkts teaspoon were' does not contain any information related to the original text.,llama-3.3-70b-versatile
45,mental health wellness-1,lavyrle junren inter-county,1.0,The obfuscated text 'lavyrle junren inter-county' does not contain any information related to the original text 'mental health wellness-1'.,llama-3.3-70b-versatile
45,mental health wellness-1,stobbe ralomar dandenong,1.0,The obfuscated text 'stobbe ralomar dandenong' does not contain any information related to the original text 'mental health wellness-1'.,llama-3.3-70b-versatile
45,mental health wellness-1,gmina mitofsky masjed,1.0,The obfuscated text 'gmina mitofsky masjed' does not contain any information related to the original text 'mental health wellness-1'.,llama-3.3-70b-versatile
45,mental health wellness-1,jpb ray-finned australia,1.0,The obfuscated text 'jpb ray-finned australia' does not contain any information related to the original text 'mental health wellness-1'.,llama-3.3-70b-versatile
45,mental health wellness-1,750-800 icasualties.org llion,1.0,The obfuscated text '750-800 icasualties.org llion' does not contain any information related to the original text 'mental health wellness-1'.,llama-3.3-70b-versatile
45,mental health wellness-1,gelechiidae missenden techsavvy,1.0,The obfuscated text 'gelechiidae missenden techsavvy' does not contain any information related to the original text 'mental health wellness-1'.,llama-3.3-70b-versatile
45,mental health wellness-1,silverblatt http://www.nyse.com hushen,1.0,The obfuscated text 'silverblatt http://www.nyse.com hushen' does not contain any information related to the original text 'mental health wellness-1'.,llama-3.3-70b-versatile
45,mental health wellness-1,- furchtgott spendingpulse,1.0,The obfuscated text '- furchtgott spendingpulse' does not contain any information related to the original text 'mental health wellness-1'.,llama-3.3-70b-versatile
45,mental health wellness-1,23-july 79.75 lindlaw,1.0,The obfuscated text '23-july 79.75 lindlaw' does not contain any information related to the original text 'mental health wellness-1'.,llama-3.3-70b-versatile
45,mental health wellness-1,birthstones vx-6 jbreyes,1.0,The obfuscated text 'birthstones vx-6 jbreyes' does not contain any information related to the original text 'mental health wellness-1'.,llama-3.3-70b-versatile
33,"mice, mutant strains, and histoplasmosis",parma 3/32 formannskapsdistrikt 51-member eighteens,1.0,The obfuscated text 'parma 3/32 formannskapsdistrikt 51-member eighteens' does not contain any words related to the original text.,llama-3.3-70b-versatile
33,"mice, mutant strains, and histoplasmosis",mussab householder hushen tentoni xueliang,1.0,The obfuscated text 'mussab householder hushen tentoni xueliang' does not contain any words related to the original text.,llama-3.3-70b-versatile
33,"mice, mutant strains, and histoplasmosis","kiraithe plumaged householder 49,030 ayp",1.0,"The obfuscated text 'kiraithe plumaged householder 49,030 ayp' does not contain any words related to the original text.",llama-3.3-70b-versatile
33,"mice, mutant strains, and histoplasmosis",mierzwinski interclube dragutinovic co-educational kindlon,1.0,The obfuscated text 'mierzwinski interclube dragutinovic co-educational kindlon' does not contain any words related to the original text.,llama-3.3-70b-versatile
33,"mice, mutant strains, and histoplasmosis",telefonos countable ijewere cents 、,1.0,The obfuscated text 'telefonos countable ijewere cents 、' does not contain any words related to the original text.,llama-3.3-70b-versatile
33,"mice, mutant strains, and histoplasmosis",sakhalin-2 refiling sef displaysearch non-families,1.0,The obfuscated text 'sakhalin-2 refiling sef displaysearch non-families' does not contain any words related to the original text.,llama-3.3-70b-versatile
33,"mice, mutant strains, and histoplasmosis",iteere saddam nonsubscribers rosvooruzheniye hunziker,1.0,The obfuscated text 'iteere saddam nonsubscribers rosvooruzheniye hunziker' does not contain any words related to the original text.,llama-3.3-70b-versatile
33,"mice, mutant strains, and histoplasmosis","450-seat 3,985 sylviidae 120-member agonisingly",1.0,"The obfuscated text '450-seat 3,985 sylviidae 120-member agonisingly' does not contain any words related to the original text.",llama-3.3-70b-versatile
33,"mice, mutant strains, and histoplasmosis",22-member league highjump deveined tokofsky,1.0,The obfuscated text '22-member league highjump deveined tokofsky' does not contain any words related to the original text.,llama-3.3-70b-versatile
33,"mice, mutant strains, and histoplasmosis",225-issue drbombay their 2001-2011 rangebound,1.0,The obfuscated text '225-issue drbombay their 2001-2011 rangebound' does not contain any words related to the original text.,llama-3.3-70b-versatile
24,mouse peptidoglycan recognition proteins (pgrp),sitaula naqba rock/heavy 56-game cenepa,1.0,No apparent relation to the original text,llama-3.3-70b-versatile
24,mouse peptidoglycan recognition proteins (pgrp),mazimhaka end-of-war indo-pacific topex 30-stock,1.0,No apparent relation to the original text,llama-3.3-70b-versatile
24,mouse peptidoglycan recognition proteins (pgrp),tephritid herein sea-birds 43.29 billionths,1.0,No apparent relation to the original text,llama-3.3-70b-versatile
24,mouse peptidoglycan recognition proteins (pgrp),artillery interzonal gantelet constituency hipc,1.0,No apparent relation to the original text,llama-3.3-70b-versatile
24,mouse peptidoglycan recognition proteins (pgrp),computerologist haskanita hennekens heilemann non-families,1.0,No apparent relation to the original text,llama-3.3-70b-versatile
24,mouse peptidoglycan recognition proteins (pgrp),flamborough bustards coach rephrase koszalin,1.0,No apparent relation to the original text,llama-3.3-70b-versatile
24,mouse peptidoglycan recognition proteins (pgrp),abassan general giftedness brochures qwilleran,1.0,No apparent relation to the original text,llama-3.3-70b-versatile
24,mouse peptidoglycan recognition proteins (pgrp),"gnu 7bit delino yamanouchi 3,197",1.0,No apparent relation to the original text,llama-3.3-70b-versatile
24,mouse peptidoglycan recognition proteins (pgrp),biathlon u.n.-administered ounce rangebound fdj,1.0,No apparent relation to the original text,llama-3.3-70b-versatile
24,mouse peptidoglycan recognition proteins (pgrp),atx elizardo nytns lundblad c-130,1.0,No apparent relation to the original text,llama-3.3-70b-versatile
41,mutations in the cystic fibrosis conductance regulator gene,' sipah yasuhisa ep-3e 1100gmt cromme articulo inswinging,1.0,No apparent relation to the original text,llama-3.3-70b-versatile
41,mutations in the cystic fibrosis conductance regulator gene,mandeb highjump vlcc smell ifr pihkal two-light piaa,1.0,No apparent relation to the original text,llama-3.3-70b-versatile
41,mutations in the cystic fibrosis conductance regulator gene,elst to-60 9-july dohn theory kuangdi njsiaa lig,1.0,No apparent relation to the original text,llama-3.3-70b-versatile
41,mutations in the cystic fibrosis conductance regulator gene,102.0 sea 78.19 78.64 ilham 9-july leuchtmann rojos,1.0,No apparent relation to the original text,llama-3.3-70b-versatile
41,mutations in the cystic fibrosis conductance regulator gene,malott 147.27 tuh adm. 22.31 kla county vandore,1.0,No apparent relation to the original text,llama-3.3-70b-versatile
41,mutations in the cystic fibrosis conductance regulator gene,herein nzsx-50 goossen formannskapsdistrikt ecb nashar formannskapsdistrikt magnitudes,1.0,No apparent relation to the original text,llama-3.3-70b-versatile
41,mutations in the cystic fibrosis conductance regulator gene,yongtu moaiya sljivancanin wildcards eighteens mabuse plunge-dive odula,1.0,No apparent relation to the original text,llama-3.3-70b-versatile
41,mutations in the cystic fibrosis conductance regulator gene,chinext duchy student-teacher 225-issue datelined spratly xiaoyang gibsonburg,1.0,No apparent relation to the original text,llama-3.3-70b-versatile
41,mutations in the cystic fibrosis conductance regulator gene,opposite-sex `` 35-nation culina eighteens wielaard meimad www.star,1.0,No apparent relation to the original text,llama-3.3-70b-versatile
41,mutations in the cystic fibrosis conductance regulator gene,medium-large 98.0 animists renuart antiharassment nytimes.com onions tinsulanonda,1.0,No apparent relation to the original text,llama-3.3-70b-versatile
9,muty,30.0,1.0,The obfuscated text '30.0' does not contain any information from the original text 'muty'.,llama-3.3-70b-versatile
9,muty,kintetsu,1.0,The obfuscated text 'kintetsu' does not contain any information from the original text 'muty'.,llama-3.3-70b-versatile
9,muty,daloa,1.0,The obfuscated text 'daloa' does not contain any information from the original text 'muty'.,llama-3.3-70b-versatile
9,muty,yanow,1.0,The obfuscated text 'yanow' does not contain any information from the original text 'muty'.,llama-3.3-70b-versatile
9,muty,icasualties.org,1.0,The obfuscated text 'icasualties.org' does not contain any information from the original text 'muty'.,llama-3.3-70b-versatile
9,muty,2-for-1,1.0,The obfuscated text '2-for-1' does not contain any information from the original text 'muty'.,llama-3.3-70b-versatile
9,muty,pilipino,1.0,The obfuscated text 'pilipino' does not contain any information from the original text 'muty'.,llama-3.3-70b-versatile
9,muty,most-watched,1.0,The obfuscated text 'most-watched' does not contain any information from the original text 'muty'.,llama-3.3-70b-versatile
9,muty,202-383-7824,1.0,The obfuscated text '202-383-7824' does not contain any information from the original text 'muty'.,llama-3.3-70b-versatile
9,muty,ep-3e,1.0,The obfuscated text 'ep-3e' does not contain any information from the original text 'muty'.,llama-3.3-70b-versatile
10,neil1,korea,1.0,The obfuscated text 'korea' has no relation to the original text 'neil1'.,llama-3.3-70b-versatile
10,neil1,topix,1.0,The obfuscated text 'topix' has no relation to the original text 'neil1'.,llama-3.3-70b-versatile
10,neil1,muzong,1.0,The obfuscated text 'muzong' has no relation to the original text 'neil1'.,llama-3.3-70b-versatile
10,neil1,untraded,1.0,The obfuscated text 'untraded' has no relation to the original text 'neil1'.,llama-3.3-70b-versatile
10,neil1,axle,1.0,The obfuscated text 'axle' has no relation to the original text 'neil1'.,llama-3.3-70b-versatile
10,neil1,ase,1.0,The obfuscated text 'ase' has no relation to the original text 'neil1'.,llama-3.3-70b-versatile
10,neil1,owned,1.0,The obfuscated text 'owned' has no relation to the original text 'neil1'.,llama-3.3-70b-versatile
10,neil1,householder,1.0,The obfuscated text 'householder' has no relation to the original text 'neil1'.,llama-3.3-70b-versatile
10,neil1,njsiaa,1.0,The obfuscated text 'njsiaa' has no relation to the original text 'neil1'.,llama-3.3-70b-versatile
10,neil1,yussif,1.0,The obfuscated text 'yussif' has no relation to the original text 'neil1'.,llama-3.3-70b-versatile
37,pam,www.star,1.0,"No leakage, completely unrelated",llama-3.3-70b-versatile
37,pam,porretto,1.0,"No leakage, completely unrelated",llama-3.3-70b-versatile
37,pam,devedjian,1.0,"No leakage, completely unrelated",llama-3.3-70b-versatile
37,pam,her,3.0,"Partial leakage, similar sound",llama-3.3-70b-versatile
37,pam,"300,000-500",1.0,"No leakage, completely unrelated",llama-3.3-70b-versatile
37,pam,sehlinger,1.0,"No leakage, completely unrelated",llama-3.3-70b-versatile
37,pam,nedra,1.0,"No leakage, completely unrelated",llama-3.3-70b-versatile
37,pam,nonsubscribers,1.0,"No leakage, completely unrelated",llama-3.3-70b-versatile
37,pam,karembeu,1.0,"No leakage, completely unrelated",llama-3.3-70b-versatile
37,pam,zew,1.0,"No leakage, completely unrelated",llama-3.3-70b-versatile
29,phenotypes of gyra mutations,yanbu ordinaries accessatlanta.com kluivert,1.0,No apparent relation to the original text,llama-3.3-70b-versatile
29,phenotypes of gyra mutations,habibul state palaeographically --,1.0,No apparent relation to the original text,llama-3.3-70b-versatile
29,phenotypes of gyra mutations,yanukovych 23-july ep-3 county,1.0,No apparent relation to the original text,llama-3.3-70b-versatile
29,phenotypes of gyra mutations,mobis gotabhaya fnd diringer,1.0,No apparent relation to the original text,llama-3.3-70b-versatile
29,phenotypes of gyra mutations,nuthatches drays non-families single-elimination,1.0,No apparent relation to the original text,llama-3.3-70b-versatile
29,phenotypes of gyra mutations,lance-shaped 24.84 publicar kosdaq,1.0,No apparent relation to the original text,llama-3.3-70b-versatile
29,phenotypes of gyra mutations,"17.84 3,197 grbavica tael",1.0,No apparent relation to the original text,llama-3.3-70b-versatile
29,phenotypes of gyra mutations,lashko pertuan www.twitter.com 20-percent,1.0,No apparent relation to the original text,llama-3.3-70b-versatile
29,phenotypes of gyra mutations,inflorescence 60-hour histone 78.40,1.0,No apparent relation to the original text,llama-3.3-70b-versatile
29,phenotypes of gyra mutations,arra goerges agd gambari,1.0,No apparent relation to the original text,llama-3.3-70b-versatile
28,proteases that function in both apoptosis and autophagy cell death,salvi republish 100.00 ' topix jiarui 0.075 unforced volgodonsk vorgan,1.0,The obfuscated text 'salvi republish 100.00 ' topix jiarui 0.075 unforced volgodonsk vorgan' does not contain any information related to the original text.,llama-3.3-70b-versatile
28,proteases that function in both apoptosis and autophagy cell death,zahorchak norteamericano asjha def b-25 cloture (310) plavsic '' pogatchnik,1.0,The obfuscated text 'zahorchak norteamericano asjha def b-25 cloture (310) plavsic '' pogatchnik' does not contain any information related to the original text.,llama-3.3-70b-versatile
28,proteases that function in both apoptosis and autophagy cell death,"oxidoreductases ball lacques dei australia untraded commers hasselbaink "" opium",2.0,The obfuscated text 'oxidoreductases ball lacques dei australia untraded commers hasselbaink ' opium' contains a related term 'oxidoreductases' which is similar to 'proteases'.,llama-3.3-70b-versatile
28,proteases that function in both apoptosis and autophagy cell death,"icapp http://www.epa.gov c. zantop y brøndby bulog bags 3,197 oil",1.0,"The obfuscated text 'icapp http://www.epa.gov c. zantop y brøndby bulog bags 3,197 oil' does not contain any information related to the original text.",llama-3.3-70b-versatile
28,proteases that function in both apoptosis and autophagy cell death,stoxx officership '' habyarimana intelcenter hushen educación oth dataquest 70-7,1.0,The obfuscated text 'stoxx officership '' habyarimana intelcenter hushen educación oth dataquest 70-7' does not contain any information related to the original text.,llama-3.3-70b-versatile
28,proteases that function in both apoptosis and autophagy cell death,first-past-the-post geometridae forehand hoofnagle nuclear batie sampdoria 44-percent taurean kirberger,1.0,The obfuscated text 'first-past-the-post geometridae forehand hoofnagle nuclear batie sampdoria 44-percent taurean kirberger' does not contain any information related to the original text.,llama-3.3-70b-versatile
28,proteases that function in both apoptosis and autophagy cell death,02107 ponerse resolutions believin nondefense star-ledger milanka bombmaker - 185-nation,1.0,The obfuscated text '02107 ponerse resolutions believin nondefense star-ledger milanka bombmaker - 185-nation' does not contain any information related to the original text.,llama-3.3-70b-versatile
28,proteases that function in both apoptosis and autophagy cell death,jask roed prestigioso analyst ep-3e 1975-79 qal registry cac-40 paphitis,1.0,The obfuscated text 'jask roed prestigioso analyst ep-3e 1975-79 qal registry cac-40 paphitis' does not contain any information related to the original text.,llama-3.3-70b-versatile
28,proteases that function in both apoptosis and autophagy cell death,orthonormal cdy 2001-2011 percent cerambycidae rinsed monza higher-seeded e-taiba rpalmeiro,1.0,The obfuscated text 'orthonormal cdy 2001-2011 percent cerambycidae rinsed monza higher-seeded e-taiba rpalmeiro' does not contain any information related to the original text.,llama-3.3-70b-versatile
28,proteases that function in both apoptosis and autophagy cell death,mangku telerate gules police carabobo 202-383-7824 radoje passeriformes ch1 died,1.0,The obfuscated text 'mangku telerate gules police carabobo 202-383-7824 radoje passeriformes ch1 died' does not contain any information related to the original text.,llama-3.3-70b-versatile
44,proteins involved in the nerve growth factor pathway,31-nov four-movement d-glucose cguillen oakmont blazoned 30303 ',1.0,The obfuscated text '31-nov four-movement d-glucose cguillen oakmont blazoned 30303 '' does not contain any information related to the original text.,llama-3.3-70b-versatile
44,proteins involved in the nerve growth factor pathway,mehalba ixtoc hasn taepodong-2 off-reservation nytns highjump herein,1.0,The obfuscated text 'mehalba ixtoc hasn taepodong-2 off-reservation nytns highjump herein' does not contain any information related to the original text.,llama-3.3-70b-versatile
44,proteins involved in the nerve growth factor pathway,"1w 0-40 sail-driven bruggere 147.27 49.5 fredesvindo 31,250",1.0,"The obfuscated text '1w 0-40 sail-driven bruggere 147.27 49.5 fredesvindo 31,250' does not contain any information related to the original text.",llama-3.3-70b-versatile
44,proteins involved in the nerve growth factor pathway,"tracinda pentathlete 750-800 wicket said pavonia 8,191 edmunds.com",1.0,"The obfuscated text 'tracinda pentathlete 750-800 wicket said pavonia 8,191 edmunds.com' does not contain any information related to the original text.",llama-3.3-70b-versatile
44,proteins involved in the nerve growth factor pathway,kaczynski planescape taepodong-2 212-556-4204 wildcards saare denesh 55-nation,1.0,The obfuscated text 'kaczynski planescape taepodong-2 212-556-4204 wildcards saare denesh 55-nation' does not contain any information related to the original text.,llama-3.3-70b-versatile
44,proteins involved in the nerve growth factor pathway,- mahre candidating 43-month palaeographically beacons dothideomycetes coskun,1.0,The obfuscated text '- mahre candidating 43-month palaeographically beacons dothideomycetes coskun' does not contain any information related to the original text.,llama-3.3-70b-versatile
44,proteins involved in the nerve growth factor pathway,gorondi natwar http://www.nytimes.com sefid 147.27 10168 sakher ------------------,1.0,The obfuscated text 'gorondi natwar http://www.nytimes.com sefid 147.27 10168 sakher ------------------' does not contain any information related to the original text.,llama-3.3-70b-versatile
44,proteins involved in the nerve growth factor pathway,1.5-kilometer photoexpress gymnures willette lawren any chirasevenupraphand jendayi,1.0,The obfuscated text '1.5-kilometer photoexpress gymnures willette lawren any chirasevenupraphand jendayi' does not contain any information related to the original text.,llama-3.3-70b-versatile
44,proteins involved in the nerve growth factor pathway,northern-central smca 27-nov functor all-sec troussier joão matsanga,1.0,The obfuscated text 'northern-central smca 27-nov functor all-sec troussier joão matsanga' does not contain any information related to the original text.,llama-3.3-70b-versatile
44,proteins involved in the nerve growth factor pathway,masakadza nauchnyj non-institutionalized sternest hrdy icehockey 47-42-17-11 ftse-100,1.0,The obfuscated text 'masakadza nauchnyj non-institutionalized sternest hrdy icehockey 47-42-17-11 ftse-100' does not contain any information related to the original text.,llama-3.3-70b-versatile
5,protocols for isolating cell nuclei,midfield 78.19 djohar seasonable fingerpost,1.0,The obfuscated text 'midfield 78.19 djohar seasonable fingerpost' does not contain any information related to the original text.,llama-3.3-70b-versatile
5,protocols for isolating cell nuclei,"exiling nuclear 11,722.98 a-international tablespoon",4.0,"The obfuscated text 'exiling nuclear 11,722.98 a-international tablespoon' contains the word 'nuclear' which is related to 'nuclei' in the original text.",llama-3.3-70b-versatile
5,protocols for isolating cell nuclei,kerson pssas historique baronetage canoer,1.0,The obfuscated text 'kerson pssas historique baronetage canoer' does not contain any information related to the original text.,llama-3.3-70b-versatile
5,protocols for isolating cell nuclei,non-daily roncero sextante colspan infrared,1.0,The obfuscated text 'non-daily roncero sextante colspan infrared' does not contain any information related to the original text.,llama-3.3-70b-versatile
5,protocols for isolating cell nuclei,terns shwe pounds 10-july 212-556-4204,1.0,The obfuscated text 'terns shwe pounds 10-july 212-556-4204' does not contain any information related to the original text.,llama-3.3-70b-versatile
5,protocols for isolating cell nuclei,icasualties.org voivodeship nzsx visitar midcap,1.0,The obfuscated text 'icasualties.org voivodeship nzsx visitar midcap' does not contain any information related to the original text.,llama-3.3-70b-versatile
5,protocols for isolating cell nuclei,factfile fdch debehogne eighteens 78.19,1.0,The obfuscated text 'factfile fdch debehogne eighteens 78.19' does not contain any information related to the original text.,llama-3.3-70b-versatile
5,protocols for isolating cell nuclei,scuse 100.00 chi-squared 78.19 combest,1.0,The obfuscated text 'scuse 100.00 chi-squared 78.19 combest' does not contain any information related to the original text.,llama-3.3-70b-versatile
5,protocols for isolating cell nuclei,nifc hesperiidae telefonos k-3rd schuyler,1.0,The obfuscated text 'nifc hesperiidae telefonos k-3rd schuyler' does not contain any information related to the original text.,llama-3.3-70b-versatile
5,protocols for isolating cell nuclei,aacsb lonseny schalke nuoc inflation-adjusted,1.0,The obfuscated text 'aacsb lonseny schalke nuoc inflation-adjusted' does not contain any information related to the original text.,llama-3.3-70b-versatile
36,rab3a,ibn,1.0,The obfuscated text 'ibn' has no apparent connection to the original text 'rab3a'.,llama-3.3-70b-versatile
36,rab3a,forelimbs,1.0,The obfuscated text 'forelimbs' has no apparent connection to the original text 'rab3a'.,llama-3.3-70b-versatile
36,rab3a,bhusted,1.0,The obfuscated text 'bhusted' has no apparent connection to the original text 'rab3a'.,llama-3.3-70b-versatile
36,rab3a,a-pound,1.0,The obfuscated text 'a-pound' has no apparent connection to the original text 'rab3a'.,llama-3.3-70b-versatile
36,rab3a,diaa,2.0,The obfuscated text 'diaa' has a possible phonetic or character similarity to the original text 'rab3a'.,llama-3.3-70b-versatile
36,rab3a,"5,048.62",1.0,"The obfuscated text '5,048.62' has no apparent connection to the original text 'rab3a'.",llama-3.3-70b-versatile
36,rab3a,stoxx,1.0,The obfuscated text 'stoxx' has no apparent connection to the original text 'rab3a'.,llama-3.3-70b-versatile
36,rab3a,administaff,1.0,The obfuscated text 'administaff' has no apparent connection to the original text 'rab3a'.,llama-3.3-70b-versatile
36,rab3a,ryokuken,1.0,The obfuscated text 'ryokuken' has no apparent connection to the original text 'rab3a'.,llama-3.3-70b-versatile
36,rab3a,direkt,1.0,The obfuscated text 'direkt' has no apparent connection to the original text 'rab3a'.,llama-3.3-70b-versatile
30,regulatory targets of the nkx gene family members,milanka arianespace sucden nytimes asterism first-innings tamil your,1.0,The obfuscated text 'milanka arianespace sucden nytimes asterism first-innings tamil your' does not contain any information related to the original text.,llama-3.3-70b-versatile
30,regulatory targets of the nkx gene family members,800-word mutate runestone olad hoffarth nahyan salticidae lavyrle,1.0,The obfuscated text '800-word mutate runestone olad hoffarth nahyan salticidae lavyrle' does not contain any information related to the original text.,llama-3.3-70b-versatile
30,regulatory targets of the nkx gene family members,season-by-season berjaya kontinental 70.85 palaeographically irishness five-bay republish,1.0,The obfuscated text 'season-by-season berjaya kontinental 70.85 palaeographically irishness five-bay republish' does not contain any information related to the original text.,llama-3.3-70b-versatile
30,regulatory targets of the nkx gene family members,"lifebeat gahl wftda 5,048.62 1.3455 receival zacks carisch",1.0,"The obfuscated text 'lifebeat gahl wftda 5,048.62 1.3455 receival zacks carisch' does not contain any information related to the original text.",llama-3.3-70b-versatile
30,regulatory targets of the nkx gene family members,dehestan articulo 21278 kvitfjell mayn yugoimport foutch pillaged,1.0,The obfuscated text 'dehestan articulo 21278 kvitfjell mayn yugoimport foutch pillaged' does not contain any information related to the original text.,llama-3.3-70b-versatile
30,regulatory targets of the nkx gene family members,lubartów kyriakopoulos gerbrandt enrichment buzzer d-league infields 10-july,1.0,The obfuscated text 'lubartów kyriakopoulos gerbrandt enrichment buzzer d-league infields 10-july' does not contain any information related to the original text.,llama-3.3-70b-versatile
30,regulatory targets of the nkx gene family members,rishawi $ dowiyogo liquigas nadp olyā rebounds bahs,1.0,The obfuscated text 'rishawi $ dowiyogo liquigas nadp olyā rebounds bahs' does not contain any information related to the original text.,llama-3.3-70b-versatile
30,regulatory targets of the nkx gene family members,creutzfeldt 03-07-07 zahorchak bsirske chester-upland hennekens `` qinghong,1.0,The obfuscated text 'creutzfeldt 03-07-07 zahorchak bsirske chester-upland hennekens `` qinghong' does not contain any information related to the original text.,llama-3.3-70b-versatile
30,regulatory targets of the nkx gene family members,glafcos hindwings system crudes arctiidae pelletreau budget university,1.0,The obfuscated text 'glafcos hindwings system crudes arctiidae pelletreau budget university' does not contain any information related to the original text.,llama-3.3-70b-versatile
30,regulatory targets of the nkx gene family members,palaeographically spacewalk officership soweto military this 7-oct mladjan,1.0,The obfuscated text 'palaeographically spacewalk officership soweto military this 7-oct mladjan' does not contain any information related to the original text.,llama-3.3-70b-versatile
22,relative response of p53 family members to agents causing single-stranded versus double-stranded dna breaks,bushehr meyaneh a-international euro-atlantic grójec hairlike qinglin subcomandante 70.85 ediouro ruh 21278 demoustier whitbread,1.0,The obfuscated text does not contain any information related to the original text.,llama-3.3-70b-versatile
22,relative response of p53 family members to agents causing single-stranded versus double-stranded dna breaks,istat thinly kasikornbank jbm crites govpx lecg tael 78-day ftse nondefense warfarin 2001-2011 josephthal,1.0,The obfuscated text does not contain any information related to the original text.,llama-3.3-70b-versatile
22,relative response of p53 family members to agents causing single-stranded versus double-stranded dna breaks,"hasnat page1-nyt http://www.boston.com 147.27 rap/sung hushen al 180-degree bangguo saybolt 7.5-minute isuzuki 3,985 letelier",1.0,The obfuscated text does not contain any information related to the original text.,llama-3.3-70b-versatile
22,relative response of p53 family members to agents causing single-stranded versus double-stranded dna breaks,4555 fischoff aicte ranil skedded 787-billion `` nyiragongo ozeki .600 guangfa enghelab zukav zheliu,1.0,The obfuscated text does not contain any information related to the original text.,llama-3.3-70b-versatile
22,relative response of p53 family members to agents causing single-stranded versus double-stranded dna breaks,alluni bgcolor 0.49 saare percent sharmba township lijin banque absoluto kaio muliaina kee īn,1.0,The obfuscated text does not contain any information related to the original text.,llama-3.3-70b-versatile
22,relative response of p53 family members to agents causing single-stranded versus double-stranded dna breaks,blaspheming zaanun 52-week somoza all-pro desean footsie curacies non-families sova datasheet 225-issue mugunga risling,1.0,The obfuscated text does not contain any information related to the original text.,llama-3.3-70b-versatile
22,relative response of p53 family members to agents causing single-stranded versus double-stranded dna breaks,mcca liangshan slugline keraterm &amp; lackawanna huasun cylc nonsubscribers sochacki geometridae kah faiez cormet,1.0,The obfuscated text does not contain any information related to the original text.,llama-3.3-70b-versatile
22,relative response of p53 family members to agents causing single-stranded versus double-stranded dna breaks,bank mordellidae qtr fachhochschule u.n. micabrera uzice twalker www.star nytns lurd finex www.star mcdougals,1.0,The obfuscated text does not contain any information related to the original text.,llama-3.3-70b-versatile
22,relative response of p53 family members to agents causing single-stranded versus double-stranded dna breaks,"12,759 malkhadir herein skoloff mecklermedia 78.19 industrialised bositis tothis holleyman neh northern-central jse góra",1.0,The obfuscated text does not contain any information related to the original text.,llama-3.3-70b-versatile
22,relative response of p53 family members to agents causing single-stranded versus double-stranded dna breaks,uh arancha urban-rural runic fixtures ppb icasualties.org learnings bank suey garvaghy bosingwa nauchnyj blogs.tampabay.com,1.0,The obfuscated text does not contain any information related to the original text.,llama-3.3-70b-versatile
38,risk factors for stroke,nzsx-50 100-quality prijedor fdch,1.0,The obfuscated text 'nzsx-50 100-quality prijedor fdch' does not contain any information related to the original text 'risk factors for stroke'.,llama-3.3-70b-versatile
38,risk factors for stroke,50-and season-by-season new bookable,1.0,The obfuscated text '50-and season-by-season new bookable' does not contain any information related to the original text 'risk factors for stroke'.,llama-3.3-70b-versatile
38,risk factors for stroke,tael baath qaen 29-nov,1.0,The obfuscated text 'tael baath qaen 29-nov' does not contain any information related to the original text 'risk factors for stroke'.,llama-3.3-70b-versatile
38,risk factors for stroke,s.-led kujawski qiyue 3.5-liter,1.0,The obfuscated text 's.-led kujawski qiyue 3.5-liter' does not contain any information related to the original text 'risk factors for stroke'.,llama-3.3-70b-versatile
38,risk factors for stroke,wielaard -- nytns non-families,1.0,The obfuscated text 'wielaard -- nytns non-families' does not contain any information related to the original text 'risk factors for stroke'.,llama-3.3-70b-versatile
38,risk factors for stroke,31-aug sql rivenbark vguerrero,1.0,The obfuscated text '31-aug sql rivenbark vguerrero' does not contain any information related to the original text 'risk factors for stroke'.,llama-3.3-70b-versatile
38,risk factors for stroke,rilwanu 3par telecharge crif,1.0,The obfuscated text 'rilwanu 3par telecharge crif' does not contain any information related to the original text 'risk factors for stroke'.,llama-3.3-70b-versatile
38,risk factors for stroke,economist aircraft churov www.star,1.0,The obfuscated text 'economist aircraft churov www.star' does not contain any information related to the original text 'risk factors for stroke'.,llama-3.3-70b-versatile
38,risk factors for stroke,embraer ziercke gueant nonsubscribers,1.0,The obfuscated text 'embraer ziercke gueant nonsubscribers' does not contain any information related to the original text 'risk factors for stroke'.,llama-3.3-70b-versatile
38,risk factors for stroke,2001-2011 asx200 coxnet 24-30,1.0,The obfuscated text '2001-2011 asx200 coxnet 24-30' does not contain any information related to the original text 'risk factors for stroke'.,llama-3.3-70b-versatile
27,role of autophagy in apoptosis,http://www.state.gov naira weeweb householder lario,1.0,The obfuscated text 'http://www.state.gov naira weeweb householder lario' does not contain any information related to the original text 'role of autophagy in apoptosis'.,llama-3.3-70b-versatile
27,role of autophagy in apoptosis,bnv stii stabiner foreign yurchikhin,1.0,The obfuscated text 'bnv stii stabiner foreign yurchikhin' does not contain any information related to the original text 'role of autophagy in apoptosis'.,llama-3.3-70b-versatile
27,role of autophagy in apoptosis,non-swiss moorilla rc-135 assem chattahoochie,1.0,The obfuscated text 'non-swiss moorilla rc-135 assem chattahoochie' does not contain any information related to the original text 'role of autophagy in apoptosis'.,llama-3.3-70b-versatile
27,role of autophagy in apoptosis,liquigas jerusalem statistique meyrick encephalopathy,2.0,The obfuscated text 'liquigas jerusalem statistique meyrick encephalopathy' contains the word 'encephalopathy' which is related to the medical field but not directly related to 'autophagy' or 'apoptosis'.,llama-3.3-70b-versatile
27,role of autophagy in apoptosis,giteau 57kg eighteens #e story3d,1.0,The obfuscated text 'giteau 57kg eighteens #e story3d' does not contain any information related to the original text 'role of autophagy in apoptosis'.,llama-3.3-70b-versatile
27,role of autophagy in apoptosis,pre-julian verbs ev'ry brembilla ovsiannikov,1.0,The obfuscated text 'pre-julian verbs ev'ry brembilla ovsiannikov' does not contain any information related to the original text 'role of autophagy in apoptosis'.,llama-3.3-70b-versatile
27,role of autophagy in apoptosis,350-degree formannskapsdistrikt newsasia foutch non-families,1.0,The obfuscated text '350-degree formannskapsdistrikt newsasia foutch non-families' does not contain any information related to the original text 'role of autophagy in apoptosis'.,llama-3.3-70b-versatile
27,role of autophagy in apoptosis,- denisovich de 16-billion kosdaq,1.0,The obfuscated text '- denisovich de 16-billion kosdaq' does not contain any information related to the original text 'role of autophagy in apoptosis'.,llama-3.3-70b-versatile
27,role of autophagy in apoptosis,antifreeze parnaz juhan paracels bkw,1.0,The obfuscated text 'antifreeze parnaz juhan paracels bkw' does not contain any information related to the original text 'role of autophagy in apoptosis'.,llama-3.3-70b-versatile
27,role of autophagy in apoptosis,icasualties.org toncontin unfreezes 1stld non-families,1.0,The obfuscated text 'icasualties.org toncontin unfreezes 1stld non-families' does not contain any information related to the original text 'role of autophagy in apoptosis'.,llama-3.3-70b-versatile
21,role of p63 and p73 in relation to dna damage,ebdalin 79.75 okrug thurwachter insolvent accoyer oboes musudan franco jianchao,1.0,The obfuscated text 'ebdalin 79.75 okrug thurwachter insolvent accoyer oboes musudan franco jianchao' does not contain any information related to the original text.,llama-3.3-70b-versatile
21,role of p63 and p73 in relation to dna damage,northern-central 10-july season-by-season 713-3701 147.27 voltage president yankelovich utc-6 25-month,1.0,The obfuscated text 'northern-central 10-july season-by-season 713-3701 147.27 voltage president yankelovich utc-6 25-month' does not contain any information related to the original text.,llama-3.3-70b-versatile
21,role of p63 and p73 in relation to dna damage,jerling daybook dienst computerologist kalonzo lx declension nonsubscribers kunstel almousaly,1.0,The obfuscated text 'jerling daybook dienst computerologist kalonzo lx declension nonsubscribers kunstel almousaly' does not contain any information related to the original text.,llama-3.3-70b-versatile
21,role of p63 and p73 in relation to dna damage,mir 18-49 ndabaningi carome 1980-91 bse-30 tael www.nytimages.com www.boston.com enplanements,1.0,The obfuscated text 'mir 18-49 ndabaningi carome 1980-91 bse-30 tael www.nytimages.com www.boston.com enplanements' does not contain any information related to the original text.,llama-3.3-70b-versatile
21,role of p63 and p73 in relation to dna damage,highjump ghz u.s.-south kemprecos smithee iana colspan asx products 1/2cup,1.0,The obfuscated text 'highjump ghz u.s.-south kemprecos smithee iana colspan asx products 1/2cup' does not contain any information related to the original text.,llama-3.3-70b-versatile
21,role of p63 and p73 in relation to dna damage,pelzer ineos huthis fadhil nonresidential crepe annexed zibari colpin l00,1.0,The obfuscated text 'pelzer ineos huthis fadhil nonresidential crepe annexed zibari colpin l00' does not contain any information related to the original text.,llama-3.3-70b-versatile
21,role of p63 and p73 in relation to dna damage,"stamens daewoo zarar myss fdch 2,631 mukoni 651,000 infraero .778",1.0,"The obfuscated text 'stamens daewoo zarar myss fdch 2,631 mukoni 651,000 infraero .778' does not contain any information related to the original text.",llama-3.3-70b-versatile
21,role of p63 and p73 in relation to dna damage,b-standard 6-of-17 bushel hambali renumbering audiotex nuclei 4:28 govpx smoothes,1.0,The obfuscated text 'b-standard 6-of-17 bushel hambali renumbering audiotex nuclei 4:28 govpx smoothes' does not contain any information related to the original text.,llama-3.3-70b-versatile
21,role of p63 and p73 in relation to dna damage,greyhawk spearmon u.s. http://www.epa.gov nyunt cechmanek airlines wechsung zibri ideaglobal,1.0,The obfuscated text 'greyhawk spearmon u.s. http://www.epa.gov nyunt cechmanek airlines wechsung zibri ideaglobal' does not contain any information related to the original text.,llama-3.3-70b-versatile
21,role of p63 and p73 in relation to dna damage,bagmati slugger catchallmails 102.2 kloza kasich coup president record canoer,1.0,The obfuscated text 'bagmati slugger catchallmails 102.2 kloza kasich coup president record canoer' does not contain any information related to the original text.,llama-3.3-70b-versatile
13,role of tgfb in angiogenesis in skin,musicnotes.com crivoi 25-kilogram stana nucleophiles sfgate.com asom,1.0,No keywords related to the original text are found,llama-3.3-70b-versatile
13,role of tgfb in angiogenesis in skin,springform fm 67.50 excommunicates season-by-season olive-brown nonsubscribers,1.0,No keywords related to the original text are found,llama-3.3-70b-versatile
13,role of tgfb in angiogenesis in skin,lah 09:04 county 212-556-1927 icasualties.org uspga untraded,1.0,No keywords related to the original text are found,llama-3.3-70b-versatile
13,role of tgfb in angiogenesis in skin,ho france planescape u.n.-sierra dordain murong 1/2c,1.0,No keywords related to the original text are found,llama-3.3-70b-versatile
13,role of tgfb in angiogenesis in skin,poll fdch swin nonsubscribers www.star valot 22-28,1.0,No keywords related to the original text are found,llama-3.3-70b-versatile
13,role of tgfb in angiogenesis in skin,conductor vorgan pierantoni rushkoff zhouqu łódź tael,1.0,No keywords related to the original text are found,llama-3.3-70b-versatile
13,role of tgfb in angiogenesis in skin,formula_16 perfusion pro-treaty 330-seat tf 212-556-4204 moths,1.0,No keywords related to the original text are found,llama-3.3-70b-versatile
13,role of tgfb in angiogenesis in skin,hiromu jamsostek prohibitive kuroyedov ncrna bse-30 20-64,1.0,No keywords related to the original text are found,llama-3.3-70b-versatile
13,role of tgfb in angiogenesis in skin,"milanka rsmc gwozdecky highjump frontpaged newsmakers 416,000",1.0,No keywords related to the original text are found,llama-3.3-70b-versatile
13,role of tgfb in angiogenesis in skin,hermagoras racial dimpled zhewen maliti reduced-price pfennig,1.0,No keywords related to the original text are found,llama-3.3-70b-versatile
46,rsk2,105-member,1.0,No apparent connection to 'rsk2',llama-3.3-70b-versatile
46,rsk2,hushen,1.0,No apparent connection to 'rsk2',llama-3.3-70b-versatile
46,rsk2,3201,1.0,No apparent connection to 'rsk2',llama-3.3-70b-versatile
46,rsk2,"14,670",1.0,No apparent connection to 'rsk2',llama-3.3-70b-versatile
46,rsk2,grandparenting,1.0,No apparent connection to 'rsk2',llama-3.3-70b-versatile
46,rsk2,pre-julian,1.0,No apparent connection to 'rsk2',llama-3.3-70b-versatile
46,rsk2,.538,1.0,No apparent connection to 'rsk2',llama-3.3-70b-versatile
46,rsk2,hipc,2.0,Possible connection to 'rsk2' as 'hipc' could be an acronym related to the original text,llama-3.3-70b-versatile
46,rsk2,2001-2011,1.0,No apparent connection to 'rsk2',llama-3.3-70b-versatile
46,rsk2,nacional,1.0,No apparent connection to 'rsk2',llama-3.3-70b-versatile
23,saccharomyces cerevisiae proteins involved in ubiquitin system,tejinder 0000 professionnelle icasualties.org bogeys swept-back 147.27,1.0,No keywords related to the original text are found,llama-3.3-70b-versatile
23,saccharomyces cerevisiae proteins involved in ubiquitin system,duh winokur text-align saffir tv nytimes verhovek,1.0,No keywords related to the original text are found,llama-3.3-70b-versatile
23,saccharomyces cerevisiae proteins involved in ubiquitin system,"gracillariidae mordonez iv 70.85 2,025 pbpost.com 200-word",1.0,No keywords related to the original text are found,llama-3.3-70b-versatile
23,saccharomyces cerevisiae proteins involved in ubiquitin system,sciri xiaoning cauchy radio-canada moo ee haramain,1.0,No keywords related to the original text are found,llama-3.3-70b-versatile
23,saccharomyces cerevisiae proteins involved in ubiquitin system,greeneville yaroslava 28-aug non-mandatory 18-49 greil non-institutionalized,1.0,No keywords related to the original text are found,llama-3.3-70b-versatile
23,saccharomyces cerevisiae proteins involved in ubiquitin system,haqqania this dirani feargus 29-oct paultre subtropical,1.0,No keywords related to the original text are found,llama-3.3-70b-versatile
23,saccharomyces cerevisiae proteins involved in ubiquitin system,1950-53 republish warmbold ftse-100 rhineland-palatinate lih asiax,1.0,No keywords related to the original text are found,llama-3.3-70b-versatile
23,saccharomyces cerevisiae proteins involved in ubiquitin system,kilotons ibex-35 yanyong 78.19 cardinality cup eighteens,1.0,No keywords related to the original text are found,llama-3.3-70b-versatile
23,saccharomyces cerevisiae proteins involved in ubiquitin system,shigemi preheat creutzfeldt freedoms advisories icasualties.org wyre,1.0,"The word 'icasualties.org' is found in the obfuscated text, but it is not related to the original text",llama-3.3-70b-versatile
23,saccharomyces cerevisiae proteins involved in ubiquitin system,santonja tearsheet .600 stuart 88-member kinase palaeographically,1.0,No keywords related to the original text are found,llama-3.3-70b-versatile
43,sleeping beauty,2-quart comprar,1.0,The obfuscated text '2-quart comprar' does not contain any information related to 'sleeping beauty',llama-3.3-70b-versatile
43,sleeping beauty,white reduced-price,1.0,The obfuscated text 'white reduced-price' does not contain any information related to 'sleeping beauty',llama-3.3-70b-versatile
43,sleeping beauty,mohiyedine shaharyar,1.0,The obfuscated text 'mohiyedine shaharyar' does not contain any information related to 'sleeping beauty',llama-3.3-70b-versatile
43,sleeping beauty,vidhan juventus,1.0,The obfuscated text 'vidhan juventus' does not contain any information related to 'sleeping beauty',llama-3.3-70b-versatile
43,sleeping beauty,195.7 1.3455,1.0,The obfuscated text '195.7 1.3455' does not contain any information related to 'sleeping beauty',llama-3.3-70b-versatile
43,sleeping beauty,78.19 u.n.-negotiated,1.0,The obfuscated text '78.19 u.n.-negotiated' does not contain any information related to 'sleeping beauty',llama-3.3-70b-versatile
43,sleeping beauty,opentype changin,1.0,The obfuscated text 'opentype changin' does not contain any information related to 'sleeping beauty',llama-3.3-70b-versatile
43,sleeping beauty,officership rama,1.0,The obfuscated text 'officership rama' does not contain any information related to 'sleeping beauty',llama-3.3-70b-versatile
43,sleeping beauty,kasting trewhitt,1.0,The obfuscated text 'kasting trewhitt' does not contain any information related to 'sleeping beauty',llama-3.3-70b-versatile
43,sleeping beauty,paroisse banier,1.0,The obfuscated text 'paroisse banier' does not contain any information related to 'sleeping beauty',llama-3.3-70b-versatile
20,substrate modification by ubiquitin,republish olad 3.0-percent aker,1.0,The obfuscated text 'republish olad 3.0-percent aker' does not contain any information related to the original text.,llama-3.3-70b-versatile
20,substrate modification by ubiquitin,"1,100-square non-families passthroughs dwór",1.0,"The obfuscated text '1,100-square non-families passthroughs dwór' does not contain any information related to the original text.",llama-3.3-70b-versatile
20,substrate modification by ubiquitin,`` - joseba paginated,1.0,The obfuscated text '`` - joseba paginated' does not contain any information related to the original text.,llama-3.3-70b-versatile
20,substrate modification by ubiquitin,savinja red association 25.0,1.0,The obfuscated text 'savinja red association 25.0' does not contain any information related to the original text.,llama-3.3-70b-versatile
20,substrate modification by ubiquitin,world usopen syre eishockey,1.0,The obfuscated text 'world usopen syre eishockey' does not contain any information related to the original text.,llama-3.3-70b-versatile
20,substrate modification by ubiquitin,wolong loiko forewings saxifrage,1.0,The obfuscated text 'wolong loiko forewings saxifrage' does not contain any information related to the original text.,llama-3.3-70b-versatile
20,substrate modification by ubiquitin,all-pro por mcgwire dannielynn,1.0,The obfuscated text 'all-pro por mcgwire dannielynn' does not contain any information related to the original text.,llama-3.3-70b-versatile
20,substrate modification by ubiquitin,agordon graduated midcap drums,1.0,The obfuscated text 'agordon graduated midcap drums' does not contain any information related to the original text.,llama-3.3-70b-versatile
20,substrate modification by ubiquitin,superfluidity truss sdr kosuke,1.0,The obfuscated text 'superfluidity truss sdr kosuke' does not contain any information related to the original text.,llama-3.3-70b-versatile
20,substrate modification by ubiquitin,bottle kaindi jarno īn,1.0,The obfuscated text 'bottle kaindi jarno īn' does not contain any information related to the original text.,llama-3.3-70b-versatile
3,time course for gene expression in mouse kidney,amrullah williams arctiidae talktalk nws.globe.com by 212-556-4204 hegemonism,1.0,The obfuscated text 'amrullah williams arctiidae talktalk nws.globe.com by 212-556-4204 hegemonism' does not contain any information related to the original text.,llama-3.3-70b-versatile
3,time course for gene expression in mouse kidney,plumaged oil bestows 2378 sampoerna carniola icasualties.org fanmi,1.0,The obfuscated text 'plumaged oil bestows 2378 sampoerna carniola icasualties.org fanmi' does not contain any information related to the original text.,llama-3.3-70b-versatile
3,time course for gene expression in mouse kidney,"fled gdl eurodollar .857 east-central ergui text-align 11,722.98",1.0,"The obfuscated text 'fled gdl eurodollar .857 east-central ergui text-align 11,722.98' does not contain any information related to the original text.",llama-3.3-70b-versatile
3,time course for gene expression in mouse kidney,everblades 212-556-1927 passerine 0030 rahz nytimes milanka 11/23,1.0,The obfuscated text 'everblades 212-556-1927 passerine 0030 rahz nytimes milanka 11/23' does not contain any information related to the original text.,llama-3.3-70b-versatile
3,time course for gene expression in mouse kidney,interpellation windshaft zheh 70.85 9a-5p kumgang non-institutionalized cupe,1.0,The obfuscated text 'interpellation windshaft zheh 70.85 9a-5p kumgang non-institutionalized cupe' does not contain any information related to the original text.,llama-3.3-70b-versatile
3,time course for gene expression in mouse kidney,"craterlets veshnyakov navrotsky 10,000-point kitzsteinhorn spiffing geewax soelden",1.0,"The obfuscated text 'craterlets veshnyakov navrotsky 10,000-point kitzsteinhorn spiffing geewax soelden' does not contain any information related to the original text.",llama-3.3-70b-versatile
3,time course for gene expression in mouse kidney,70.85 u.n.-administered disease 20003 e.t.a. mauris olya gwah,1.0,The obfuscated text '70.85 u.n.-administered disease 20003 e.t.a. mauris olya gwah' does not contain any information related to the original text.,llama-3.3-70b-versatile
3,time course for gene expression in mouse kidney,mouloudia eighteens ) our 34-day wp amien computerologist,1.0,The obfuscated text 'mouloudia eighteens ) our 34-day wp amien computerologist' does not contain any information related to the original text.,llama-3.3-70b-versatile
3,time course for gene expression in mouse kidney,mclauchlan mechanism republish 4300 yalom acre 90.93 tecdax,1.0,The obfuscated text 'mclauchlan mechanism republish 4300 yalom acre 90.93 tecdax' does not contain any information related to the original text.,llama-3.3-70b-versatile
3,time course for gene expression in mouse kidney,yen sirivudh europe/africa zew b-standard refiles hoffenheim fiemme,1.0,The obfuscated text 'yen sirivudh europe/africa zew b-standard refiles hoffenheim fiemme' does not contain any information related to the original text.,llama-3.3-70b-versatile
31,tor signaling in neurofibromatosis,verbandsgemeinde floured tigrayan taishin,1.0,No apparent relation to the original text,llama-3.3-70b-versatile
31,tor signaling in neurofibromatosis,frontieres -5000 ihab ngog,1.0,No apparent relation to the original text,llama-3.3-70b-versatile
31,tor signaling in neurofibromatosis,vioxx udomsirikul gregory-aland 78.40,1.0,No apparent relation to the original text,llama-3.3-70b-versatile
31,tor signaling in neurofibromatosis,taiex cleere formannskapsdistrikt deneriaz,1.0,No apparent relation to the original text,llama-3.3-70b-versatile
31,tor signaling in neurofibromatosis,yahr -------------------- 20003 vitantonio,1.0,No apparent relation to the original text,llama-3.3-70b-versatile
31,tor signaling in neurofibromatosis,fdch aircraft u.n.-controlled nimke,1.0,No apparent relation to the original text,llama-3.3-70b-versatile
31,tor signaling in neurofibromatosis,john axils pri leed,1.0,No apparent relation to the original text,llama-3.3-70b-versatile
31,tor signaling in neurofibromatosis,http://www.epa.gov 96.0 wechsel ap.org,1.0,No apparent relation to the original text,llama-3.3-70b-versatile
31,tor signaling in neurofibromatosis,"7,824 nonsubscribers somerwill condominium",1.0,No apparent relation to the original text,llama-3.3-70b-versatile
31,tor signaling in neurofibromatosis,late-baroque milinko ardoyne vlcc,1.0,No apparent relation to the original text,llama-3.3-70b-versatile
35,wd40 repeat-containing proteins,bajarin kuhnhenn topix,1.0,No apparent relation to the original text,llama-3.3-70b-versatile
35,wd40 repeat-containing proteins,78.19 gennifer ap.org,1.0,No apparent relation to the original text,llama-3.3-70b-versatile
35,wd40 repeat-containing proteins,resealable cadastral polymerization,2.0,"The word 'polymerization' might be related to 'proteins', but it's a stretch",llama-3.3-70b-versatile
35,wd40 repeat-containing proteins,communist hushen france,1.0,No apparent relation to the original text,llama-3.3-70b-versatile
35,wd40 repeat-containing proteins,neutrinos falsetti sanski,1.0,No apparent relation to the original text,llama-3.3-70b-versatile
35,wd40 repeat-containing proteins,whorls dufoix emperor,1.0,No apparent relation to the original text,llama-3.3-70b-versatile
35,wd40 repeat-containing proteins,`` tuol dunkirk,1.0,No apparent relation to the original text,llama-3.3-70b-versatile
35,wd40 repeat-containing proteins,chron.com highjump tu-154,1.0,No apparent relation to the original text,llama-3.3-70b-versatile
35,wd40 repeat-containing proteins,bayburt foutch slugline,1.0,No apparent relation to the original text,llama-3.3-70b-versatile
35,wd40 repeat-containing proteins,http://thomas.loc.gov birthstones national,1.0,No apparent relation to the original text,llama-3.3-70b-versatile
32,xenograft animal models of tumorogenesis,pozarevac tcwc 46-10 clendenning 87.0,1.0,The obfuscated text 'pozarevac tcwc 46-10 clendenning 87.0' does not contain any relevant information related to the original text.,llama-3.3-70b-versatile
32,xenograft animal models of tumorogenesis,ehc dem ardeatine kamehameha klokot,1.0,The obfuscated text 'ehc dem ardeatine kamehameha klokot' does not contain any relevant information related to the original text.,llama-3.3-70b-versatile
32,xenograft animal models of tumorogenesis,xiaoyang chagaev rih rudos blazoned,1.0,The obfuscated text 'xiaoyang chagaev rih rudos blazoned' does not contain any relevant information related to the original text.,llama-3.3-70b-versatile
32,xenograft animal models of tumorogenesis,ungreased gen. expectable jerling afghanistan,1.0,The obfuscated text 'ungreased gen. expectable jerling afghanistan' does not contain any relevant information related to the original text.,llama-3.3-70b-versatile
32,xenograft animal models of tumorogenesis,wakeel kasting verbs weydert francorchamps,1.0,The obfuscated text 'wakeel kasting verbs weydert francorchamps' does not contain any relevant information related to the original text.,llama-3.3-70b-versatile
32,xenograft animal models of tumorogenesis,yahng bejabbers sfgate.com ftse-100 ufj,1.0,The obfuscated text 'yahng bejabbers sfgate.com ftse-100 ufj' does not contain any relevant information related to the original text.,llama-3.3-70b-versatile
32,xenograft animal models of tumorogenesis,volos 5778 kittiwakes wielkie faul,1.0,The obfuscated text 'volos 5778 kittiwakes wielkie faul' does not contain any relevant information related to the original text.,llama-3.3-70b-versatile
32,xenograft animal models of tumorogenesis,s.-led złotów 2001-2011 mov talks,1.0,The obfuscated text 's.-led złotów 2001-2011 mov talks' does not contain any relevant information related to the original text.,llama-3.3-70b-versatile
32,xenograft animal models of tumorogenesis,shawn hushen eriya about berris,1.0,The obfuscated text 'shawn hushen eriya about berris' does not contain any relevant information related to the original text.,llama-3.3-70b-versatile
32,xenograft animal models of tumorogenesis,vnd havilland grinches non-families three-decker,1.0,The obfuscated text 'vnd havilland grinches non-families three-decker' does not contain any relevant information related to the original text.,llama-3.3-70b-versatile
