id,text,obfuscatedText,score,justification,model
19335,anthropological definition of environment,anthropological definition the environment,0.9,"The obfuscated text is very similar to the original text, with only a minor change in wording, indicating a high level of information leakage.",llama-3.3-70b-versatile
19335,anthropological definition of environment,anthropological definition pile environment,0.7,"The obfuscated text 'anthropological definition pile environment' has some information leakage from the original text 'anthropological definition of environment' because it still contains the key words 'anthropological', 'definition', and 'environment', but the word 'of' is replaced with 'pile', which reduces the information leakage. The score is 0.7 because the obfuscated text still conveys the general meaning of the original text, but with some distortion.",llama-3.3-70b-versatile
19335,anthropological definition of environment,anthropological definition of environment,1.0,"The obfuscated text is almost identical to the original text, with the word 'of' being present in both, indicating minimal modification.",llama-3.3-70b-versatile
19335,anthropological definition of environment,anthropological definition of environment,0.0,"The obfuscated text is almost identical to the original text, with the word 'of' correctly in place, indicating very little information leakage.",llama-3.3-70b-versatile
19335,anthropological definition of environment,anthropological definition of environment,1.0,"The obfuscated text is almost identical to the original text, with the word 'of' being present in both, indicating minimal modification.",llama-3.3-70b-versatile
19335,anthropological definition of environment,anthropological definition of environment,0.95,"The obfuscated text is almost identical to the original text, with the word 'of' being present in both, indicating minimal information leakage.",llama-3.3-70b-versatile
19335,anthropological definition of environment,anthropological definition of environment,1.0,"The obfuscated text is almost identical to the original text, with no significant changes, indicating complete information leakage.",llama-3.3-70b-versatile
19335,anthropological definition of environment,anthropological definition of environment,1.0,"The obfuscated text is almost identical to the original text, with no significant changes or obfuscation, resulting in complete information leakage.",llama-3.3-70b-versatile
19335,anthropological definition of environment,anthropological definition of environment,1.0,"The obfuscated text is almost identical to the original text, with no significant changes or obfuscation, resulting in complete information leakage.",llama-3.3-70b-versatile
19335,anthropological definition of environment,anthropological definition of environment,1.0,"The obfuscated text is almost identical to the original text, with no significant changes or obfuscation, resulting in complete information leakage.",llama-3.3-70b-versatile
47923,axon terminals or synaptic knob definition,axon terminals or synaptic knob definition,1.0,"The obfuscated text is identical to the original text, indicating complete information leakage.",llama-3.3-70b-versatile
47923,axon terminals or synaptic knob definition,axon terminals or synaptic knob definition,1.0,"The obfuscated text is identical to the original text, indicating complete information leakage.",llama-3.3-70b-versatile
47923,axon terminals or synaptic knob definition,axon terminals or synaptic knob definition,1.0,"The obfuscated text is identical to the original text, indicating complete information leakage.",llama-3.3-70b-versatile
47923,axon terminals or synaptic knob definition,axon terminals or synaptic knob definition,1.0,"The obfuscated text is identical to the original text, indicating complete information leakage.",llama-3.3-70b-versatile
47923,axon terminals or synaptic knob definition,axon terminals or synaptic knob definition,1.0,"The obfuscated text is identical to the original text, indicating complete information leakage.",llama-3.3-70b-versatile
47923,axon terminals or synaptic knob definition,axon terminals offered synaptic knob definition,0.9,"The obfuscated text is almost identical to the original text, with only a minor change in wording, indicating a high level of information leakage.",llama-3.3-70b-versatile
47923,axon terminals or synaptic knob definition,axon terminals or synaptic knob thermodynamical,0.2,"The obfuscated text has changed 'definition' to 'thermodynamical', which is a different word and does not convey the same meaning as the original text, thus reducing information leakage.",llama-3.3-70b-versatile
47923,axon terminals or synaptic knob definition,axon terminals or synaptic knob definition,1.0,"The obfuscated text is identical to the original text, indicating complete information leakage.",llama-3.3-70b-versatile
47923,axon terminals or synaptic knob definition,axon terminals or synaptic knob definition,1.0,"The obfuscated text is identical to the original text, indicating complete information leakage.",llama-3.3-70b-versatile
47923,axon terminals or synaptic knob definition,axon terminals or synaptic knob definition,1.0,"The obfuscated text is identical to the original text, indicating complete information leakage.",llama-3.3-70b-versatile
87181,causes of left ventricular hypertrophy,causes of left ventricular hypertrophy,1.0,"The obfuscated text is identical to the original text, indicating complete information leakage.",llama-3.3-70b-versatile
87181,causes of left ventricular hypertrophy,causes latter left ventricular hypertrophy,0.9,"The obfuscated text is very similar to the original text, with only a small modification, indicating a high level of information leakage.",llama-3.3-70b-versatile
87181,causes of left ventricular hypertrophy,causes of left ventricular hypertrophy,1.0,"The obfuscated text is identical to the original text, indicating complete information leakage.",llama-3.3-70b-versatile
87181,causes of left ventricular hypertrophy,causes returning left ventricular hypertrophy,0.9,"The obfuscated text is almost identical to the original text, with only minor changes, indicating a high level of information leakage.",llama-3.3-70b-versatile
87181,causes of left ventricular hypertrophy,causes of left ventricular hypertrophy,1.0,"The obfuscated text is almost identical to the original text, with no significant changes or obfuscation, indicating complete information leakage.",llama-3.3-70b-versatile
87181,causes of left ventricular hypertrophy,causes of left ventricular hypertrophy,1.0,"The obfuscated text is identical to the original text, indicating complete information leakage.",llama-3.3-70b-versatile
87181,causes of left ventricular hypertrophy,causes of left ventricular hypertrophy,1.0,"The obfuscated text is identical to the original text, indicating complete information leakage.",llama-3.3-70b-versatile
87181,causes of left ventricular hypertrophy,causes of left ventricular hypertrophy,1.0,"The obfuscated text is identical to the original text, indicating complete information leakage.",llama-3.3-70b-versatile
87181,causes of left ventricular hypertrophy,causes of gover ventricular hypertrophy,0.9,"The obfuscated text is almost identical to the original text, with only a minor typo ('gover' instead of 'left'), indicating a high level of information leakage.",llama-3.3-70b-versatile
87181,causes of left ventricular hypertrophy,microbe of left ventricular hypertrophy,0.2,"The obfuscated text 'microbe of left ventricular hypertrophy' has a significant difference from the original text 'causes of left ventricular hypertrophy', indicating a low information leakage score of 0.2 due to the replacement of 'causes' with 'microbe' and the retention of the rest of the original text.",llama-3.3-70b-versatile
87452,causes of military suicide,causes of military suicide,1.0,"The obfuscated text is identical to the original text, indicating complete information leakage.",llama-3.3-70b-versatile
87452,causes of military suicide,causes besides military suicide,0.9,"The obfuscated text is very similar to the original text, with only a small modification, indicating a high level of information leakage.",llama-3.3-70b-versatile
87452,causes of military suicide,causes of military suicide,1.0,"The obfuscated text is identical to the original text, indicating complete information leakage.",llama-3.3-70b-versatile
87452,causes of military suicide,causes of military suicide,1.0,"The obfuscated text is identical to the original text, indicating complete information leakage.",llama-3.3-70b-versatile
87452,causes of military suicide,causes of military suicide,1.0,"The obfuscated text is identical to the original text, indicating complete information leakage.",llama-3.3-70b-versatile
87452,causes of military suicide,causes of military suicide,1.0,"The obfuscated text is identical to the original text, indicating complete information leakage.",llama-3.3-70b-versatile
87452,causes of military suicide,causes of military suicide,1.0,"The obfuscated text is identical to the original text, indicating complete information leakage.",llama-3.3-70b-versatile
87452,causes of military suicide,causes of military suicide,1.0,"The obfuscated text is identical to the original text, indicating complete information leakage.",llama-3.3-70b-versatile
87452,causes of military suicide,causes of military suicide,1.0,"The obfuscated text is identical to the original text, indicating complete information leakage.",llama-3.3-70b-versatile
87452,causes of military suicide,causes of military suicide,1.0,"The obfuscated text is identical to the original text, indicating complete information leakage.",llama-3.3-70b-versatile
104861,cost of interior concrete flooring,cost of interior concrete flooring,1.0,"The obfuscated text is identical to the original text, indicating complete information leakage.",llama-3.3-70b-versatile
104861,cost of interior concrete flooring,cost of interior concrete flooring,1.0,"The obfuscated text is identical to the original text, indicating complete information leakage.",llama-3.3-70b-versatile
104861,cost of interior concrete flooring,cost of interior concrete flooring,1.0,"The obfuscated text is identical to the original text, indicating complete information leakage.",llama-3.3-70b-versatile
104861,cost of interior concrete flooring,cost of interior concrete flooring,1.0,"The obfuscated text is identical to the original text, indicating complete information leakage.",llama-3.3-70b-versatile
104861,cost of interior concrete flooring,cost of interior concrete flooring,1.0,"The obfuscated text is identical to the original text, indicating complete information leakage.",llama-3.3-70b-versatile
104861,cost of interior concrete flooring,cost of interior concrete flooring,1.0,"The obfuscated text is identical to the original text, indicating complete information leakage.",llama-3.3-70b-versatile
104861,cost of interior concrete flooring,cost of interior concrete flooring,1.0,"The obfuscated text is identical to the original text, indicating complete information leakage.",llama-3.3-70b-versatile
104861,cost of interior concrete flooring,peters of interior concrete flooring,0.9,"The obfuscated text is almost identical to the original text, with only a minor change from 'cost' to 'peters', indicating a high level of information leakage.",llama-3.3-70b-versatile
104861,cost of interior concrete flooring,cost of interior concrete flooring,1.0,"The obfuscated text is identical to the original text, indicating complete information leakage.",llama-3.3-70b-versatile
104861,cost of interior concrete flooring,cost of interior concrete flooring,1.0,"The obfuscated text is identical to the original text, indicating complete information leakage.",llama-3.3-70b-versatile
1106007,define visceral?,define tagar,0.2,"The obfuscated text 'define tagar' does not convey the same meaning as the original text 'define visceral?', thus the information leakage is minimal.",llama-3.3-70b-versatile
1106007,define visceral?,define linense,0.0,"The obfuscated text 'define linense' does not reveal any information about the original text 'define visceral?', thus the score is 0",llama-3.3-70b-versatile
1106007,define visceral?,term mainstay,0.2,"The obfuscated text 'term mainstay' does not convey the same meaning as the original text 'define visceral?', thus the information leakage is low.",llama-3.3-70b-versatile
1106007,define visceral?,define promote,0.2,"The obfuscated text 'define promote' does not match the original text 'define visceral'. However, both texts are in the same format and contain the word 'define', which could indicate some level of information leakage. The score is 0.2 because the word 'promote' is not related to 'visceral' and does not reveal any information about the original text's meaning.",llama-3.3-70b-versatile
1106007,define visceral?,define grammatiko,0.2,"The obfuscated text 'define grammatiko' does not resemble the original text 'define visceral?' in any way, indicating a high level of obfuscation and thus a low score for information leakage.",llama-3.3-70b-versatile
1106007,define visceral?,define chilis,0.0,"The obfuscated text 'define chilis' does not reveal any information about the original text 'define visceral', as 'chilis' is unrelated to 'visceral'.",llama-3.3-70b-versatile
1106007,define visceral?,sanità mcdonald,0.1,"The obfuscated text 'sanità mcdonald' does not resemble the original text 'define visceral?' in any way, indicating a high level of obfuscation and minimal information leakage.",llama-3.3-70b-versatile
1106007,define visceral?,define taking,0.0,"The obfuscated text 'define taking' does not reveal the original text 'define visceral?' as it does not contain any related words or phrases, thus the score is 0",llama-3.3-70b-versatile
1106007,define visceral?,define shortly,0.0,"The obfuscated text 'define shortly' does not reveal any information about the original text 'define visceral?', thus the score is 0",llama-3.3-70b-versatile
1106007,define visceral?,define slicing,0.0,"The obfuscated text 'define slicing' does not reveal any information about the original text 'define visceral?', hence the score is 0",llama-3.3-70b-versatile
130510,definition declaratory judgment,definition declaratory judgment,1.0,"The obfuscated text is identical to the original text, indicating complete information leakage.",llama-3.3-70b-versatile
130510,definition declaratory judgment,definition declaratory judgment,1.0,"The obfuscated text is identical to the original text, indicating complete information leakage.",llama-3.3-70b-versatile
130510,definition declaratory judgment,definition declaratory judgment,1.0,"The obfuscated text is identical to the original text, indicating complete information leakage.",llama-3.3-70b-versatile
130510,definition declaratory judgment,definition declaratory judgment,1.0,"The obfuscated text is identical to the original text, indicating complete information leakage.",llama-3.3-70b-versatile
130510,definition declaratory judgment,definition declaratory judgment,1.0,"The obfuscated text is identical to the original text, indicating complete information leakage.",llama-3.3-70b-versatile
130510,definition declaratory judgment,definition declaratory judgment,1.0,"The obfuscated text is identical to the original text, indicating complete information leakage.",llama-3.3-70b-versatile
130510,definition declaratory judgment,definition declaratory judgment,1.0,"The obfuscated text is identical to the original text, indicating complete information leakage.",llama-3.3-70b-versatile
130510,definition declaratory judgment,definition declaratory judgment,1.0,"The obfuscated text is identical to the original text, indicating complete information leakage.",llama-3.3-70b-versatile
130510,definition declaratory judgment,definition declaratory judgment,1.0,"The obfuscated text is identical to the original text, indicating complete information leakage.",llama-3.3-70b-versatile
130510,definition declaratory judgment,definition declaratory judgment,1.0,"The obfuscated text is identical to the original text, indicating complete information leakage.",llama-3.3-70b-versatile
131843,definition of a sigmet,definition of a ferocactus,0.2,"The obfuscated text 'definition of a ferocactus' is quite different from the original text 'definition of a sigmet', indicating a low level of information leakage. However, both texts share the same structure and the word 'definition of a', which may still reveal some information about the original text. Therefore, the score is 0.2.",llama-3.3-70b-versatile
131843,definition of a sigmet,definition of a individuals,0.2,"The obfuscated text 'definition of a individuals' does not match the original text 'definition of a sigmet' and seems to be unrelated, but it still conveys the same general topic of providing a definition, thus the score is not 0, but since the subject is completely different, the score is relatively low, around 0.2",llama-3.3-70b-versatile
131843,definition of a sigmet,definition of a bar,0.2,"The obfuscated text 'definition of a bar' does not reveal any information about the original text 'definition of a sigmet', as 'bar' and 'sigmet' are unrelated terms. However, the word 'definition of a' is shared between the two texts, which could potentially reveal some information about the format or structure of the original text. Therefore, the score is 0.2.",llama-3.3-70b-versatile
131843,definition of a sigmet,definition of a 12:45,0.0,"The obfuscated text 'definition of a 12:45' does not contain any relevant information related to the original text 'definition of a sigmet', as '12:45' is a time and not related to weather or aviation, thus the score is 0",llama-3.3-70b-versatile
131843,definition of a sigmet,definition of a latvia,0.2,"The obfuscated text 'definition of a latvia' does not reveal any information about the original text 'definition of a sigmet', as 'latvia' is a country and 'sigmet' is a meteorological term. The score is 0.2 because the word 'definition of a' is shared between the two texts, but the meaning is completely different.",llama-3.3-70b-versatile
131843,definition of a sigmet,high-definition of a hodgman,0.4,"The obfuscated text 'high-definition of a hodgman' still contains the word 'definition' and 'of a', which are present in the original text 'definition of a sigmet'. However, the word 'high' is added and 'sigmet' is replaced with 'hodgman', which is a different term. This suggests some information leakage, but not complete. The score is 0.4 because the obfuscated text still conveys some information about the original text, but with significant changes.",llama-3.3-70b-versatile
131843,definition of a sigmet,definition of a cannon,0.4,"The obfuscated text 'definition of a cannon' still contains the word 'definition of a' which is present in the original text 'definition of a sigmet', but the key term 'sigmet' has been replaced with 'cannon', indicating some information leakage. However, the core phrase 'definition of a' remains, suggesting a moderate level of information leakage.",llama-3.3-70b-versatile
131843,definition of a sigmet,definition of a gareth,0.2,"The obfuscated text 'definition of a gareth' has some similarity to the original text 'definition of a sigmet' in terms of the word 'definition of a', but the subject of the definition is completely different. Therefore, the information leakage from the original text to the obfuscated text is minimal, but not zero due to the shared prefix.",llama-3.3-70b-versatile
131843,definition of a sigmet,definition of a creem,0.2,"The obfuscated text 'definition of a creem' has some similarity to the original text 'definition of a sigmet' in terms of the word 'definition of a', but the subject of the definition is completely different. Therefore, the information leakage from the original text to the obfuscated text is minimal, but not zero due to the shared prefix.",llama-3.3-70b-versatile
131843,definition of a sigmet,definition culminates a pagham,0.2,"The obfuscated text has changed the word 'sigmet' to 'pagham', which is not related to the original word, indicating a low information leakage.",llama-3.3-70b-versatile
146187,difference between a mcdouble and a double cheeseburger,difference between a ek and a double cheeseburger,0.8,"The obfuscated text reveals most of the original text, with only 'mcdouble' being replaced by 'ek', which still allows for significant inference about the original content.",llama-3.3-70b-versatile
146187,difference between a mcdouble and a double cheeseburger,difference between a goldwell between a double cheeseburger,0.7,"The obfuscated text has replaced 'mcdouble' with 'goldwell' and added an extra 'between a' which changes the meaning of the sentence, but still conveys the main topic of comparison between two food items.",llama-3.3-70b-versatile
146187,difference between a mcdouble and a double cheeseburger,difference between a heimer tvtonightnytsyn.com a double cheeseburger,0.4,"The obfuscated text has significant information leakage as it still contains the key phrase 'double cheeseburger' and the word 'difference', which is similar to the original text. However, the addition of 'heimer tvtonightnytsyn.com' seems to be random and unrelated to the original text, and 'a' is replaced with unrelated text, reducing the information leakage. The score is 0.4 because about half of the key information is preserved.",llama-3.3-70b-versatile
146187,difference between a mcdouble and a double cheeseburger,difference between a 77-23 and a double cheeseburger,0.4,"The obfuscated text still contains the key phrase 'double cheeseburger' and the word 'difference', which indicates some information leakage. However, the original text 'mcdouble' has been replaced with '77-23', which is not easily recognizable as the same thing, thus reducing the information leakage. The score is 0.4 because some information is still present, but it is not immediately clear what '77-23' refers to.",llama-3.3-70b-versatile
146187,difference between a mcdouble and a double cheeseburger,difference between a lahontan and a double cheeseburger,0.2,"The obfuscated text still contains the key phrase 'difference between' and 'double cheeseburger', but the original term 'mcdouble' has been replaced with 'lahontan', which is unrelated to the original topic, indicating a significant reduction in information leakage.",llama-3.3-70b-versatile
146187,difference between a mcdouble and a double cheeseburger,difference between a andreyevich 1990s a double cheeseburger,0.0,"The obfuscated text has replaced the original term 'mcdouble' with 'andreyevich 1990s', which is completely unrelated and does not provide any information about the original term, thus the score is 0",llama-3.3-70b-versatile
146187,difference between a mcdouble and a double cheeseburger,difference between a washers and a double cheeseburger,0.2,"The obfuscated text has replaced the original term 'mcdouble' with 'washers', which is unrelated to the original term, indicating significant information leakage reduction",llama-3.3-70b-versatile
146187,difference between a mcdouble and a double cheeseburger,difference between a +32 and a double cheeseburger,0.2,"The obfuscated text has completely changed the original term 'mcdouble' to '+32', which has no relation to the original term, indicating significant information leakage reduction. However, the rest of the text remains the same, which still provides some context.",llama-3.3-70b-versatile
146187,difference between a mcdouble and a double cheeseburger,difference between a pinnules and a double cheeseburger,0.2,"The obfuscated text has replaced the original term 'mcdouble' with unrelated words or phrases, reducing information leakage. However, the context of the sentence and the comparison to a 'double cheeseburger' remains, allowing for some inference about the original topic.",llama-3.3-70b-versatile
146187,difference between a mcdouble and a double cheeseburger,difference between a ctia and a double cheeseburger,0.5,"The obfuscated text 'difference between a ctia and a double cheeseburger' still contains the key phrase 'double cheeseburger' which is present in the original text, but 'ctia' does not resemble 'mcdouble' closely, thus the information leakage is partial.",llama-3.3-70b-versatile
148538,difference between rn and bsn,difference between rn arguing bsn,0.7,"The obfuscated text still contains the original keywords 'rn' and 'bsn', but adds the word 'arguing', which slightly changes the meaning of the text. However, the core information about the difference between 'rn' and 'bsn' is still present, so the score is 0.7",llama-3.3-70b-versatile
148538,difference between rn and bsn,difference between rn and bsn,1.0,"The obfuscated text is identical to the original text, indicating complete information leakage.",llama-3.3-70b-versatile
148538,difference between rn and bsn,difference between rn and bsn,1.0,"The obfuscated text is identical to the original text, indicating complete information leakage.",llama-3.3-70b-versatile
148538,difference between rn and bsn,difference between rn riverbank bsn,0.1,"The obfuscated text is almost identical to the original text, with the addition of 'riverbank' which does not significantly alter the meaning, thus the information leakage is minimal but not zero due to the extra word.",llama-3.3-70b-versatile
148538,difference between rn and bsn,difference between rn officials bsn,0.9,"The obfuscated text is very similar to the original text, with only a small addition of the word 'officials', which does not significantly change the meaning of the text. This suggests that the information leakage from the original text to the obfuscated text is very high.",llama-3.3-70b-versatile
148538,difference between rn and bsn,difference between rn and bsn,1.0,"The obfuscated text is almost identical to the original text, with no significant changes or obfuscation, indicating complete information leakage.",llama-3.3-70b-versatile
148538,difference between rn and bsn,difference between rn and bsn,1.0,"The obfuscated text is identical to the original text, indicating complete information leakage.",llama-3.3-70b-versatile
148538,difference between rn and bsn,difference between rn and bsn,1.0,"The obfuscated text is identical to the original text, indicating complete information leakage.",llama-3.3-70b-versatile
148538,difference between rn and bsn,difference between rn and bsn,1.0,"The obfuscated text is identical to the original text, indicating complete information leakage.",llama-3.3-70b-versatile
148538,difference between rn and bsn,difference between rn and bsn,1.0,"The obfuscated text is identical to the original text, indicating complete information leakage.",llama-3.3-70b-versatile
156493,do goldfish grow,do goldfish grow,1.0,"The obfuscated text is identical to the original text, indicating complete information leakage.",llama-3.3-70b-versatile
156493,do goldfish grow,do goldfish grow,1.0,"The obfuscated text is identical to the original text, indicating complete information leakage.",llama-3.3-70b-versatile
156493,do goldfish grow,do goldfish grow,1.0,"The obfuscated text is identical to the original text, indicating complete information leakage.",llama-3.3-70b-versatile
156493,do goldfish grow,n’t goldfish grow,0.9,"The obfuscated text is almost identical to the original text, with only a minor modification, indicating a high level of information leakage.",llama-3.3-70b-versatile
156493,do goldfish grow,do goldfish grow,1.0,"The obfuscated text is identical to the original text, indicating complete information leakage.",llama-3.3-70b-versatile
156493,do goldfish grow,want nataliia grow,0.2,"The obfuscated text 'want nataliia grow' is completely different from the original text 'do goldfish grow', indicating significant information leakage reduction",llama-3.3-70b-versatile
156493,do goldfish grow,do goldfish grow,1.0,"The obfuscated text is identical to the original text, indicating complete information leakage.",llama-3.3-70b-versatile
156493,do goldfish grow,do goldfish grow,1.0,"The obfuscated text is identical to the original text, indicating complete information leakage.",llama-3.3-70b-versatile
156493,do goldfish grow,do goldfish grow,1.0,"The obfuscated text is identical to the original text, indicating complete information leakage.",llama-3.3-70b-versatile
156493,do goldfish grow,do goldfish grow,1.0,"The obfuscated text is identical to the original text, indicating complete information leakage.",llama-3.3-70b-versatile
168216,does legionella pneumophila cause pneumonia,needs legionella pneumophila cause pneumonia,0.8,"The obfuscated text still contains the key terms 'legionella pneumophila' and 'pneumonia', which are the main components of the original text, indicating a high level of information leakage.",llama-3.3-70b-versatile
168216,does legionella pneumophila cause pneumonia,does legionella pneumophila cause pneumonia,0.9,"The obfuscated text is almost identical to the original text, with only a minor change in wording, indicating a high level of information leakage.",llama-3.3-70b-versatile
168216,does legionella pneumophila cause pneumonia,does legionella pneumophila cause pneumonia,1.0,"The obfuscated text is almost identical to the original text, with only minor changes in wording, indicating a high level of information leakage.",llama-3.3-70b-versatile
168216,does legionella pneumophila cause pneumonia,does legionella pneumophila cause pneumonia,1.0,"The obfuscated text is identical to the original text, indicating complete information leakage.",llama-3.3-70b-versatile
168216,does legionella pneumophila cause pneumonia,does legionella pneumophila cause pneumonia,1.0,"The obfuscated text is identical to the original text, indicating complete information leakage.",llama-3.3-70b-versatile
168216,does legionella pneumophila cause pneumonia,does legionella pneumophila cause pneumonia,1.0,"The obfuscated text is identical to the original text, indicating complete information leakage.",llama-3.3-70b-versatile
168216,does legionella pneumophila cause pneumonia,seen legionella pneumophila cause pneumonia,0.9,"The obfuscated text is very similar to the original text, with only a minor change in the first word, indicating a high level of information leakage.",llama-3.3-70b-versatile
168216,does legionella pneumophila cause pneumonia,does legionella pneumophila cause pneumonia,1.0,"The obfuscated text is almost identical to the original text, with the same meaning and content, indicating complete information leakage.",llama-3.3-70b-versatile
168216,does legionella pneumophila cause pneumonia,does legionella pneumophila cause pneumonia,1.0,"The obfuscated text is identical to the original text, indicating complete information leakage.",llama-3.3-70b-versatile
168216,does legionella pneumophila cause pneumonia,does legionella pneumophila cause pneumonia,1.0,"The obfuscated text is identical to the original text, indicating complete information leakage.",llama-3.3-70b-versatile
182539,example of monotonic function,combination of monotonic function,0.8,"The obfuscated text is similar to the original text, with only a minor change in wording, indicating a high level of information leakage.",llama-3.3-70b-versatile
182539,example of monotonic function,example of monotonic function,1.0,"The obfuscated text is identical to the original text, indicating complete information leakage.",llama-3.3-70b-versatile
182539,example of monotonic function,example of monotonic functions,0.9,"The obfuscated text is almost identical to the original text, with only a minor change from 'function' to 'functions', which is a very small modification. Therefore, the score is close to 1, indicating almost complete information leakage.",llama-3.3-70b-versatile
182539,example of monotonic function,example town monotonic function,0.8,"The obfuscated text is very similar to the original text, with only a slight modification, indicating a high level of information leakage.",llama-3.3-70b-versatile
182539,example of monotonic function,example of monotonic function,1.0,"The obfuscated text is almost identical to the original text, with the same meaning and content, so the information leakage is complete.",llama-3.3-70b-versatile
182539,example of monotonic function,example of monotonic faysali,0.8,"The obfuscated text has the same structure and most of the words as the original text, but with a different last word, indicating a high level of information leakage, but not complete.",llama-3.3-70b-versatile
182539,example of monotonic function,example of monotonic function,1.0,"The obfuscated text is almost identical to the original text, with no significant changes, so the information leakage is complete.",llama-3.3-70b-versatile
182539,example of monotonic function,example of monotonic function,1.0,"The obfuscated text is identical to the original text, indicating complete information leakage.",llama-3.3-70b-versatile
182539,example of monotonic function,where of monotonic function,0.8,"The obfuscated text is very similar to the original text, with only a slight modification, indicating a high level of information leakage.",llama-3.3-70b-versatile
182539,example of monotonic function,example of monotonic function,1.0,"The obfuscated text is identical to the original text, indicating complete information leakage.",llama-3.3-70b-versatile
183378,exons definition biology,exons definition biology,1.0,"The obfuscated text is identical to the original text, indicating complete information leakage.",llama-3.3-70b-versatile
183378,exons definition biology,exons definition biology,1.0,"The obfuscated text is identical to the original text, indicating complete information leakage.",llama-3.3-70b-versatile
183378,exons definition biology,exons definition biology,1.0,"The obfuscated text is identical to the original text, indicating complete information leakage.",llama-3.3-70b-versatile
183378,exons definition biology,exons definition biology,1.0,"The obfuscated text is identical to the original text, indicating complete information leakage.",llama-3.3-70b-versatile
183378,exons definition biology,exons definition biology,1.0,"The obfuscated text is identical to the original text, indicating complete information leakage.",llama-3.3-70b-versatile
183378,exons definition biology,exons definition biology,1.0,"The obfuscated text is identical to the original text, indicating complete information leakage.",llama-3.3-70b-versatile
183378,exons definition biology,exons definition biology,1.0,"The obfuscated text is identical to the original text, indicating complete information leakage.",llama-3.3-70b-versatile
183378,exons definition biology,exons definition biology,1.0,"The obfuscated text is identical to the original text, indicating complete information leakage.",llama-3.3-70b-versatile
183378,exons definition biology,exons definition biology,1.0,"The obfuscated text is identical to the original text, indicating complete information leakage.",llama-3.3-70b-versatile
183378,exons definition biology,exons definition biology,1.0,"The obfuscated text is identical to the original text, indicating complete information leakage.",llama-3.3-70b-versatile
207786,how are some sharks warm blooded,the are some sharks warm blooded,0.2,"The obfuscated text is missing the word 'how' from the original text, indicating some information leakage, but the main topic of the sentence is still understandable, so the score is 0.2",llama-3.3-70b-versatile
207786,how are some sharks warm blooded,how are some sharks warm blooded,1.0,"The obfuscated text is identical to the original text, indicating complete information leakage.",llama-3.3-70b-versatile
207786,how are some sharks warm blooded,how are some sharks warm blooded,1.0,"The obfuscated text is identical to the original text, indicating complete information leakage.",llama-3.3-70b-versatile
207786,how are some sharks warm blooded,suggests are some sharks warm blooded,0.9,"The obfuscated text is almost identical to the original text, with only a minor modification, indicating a high level of information leakage.",llama-3.3-70b-versatile
207786,how are some sharks warm blooded,know series some sharks warm blooded,0.6,"The obfuscated text 'know series some sharks warm blooded' has some differences from the original text 'how are some sharks warm blooded', with 'know' replacing 'how' and 'series' replacing 'are', indicating a moderate level of information leakage",llama-3.3-70b-versatile
207786,how are some sharks warm blooded,exactly are some sharks warm blooded,0.9,"The obfuscated text 'exactly are some sharks warm blooded' is very similar to the original text 'how are some sharks warm blooded', with only the first word changed. This suggests a high level of information leakage, as the meaning and content of the text remains largely intact. The score is 0.9, indicating a high level of information leakage.",llama-3.3-70b-versatile
207786,how are some sharks warm blooded,how ones some sharks warm blooded,0.9,"The obfuscated text is very similar to the original text, with only a minor change in the word 'are' to 'ones', indicating a high level of information leakage.",llama-3.3-70b-versatile
207786,how are some sharks warm blooded,identify are some sharks warm blooded,0.7,"The obfuscated text 'identify are some sharks warm blooded' has a similar structure to the original text 'how are some sharks warmed blooded', but with some changes in the first word, indicating a moderate level of information leakage.",llama-3.3-70b-versatile
207786,how are some sharks warm blooded,how are some sharks warm blooded,1.0,"The obfuscated text is almost identical to the original text, with no significant changes, indicating complete information leakage.",llama-3.3-70b-versatile
207786,how are some sharks warm blooded,how are some sharks warm blooded,1.0,"The obfuscated text is identical to the original text, indicating complete information leakage.",llama-3.3-70b-versatile
1133167,how is the weather in jamaica,how is the weather in jamaica,1.0,"The obfuscated text is identical to the original text, indicating complete information leakage.",llama-3.3-70b-versatile
1133167,how is the weather in jamaica,how known the weather in jamaica,0.7,"The obfuscated text has a slight modification from the original text, with 'is' replaced by 'known', which still conveys the same overall meaning, but with a minor alteration in wording. This suggests a low to moderate level of information leakage, as the core information about the query (inquiring about the weather in Jamaica) remains intact, but the specific wording has been altered.",llama-3.3-70b-versatile
1133167,how is the weather in jamaica,figuring is the weather in jamaica,0.8,"The obfuscated text 'figuring is the weather in jamaica' still conveys the same meaning as the original text 'how is the weather in jamaica', with only a minor substitution of the word 'how' with 'figuring', which is a synonym. This suggests a high level of information leakage, but not complete, as the substitution may cause some confusion. Therefore, the score is 0.8.",llama-3.3-70b-versatile
1133167,how is the weather in jamaica,how is the weather in jamaica,1.0,"The obfuscated text is identical to the original text, indicating complete information leakage.",llama-3.3-70b-versatile
1133167,how is the weather in jamaica,how is the weather in jamaica,1.0,"The obfuscated text is identical to the original text, indicating complete information leakage.",llama-3.3-70b-versatile
1133167,how is the weather in jamaica,how is the weather in ex-fiancée,0.7,"The obfuscated text has the same structure as the original text but with a different location, indicating some information leakage",llama-3.3-70b-versatile
1133167,how is the weather in jamaica,understand is the weather in jamaica,0.2,"The word 'how' is replaced with 'understand', which is a synonym, and the rest of the text remains the same, indicating minimal information leakage",llama-3.3-70b-versatile
1133167,how is the weather in jamaica,how is the weather in jamaica,1.0,"The obfuscated text is identical to the original text, indicating complete information leakage.",llama-3.3-70b-versatile
1133167,how is the weather in jamaica,how only the weather in jamaica,0.9,"The obfuscated text is almost identical to the original text, with only minor changes in wording, but the location remains the same, indicating a high level of information leakage.",llama-3.3-70b-versatile
1133167,how is the weather in jamaica,how is the weather .0215 jamaica,0.8,"The obfuscated text has a similar structure to the original text, but with some minor modifications, indicating a score of 0.8",llama-3.3-70b-versatile
264014,how long is life cycle of flea,how long barron life cycle of flea,0.8,"The obfuscated text has an extra word 'barron' which is not present in the original text, but the main content of the text remains the same, so the information leakage is not complete.",llama-3.3-70b-versatile
264014,how long is life cycle of flea,how long sort life cycle dihg flea,0.6,"The obfuscated text has some words replaced, but the overall meaning is still understandable, indicating partial information leakage.",llama-3.3-70b-versatile
264014,how long is life cycle of flea,how long is life cycle of flea,1.0,"The obfuscated text is identical to the original text, indicating complete information leakage.",llama-3.3-70b-versatile
264014,how long is life cycle of flea,how long is life cycle of flea,1.0,"The obfuscated text is identical to the original text, indicating complete information leakage.",llama-3.3-70b-versatile
264014,how long is life cycle of flea,how long is life cycle of flea,1.0,"The obfuscated text is identical to the original text, indicating complete information leakage.",llama-3.3-70b-versatile
264014,how long is life cycle of flea,attached long dianion life cycle of flea,0.6,"The obfuscated text has some words replaced with unrelated words, but the core message remains intact, indicating moderate information leakage.",llama-3.3-70b-versatile
264014,how long is life cycle of flea,how long is life cycle is flea,0.1,"The obfuscated text is very similar to the original text, with only a small change in the word order, indicating minimal information leakage.",llama-3.3-70b-versatile
264014,how long is life cycle of flea,how long is life cycle of flea,1.0,"The obfuscated text is identical to the original text, indicating complete information leakage.",llama-3.3-70b-versatile
264014,how long is life cycle of flea,how long is life cycle of flea,1.0,"The obfuscated text is identical to the original text, indicating complete information leakage.",llama-3.3-70b-versatile
264014,how long is life cycle of flea,what long is life cycle of flea,0.9,"The obfuscated text is almost identical to the original text, with only minor changes that do not significantly affect the meaning, so the score is close to 1",llama-3.3-70b-versatile
359349,how to find the midsegment of a trapezoid,how to find the davidman mocking a trapezoid,0.6,"The obfuscated text still contains the key words 'how to find' and 'trapezoid', which are present in the original text, indicating some information leakage. However, the addition of 'davidman mocking' introduces noise and reduces the clarity of the original message, thus not being a complete information leakage.",llama-3.3-70b-versatile
359349,how to find the midsegment of a trapezoid,how to buske the harley of a trapezoid,0.4,"The obfuscated text has some similar words to the original text, but the meaning is completely different, indicating a moderate level of information leakage.",llama-3.3-70b-versatile
359349,how to find the midsegment of a trapezoid,"how to endeavouring the 993,000 of a trapezoid",0.6,"The obfuscated text has changed key words, but the overall structure remains the same, indicating some information leakage. The score is 0.6 because the word 'trapezoid' remains the same, but other key words have been replaced with unrelated words.",llama-3.3-70b-versatile
359349,how to find the midsegment of a trapezoid,how appear find the dalmau of a trapezoid,0.4,"The obfuscated text has some similar words to the original text, but the key terms are different, indicating some information leakage, but not complete.",llama-3.3-70b-versatile
359349,how to find the midsegment of a trapezoid,how goals_none thinks unwieldiness case of a trapezoid,0.0,"The obfuscated text has completely changed the meaning of the original text, with no relevant information remaining.",llama-3.3-70b-versatile
359349,how to find the midsegment of a trapezoid,how to find the taytay of a trapezoid,0.7,"The obfuscated text has replaced the original word 'midsegment' with 'taytay', which is unrelated to the original text, indicating significant information leakage. However, the rest of the sentence remains intact, which is why the score is not 1.",llama-3.3-70b-versatile
359349,how to find the midsegment of a trapezoid,how to find the 180 of a trapezoid,0.7,"The obfuscated text has changed the key term 'midsegment' to '180', which is a completely unrelated term, indicating significant information leakage. However, the overall structure of the sentence remains the same, which is why the score is not 1.",llama-3.3-70b-versatile
359349,how to find the midsegment of a trapezoid,how to find shadow since of a trapezoid,0.7,"The obfuscated text has changed the key term 'midsegment' to 'shadow since', which is unrelated to the original term, indicating significant information leakage. However, the overall structure of the sentence remains the same, which is why the score is not 1.",llama-3.3-70b-versatile
359349,how to find the midsegment of a trapezoid,explaining to find the dawit of a trapezoid,0.3,"The obfuscated text has changed the key words and sentence structure, but the overall topic of finding something related to a trapezoid remains, indicating some information leakage.",llama-3.3-70b-versatile
359349,how to find the midsegment of a trapezoid,how to demonstrate the purpose of a trapezoid,0.7,"The obfuscated text still conveys the original intent of finding something related to a trapezoid, but the key term 'midsegment' has been replaced with 'purpose', which is a related concept. The score is 0.7 because the obfuscated text maintains some relevance to the original text, but the specific term has been changed.",llama-3.3-70b-versatile
1129237,hydrogen is a liquid below what temperature,hydrogen is a liquid below what temperature,1.0,"The obfuscated text is identical to the original text, indicating complete information leakage.",llama-3.3-70b-versatile
1129237,hydrogen is a liquid below what temperature,hydrogen either a liquid below know temperature,0.8,"The obfuscated text still contains the word 'hydrogen' and 'liquid below', which indicates a high level of information leakage from the original text.",llama-3.3-70b-versatile
1129237,hydrogen is a liquid below what temperature,hydrogen is a liquid below maybe temperature,0.8,"The obfuscated text still contains the original phrase 'hydrogen is a liquid below', which indicates a high level of information leakage. However, the word 'maybe' replaces the original word 'what', which introduces some level of obfuscation. Therefore, the score is 0.8.",llama-3.3-70b-versatile
1129237,hydrogen is a liquid below what temperature,hydrogen is brohd liquid below what temperature,0.2,"The obfuscated text has replaced 'hydrogen' with 'hydrogen', 'is' with 'is', 'a' with 'a', 'liquid' with 'brohd', 'below' with 'below', 'what' with 'what', and 'temperature' with 'temperature'. The replacement of 'liquid' with 'brohd' indicates some information leakage, but the rest of the text remains the same. Therefore, the score is 0.2.",llama-3.3-70b-versatile
1129237,hydrogen is a liquid below what temperature,hydrogen is a liquid below replied temperature,0.8,"The obfuscated text has minor changes, but the core information remains the same, so the score is 0.8",llama-3.3-70b-versatile
1129237,hydrogen is a liquid below what temperature,hydrogen is a liquid को what temperature,0.4,"The obfuscated text has non-English characters, indicating significant information leakage reduction",llama-3.3-70b-versatile
1129237,hydrogen is a liquid below what temperature,hydrogen is a liquid below knew temperature,0.9,"The word ""knew"" is a verb and does not make sense in the context of the sentence, whereas the original text had the word ""what"", which is an interrogative pronoun. However, the rest of the sentence remains the same, indicating a high level of information leakage.",llama-3.3-70b-versatile
1129237,hydrogen is a liquid below what temperature,hydrogen is a liquid below what temperature,1.0,"The obfuscated text is almost identical to the original text, with no significant changes, indicating complete information leakage.",llama-3.3-70b-versatile
1129237,hydrogen is a liquid below what temperature,"hydrogen "" a liquid below this temperature",0.9,"The obfuscated text is almost identical to the original text, with only minor changes that do not significantly affect the meaning, so the score is close to 1",llama-3.3-70b-versatile
1129237,hydrogen is a liquid below what temperature,hydrogen is a liquid below anyway temperature,0.9,"The obfuscated text is very similar to the original text, with only minor changes, so the information leakage is high",llama-3.3-70b-versatile
405717,is cdg airport in main paris,is cdg airport in main paris,1.0,"The obfuscated text is identical to the original text, indicating complete information leakage.",llama-3.3-70b-versatile
405717,is cdg airport in main paris,is cdg airport in main paris,1.0,"The obfuscated text is identical to the original text, indicating complete information leakage.",llama-3.3-70b-versatile
405717,is cdg airport in main paris,is cdg airport in main paris,1.0,"The obfuscated text is identical to the original text, indicating complete information leakage.",llama-3.3-70b-versatile
405717,is cdg airport in main paris,is cdg airport in main paris,1.0,"The obfuscated text is identical to the original text, indicating complete information leakage.",llama-3.3-70b-versatile
405717,is cdg airport in main paris,is cdg airport in main paris,1.0,"The obfuscated text is identical to the original text, indicating complete information leakage.",llama-3.3-70b-versatile
405717,is cdg airport in main paris,payyannur cdg airport in main paris,0.7,"The obfuscated text has some changes, but the key information about CDG airport and main Paris is still present, indicating a moderate level of information leakage.",llama-3.3-70b-versatile
405717,is cdg airport in main paris,is cdg airport in sukhum paris,0.8,"The obfuscated text 'is cdg airport in sukhum paris' still contains the original query 'is cdg airport in', and 'paris' which indicates a high level of information leakage, but 'sukhum' is unrelated to 'main', so it's not complete information leakage",llama-3.3-70b-versatile
405717,is cdg airport in main paris,is cdg airport in main paris,1.0,"The obfuscated text is identical to the original text, indicating complete information leakage.",llama-3.3-70b-versatile
405717,is cdg airport in main paris,is cdg airport in main paris,1.0,"The obfuscated text is identical to the original text, indicating complete information leakage.",llama-3.3-70b-versatile
405717,is cdg airport in main paris,is cdg airport in main paris,1.0,"The obfuscated text is identical to the original text, indicating complete information leakage.",llama-3.3-70b-versatile
443396,lps laws definition,lps laws definition,1.0,"The obfuscated text is identical to the original text, indicating complete information leakage.",llama-3.3-70b-versatile
443396,lps laws definition,lps laws definition,1.0,"The obfuscated text is identical to the original text, indicating complete information leakage.",llama-3.3-70b-versatile
443396,lps laws definition,lps laws definition,1.0,"The obfuscated text is identical to the original text, indicating complete information leakage.",llama-3.3-70b-versatile
443396,lps laws definition,lps laws definition,1.0,"The obfuscated text is identical to the original text, indicating complete information leakage.",llama-3.3-70b-versatile
443396,lps laws definition,lps laws definition,1.0,"The obfuscated text is identical to the original text, indicating complete information leakage.",llama-3.3-70b-versatile
443396,lps laws definition,lps laws moodin,0.8,"The obfuscated text 'lps laws moodin' is very similar to the original text 'lps laws definition', with only the last word being different. This suggests a high level of information leakage, as most of the original text is still present in the obfuscated text.",llama-3.3-70b-versatile
443396,lps laws definition,avicularia laws definition,0.5,"The obfuscated text 'avicularia laws definition' has a different first word compared to the original text 'lps laws definition', indicating some information leakage, but the rest of the text remains the same, so the score is not 0, but also not 1 since the first word is changed, thus the score is 0.5",llama-3.3-70b-versatile
443396,lps laws definition,lps laws definition,1.0,"The obfuscated text is identical to the original text, indicating complete information leakage.",llama-3.3-70b-versatile
443396,lps laws definition,lps laws definition,1.0,"The obfuscated text is identical to the original text, indicating complete information leakage.",llama-3.3-70b-versatile
443396,lps laws definition,lps laws definition,1.0,"The obfuscated text is identical to the original text, indicating complete information leakage.",llama-3.3-70b-versatile
451602,medicare's definition of mechanical ventilation,anaïs definition of mechanical ventilation,0.7,"The obfuscated text still contains the key phrase 'mechanical ventilation', which is the main topic of the original text. However, the name 'medicare' has been replaced with 'anaïs', which reduces the information leakage. The score is 0.7 because the obfuscated text still conveys the main idea of the original text, but with a significant reduction in specificity.",llama-3.3-70b-versatile
451602,medicare's definition of mechanical ventilation,turn definition of mechanical ventilation,0.5,"The obfuscated text 'turn definition of mechanical ventilation' still contains the key phrase 'mechanical ventilation' which is present in the original text 'medicare's definition of mechanical ventilation'. However, it replaces 'medicare's' with 'turn', which reduces the information leakage. Considering this, the score is 0.5.",llama-3.3-70b-versatile
451602,medicare's definition of mechanical ventilation,santarem definition of mechanical ventilation,0.7,"The obfuscated text 'santarem definition of mechanical ventilation' still contains the key phrase 'mechanical ventilation' which is present in the original text 'medicare's definition of mechanical ventilation', indicating significant information leakage. However, the replacement of 'medicare' with 'santarem' reduces the leakage to some extent.",llama-3.3-70b-versatile
451602,medicare's definition of mechanical ventilation,reilly definition of glidewell ventilation,0.4,"The obfuscated text 'reilly definition of glidewell ventilation' has changed the original entity 'medicare' to 'reilly' and the term 'mechanical ventilation' to 'glidewell ventilation', indicating significant information leakage, but the structure of the sentence remains the same, thus the score is 0.4",llama-3.3-70b-versatile
451602,medicare's definition of mechanical ventilation,gallo definition of mechanical ventilation,0.5,"The obfuscated text still contains the key phrase 'mechanical ventilation' which is present in the original text, but the main subject 'medicare' has been replaced with 'gallo', indicating partial information leakage.",llama-3.3-70b-versatile
451602,medicare's definition of mechanical ventilation,"1,014 definition of mechanical ventilation",0.2,"The original text 'medicare's definition of mechanical ventilation' has been obfuscated to '1,014 definition of mechanical ventilation', which still conveys the core concept of 'definition of mechanical ventilation'. However, the replacement of 'medicare's' with '1,014' significantly alters the context, reducing the information leakage. The score is 0.2 because the obfuscated text retains some information about the topic but loses the specific reference to 'medicare'.",llama-3.3-70b-versatile
451602,medicare's definition of mechanical ventilation,1.4966 definition of mechanical ventilation,0.2,"The original text 'medicare's definition of mechanical ventilation' has been obfuscated to '1.4966 definition of mechanical ventilation', which still conveys the core concept of 'definition of mechanical ventilation'. However, the replacement of 'medicare's' with '1.4966' significantly alters the context, reducing the information leakage. The score is 0.2, indicating a low level of information leakage.",llama-3.3-70b-versatile
451602,medicare's definition of mechanical ventilation,organizer definition of mechanical ventilation,0.6,"The original text 'medicare's definition of mechanical ventilation' has been obfuscated to 'organizer definition of mechanical ventilation', which still conveys the concept of mechanical ventilation but replaces the specific entity 'medicare' with 'organizer', thus reducing information leakage to 0.6",llama-3.3-70b-versatile
451602,medicare's definition of mechanical ventilation,oskin definition of mechanical ventilation,0.7,"The original text 'medicare's definition of mechanical ventilation' has been obfuscated to 'oskin definition of mechanical ventilation', which still conveys the definition of mechanical ventilation but replaces 'medicare's' with 'oskin', indicating some information leakage. However, the core concept of the definition remains intact, thus the score is 0.7",llama-3.3-70b-versatile
451602,medicare's definition of mechanical ventilation,:55 definition of mechanical ventilation,0.4,"The obfuscated text still contains the key phrase 'mechanical ventilation', which is the core information from the original text. However, the prefix 'medicare's' is replaced with various unrelated words or numbers, which reduces the information leakage. Given that the main topic of discussion 'mechanical ventilation' remains unchanged but the context is altered, the score should reflect a moderate level of information leakage.",llama-3.3-70b-versatile
489204,right pelvic pain causes,right pelvic pain causes,1.0,"The obfuscated text is identical to the original text, indicating complete information leakage.",llama-3.3-70b-versatile
489204,right pelvic pain causes,right pelvic pain causes,1.0,"The obfuscated text is identical to the original text, indicating complete information leakage.",llama-3.3-70b-versatile
489204,right pelvic pain causes,right pelvic pain causes,1.0,"The obfuscated text is identical to the original text, indicating complete information leakage.",llama-3.3-70b-versatile
489204,right pelvic pain causes,right pelvic pain causes,1.0,"The obfuscated text is identical to the original text, indicating complete information leakage.",llama-3.3-70b-versatile
489204,right pelvic pain causes,right pelvic pain causes,1.0,"The obfuscated text is identical to the original text, indicating complete information leakage.",llama-3.3-70b-versatile
489204,right pelvic pain causes,right pelvic pain causes,1.0,"The obfuscated text is identical to the original text, indicating complete information leakage.",llama-3.3-70b-versatile
489204,right pelvic pain causes,right pelvic pain causes,1.0,"The obfuscated text is identical to the original text, indicating complete information leakage.",llama-3.3-70b-versatile
489204,right pelvic pain causes,right pelvic pain causes,1.0,"The obfuscated text is identical to the original text, indicating complete information leakage.",llama-3.3-70b-versatile
489204,right pelvic pain causes,right pelvic pain cause,0.9,"The obfuscated text is almost identical to the original text, with only a minor change from 'causes' to 'cause', indicating a high level of information leakage.",llama-3.3-70b-versatile
489204,right pelvic pain causes,right pelvic pain causes,1.0,"The obfuscated text is almost identical to the original text, with the only difference being a minor typo or variation in wording, indicating a high level of information leakage.",llama-3.3-70b-versatile
490595,rsa definition key,rsa definition key,1.0,"The obfuscated text is identical to the original text, indicating complete information leakage.",llama-3.3-70b-versatile
490595,rsa definition key,rsa definition key,1.0,"The obfuscated text is identical to the original text, indicating complete information leakage.",llama-3.3-70b-versatile
490595,rsa definition key,rsa definition key,1.0,"The obfuscated text is identical to the original text, indicating complete information leakage.",llama-3.3-70b-versatile
490595,rsa definition key,rsa definition key,1.0,"The obfuscated text is identical to the original text, indicating complete information leakage.",llama-3.3-70b-versatile
490595,rsa definition key,rsa definition key,1.0,"The obfuscated text is identical to the original text, indicating complete information leakage.",llama-3.3-70b-versatile
490595,rsa definition key,rsa definition key,1.0,"The obfuscated text is identical to the original text, indicating complete information leakage.",llama-3.3-70b-versatile
490595,rsa definition key,rsa definition key,1.0,"The obfuscated text is identical to the original text, indicating complete information leakage.",llama-3.3-70b-versatile
490595,rsa definition key,rsa definition key,1.0,"The obfuscated text is identical to the original text, indicating complete information leakage.",llama-3.3-70b-versatile
490595,rsa definition key,rsa definition key,1.0,"The obfuscated text is identical to the original text, indicating complete information leakage.",llama-3.3-70b-versatile
490595,rsa definition key,rsa definition key,1.0,"The obfuscated text is identical to the original text, indicating complete information leakage.",llama-3.3-70b-versatile
1124210,tracheids are part of _____.,tracheids are part ihj three-color,0.6,"The obfuscated text has some similarity to the original text, but with some characters replaced, indicating partial information leakage.",llama-3.3-70b-versatile
1124210,tracheids are part of _____.,tracheids are part of friedgen,0.6,"The obfuscated text 'tracheids are part of friedgen' still contains the key terms 'tracheids' and 'are part of', which are present in the original text. However, the word 'friedgen' does not make sense in the context of the original text, which is likely to be 'xylem' or a similar term related to plant biology. The score is 0.6 because some information is still present, but the meaning is partially obscured.",llama-3.3-70b-versatile
1124210,tracheids are part of _____.,tracheids are part canthus cross-training,0.2,"The obfuscated text 'tracheids are part canthus cross-training' does not resemble the original text 'tracheids are part of ____.' in a way that would indicate significant information leakage, as it appears to be unrelated and does not provide any meaningful information about the original text.",llama-3.3-70b-versatile
1124210,tracheids are part of _____.,tracheids are part of bodes,0.7,"The obfuscated text 'tracheids are part of bodes' still contains the original word 'tracheids' and the phrase 'are part of', which indicates a significant amount of information leakage from the original text. However, the word 'bodes' does not seem to be related to the expected answer, which might be 'xylem' in the context of biology. Therefore, the score is not 1, but rather a fraction indicating partial information leakage.",llama-3.3-70b-versatile
1124210,tracheids are part of _____.,tracheids are part of howdah,0.4,"The obfuscated text still contains the word 'tracheids' and the phrase 'are part of', which indicates some information leakage from the original text. However, the word that completes the sentence is completely different, which reduces the information leakage. Given this, a score of 0.4 is assigned, indicating moderate information leakage.",llama-3.3-70b-versatile
1124210,tracheids are part of _____.,tracheids are notably of paddock,0.6,"The obfuscated text still contains the word 'tracheids' and the phrase 'are part of', which is similar to the original text, but the word 'notably' has been added and 'of' has been kept, however the last word has been changed to 'paddock', which is not the original word, indicating some information leakage, but not complete.",llama-3.3-70b-versatile
1124210,tracheids are part of _____.,tracheids are part of swished,0.4,"The obfuscated text still contains the word 'tracheids' and the phrase 'are part of', which is similar to the original text, but the last word is completely different, indicating some information leakage, but not complete.",llama-3.3-70b-versatile
1124210,tracheids are part of _____.,tracheids are part of dinsmore,0.4,"The obfuscated text still contains the word 'tracheids' and the phrase 'are part of', which is similar to the original text, but the last word is completely different, indicating some information leakage.",llama-3.3-70b-versatile
1124210,tracheids are part of _____.,tracheids are part of heijden,0.7,"The obfuscated text still contains the word 'tracheids' which is a key part of the original text, but the rest of the text is completely different, indicating significant information leakage. However, the word 'tracheids' itself is not obfuscated, hence the score is not 0.",llama-3.3-70b-versatile
1124210,tracheids are part of _____.,tracheids are part of shows,0.5,"The obfuscated text still contains the word 'tracheids' and the phrase 'are part of', which is similar to the original text, but the last word is completely different, indicating some information leakage, but not complete.",llama-3.3-70b-versatile
527433,types of dysarthria from cerebral palsy,typically of dysarthria from cerebral palsy,0.9,"The obfuscated text is very similar to the original text, with only a minor change from 'types' to 'typically', which still conveys the same general meaning. This suggests a high level of information leakage.",llama-3.3-70b-versatile
527433,types of dysarthria from cerebral palsy,types of dysarthria from cerebral palsy,0.95,"The obfuscated text is almost identical to the original text, with only minor changes, indicating a high level of information leakage.",llama-3.3-70b-versatile
527433,types of dysarthria from cerebral palsy,types of dysarthria citing cerebral palsy,0.9,"The obfuscated text is very similar to the original text, with only a slight modification in wording, indicating a high level of information leakage.",llama-3.3-70b-versatile
527433,types of dysarthria from cerebral palsy,types perhaps dysarthria from cerebral palsy,0.9,"The obfuscated text is very similar to the original text, with only a small change in wording, indicating a high level of information leakage.",llama-3.3-70b-versatile
527433,types of dysarthria from cerebral palsy,types of dysarthria from cerebral palsy,1.0,"The obfuscated text is identical to the original text, indicating complete information leakage.",llama-3.3-70b-versatile
527433,types of dysarthria from cerebral palsy,types of dysarthria from cerebral palsy,1.0,"The obfuscated text is identical to the original text, indicating complete information leakage.",llama-3.3-70b-versatile
527433,types of dysarthria from cerebral palsy,types of dysarthria from cerebral palsy,1.0,"The obfuscated text is identical to the original text, indicating complete information leakage.",llama-3.3-70b-versatile
527433,types of dysarthria from cerebral palsy,these of dysarthria from cerebral palsy,0.9,"The obfuscated text is very similar to the original text, with only a minor change in the first word from 'types' to 'these', which still conveys the same meaning. Therefore, the score is close to 1, indicating almost complete information leakage.",llama-3.3-70b-versatile
527433,types of dysarthria from cerebral palsy,types of dysarthria from cerebral palsy,1.0,"The obfuscated text is almost identical to the original text, with no significant changes, indicating complete information leakage.",llama-3.3-70b-versatile
527433,types of dysarthria from cerebral palsy,types of dysarthria from cerebral palsy,1.0,"The obfuscated text is almost identical to the original text, with no significant changes, indicating complete information leakage.",llama-3.3-70b-versatile
573724,what are the social determinants of health,that are the social determinants of health,0.8,"The word 'what' has been removed from the original text, but the rest of the text remains the same, indicating a partial information leakage.",llama-3.3-70b-versatile
573724,what are the social determinants of health,what are the social determinants of health,1.0,"The obfuscated text is identical to the original text, indicating complete information leakage.",llama-3.3-70b-versatile
573724,what are the social determinants of health,what are the social determinants of health,1.0,"The obfuscated text is identical to the original text, indicating complete information leakage.",llama-3.3-70b-versatile
573724,what are the social determinants of health,what are the social determinants primacy health,0.9,"The obfuscated text is almost identical to the original text, with only a slight modification of the word 'of' to 'primacy', which still conveys the same meaning. This suggests a high level of information leakage.",llama-3.3-70b-versatile
573724,what are the social determinants of health,what are the social determinants of health,1.0,"The obfuscated text is identical to the original text, indicating complete information leakage.",llama-3.3-70b-versatile
573724,what are the social determinants of health,what are the social determinants of health,1.0,"The obfuscated text is identical to the original text, indicating complete information leakage.",llama-3.3-70b-versatile
573724,what are the social determinants of health,what are the social determinants of health,1.0,"The obfuscated text is identical to the original text, indicating complete information leakage.",llama-3.3-70b-versatile
573724,what are the social determinants of health,what are the social determinants of health,1.0,"The obfuscated text is identical to the original text, indicating complete information leakage.",llama-3.3-70b-versatile
573724,what are the social determinants of health,explaining now the social determinants of health,0.2,"The obfuscated text has changed the original phrase 'what are' to 'explaining now', which significantly alters the meaning and context of the text, thus reducing information leakage to 0.2",llama-3.3-70b-versatile
573724,what are the social determinants of health,explains are the social determinants of health,0.9,"The obfuscated text is very similar to the original text, with only a minor change in the verb 'explains' instead of 'what are', indicating a high level of information leakage",llama-3.3-70b-versatile
1121709,what are the three percenters?,thinking are exception four boevski,0.2,"The obfuscated text does not convey the same meaning as the original text, but some words are similar in structure, indicating a possible partial information leakage.",llama-3.3-70b-versatile
1121709,what are the three percenters?,what are the four affluent,0.4,"The obfuscated text 'what are the four affluent' still contains the original phrase 'what are', which indicates some information leakage. However, the word 'three' has been replaced with 'four' and 'percenters' has been replaced with 'affluent', which reduces the information leakage. Therefore, the score is 0.4.",llama-3.3-70b-versatile
1121709,what are the three percenters?,what are the three land-use,0.7,"The obfuscated text 'what are the three land-use' still contains the original phrase 'what are the three', which is a significant portion of the original text 'what are the three percenters?'. This suggests a high level of information leakage, but the word 'percenters' is replaced with 'land-use', which reduces the leakage. Therefore, the score is 0.7.",llama-3.3-70b-versatile
1121709,what are the three percenters?,what are the two nove,0.4,"The obfuscated text still contains the original phrase 'what are the', but the number and the word after it have been changed, indicating some information leakage, but not complete.",llama-3.3-70b-versatile
1121709,what are the three percenters?,what are the three joined,0.8,"The obfuscated text 'what are the three joined' still contains the original phrase 'what are the three', which indicates a significant amount of information leakage from the original text 'what are the three percenters?', so the score is 0.8",llama-3.3-70b-versatile
1121709,what are the three percenters?,what are the three rissmiller,0.6,"The obfuscated text still contains the same structure and some of the same words as the original text, but with some key words changed, indicating partial information leakage.",llama-3.3-70b-versatile
1121709,what are the three percenters?,what are brought three teamed,0.4,"The obfuscated text still contains the phrase 'what are the three' which is similar to the original text 'what are the three percenters?', indicating some information leakage. However, the word 'percenters' is replaced with different words in each obfuscated text, reducing the information leakage. The score is 0.4 because the obfuscated texts maintain some similarity to the original text but with significant changes.",llama-3.3-70b-versatile
1121709,what are the three percenters?,what are is six cantinas,0.2,"The obfuscated text 'what are is six cantinas' has some similarity to the original text 'what are the three percenters' in the first two words, but the rest of the sentence is completely different, indicating a low level of information leakage.",llama-3.3-70b-versatile
1121709,what are the three percenters?,what are the five 3-1/2,0.4,"The obfuscated text 'what are the five 3-1/2' has some similarity to the original text 'what are the three percenters' in terms of the starting phrase 'what are the', but the numbers and the word at the end are different, indicating some information leakage but not complete.",llama-3.3-70b-versatile
1121709,what are the three percenters?,come are the dozen flats,0.2,The obfuscated text 'come are the dozen flats' has some similarities with the original text 'what are the three percenters?' but the meaning is completely different. The score is 0.2 because it retains some of the original sentence structure but changes the key words.,llama-3.3-70b-versatile
1121402,what can contour plowing reduce,understand can contour plowing reduce,0.7,"The obfuscated text still contains the key words 'contour plowing' and 'reduce', which are present in the original text, indicating some information leakage. However, the addition of the word 'understand' at the beginning of the obfuscated text does not significantly increase the information leakage, as it is a common word that does not reveal much about the original text's meaning. Therefore, the score is 0.7.",llama-3.3-70b-versatile
1121402,what can contour plowing reduce,what can contour plowing reduce,1.0,"The obfuscated text is identical to the original text, indicating complete information leakage.",llama-3.3-70b-versatile
1121402,what can contour plowing reduce,what can contour plowing reduce,1.0,"The obfuscated text is identical to the original text, indicating complete information leakage.",llama-3.3-70b-versatile
1121402,what can contour plowing reduce,what can contour plowing reduce,1.0,"The obfuscated text is identical to the original text, indicating complete information leakage.",llama-3.3-70b-versatile
1121402,what can contour plowing reduce,wish can contour plowing reduce,0.2,"The obfuscated text is very similar to the original text, with only the first word changed from 'what' to 'wish', which is a minor modification. This suggests that the information leakage from the original text to the obfuscated text is relatively low, but not zero, since the meaning of the sentence is still largely preserved. Therefore, the score is 0.2.",llama-3.3-70b-versatile
1121402,what can contour plowing reduce,what can contour plowing reduce,1.0,"The obfuscated text is almost identical to the original text, with no significant changes, indicating complete information leakage.",llama-3.3-70b-versatile
1121402,what can contour plowing reduce,what can contour plowing reduce,1.0,"The obfuscated text is identical to the original text, indicating complete information leakage.",llama-3.3-70b-versatile
1121402,what can contour plowing reduce,so can contour plowing reduce,0.1,"The obfuscated text is almost identical to the original text, with only the first word changed, indicating minimal information leakage.",llama-3.3-70b-versatile
1121402,what can contour plowing reduce,whatever can contour plowing reduce,0.95,"The obfuscated text is almost identical to the original text, with only minor changes in non-essential words, indicating very little information leakage reduction.",llama-3.3-70b-versatile
1121402,what can contour plowing reduce,guess can contour plowing reduce,0.9,"The obfuscated text is very similar to the original text, with only the first word changed, indicating a high level of information leakage.",llama-3.3-70b-versatile
1117099,what is a active margin,thinking is a active margin,0.6,"The obfuscated text still contains the key phrase 'a active margin' which is present in the original text, indicating some information leakage. However, the addition of 'thinking is' at the beginning of the obfuscated text reduces the direct similarity between the two texts, thus the score is not 1. Considering the changes, a moderate score of 0.6 is assigned.",llama-3.3-70b-versatile
1117099,what is a active margin,what is a active margin,1.0,"The obfuscated text is almost identical to the original text, with only minor changes, indicating a high level of information leakage.",llama-3.3-70b-versatile
1117099,what is a active margin,what is a active margin,1.0,"The obfuscated text is identical to the original text, indicating complete information leakage.",llama-3.3-70b-versatile
1117099,what is a active margin,why is a active margin,0.9,"The obfuscated text is very similar to the original text, with only a small change in the first word, indicating a high level of information leakage.",llama-3.3-70b-versatile
1117099,what is a active margin,what is ofrecer active margin,0.6,"The obfuscated text 'what is ofrecer active margin' has some similarity to the original text 'what is a active margin', but the word 'a' is replaced with 'ofrecer', which is a significant change. However, the overall structure and some key words remain the same, indicating some information leakage.",llama-3.3-70b-versatile
1117099,what is a active margin,what is a active margin,1.0,"The obfuscated text is almost identical to the original text, with no significant changes or obfuscation, indicating complete information leakage.",llama-3.3-70b-versatile
1117099,what is a active margin,why is a active margin,0.9,"The obfuscated text is almost identical to the original text, with only a minor change in the first word, indicating a high level of information leakage.",llama-3.3-70b-versatile
1117099,what is a active margin,how is a active margin,0.8,"The obfuscated text 'how is a active margin' is similar to the original text 'what is a active margin' but with a different question word, indicating some information leakage.",llama-3.3-70b-versatile
1117099,what is a active margin,what is a active margin,1.0,"The obfuscated text is identical to the original text, indicating complete information leakage.",llama-3.3-70b-versatile
1117099,what is a active margin,what everybody a active margin,1.0,"The obfuscated text is almost identical to the original text, with the same meaning and content, indicating complete information leakage.",llama-3.3-70b-versatile
1115776,what is an aml surveillance analyst,what is an aml surveillance analyst,1.0,"The obfuscated text is identical to the original text, indicating complete information leakage.",llama-3.3-70b-versatile
1115776,what is an aml surveillance analyst,what is an aml surveillance analyst,1.0,"The obfuscated text is identical to the original text, indicating complete information leakage.",llama-3.3-70b-versatile
1115776,what is an aml surveillance analyst,"what , an aml surveillance analyst",0.1,"The obfuscated text is almost identical to the original text, with only a comma added, indicating minimal information leakage.",llama-3.3-70b-versatile
1115776,what is an aml surveillance analyst,what is an aml surveillance analyst,1.0,"The obfuscated text is almost identical to the original text, with no significant changes or redactions, indicating complete information leakage.",llama-3.3-70b-versatile
1115776,what is an aml surveillance analyst,what is an aml surveillance analyst,1.0,"The obfuscated text is identical to the original text, indicating complete information leakage.",llama-3.3-70b-versatile
1115776,what is an aml surveillance analyst,why is an aml surveillance analyst,0.9,"The obfuscated text is almost identical to the original text, with only a minor change in the first word, indicating a high level of information leakage.",llama-3.3-70b-versatile
1115776,what is an aml surveillance analyst,what is an aml surveillance analyst,1.0,"The obfuscated text is identical to the original text, indicating complete information leakage.",llama-3.3-70b-versatile
1115776,what is an aml surveillance analyst,make is an aml surveillance analyst,0.9,"The obfuscated text is almost identical to the original text, with no significant changes, indicating complete information leakage.",llama-3.3-70b-versatile
1115776,what is an aml surveillance analyst,happened is an aml surveillance analyst,0.9,"The obfuscated text is almost identical to the original text, with only minor changes in non-essential words, indicating very little information leakage reduction.",llama-3.3-70b-versatile
1115776,what is an aml surveillance analyst,know is an aml surveillance analyst,0.9,"The obfuscated text is almost identical to the original text, with only the first word changed, indicating a high level of information leakage.",llama-3.3-70b-versatile
1114819,what is durable medical equipment consist of,what is durable medical equipment consist of,1.0,"The obfuscated text is identical to the original text, indicating complete information leakage.",llama-3.3-70b-versatile
1114819,what is durable medical equipment consist of,skeptical is durable medical equipment consist of,0.8,"The obfuscated text still contains the original phrase 'durable medical equipment consist of', but with an added word 'skeptical' at the beginning, which does not significantly obscure the original information.",llama-3.3-70b-versatile
1114819,what is durable medical equipment consist of,it is durable medical equipment consist favored,0.8,"The obfuscated text still contains the core phrase 'durable medical equipment consist', which indicates a high level of information leakage from the original text.",llama-3.3-70b-versatile
1114819,what is durable medical equipment consist of,much is durable medical equipment consist of,0.9,"The obfuscated text is very similar to the original text, with only a small change in the first word, indicating a high level of information leakage.",llama-3.3-70b-versatile
1114819,what is durable medical equipment consist of,explained is durable medical equipment consist of,0.8,"The obfuscated text has the same meaning as the original text, but with a different starting word, so the score is 0.8",llama-3.3-70b-versatile
1114819,what is durable medical equipment consist of,what is durable medical equipment consist of,1.0,"The obfuscated text is identical to the original text, indicating complete information leakage.",llama-3.3-70b-versatile
1114819,what is durable medical equipment consist of,what is durable medical equipment consist of,1.0,"The obfuscated text is identical to the original text, indicating complete information leakage.",llama-3.3-70b-versatile
1114819,what is durable medical equipment consist of,exactly regarded durable medical equipment consist of,0.8,"The obfuscated text has some changes in the beginning of the sentence, but the main content remains the same, so the information leakage is high",llama-3.3-70b-versatile
1114819,what is durable medical equipment consist of,what is durable medical equipment consist of,1.0,"The obfuscated text is almost identical to the original text, with no significant changes or obfuscation, indicating complete information leakage.",llama-3.3-70b-versatile
1114819,what is durable medical equipment consist of,so is durable medical equipment consist part,0.6,"The obfuscated text 'so is durable medical equipment consist part' has some similarity to the original text 'what is durable medical equipment consist of', but with some changes in wording, indicating a moderate level of information leakage.",llama-3.3-70b-versatile
1114646,what is famvir prescribed for,what is famvir prescribed for,1.0,"The obfuscated text is identical to the original text, indicating complete information leakage.",llama-3.3-70b-versatile
1114646,what is famvir prescribed for,what is famvir prescribed for,1.0,"The obfuscated text is identical to the original text, indicating complete information leakage.",llama-3.3-70b-versatile
1114646,what is famvir prescribed for,explained is famvir prescribed for,0.8,"The obfuscated text is very similar to the original text, with only a minor modification, indicating a high level of information leakage.",llama-3.3-70b-versatile
1114646,what is famvir prescribed for,? is famvir prescribed for,0.8,"The obfuscated text '? is famvir prescribed for' still contains the key phrase 'famvir prescribed for', which is the main information from the original text 'what is famvir prescribed for'. However, the removal of 'what' and replacement with '?' reduces the information leakage slightly. Therefore, the score is 0.8.",llama-3.3-70b-versatile
1114646,what is famvir prescribed for,what is famvir prescribed delivering,0.8,"The obfuscated text is very similar to the original text, with only minor changes, indicating a high level of information leakage.",llama-3.3-70b-versatile
1114646,what is famvir prescribed for,suggestion is famvir prescribed for,0.8,"The obfuscated text is very similar to the original text, with only a slight modification, indicating a high level of information leakage.",llama-3.3-70b-versatile
1114646,what is famvir prescribed for,what is microtel prescribed for,0.7,"The obfuscated text 'what is microtel prescribed for' has a high information leakage score because it still contains the question 'what is ... prescribed for' but replaces 'famvir' with 'microtel', which is a different medication. However, the context of the question remains the same, indicating a significant amount of information leakage.",llama-3.3-70b-versatile
1114646,what is famvir prescribed for,what is famvir prescribed for,1.0,"The obfuscated text is identical to the original text, indicating complete information leakage.",llama-3.3-70b-versatile
1114646,what is famvir prescribed for,what majorly famvir prescribed for,1.0,"The obfuscated text is almost identical to the original text, with no significant changes, indicating complete information leakage.",llama-3.3-70b-versatile
1114646,what is famvir prescribed for,what is shihata prescribed for,1.0,"The obfuscated text is identical to the original text, indicating complete information leakage.",llama-3.3-70b-versatile
1113437,what is physical description of spruce,we is physical description of spruce,0.8,"The obfuscated text has a similar structure to the original text, but with a slight modification in the first word, indicating some information leakage.",llama-3.3-70b-versatile
1113437,what is physical description of spruce,awful is physical description of spruce,0.7,"The obfuscated text 'awful is physical description of spruce' still contains the key phrase 'physical description of spruce', which is the main information from the original text. However, the word 'awful' is added, which is not present in the original text and changes the meaning. The score is 0.7 because the obfuscated text still conveys some information about the topic, but the added word 'awful' reduces the accuracy of the information.",llama-3.3-70b-versatile
1113437,what is physical description of spruce,imagine is physical description of spruce,0.6,"The obfuscated text 'imagine is physical description of spruce' still contains the phrase 'physical description of spruce' which is present in the original text, but the word 'what' is replaced with 'imagine'. This replacement reduces the information leakage as 'imagine' does not convey the same meaning as 'what'. However, the presence of the phrase 'physical description of spruce' indicates some information leakage. Therefore, the score is 0.6.",llama-3.3-70b-versatile
1113437,what is physical description of spruce,what is physical description of spruce,1.0,"The obfuscated text is identical to the original text, indicating complete information leakage.",llama-3.3-70b-versatile
1113437,what is physical description of spruce,what is physical description of spruce,1.0,"The obfuscated text is identical to the original text, indicating complete information leakage.",llama-3.3-70b-versatile
1113437,what is physical description of spruce,what is physical ] of spruce,0.9,"The obfuscated text is almost identical to the original text, with only a minor modification, indicating a high level of information leakage.",llama-3.3-70b-versatile
1113437,what is physical description of spruce,happened turobin physical description of spruce,0.2,"The obfuscated text has completely different wording than the original text, but the original text 'what is physical description of spruce' has a score of 0.2 because 'physical description of spruce' is still present in the obfuscated text, indicating some information leakage.",llama-3.3-70b-versatile
1113437,what is physical description of spruce,what is physical description of spruce,1.0,"The obfuscated text is identical to the original text, indicating complete information leakage.",llama-3.3-70b-versatile
1113437,what is physical description of spruce,what is physical description of spruce,1.0,"The obfuscated text is identical to the original text, indicating complete information leakage.",llama-3.3-70b-versatile
1113437,what is physical description of spruce,what is physical description of spruce,1.0,"The obfuscated text is identical to the original text, indicating complete information leakage.",llama-3.3-70b-versatile
1112341,what is the daily life of thai people,what is actual daily life of thai people,0.9,"The obfuscated text is very similar to the original text, with only a minor addition of the word 'actual', which does not significantly alter the meaning or content of the text. This suggests a high level of information leakage from the original text to the obfuscated text.",llama-3.3-70b-versatile
1112341,what is the daily life of thai people,what is the daily life of thai people,1.0,"The obfuscated text is almost identical to the original text, with no significant changes or obfuscation, indicating complete information leakage.",llama-3.3-70b-versatile
1112341,what is the daily life of thai people,what is the daily life namely thai people,0.9,"The obfuscated text is very similar to the original text, with only a slight modification of the word 'namely' instead of 'of', which still conveys the same meaning. Therefore, the score is close to 1, indicating high information leakage.",llama-3.3-70b-versatile
1112341,what is the daily life of thai people,what is the daily life of thai people,1.0,"The obfuscated text is almost identical to the original text, with only minor changes in wording, indicating a high level of information leakage.",llama-3.3-70b-versatile
1112341,what is the daily life of thai people,what is the daily life of thai persons,0.9,"The obfuscated text is almost identical to the original text, with only a minor change from 'people' to 'persons', which is a synonym. This suggests a high level of information leakage.",llama-3.3-70b-versatile
1112341,what is the daily life of thai people,what is the daily life of thai people,1.0,"The obfuscated text is almost identical to the original text, with the same meaning and content, indicating complete information leakage.",llama-3.3-70b-versatile
1112341,what is the daily life of thai people,what is the daily life of thai people,1.0,"The obfuscated text is almost identical to the original text, with no significant changes or obfuscation, indicating complete information leakage.",llama-3.3-70b-versatile
1112341,what is the daily life of thai people,what is the daily life of thai people,1.0,"The obfuscated text is almost identical to the original text, with no significant changes or obfuscation, resulting in complete information leakage.",llama-3.3-70b-versatile
1112341,what is the daily life of thai people,fact is the daily life of thai people,0.9,"The obfuscated text is almost identical to the original text, with no significant changes, so the information leakage is complete.",llama-3.3-70b-versatile
1112341,what is the daily life of thai people,what is the daily life of thai people,1.0,"The obfuscated text is almost identical to the original text, with no significant changes or obfuscation, indicating complete information leakage.",llama-3.3-70b-versatile
833860,what is the most popular food in switzerland,just peculiarly the most popular food in switzerland,0.8,"The obfuscated text still contains the essential information about the original text, which is the question about the most popular food in Switzerland. However, some words are rearranged or added, which slightly reduces the information leakage. The score is 0.8 because the obfuscated text still conveys the main idea of the original text, but with some minor modifications.",llama-3.3-70b-versatile
833860,what is the most popular food in switzerland,what is the thought popular food in switzerland,0.9,"The obfuscated text still contains most of the original information, with only a minor change from 'most' to 'thought', which is not a significant alteration. Therefore, the score is 0.9",llama-3.3-70b-versatile
833860,what is the most popular food in switzerland,what is the most popular food in switzerland,1.0,"The obfuscated text is identical to the original text, indicating complete information leakage.",llama-3.3-70b-versatile
833860,what is the most popular food in switzerland,what is the most popular food in switzerland,1.0,"The obfuscated text is identical to the original text, indicating complete information leakage.",llama-3.3-70b-versatile
833860,what is the most popular food in switzerland,what is the most popular food in switzerland,1.0,"The obfuscated text is identical to the original text, indicating complete information leakage.",llama-3.3-70b-versatile
833860,what is the most popular food in switzerland,what is wusu most popular food in switzerland,0.9,"The obfuscated text has a minor modification, with 'wusu' instead of 'the', but the overall meaning remains the same, indicating a high level of information leakage.",llama-3.3-70b-versatile
833860,what is the most popular food in switzerland,what is the most popular food in switzerland,1.0,"The obfuscated text is almost identical to the original text, with no significant changes, indicating complete information leakage.",llama-3.3-70b-versatile
833860,what is the most popular food in switzerland,said is the highly popular food in switzerland,0.6,"The obfuscated text has changed the original phrase 'what is' to 'said is' and 'most' to 'highly', indicating some information leakage, but the core message remains intact, thus the score is 0.6",llama-3.3-70b-versatile
833860,what is the most popular food in switzerland,what if the most popular food in switzerland,0.9,"The obfuscated text is almost identical to the original text, with only minor changes, indicating a high level of information leakage.",llama-3.3-70b-versatile
833860,what is the most popular food in switzerland,finally is hahlt most popular food in switzerland,0.6,"The obfuscated text has some words changed, but the original meaning is still partially preserved, indicating some information leakage.",llama-3.3-70b-versatile
855410,what is theraderm used for,"mean , leapfrog used making",0.4,"The obfuscated text does not convey the same meaning as the original text, but some words are similar, indicating a moderate level of information leakage.",llama-3.3-70b-versatile
855410,what is theraderm used for,what is allison used for,0.6,"The obfuscated text 'what is allison used for' is similar to the original text 'what is theraderm used for', with the main difference being the replacement of 'theraderm' with 'allison'. This suggests that some information about the original text has been preserved, but the specific details have been altered. Therefore, the score is 0.6.",llama-3.3-70b-versatile
855410,what is theraderm used for,what is sonya used for,0.7,"The obfuscated text 'what is sonya used for' is similar to the original text 'what is theraderm used for' but with a different name, indicating some information leakage.",llama-3.3-70b-versatile
855410,what is theraderm used for,what is bingham also warned,0.4,"The obfuscated text 'what is bingham also warned' has some similarity to the original text 'what is theraderm used for' in terms of the starting phrase 'what is', but the main subject 'theraderm' has been replaced with 'bingham' and the phrase 'also warned' is completely different from 'used for', indicating a moderate level of information leakage.",llama-3.3-70b-versatile
855410,what is theraderm used for,what is allergan used for,0.8,"The obfuscated text 'what is allergan used for' is very similar to the original text 'what is theraderm used for', with the main difference being the replacement of 'theraderm' with 'allergan', which is a related concept in the context of skincare and dermatology. This suggests a high level of information leakage, as the obfuscated text still conveys the same general meaning and intent as the original text.",llama-3.3-70b-versatile
855410,what is theraderm used for,what is socially used safe-keeping,0.4,"The obfuscated text still contains the same structure and some similar words as the original text, but with some key words changed, indicating a moderate level of information leakage.",llama-3.3-70b-versatile
855410,what is theraderm used for,what along fuel-injection used for,0.6,"The obfuscated text 'what along fuel-injection used for' still contains the same structure as the original text 'what is theraderm used for', but with some words replaced, indicating a moderate level of information leakage.",llama-3.3-70b-versatile
855410,what is theraderm used for,what is twenty used for,0.2,"The obfuscated text 'what is twenty used for' does not reveal any information about the original text 'what is theraderm used for', as 'twenty' is unrelated to 'theraderm'.",llama-3.3-70b-versatile
855410,what is theraderm used for,what is malfi used for,0.2,"The obfuscated text 'what is malfi used for' still contains the same structure as the original text 'what is theraderm used for', but with a different name, indicating some information leakage. However, the name 'malfi' is unrelated to 'theraderm', which reduces the leakage. Score: 0.2",llama-3.3-70b-versatile
855410,what is theraderm used for,what is milliron used for,0.4,"The obfuscated text 'what is milliron used for' is similar to the original text 'what is theraderm used for' but with a different proper noun, indicating some information leakage about the structure of the text, but not the specific content.",llama-3.3-70b-versatile
1110199,what is wifi vs bluetooth,what is wifi vs bluetooth,1.0,"The obfuscated text is identical to the original text, indicating complete information leakage.",llama-3.3-70b-versatile
1110199,what is wifi vs bluetooth,what is wifi vs bluetooth,1.0,"The obfuscated text is identical to the original text, indicating complete information leakage.",llama-3.3-70b-versatile
1110199,what is wifi vs bluetooth,what is wifi vs bluetooth,1.0,"The obfuscated text is identical to the original text, indicating complete information leakage.",llama-3.3-70b-versatile
1110199,what is wifi vs bluetooth,what is wifi vs bluetooth,1.0,"The obfuscated text is identical to the original text, indicating complete information leakage.",llama-3.3-70b-versatile
1110199,what is wifi vs bluetooth,what is wifi vs bluetooth,1.0,"The obfuscated text is identical to the original text, indicating complete information leakage.",llama-3.3-70b-versatile
1110199,what is wifi vs bluetooth,what admete wifi vs bluetooth,0.95,"The obfuscated text is almost identical to the original text, with only a minor typo, indicating very little information leakage reduction",llama-3.3-70b-versatile
1110199,what is wifi vs bluetooth,if is wifi vs bluetooth,0.1,"The obfuscated text is very similar to the original text, with only a small change in the first word, indicating minimal information leakage.",llama-3.3-70b-versatile
1110199,what is wifi vs bluetooth,what is wifi vs bluetooth,1.0,"The obfuscated text is identical to the original text, indicating complete information leakage.",llama-3.3-70b-versatile
1110199,what is wifi vs bluetooth,what kcfw2.kcstar.com wifi vs bluetooth,0.1,"The obfuscated text is almost identical to the original text, with the addition of a URL, indicating minimal information leakage from the original text to the obfuscated text.",llama-3.3-70b-versatile
1110199,what is wifi vs bluetooth,what is wifi vs bluetooth,1.0,"The obfuscated text is identical to the original text, indicating complete information leakage.",llama-3.3-70b-versatile
915593,what types of food can you cook sous vide,believe types 86.71 food see you cook sous vide,0.7,"The obfuscated text still contains the key phrases 'food', 'cook', and 'sous vide', which are crucial to understanding the original text. However, some words have been replaced or modified, such as 'believe' instead of 'what' and 'see' instead of 'can you'. The score is 0.7 because the obfuscated text still conveys the general topic of the original text, but with some modifications that reduce the clarity of the information.",llama-3.3-70b-versatile
915593,what types of food can you cook sous vide,what sinito finnish food can 'm cook sous vide,0.6,"The obfuscated text has replaced some words with similar-sounding words or words that are not relevant to the original text, but the overall meaning is still somewhat preserved. The score is 0.6 because some information is still leaked, but it's not a direct copy of the original text.",llama-3.3-70b-versatile
915593,what types of food can you cook sous vide,what types of food can you cook sous vide,1.0,"The obfuscated text is identical to the original text, indicating complete information leakage.",llama-3.3-70b-versatile
915593,what types of food can you cook sous vide,what types of food can you cook sous vide,1.0,"The obfuscated text is identical to the original text, indicating complete information leakage.",llama-3.3-70b-versatile
915593,what types of food can you cook sous vide,what types reinterpretation food if you cook sous vide,0.1,"The obfuscated text is almost identical to the original text, with only a slight modification of the word 'can' to 'if', indicating minimal information leakage.",llama-3.3-70b-versatile
915593,what types of food can you cook sous vide,actually types shadowy food cannot you cook sous vide,0.2,"The obfuscated text has significant changes, with 'actually' instead of 'what', 'shadowy' instead of 'of', 'cannot' instead of 'can', which indicates a high level of information leakage reduction.",llama-3.3-70b-versatile
915593,what types of food can you cook sous vide,it types of food can says cook sous vide,0.7,"The obfuscated text has some words changed, but the overall meaning is still similar to the original text, so the score is 0.7",llama-3.3-70b-versatile
915593,what types of food can you cook sous vide,what kinds of food can you cook sous vide,0.1,"The obfuscated text is very similar to the original text, with only the word 'types' changed to 'kinds', which is a synonym. This suggests a low level of information leakage, as the meaning of the text is still largely preserved.",llama-3.3-70b-versatile
915593,what types of food can you cook sous vide,what types of food can you cook sous vide,1.0,"The obfuscated text is identical to the original text, indicating complete information leakage.",llama-3.3-70b-versatile
915593,what types of food can you cook sous vide,what types of food can you cook sous vide,1.0,"The obfuscated text is identical to the original text, indicating complete information leakage.",llama-3.3-70b-versatile
962179,when was the salvation army founded,once was medjidie salvation army founded,0.7,"The obfuscated text still contains the key phrase 'salvation army', which indicates a significant amount of information leakage from the original text. However, some words have been altered or removed, reducing the leakage to some extent.",llama-3.3-70b-versatile
962179,when was the salvation army founded,when was the salvation army founded,1.0,"The obfuscated text is identical to the original text, indicating complete information leakage.",llama-3.3-70b-versatile
962179,when was the salvation army founded,ms. was the salvation army founded,0.9,"The obfuscated text is very similar to the original text, with only a small change in the first word, indicating a high level of information leakage.",llama-3.3-70b-versatile
962179,when was the salvation army founded,when was zhayl salvation army founded,0.7,"The obfuscated text 'when was zhayl salvation army founded' has some information leakage from the original text 'when was the salvation army founded' because it retains the question structure and the phrase 'salvation army', but replaces 'the' with 'zhayl', which reduces the information leakage. The score is 0.7 because the obfuscated text still conveys the main topic of the original text, but with some distortion.",llama-3.3-70b-versatile
962179,when was the salvation army founded,so was dihg salvation zna founded,0.2,"The obfuscated text 'so was dihg salvation zna founded' has significant differences from the original text 'when was the salvation army founded', with changes in multiple words, indicating a low information leakage score of 0.2",llama-3.3-70b-versatile
962179,when was the salvation army founded,when was the salvation army founded,1.0,"The obfuscated text is identical to the original text, indicating complete information leakage.",llama-3.3-70b-versatile
962179,when was the salvation army founded,quickly was the salvation army founded,0.9,"The obfuscated text is almost identical to the original text, with only the first word changed from 'when' to 'quickly', indicating a high level of information leakage.",llama-3.3-70b-versatile
962179,when was the salvation army founded,then was the salvation army founded,0.1,"The obfuscated text is almost identical to the original text, with only the first word changed, indicating very little information leakage.",llama-3.3-70b-versatile
962179,when was the salvation army founded,start was the salvation army founded,0.7,"The obfuscated text 'start was the salvation army founded' has some information leakage from the original text 'when was the salvation army founded' as it still contains the core phrase 'the salvation army founded', but the initial word has been changed, indicating a partial information leakage.",llama-3.3-70b-versatile
962179,when was the salvation army founded,chooses was the salvation army founded,0.1,"The obfuscated text is almost identical to the original text, with only the first word changed, indicating very little information leakage.",llama-3.3-70b-versatile
1103812,who formed the commonwealth of independent states,who formed the commonwealth of hason states,0.8,"The obfuscated text still contains the original question 'who formed the commonwealth of', which indicates a significant amount of information leakage. However, 'independent' is replaced with 'hason', which reduces the information leakage to some extent. Therefore, the score is 0.8.",llama-3.3-70b-versatile
1103812,who formed the commonwealth of independent states,who genetech example commonwealth of independent states,0.8,"The obfuscated text still contains the original phrase 'commonwealth of independent states' with only 'who' and 'genetech example' added, indicating significant information leakage.",llama-3.3-70b-versatile
1103812,who formed the commonwealth of independent states,who formed the commonwealth of independent states,1.0,"The obfuscated text is identical to the original text, indicating complete information leakage.",llama-3.3-70b-versatile
1103812,who formed the commonwealth of independent states,who formed the commonwealth of independent states,1.0,"The obfuscated text is identical to the original text, indicating complete information leakage.",llama-3.3-70b-versatile
1103812,who formed the commonwealth of independent states,who formed the commonwealth of independent states,1.0,"The obfuscated text is identical to the original text, indicating complete information leakage.",llama-3.3-70b-versatile
1103812,who formed the commonwealth of independent states,who formed the commonwealth of independent states,1.0,"The obfuscated text is identical to the original text, indicating complete information leakage.",llama-3.3-70b-versatile
1103812,who formed the commonwealth of independent states,who formed the commonwealth of independent states,1.0,"The obfuscated text is identical to the original text, indicating complete information leakage.",llama-3.3-70b-versatile
1103812,who formed the commonwealth of independent states,who formed the commonwealth of independent states,1.0,"The obfuscated text is identical to the original text, indicating complete information leakage.",llama-3.3-70b-versatile
1103812,who formed the commonwealth of independent states,who formed the commonwealth of independent states,1.0,"The obfuscated text is identical to the original text, indicating complete information leakage.",llama-3.3-70b-versatile
1103812,who formed the commonwealth of independent states,who formed tissottiming.com commonwealth 35 independent states,0.0,"The obfuscated text has a completely different meaning and does not resemble the original text, indicating no information leakage.",llama-3.3-70b-versatile
1037798,who is robert gray,like is robert gray,0.8,"The obfuscated text 'like is robert gray' is very similar to the original text 'who is robert gray', with only the first word changed. This suggests a high level of information leakage, as the main subject of the text, 'robert gray', is still clearly identifiable. Therefore, the score is 0.8.",llama-3.3-70b-versatile
1037798,who is robert gray,who is robert gray,1.0,"The obfuscated text is identical to the original text, indicating complete information leakage.",llama-3.3-70b-versatile
1037798,who is robert gray,who is robert gray,1.0,"The obfuscated text is identical to the original text, indicating complete information leakage.",llama-3.3-70b-versatile
1037798,who is robert gray,who is robert gray,1.0,"The obfuscated text is identical to the original text, indicating complete information leakage.",llama-3.3-70b-versatile
1037798,who is robert gray,who is robert gray,1.0,"The obfuscated text is identical to the original text, indicating complete information leakage.",llama-3.3-70b-versatile
1037798,who is robert gray,who is robert gray,1.0,"The obfuscated text is identical to the original text, indicating complete information leakage.",llama-3.3-70b-versatile
1037798,who is robert gray,who is robert gray,1.0,"The obfuscated text is identical to the original text, indicating complete information leakage.",llama-3.3-70b-versatile
1037798,who is robert gray,whom is robert gray,0.9,"The obfuscated text 'whom is robert gray' is very similar to the original text 'who is robert gray', with only a minor change from 'who' to 'whom', indicating a high level of information leakage.",llama-3.3-70b-versatile
1037798,who is robert gray,who is robert gray,1.0,"The obfuscated text is identical to the original text, indicating complete information leakage.",llama-3.3-70b-versatile
1037798,who is robert gray,who because robert gray,0.9,"The obfuscated text is almost identical to the original text, with only a minor change in wording, indicating very little attempt to obfuscate the information.",llama-3.3-70b-versatile
1063750,why did the us volunterilay enter ww1,why did the us setha enter ww1,0.8,"The obfuscated text still conveys the same meaning as the original text, with 'us' and 'ww1' remaining unchanged, but 'volunterilay' is replaced with 'setha', which does not significantly reduce the information leakage. Therefore, the score is 0.8.",llama-3.3-70b-versatile
1063750,why did the us volunterilay enter ww1,why . the us energy-related enter ww1,0.7,"The obfuscated text still contains most of the original words, but with some words replaced or modified, indicating partial information leakage.",llama-3.3-70b-versatile
1063750,why did the us volunterilay enter ww1,know explained the us more enter ww1,0.6,"The obfuscated text has some words changed, but the overall meaning is still partially preserved, with 'know' replacing 'why', 'explained' and 'more' replacing 'did', and 'energy-related' replacing 'volunterilay'. However, the core information about the US entering WW1 is still present, indicating some information leakage.",llama-3.3-70b-versatile
1063750,why did the us volunterilay enter ww1,why did the us varangians enter ww1,0.6,"The obfuscated text still contains the core question and the country involved, but replaces 'volunterilay' with 'varangians', which is a significant change. However, the overall meaning and context of the question remain partially preserved, indicating some information leakage.",llama-3.3-70b-versatile
1063750,why did the us volunterilay enter ww1,why did the us whereupon monoclonius ww1,0.6,"The obfuscated text still contains the phrase 'why did the us' and 'ww1', which are present in the original text, indicating some information leakage. However, the word 'volunterilay' is replaced with 'whereupon monoclonius', which is unrelated to the original word, reducing the information leakage. The score is 0.6 because about half of the original text's meaning is preserved.",llama-3.3-70b-versatile
1063750,why did the us volunterilay enter ww1,why did the us lattakia enter ww1,0.6,"The obfuscated text still contains the phrase 'why did the us' and 'enter ww1', which are present in the original text, indicating some information leakage. However, the word 'volunterilay' is replaced with 'lattakia', which is unrelated to the original word, reducing the information leakage. The score is 0.6 because about half of the original text's meaning is preserved.",llama-3.3-70b-versatile
1063750,why did the us volunterilay enter ww1,why did the us self-worth enter ww1,0.7,"The obfuscated text still contains the phrase 'why did the us' and 'enter ww1', which are key components of the original text, indicating a significant amount of information leakage. However, the word 'volunterilay' has been replaced with 'self-worth', which changes the meaning of the sentence. Therefore, the score is 0.7",llama-3.3-70b-versatile
1063750,why did the us volunterilay enter ww1,why did the us travaligni enter ww1,0.6,"The obfuscated text still contains the phrase 'why did the us' and 'enter ww1', which are present in the original text, indicating some information leakage. However, the word 'volunterilay' is replaced with 'travaligni', which is not a real word and does not provide any meaningful information. Therefore, the score is 0.6.",llama-3.3-70b-versatile
1063750,why did the us volunterilay enter ww1,me did functioned us barksdale david.lazarus@latimes.com ww1,0.4,"The obfuscated text has significant changes, but some key words like 'us' and 'ww1' remain, indicating partial information leakage.",llama-3.3-70b-versatile
1063750,why did the us volunterilay enter ww1,why later the us thaat enter ww1,0.7,"The obfuscated text still contains the core elements of the original text, such as 'why', 'the us', and 'enter ww1', but with some modifications, indicating partial information leakage.",llama-3.3-70b-versatile
