id,text,obfuscatedText,score,justification,model
19335,anthropological definition of environment,upnp younis river sts-95,0.0,"The obfuscated text does not contain any information related to the original text, indicating no information leakage.",llama-3.3-70b-versatile
19335,anthropological definition of environment,coconino chopko ctt sunsern,0.1,"The obfuscated text 'coconino chopko ctt sunsern' does not contain any recognizable words or phrases related to the original text 'anthropological definition of environment', indicating a low level of information leakage.",llama-3.3-70b-versatile
19335,anthropological definition of environment,eastpointe bernois dáil kach,0.0,"The obfuscated text does not contain any information related to the original text 'anthropological definition of environment'. The words in the obfuscated text are unrelated to the original text, indicating no information leakage.",llama-3.3-70b-versatile
19335,anthropological definition of environment,catchallmails destroyer leeds korean,0.0,"The obfuscated text does not contain any information related to the original text 'anthropological definition of environment', so the score is 0",llama-3.3-70b-versatile
19335,anthropological definition of environment,epga y worldsources industrias,0.0,"The obfuscated text 'epga y worldsources industrias' does not contain any recognizable words or phrases related to the original text 'anthropological definition of environment', indicating a very low information leakage.",llama-3.3-70b-versatile
19335,anthropological definition of environment,allbaugh trogonidae rugbyu umno,0.0,"The obfuscated text does not contain any information related to the original text 'anthropological definition of environment'. The words in the obfuscated text are unrelated to the original text, indicating no information leakage.",llama-3.3-70b-versatile
19335,anthropological definition of environment,jendrzejczyk musicnotes.com qabatiya subtropical,0.0,"The obfuscated text does not contain any information related to the original text 'anthropological definition of environment'. The words in the obfuscated text are unrelated to the original text, indicating no information leakage.",llama-3.3-70b-versatile
19335,anthropological definition of environment,pepsi-cola hematological figel jakup,0.0,"The obfuscated text does not contain any information related to the original text 'anthropological definition of environment', so the score is 0",llama-3.3-70b-versatile
19335,anthropological definition of environment,stratigraphic zayed multihomer coastal,0.0,"The obfuscated text does not contain any information related to the original text 'anthropological definition of environment'. The words in the obfuscated text are unrelated to the original text, indicating no information leakage.",llama-3.3-70b-versatile
19335,anthropological definition of environment,"3,450 rummelhardt puncak d'action",0.0,The obfuscated text does not contain any information related to the original text 'anthropological definition of environment'.,llama-3.3-70b-versatile
47923,axon terminals or synaptic knob definition,62-36 snowbowl reflejo cleric tannoudji baronetcies,0.0,"The obfuscated text does not contain any information from the original text, indicating no information leakage.",llama-3.3-70b-versatile
47923,axon terminals or synaptic knob definition,warfighter whether quadrupedal taluk 47-42-17-11 ali,0.1,"The obfuscated text does not contain any recognizable words or phrases related to the original text, indicating a low information leakage score.",llama-3.3-70b-versatile
47923,axon terminals or synaptic knob definition,club facusse sistani punsalan reparata shanksville,0.1,"The obfuscated text does not contain any recognizable words or phrases related to the original text, indicating a low information leakage score.",llama-3.3-70b-versatile
47923,axon terminals or synaptic knob definition,nimetz decriminalizing vinyl vellu consonant hardiness,0.1,"The obfuscated text does not contain any recognizable words or phrases related to the original text, indicating a low information leakage score.",llama-3.3-70b-versatile
47923,axon terminals or synaptic knob definition,mocatta portoroz lonicera khanabad montek yoshifumi,0.0,"The obfuscated text does not contain any recognizable words or phrases related to the original text, indicating minimal information leakage.",llama-3.3-70b-versatile
47923,axon terminals or synaptic knob definition,rowspan networks 57.50 alt tulsi bombmakers,0.0,"The obfuscated text does not contain any recognizable words or phrases related to the original text, indicating minimal information leakage.",llama-3.3-70b-versatile
47923,axon terminals or synaptic knob definition,tsu artery wuzong township-level anmc21 provence-alpes-côte,0.0,"The obfuscated text does not contain any recognizable words or phrases related to the original text 'axon terminals or synaptic knob definition', indicating a very low information leakage.",llama-3.3-70b-versatile
47923,axon terminals or synaptic knob definition,lactose series antonin obrenovac yur rāgam,0.0,"The obfuscated text does not contain any recognizable words or phrases related to the original text 'axon terminals or synaptic knob definition', indicating a very low information leakage.",llama-3.3-70b-versatile
47923,axon terminals or synaptic knob definition,10.66 eagleburger 2.30 co-operative annika masked,0.0,"The obfuscated text does not contain any relevant information from the original text, indicating no information leakage.",llama-3.3-70b-versatile
47923,axon terminals or synaptic knob definition,100-share moisiu crappie samawah inc. heisley,0.0,"The obfuscated text does not contain any relevant information from the original text, indicating no information leakage.",llama-3.3-70b-versatile
87181,causes of left ventricular hypertrophy,weinshall marriages habitantes huntly mastel,0.0,"The obfuscated text does not contain any relevant information from the original text, indicating no information leakage.",llama-3.3-70b-versatile
87181,causes of left ventricular hypertrophy,duodenal mayardit 135.09 redha bogoro,0.0,"The obfuscated text does not contain any relevant information related to the original text, which is about medical conditions. The score is 0 because there is no information leakage from the original text to the obfuscated text.",llama-3.3-70b-versatile
87181,causes of left ventricular hypertrophy,confederate nfpa 117.4 compatibility suetsugu,0.0,"The obfuscated text does not contain any relevant information related to the original text, which is about medical causes of left ventricular hypertrophy. The obfuscated text appears to be a jumbled collection of unrelated words, including a historical term, a standard number, and a surname, indicating no information leakage.",llama-3.3-70b-versatile
87181,causes of left ventricular hypertrophy,bayesian emigrating fluctuation 129.3 10-for-10,0.0,"The obfuscated text does not contain any relevant information related to the original text, which is about causes of left ventricular hypertrophy. The obfuscated text appears to be a collection of unrelated words.",llama-3.3-70b-versatile
87181,causes of left ventricular hypertrophy,csrs bsg a350 390-7862 skuratov,0.0,"The obfuscated text does not contain any relevant information related to the original text, which is about medical causes. The score is 0 because there is no information leakage.",llama-3.3-70b-versatile
87181,causes of left ventricular hypertrophy,bahl railway elle cogito lideres,0.0,"The obfuscated text does not contain any relevant information related to the original text, which is about medical causes. Therefore, the score is 0.",llama-3.3-70b-versatile
87181,causes of left ventricular hypertrophy,strakonice und timequest keyon burma,0.0,"The obfuscated text does not contain any relevant information related to the original text, which is about medical causes of left ventricular hypertrophy. The obfuscated text appears to be a jumbled collection of unrelated words, including geographical locations, names, and terms from various fields. Therefore, the score for information leakage is 0.",llama-3.3-70b-versatile
87181,causes of left ventricular hypertrophy,honduras capital co. tankōbon oyez,0.0,"The obfuscated text does not contain any relevant information related to the original text, which is about medical causes. Therefore, the score is 0.",llama-3.3-70b-versatile
87181,causes of left ventricular hypertrophy,formula_43 strait shaharyar quechee sicheianytimes.com,0.0,"The obfuscated text does not contain any relevant information related to the original text 'causes of left ventricular hypertrophy'. The words in the obfuscated text are unrelated to the original text, indicating no information leakage.",llama-3.3-70b-versatile
87181,causes of left ventricular hypertrophy,abdulsalam mutanabi ibragim nad all-england,0.0,"The obfuscated text does not contain any relevant information related to the original text, which is about the causes of left ventricular hypertrophy. The obfuscated text appears to be a collection of unrelated words, including names, locations, and terms from various fields, but none of them are related to the original topic. Therefore, the score is 0, indicating no information leakage.",llama-3.3-70b-versatile
87452,causes of military suicide,$ maturity gen. oxidizing,0.1,"The obfuscated text does not reveal any direct information about the original text, which is about the causes of military suicide. The words 'maturity', 'gen', and 'oxidizing' do not have an obvious connection to the original topic, indicating a low information leakage score.",llama-3.3-70b-versatile
87452,causes of military suicide,brahmos passito york qaleh-ye,0.2,"The obfuscated text 'brahmos passito york qaleh-ye' does not contain any direct references to the original text 'causes of military suicide', indicating a low information leakage score of 0.2",llama-3.3-70b-versatile
87452,causes of military suicide,nottinghamshire acids hospital documents,0.2,"The obfuscated text 'nottinghamshire acids hospital documents' does not reveal any direct information about the original text 'causes of military suicide', but it contains the word 'hospital' and 'documents' which could be vaguely related to the topic of military suicide, thus a small amount of information leakage is possible",llama-3.3-70b-versatile
87452,causes of military suicide,premeditation cutthroat 10-city plame,0.0,"The obfuscated text does not reveal any information about the original text 'causes of military suicide'. The words in the obfuscated text are unrelated to the original text, indicating no information leakage.",llama-3.3-70b-versatile
87452,causes of military suicide,mefin sheikh basse-normandie 102.1,0.2,"The obfuscated text does not contain any direct references to the original text, but some words may be vaguely related to military or serious topics, thus a small score is given",llama-3.3-70b-versatile
87452,causes of military suicide,hingis américa 43.30 thich,0.1,"The obfuscated text does not contain any keywords related to the original text, indicating minimal information leakage.",llama-3.3-70b-versatile
87452,causes of military suicide,yory bewkes dormition gwendolynne,0.0,The obfuscated text does not contain any relevant information related to the original text 'causes of military suicide'. The words appear to be unrelated and do not convey any meaningful connection to the original text.,llama-3.3-70b-versatile
87452,causes of military suicide,proverb 103-day upali hreik,0.0,"The obfuscated text does not contain any keywords related to the original text 'causes of military suicide', indicating minimal information leakage.",llama-3.3-70b-versatile
87452,causes of military suicide,kaposi misgav stabilization instilling,0.1,"The obfuscated text does not contain any keywords related to the original text, indicating minimal information leakage.",llama-3.3-70b-versatile
87452,causes of military suicide,' b7tl two-year-old doubles,0.0,"The obfuscated text does not contain any relevant information related to the original text, which is about the causes of military suicide. The words in the obfuscated text seem unrelated to the topic, indicating minimal information leakage.",llama-3.3-70b-versatile
104861,cost of interior concrete flooring,edmunds.com graner rhysodinae yipsi harlequins,0.0,"The obfuscated text does not contain any information related to the original text, indicating no information leakage.",llama-3.3-70b-versatile
104861,cost of interior concrete flooring,7.50 lcross ergen 1-800-698-4637 245.5,0.0,"The obfuscated text does not contain any relevant information related to the original text 'cost of interior concrete flooring'. The obfuscated text appears to be a jumbled collection of numbers and words unrelated to the original text, indicating minimal information leakage.",llama-3.3-70b-versatile
104861,cost of interior concrete flooring,anglia casmoussa gerassimos police ambrosiano,0.0,The obfuscated text does not contain any relevant information related to the original text 'cost of interior concrete flooring'. The score is 0 because the obfuscated text appears to be completely unrelated and does not reveal any information about the original text.,llama-3.3-70b-versatile
104861,cost of interior concrete flooring,"entrevistas disengagement ,105 turnberry palestinian",0.0,The obfuscated text does not contain any relevant information related to the original text 'cost of interior concrete flooring'. The score is 0.0 because the obfuscated text appears to be completely unrelated to the original text.,llama-3.3-70b-versatile
104861,cost of interior concrete flooring,britain - cosmonaut rectus falsies,0.0,"The obfuscated text does not contain any relevant information related to the original text, which is about the cost of interior concrete flooring. The score is 0 because there is no information leakage.",llama-3.3-70b-versatile
104861,cost of interior concrete flooring,arrowed campaign for strobe daylights,0.0,"The obfuscated text does not contain any relevant information related to the original text 'cost of interior concrete flooring'. The words appear to be unrelated and do not provide any meaningful connection to the original text, indicating minimal information leakage.",llama-3.3-70b-versatile
104861,cost of interior concrete flooring,jerusalemite bentworth seasonally cahuenga matuzalem,0.0,"The obfuscated text does not contain any relevant information related to the original text 'cost of interior concrete flooring'. The words appear to be random and unrelated to the topic, indicating minimal information leakage.",llama-3.3-70b-versatile
104861,cost of interior concrete flooring,chown q-400 nikbakht taas gottemoeller,0.0,"The obfuscated text does not contain any relevant information related to the original text 'cost of interior concrete flooring'. The words appear to be random and unrelated to the topic, indicating minimal information leakage.",llama-3.3-70b-versatile
104861,cost of interior concrete flooring,mutual mugunga blogs.tampabay.com comed 300m,0.0,"The obfuscated text does not contain any relevant information related to the original text 'cost of interior concrete flooring'. The words and phrases used are unrelated to the topic, indicating no information leakage.",llama-3.3-70b-versatile
104861,cost of interior concrete flooring,chunyun vehicle crataegus otago pleau,0.0,"The obfuscated text does not contain any relevant information related to the original text 'cost of interior concrete flooring'. The words in the obfuscated text are unrelated to the topic of concrete flooring, indicating no information leakage.",llama-3.3-70b-versatile
1106007,define visceral?,inducers waziriya,0.1,"The obfuscated text 'inducers waziriya' does not convey the same meaning as the original text 'define visceral?', thus the information leakage is minimal.",llama-3.3-70b-versatile
1106007,define visceral?,economic real-valued,0.2,"The obfuscated text 'economic real-valued' does not convey the meaning of the original text 'define visceral?', thus the score is 0.2",llama-3.3-70b-versatile
1106007,define visceral?,atp 1.0-1,0.1,"The obfuscated text 'atp 1.0-1' does not convey the meaning of the original text 'define visceral?', thus the score is 0.1",llama-3.3-70b-versatile
1106007,define visceral?,8-story ali,0.2,"The obfuscated text '8-story ali' does not convey the meaning of the original text 'define visceral?', thus the score is 0.2",llama-3.3-70b-versatile
1106007,define visceral?,sintering hejazi,0.0,"The obfuscated text 'sintering hejazi' does not contain any information related to the definition of 'visceral', thus the score is 0",llama-3.3-70b-versatile
1106007,define visceral?,team jatuporn,0.0,"The obfuscated text 'team jatuporn' does not contain any information related to the definition of 'visceral', which refers to something related to the viscera, the internal organs of the body. The score of 0 indicates no information leakage from the original text to the obfuscated text.",llama-3.3-70b-versatile
1106007,define visceral?,gharana chiyoda,0.0,"The obfuscated text 'gharana chiyoda' does not contain any information related to the definition of 'visceral', thus the score is 0",llama-3.3-70b-versatile
1106007,define visceral?,lipno muslim,0.2,"The obfuscated text 'lipno muslim' does not appear to be related to the original text 'define visceral?', indicating significant information leakage. However, the score should reflect that some meaning might still be inferred, albeit very vaguely, thus a score of 0.2 is assigned.",llama-3.3-70b-versatile
1106007,define visceral?,insectivores glens,0.0,"The obfuscated text does not contain any information related to the definition of visceral, so the score is 0",llama-3.3-70b-versatile
1106007,define visceral?,inertial gruelling,0.0,"The obfuscated text 'inertial gruelling' does not contain any information related to the definition of 'visceral', thus the score is 0",llama-3.3-70b-versatile
130510,definition declaratory judgment,aiyenugba sarasi soviet,0.0,"The obfuscated text 'aiyenugba sarasi soviet' does not resemble the original text 'definition declaratory judgment' in any way, indicating a very low information leakage score.",llama-3.3-70b-versatile
130510,definition declaratory judgment,19:55 abdeljilil hilemon,0.0,"The obfuscated text '19:55 abdeljilil hilemon' does not resemble the original text 'definition declaratory judgment' in any way, indicating a very low information leakage score.",llama-3.3-70b-versatile
130510,definition declaratory judgment,supervoting hyeon koor,0.2,"The obfuscated text does not contain any recognizable words or phrases from the original text, indicating a low level of information leakage.",llama-3.3-70b-versatile
130510,definition declaratory judgment,bardhaman pipefish smbc,0.1,"The obfuscated text 'bardhaman pipefish smbc' does not contain any recognizable words or phrases from the original text 'definition declaratory judgment', indicating a low level of information leakage.",llama-3.3-70b-versatile
130510,definition declaratory judgment,tankōbon moved.tech kookmin,0.1,"The obfuscated text 'tankōbon moved.tech kookmin' does not resemble the original text 'definition declaratory judgment' in any way, indicating a very low information leakage.",llama-3.3-70b-versatile
130510,definition declaratory judgment,"149-member bustard 77,738",0.2,"The obfuscated text does not resemble the original text in any way, indicating a high level of obfuscation.",llama-3.3-70b-versatile
130510,definition declaratory judgment,yinchuan 41.74 protesters,0.0,"The obfuscated text does not contain any information from the original text, indicating no information leakage.",llama-3.3-70b-versatile
130510,definition declaratory judgment,umschlagplatz condita sati,0.0,"The obfuscated text does not contain any information from the original text, indicating no information leakage.",llama-3.3-70b-versatile
130510,definition declaratory judgment,hamiltonian bobroff ioc,0.0,"The obfuscated text 'hamiltonian bobroff ioc' does not contain any information from the original text 'definition declaratory judgment', so the score is 0",llama-3.3-70b-versatile
130510,definition declaratory judgment,unigauge riaa lasting,0.0,"The obfuscated text does not contain any information from the original text, indicating no information leakage.",llama-3.3-70b-versatile
131843,definition of a sigmet,boulevard carniola swonk mariemuthoo,0.0,"The obfuscated text does not contain any information from the original text, indicating no information leakage.",llama-3.3-70b-versatile
131843,definition of a sigmet,neen album kooyong america,0.0,"The obfuscated text 'neen album kooyong america' does not contain any information related to the original text 'definition of a sigmet', indicating no information leakage.",llama-3.3-70b-versatile
131843,definition of a sigmet,rangiora confederal very dinelli,0.0,"The obfuscated text 'rangiora confederal very dinelli' does not contain any information related to the original text 'definition of a sigmet', indicating no information leakage.",llama-3.3-70b-versatile
131843,definition of a sigmet,- down spokesman 12.95,0.0,"The obfuscated text does not contain any information related to the original text 'definition of a sigmet', so the score is 0",llama-3.3-70b-versatile
131843,definition of a sigmet,fattens hanq euro139 aeropostale,0.0,"The obfuscated text does not contain any information related to the original text 'definition of a sigmet', which refers to a specific weather phenomenon. The obfuscated text appears to be a collection of unrelated words, indicating no information leakage.",llama-3.3-70b-versatile
131843,definition of a sigmet,multivariate inordinate olshevsky kashkari,0.0,"The obfuscated text does not contain any information related to the original text 'definition of a sigmet', which is a meteorological term. The obfuscated text appears to be a collection of random words, indicating no information leakage.",llama-3.3-70b-versatile
131843,definition of a sigmet,risdon pap autonomy is,0.0,"The obfuscated text does not contain any information related to the original text 'definition of a sigmet', which is a meteorological term. The obfuscated text appears to be a collection of random words, indicating no information leakage.",llama-3.3-70b-versatile
131843,definition of a sigmet,nepticulidae craterlets estate tsvangirai,0.0,"The obfuscated text does not contain any information related to the original text 'definition of a sigmet', so the score is 0",llama-3.3-70b-versatile
131843,definition of a sigmet,belka ty inflation nzsx-50,0.0,"The obfuscated text does not contain any information related to the original text 'definition of a sigmet', so the score is 0",llama-3.3-70b-versatile
131843,definition of a sigmet,hennekens anti-retroviral 98.11 briefing.com,0.0,"The obfuscated text does not contain any information related to the original text 'definition of a sigmet', so the score is 0",llama-3.3-70b-versatile
146187,difference between a mcdouble and a double cheeseburger,makati polonium tni ek anomeritis treasurys vedanta alliance,0.0,"The obfuscated text does not contain any recognizable words or phrases from the original text, indicating a high level of obfuscation.",llama-3.3-70b-versatile
146187,difference between a mcdouble and a double cheeseburger,gnashing pre-k electron beugre apportioned .581 squalling dc-10,0.0,"The obfuscated text does not contain any recognizable words or phrases from the original text, indicating a high level of obfuscation.",llama-3.3-70b-versatile
146187,difference between a mcdouble and a double cheeseburger,sprinzen esna miscued sirard tamil-language florian cheen spreckels,0.0,"The obfuscated text does not contain any recognizable words or phrases from the original text, indicating a high level of obfuscation.",llama-3.3-70b-versatile
146187,difference between a mcdouble and a double cheeseburger,dual-channel subfamily guangkai follette posted kiraithe kse ricken,0.0,"The obfuscated text does not contain any recognizable words or phrases related to the original text, indicating a high level of obfuscation.",llama-3.3-70b-versatile
146187,difference between a mcdouble and a double cheeseburger,1.353 orthodox italy brodney cup boiler army 21.95,0.0,"The obfuscated text does not contain any relevant information from the original text, indicating no information leakage.",llama-3.3-70b-versatile
146187,difference between a mcdouble and a double cheeseburger,pleaser pancasila freemen lamark aceros hutu sphere pugwash,0.0,"The obfuscated text does not contain any information related to the original text, which is about the difference between a McDouble and a Double Cheeseburger. The obfuscated text appears to be a collection of random words, including proper nouns, common nouns, and words from different languages. Therefore, the score is 0, indicating no information leakage.",llama-3.3-70b-versatile
146187,difference between a mcdouble and a double cheeseburger,cross who2004.svg qatar rustenburg marche carbanion 95-90 superskills,0.0,"The obfuscated text does not contain any information related to the original text, which is about the difference between a McDouble and a Double Cheeseburger. The obfuscated text appears to be a collection of random words, including proper nouns, scientific terms, and unrelated concepts.",llama-3.3-70b-versatile
146187,difference between a mcdouble and a double cheeseburger,okware bernhard for cofactors display hasmah http://www.nasa.gov untermenschen,0.0,"The obfuscated text does not contain any information related to the original text, which is about the difference between a McDouble and a Double Cheeseburger. The obfuscated text appears to be a collection of random words and phrases, including proper nouns, scientific terms, and URLs, with no discernible connection to the original text.",llama-3.3-70b-versatile
146187,difference between a mcdouble and a double cheeseburger,energy oficial economist unrounded shemona juleanna nottm yaroslav,0.0,"The obfuscated text does not contain any information related to the original text, which is about the difference between a McDouble and a Double Cheeseburger. The obfuscated text appears to be a collection of random words, including proper nouns, scientific terms, and unrelated concepts. Therefore, the score for information leakage is 0.",llama-3.3-70b-versatile
146187,difference between a mcdouble and a double cheeseburger,were delta 20-17 castelveter sollecito 147.50 lewsey lonmin,0.0,"The obfuscated text does not contain any information related to the original text, which is about the difference between a McDouble and a Double Cheeseburger. The obfuscated text appears to be a collection of random words, including names, locations, and terms from various fields, with no discernible connection to the original text.",llama-3.3-70b-versatile
148538,difference between rn and bsn,callovian pranjic sandiego pahamin ramon,0.0,"The obfuscated text does not contain any recognizable words or phrases from the original text, indicating a low level of information leakage.",llama-3.3-70b-versatile
148538,difference between rn and bsn,minister analyst bakhsh istanbul nrs,0.0,"The obfuscated text does not contain any relevant information from the original text, indicating minimal information leakage.",llama-3.3-70b-versatile
148538,difference between rn and bsn,banxquote aral rusal ethnic disaster,0.0,"The obfuscated text does not contain any relevant information from the original text, indicating minimal information leakage.",llama-3.3-70b-versatile
148538,difference between rn and bsn,season eln collender arrestor nara,0.0,"The obfuscated text does not contain any relevant information from the original text, indicating no information leakage.",llama-3.3-70b-versatile
148538,difference between rn and bsn,multi-use de i-divisioona bmxer naohiko,0.0,"The obfuscated text does not contain any relevant information from the original text, indicating minimal information leakage.",llama-3.3-70b-versatile
148538,difference between rn and bsn,bergoust vaesen during deer stik,0.0,"The obfuscated text does not contain any relevant information from the original text, indicating no information leakage.",llama-3.3-70b-versatile
148538,difference between rn and bsn,system their (813) riding http://www.cdc.gov,0.0,"The obfuscated text appears to be completely unrelated to the original text, with no discernible connection between the two. The score is 0.0, indicating no information leakage.",llama-3.3-70b-versatile
148538,difference between rn and bsn,arats canizares wftda this -1.0,0.0,"The obfuscated text does not contain any relevant information from the original text, indicating no information leakage.",llama-3.3-70b-versatile
148538,difference between rn and bsn,itf service .857 kalatozov campeonato,0.0,"The obfuscated text does not contain any relevant information from the original text, so the score is 0",llama-3.3-70b-versatile
148538,difference between rn and bsn,erik syria 12/15 center centennial,0.0,"The obfuscated text does not contain any relevant information from the original text, indicating no information leakage.",llama-3.3-70b-versatile
156493,do goldfish grow,muoi emberizid d,0.1,"The obfuscated text 'muoi emberizid d' does not resemble the original text 'do goldfish grow' in any way, indicating a very low information leakage score of 0.1",llama-3.3-70b-versatile
156493,do goldfish grow,nah rungfapaisarn shereka,0.1,"The obfuscated text 'nah rungfapaisarn shereka' does not appear to be related to the original text 'do goldfish grow', indicating minimal information leakage.",llama-3.3-70b-versatile
156493,do goldfish grow,tropicana suler percent,0.1,"The obfuscated text 'tropicana suler percent' does not resemble the original text 'do goldfish grow' in any way, indicating a very low information leakage score of 0.1",llama-3.3-70b-versatile
156493,do goldfish grow,t-bar 143.8 palestinians,0.2,"The obfuscated text 't-bar 143.8 palestinians' does not contain any information related to the original text 'do goldfish grow', indicating a low information leakage score of 0.2",llama-3.3-70b-versatile
156493,do goldfish grow,institutional helgerson steep-sided,0.0,"The obfuscated text 'institutional helgerson steep-sided' does not contain any information from the original text 'do goldfish grow', so the score is 0",llama-3.3-70b-versatile
156493,do goldfish grow,people dobrynska chester-upland,0.1,"The obfuscated text 'people dobrynska chester-upland' does not appear to be related to the original text 'do goldfish grow', indicating a low information leakage score.",llama-3.3-70b-versatile
156493,do goldfish grow,vinik 476-4294 a-decade,0.0,"The obfuscated text does not contain any information related to the original text 'do goldfish grow', so the score is 0",llama-3.3-70b-versatile
156493,do goldfish grow,tomicki heartport shiffa,0.0,"The obfuscated text does not contain any information related to the original text 'do goldfish grow'. The words are completely unrelated, indicating no information leakage.",llama-3.3-70b-versatile
156493,do goldfish grow,park lundy lymphocytes,0.1,"The obfuscated text 'park lundy lymphocytes' does not contain any information related to the original text 'do goldfish grow', indicating a low information leakage score.",llama-3.3-70b-versatile
156493,do goldfish grow,stemberg official http://www.who.int,0.0,"The obfuscated text 'stemberg official http://www.who.int' does not contain any information related to the original text 'do goldfish grow', so the score is 0",llama-3.3-70b-versatile
168216,does legionella pneumophila cause pneumonia,neoplatonism metayer newspaper horsnell cssd,0.0,"The obfuscated text does not contain any information related to the original text, indicating no information leakage.",llama-3.3-70b-versatile
168216,does legionella pneumophila cause pneumonia,hutzler hectoliter crisford extinction facial,0.0,"The obfuscated text does not contain any information related to the original text, indicating no information leakage.",llama-3.3-70b-versatile
168216,does legionella pneumophila cause pneumonia,peerages kermadec ikrema baronetage growth,0.0,"The obfuscated text does not contain any relevant information related to the original text, indicating minimal information leakage.",llama-3.3-70b-versatile
168216,does legionella pneumophila cause pneumonia,226-3346 kalkhoven 800-444-0267 abatement bohrman,0.0,"The obfuscated text does not contain any information related to the original text, indicating no information leakage.",llama-3.3-70b-versatile
168216,does legionella pneumophila cause pneumonia,modell norteamericano league 4.89 developers,0.0,"The obfuscated text does not contain any information related to the original text, indicating no information leakage.",llama-3.3-70b-versatile
168216,does legionella pneumophila cause pneumonia,sockol superdelegates envia vivo dextre,0.0,"The obfuscated text does not contain any information related to the original text 'does legionella pneumophila cause pneumonia', so the score is 0",llama-3.3-70b-versatile
168216,does legionella pneumophila cause pneumonia,nahn 50km benjarvus also revkin,0.0,"The obfuscated text does not contain any relevant information related to the original text, which is about Legionella pneumophila causing pneumonia. The obfuscated text appears to be a collection of unrelated words.",llama-3.3-70b-versatile
168216,does legionella pneumophila cause pneumonia,26-oct bousquet reserves +44 perl,0.0,"The obfuscated text does not contain any information related to the original text, which is about Legionella pneumophila causing pneumonia. The obfuscated text appears to be a collection of unrelated words, including names, locations, and numbers, with no apparent connection to the original text.",llama-3.3-70b-versatile
168216,does legionella pneumophila cause pneumonia,billion hennekens dipterocarpaceae huis carcassonne,0.0,"The obfuscated text does not contain any information related to the original text, which is about Legionella pneumophila causing pneumonia. The obfuscated text appears to be a collection of random words, including names, places, and terms from various fields, but none of them are related to the original text.",llama-3.3-70b-versatile
168216,does legionella pneumophila cause pneumonia,24-kilometer medvedev phytosanitary tabatabainejad bocas,0.0,"The obfuscated text does not contain any relevant information related to the original text, which is about Legionella pneumophila causing pneumonia. The obfuscated text appears to be a collection of unrelated words, including names, locations, and terms from various fields, but none of them are related to the original text.",llama-3.3-70b-versatile
182539,example of monotonic function,fenerbahçe qods leucine yates,0.0,"The obfuscated text does not contain any information from the original text, indicating no information leakage.",llama-3.3-70b-versatile
182539,example of monotonic function,nattawut menteng ships percent,0.0,"The obfuscated text 'nattawut menteng ships percent' does not contain any information from the original text 'example of monotonic function', so the score is 0",llama-3.3-70b-versatile
182539,example of monotonic function,phyllodes round-tower 2-last 265-420,0.0,"The obfuscated text does not contain any information from the original text, so the score is 0",llama-3.3-70b-versatile
182539,example of monotonic function,formula_27 busia cusiana state,0.0,"The obfuscated text does not contain any information from the original text, so the score is 0",llama-3.3-70b-versatile
182539,example of monotonic function,$ bijan dónde clay,0.0,"The obfuscated text '$ bijan dónde clay' does not contain any information from the original text 'example of monotonic function', so the score is 0",llama-3.3-70b-versatile
182539,example of monotonic function,ungulates 2.25 mutlaq nazila,0.0,"The obfuscated text does not contain any information from the original text, indicating no information leakage.",llama-3.3-70b-versatile
182539,example of monotonic function,mankahlana passengers u.n.-controlled 1994-2007,0.0,"The obfuscated text does not contain any information related to the original text 'example of monotonic function', so the score is 0",llama-3.3-70b-versatile
182539,example of monotonic function,shutter astronaut qunu kościerzyna,0.0,"The obfuscated text does not contain any information from the original text, so the score is 0",llama-3.3-70b-versatile
182539,example of monotonic function,equitable voyageur sypniewski naismith,0.0,"The obfuscated text does not contain any information from the original text, indicating no information leakage.",llama-3.3-70b-versatile
182539,example of monotonic function,google.com department shield/desert forex,0.0,"The obfuscated text does not contain any information related to the original text 'example of monotonic function', so the score is 0",llama-3.3-70b-versatile
183378,exons definition biology,scaruffi design dvora,0.0,"The obfuscated text 'scaruffi design dvora' does not contain any information from the original text 'exons definition biology', indicating no information leakage.",llama-3.3-70b-versatile
183378,exons definition biology,cory-wright sa primera,0.0,"The obfuscated text 'cory-wright sa primera' does not contain any information from the original text 'exons definition biology', indicating no information leakage.",llama-3.3-70b-versatile
183378,exons definition biology,leftmost pesos marconnet,0.0,"The obfuscated text 'leftmost pesos marconnet' does not contain any information from the original text 'exons definition biology', so the score is 0",llama-3.3-70b-versatile
183378,exons definition biology,megabits sap her,0.0,"The obfuscated text does not contain any information related to the original text, indicating no information leakage.",llama-3.3-70b-versatile
183378,exons definition biology,wolsztyn bund pvi,0.0,"The obfuscated text does not contain any information related to the original text, indicating no information leakage.",llama-3.3-70b-versatile
183378,exons definition biology,20003 chikungunya 222-8879,0.1,"The obfuscated text '20003 chikungunya 222-8879' does not appear to be related to the original text 'exons definition biology', indicating a low information leakage score of 0.1",llama-3.3-70b-versatile
183378,exons definition biology,90-second owned-and-operated tareq,0.0,"The obfuscated text does not contain any information related to the original text 'exons definition biology', so the score is 0",llama-3.3-70b-versatile
183378,exons definition biology,ltu issues percle,0.0,"The obfuscated text does not contain any information related to the original text 'exons definition biology', so the score is 0",llama-3.3-70b-versatile
183378,exons definition biology,518.5 krystosik kingdom,0.0,"The obfuscated text does not contain any information related to the original text 'exons definition biology', so the score is 0",llama-3.3-70b-versatile
183378,exons definition biology,56kg marsicanin mustaqbal,0.0,"The obfuscated text does not contain any information related to the original text 'exons definition biology', so the score is 0",llama-3.3-70b-versatile
207786,how are some sharks warm blooded,cricket bekaa bellevarde trimley sel bharti,0.0,"The obfuscated text does not contain any information from the original text, indicating no information leakage.",llama-3.3-70b-versatile
207786,how are some sharks warm blooded,will tunisian ayalon extinction baldly birla,0.0,"The obfuscated text does not contain any information related to the original text, indicating no information leakage.",llama-3.3-70b-versatile
207786,how are some sharks warm blooded,louisine said sapolu 17-time he iebc,0.0,"The obfuscated text does not contain any information related to the original text, indicating no information leakage.",llama-3.3-70b-versatile
207786,how are some sharks warm blooded,crin steelhead nateq bbc hysan 107.8,0.0,"The obfuscated text does not contain any information related to the original text, indicating no information leakage.",llama-3.3-70b-versatile
207786,how are some sharks warm blooded,ira abc1 phenotypic goiás arats army-wide,0.0,"The obfuscated text does not contain any information related to the original text, indicating no information leakage.",llama-3.3-70b-versatile
207786,how are some sharks warm blooded,junggar 83-seat cao five-match raslan roh,0.0,"The obfuscated text does not contain any information related to the original text, indicating no information leakage.",llama-3.3-70b-versatile
207786,how are some sharks warm blooded,umar padare optical ranstorp ' schattner,0.0,"The obfuscated text does not contain any information related to the original text, indicating no information leakage.",llama-3.3-70b-versatile
207786,how are some sharks warm blooded,salhiya ministry anterior-posterior milenković rock/metal bc4,0.0,"The obfuscated text does not contain any information related to the original text, indicating no information leakage.",llama-3.3-70b-versatile
207786,how are some sharks warm blooded,encoded bottom wta .429 čech uniting,0.0,"The obfuscated text does not contain any information related to the original text, indicating no information leakage.",llama-3.3-70b-versatile
207786,how are some sharks warm blooded,birds spokesman myawaddy canby an merman,0.0,"The obfuscated text does not contain any information related to the original text, indicating no information leakage.",llama-3.3-70b-versatile
1133167,how is the weather in jamaica,angelos abayat qilu cyclone mordellidae tuscaloosa,0.0,"The obfuscated text does not contain any recognizable words or phrases from the original text, indicating a low level of information leakage.",llama-3.3-70b-versatile
1133167,how is the weather in jamaica,paginated modernes faim 747-400 tabloid excelaire,0.1,"The obfuscated text does not contain any recognizable words or phrases related to the original text, indicating a low level of information leakage.",llama-3.3-70b-versatile
1133167,how is the weather in jamaica,lengai mladjan gourmelon baskins aqha panesar,0.1,"The obfuscated text does not contain any recognizable words or phrases related to the original text, indicating a low level of information leakage.",llama-3.3-70b-versatile
1133167,how is the weather in jamaica,guynn ncua nagin borisovas 1962-65 west,0.1,"The obfuscated text does not contain any recognizable words or phrases related to the original text, indicating a low information leakage score.",llama-3.3-70b-versatile
1133167,how is the weather in jamaica,derived 20-kilometer xianglin kans. picture-winged conakry,0.0,"The obfuscated text does not contain any recognizable words or phrases related to the original text 'how is the weather in jamaica', indicating a low information leakage score.",llama-3.3-70b-versatile
1133167,how is the weather in jamaica,azadegan caricom jmb iseman 212-621-5449 hyperthyroidism,0.0,"The obfuscated text does not contain any recognizable words or phrases related to the original text 'how is the weather in jamaica', indicating a very low information leakage.",llama-3.3-70b-versatile
1133167,how is the weather in jamaica,focus on-the-field greipel znbc accidents hubbell,0.0,"The obfuscated text does not contain any recognizable words or phrases related to the original text 'how is the weather in jamaica', indicating a very low information leakage.",llama-3.3-70b-versatile
1133167,how is the weather in jamaica,juanico lattes fraph nethaway unreleased brehon,0.0,"The obfuscated text does not contain any recognizable words or phrases related to the original text 'how is the weather in jamaica', indicating a very low information leakage.",llama-3.3-70b-versatile
1133167,how is the weather in jamaica,israeli 46.5 destry 1/18 arco mmol/l,0.0,"The obfuscated text does not contain any recognizable words or phrases related to the original text 'how is the weather in jamaica', indicating a very low information leakage.",llama-3.3-70b-versatile
1133167,how is the weather in jamaica,rlfc khānī fahrinkrug d6 honeyeater ecuatoriano,0.0,"The obfuscated text does not contain any recognizable words or phrases related to the original text 'how is the weather in jamaica', indicating a very low information leakage.",llama-3.3-70b-versatile
264014,how long is life cycle of flea,plame reciprocate ballas chief 78767 emptor 893-8586,0.0,"The obfuscated text does not contain any information related to the original text, indicating no information leakage.",llama-3.3-70b-versatile
264014,how long is life cycle of flea,snake-like sfr crypturellus klasse norrish cutud kse-100,0.0,"The obfuscated text does not contain any recognizable words or phrases from the original text, indicating a high level of obfuscation.",llama-3.3-70b-versatile
264014,how long is life cycle of flea,i testfired greek roslin elian park alrosa,0.1,"The obfuscated text does not contain any recognizable words or phrases related to the original text, indicating a low information leakage score.",llama-3.3-70b-versatile
264014,how long is life cycle of flea,cac-40 tysabri erisa rakyat mildew akp iława,0.0,"The obfuscated text does not contain any information related to the original text 'how long is life cycle of flea', so the score is 0",llama-3.3-70b-versatile
264014,how long is life cycle of flea,"football 1,000-point ritterkreuz burqa 32.00 hielo nirdi",0.0,"The obfuscated text does not contain any relevant information related to the original text, which is about the life cycle of a flea. The obfuscated text appears to be a jumbled collection of unrelated words, including proper nouns, numbers, and words from different languages.",llama-3.3-70b-versatile
264014,how long is life cycle of flea,mingzhu non-electrified kaladan 0.18 56.20 baid %,0.0,"The obfuscated text does not contain any relevant information related to the original text, which is about the life cycle of a flea. The obfuscated text appears to be a jumbled collection of unrelated words and numbers.",llama-3.3-70b-versatile
264014,how long is life cycle of flea,vaziri ottoman pi04 78-day bolognesi ortsgemeinde .762,0.0,"The obfuscated text does not contain any information related to the original text 'how long is life cycle of flea'. The words and numbers in the obfuscated text are unrelated to the topic of flea life cycle, indicating no information leakage.",llama-3.3-70b-versatile
264014,how long is life cycle of flea,delacorte kornafel chief dramas 99.11 rpm wpt,0.0,The obfuscated text does not contain any information related to the original text 'how long is life cycle of flea'. The words and numbers in the obfuscated text appear to be randomly chosen and do not provide any meaningful connection to the original text.,llama-3.3-70b-versatile
264014,how long is life cycle of flea,rays 64gb electric thracian u.n.-drafted kaupthing ijape,0.0,"The obfuscated text does not contain any information related to the original text, indicating no information leakage.",llama-3.3-70b-versatile
264014,how long is life cycle of flea,rotten pantaenus carl lived cand.jur aimtc myss,0.0,The obfuscated text does not contain any information related to the original text 'how long is life cycle of flea'.,llama-3.3-70b-versatile
359349,how to find the midsegment of a trapezoid,michael 28.0 muda mutagenesis lipobay 800-word slobodan geddings,0.0,"The obfuscated text does not contain any relevant information about the original text, which is about finding the midsegment of a trapezoid. The obfuscated text appears to be a jumbled collection of unrelated words and numbers, indicating minimal information leakage.",llama-3.3-70b-versatile
359349,how to find the midsegment of a trapezoid,liberalise £ khivrenko play-by-play soyabean grassroots chonbuk outswinger,0.0,"The obfuscated text does not contain any relevant information related to the original text, which is about finding the midsegment of a trapezoid. The obfuscated text appears to be a collection of random words unrelated to geometry or mathematics.",llama-3.3-70b-versatile
359349,how to find the midsegment of a trapezoid,utc-6 district nine-ball we studena habitat substrates battleship,0.0,"The obfuscated text does not contain any relevant information about the original text, which is about finding the midsegment of a trapezoid. The obfuscated text appears to be a collection of random words unrelated to the original text.",llama-3.3-70b-versatile
359349,how to find the midsegment of a trapezoid,`` maloku itching monoid euna noctuidae ln incirlik,0.0,"The obfuscated text does not contain any relevant information related to the original text, which is about finding the midsegment of a trapezoid. The obfuscated text appears to be a collection of random words.",llama-3.3-70b-versatile
359349,how to find the midsegment of a trapezoid,georgian diringer golub-dobrzyń hweh shrimp toshikatsu peace nicolaus,0.0,"The obfuscated text does not contain any relevant information related to the original text, which is about finding the midsegment of a trapezoid. The obfuscated text appears to be a collection of random words, including proper nouns, scientific terms, and unrelated concepts. Therefore, the score for information leakage is 0.",llama-3.3-70b-versatile
359349,how to find the midsegment of a trapezoid,or diseases inspection circumpolar apurimac lybrand independence in,0.0,"The obfuscated text does not contain any relevant information related to the original text, which is about finding the midsegment of a trapezoid. The obfuscated text appears to be a collection of random words, including proper nouns, common nouns, and phrases, that do not convey any meaningful information about the original text.",llama-3.3-70b-versatile
359349,how to find the midsegment of a trapezoid,capitaland 4x200 billion st. gallon greenberg 23-july runako,0.0,"The obfuscated text does not contain any relevant information related to the original text, which is about finding the midsegment of a trapezoid. The obfuscated text appears to be a collection of random words, including names, locations, and terms from various fields, but none of them are related to geometry or trapezoids. Therefore, the score is 0, indicating no information leakage.",llama-3.3-70b-versatile
359349,how to find the midsegment of a trapezoid,instars reemployment recession bargi russia dissonance regula mixture,0.0,"The obfuscated text does not contain any relevant information related to the original text, which is about finding the midsegment of a trapezoid. The obfuscated text appears to be a collection of random words, including proper nouns, scientific terms, and unrelated concepts.",llama-3.3-70b-versatile
359349,how to find the midsegment of a trapezoid,maceira teams ueli italian dawit 0-0 piatti ryler,0.0,"The obfuscated text does not contain any relevant information related to the original text, which is about finding the midsegment of a trapezoid. The obfuscated text appears to be a collection of random words, including names, locations, and terms from various fields, but none of them are related to geometry or trapezoids.",llama-3.3-70b-versatile
359349,how to find the midsegment of a trapezoid,miroslav feustel yashili ministerial allmusic nieuw panchal defender,0.0,"The obfuscated text does not contain any relevant information related to the original text, which is about finding the midsegment of a trapezoid. The obfuscated text appears to be a collection of random words, including names, locations, and terms from various fields, but none of them are related to geometry or trapezoids. Therefore, the score should be close to 0, indicating very little to no information leakage.",llama-3.3-70b-versatile
1129237,hydrogen is a liquid below what temperature,cholesterol at piauí secundino platts classical 0,0.0,"The obfuscated text does not contain any information related to the original text, indicating no information leakage.",llama-3.3-70b-versatile
1129237,hydrogen is a liquid below what temperature,delaigue naciones http://www.nature.com k90 charvis shuh hezhong,0.0,"The obfuscated text does not contain any information related to the original text, which is about the temperature at which hydrogen becomes a liquid. The obfuscated text appears to be a collection of unrelated words and a URL, indicating no information leakage.",llama-3.3-70b-versatile
1129237,hydrogen is a liquid below what temperature,abassan vegas bryant vsevolodovich 24-valve vespe skadavy,0.0,"The obfuscated text does not contain any information related to the original text, which is about the temperature at which hydrogen becomes a liquid. The obfuscated text appears to be a collection of unrelated words, including names and words that seem to be from different languages or contexts. Therefore, the score for information leakage is 0.",llama-3.3-70b-versatile
1129237,hydrogen is a liquid below what temperature,as-28 obshtina http://blogs.timesunion.com béthune on-call coast topix,0.0,"The obfuscated text does not contain any information related to the original text, which is about the temperature at which hydrogen becomes a liquid. The obfuscated text appears to be a collection of unrelated words and phrases, including names, locations, and URLs.",llama-3.3-70b-versatile
1129237,hydrogen is a liquid below what temperature,scrips geometridae siad indigobirds premier iannis aux,0.0,"The obfuscated text does not contain any information related to the original text, which is about the temperature at which hydrogen becomes a liquid. The obfuscated text appears to be a collection of unrelated words and phrases, including proper nouns, scientific terms, and URLs. Therefore, the score for information leakage is 0.",llama-3.3-70b-versatile
1129237,hydrogen is a liquid below what temperature,zambada tate extraliga ganzoury tih orszagh river,0.0,"The obfuscated text does not contain any information related to the original text, which is about the temperature at which hydrogen becomes a liquid. The obfuscated text appears to be a collection of unrelated words, including names, locations, and terms from various fields. Therefore, the score for information leakage is 0.",llama-3.3-70b-versatile
1129237,hydrogen is a liquid below what temperature,ullyett asiax dzmm guangen 30-share varatharajah audience,0.0,"The obfuscated text does not contain any information related to the original text, which is about the temperature at which hydrogen becomes a liquid. The obfuscated text appears to be a collection of unrelated words and phrases, indicating no information leakage.",llama-3.3-70b-versatile
1129237,hydrogen is a liquid below what temperature,http://www.nyse.com shenzhou 1.000 nonstick 972-3550 cragg.hines@chron.com kronke,0.0,"The obfuscated text does not contain any information related to the original text, which is about the temperature at which hydrogen becomes a liquid. The obfuscated text appears to be a collection of unrelated words and phrases, including names, locations, and URLs. Therefore, the score for information leakage is 0.",llama-3.3-70b-versatile
1129237,hydrogen is a liquid below what temperature,substituents factfiles basij black-figure bolted-together tatis average,0.0,"The obfuscated text does not contain any information related to the original text, which is about the temperature at which hydrogen becomes a liquid. The obfuscated text appears to be a collection of unrelated words and phrases, indicating no information leakage.",llama-3.3-70b-versatile
1129237,hydrogen is a liquid below what temperature,billion allergist abelian hakuho bb5 kashikojima wannian,0.0,"The obfuscated text does not contain any information related to the original text, which is about the temperature at which hydrogen is a liquid. The obfuscated text appears to be a collection of unrelated words and phrases, indicating no information leakage.",llama-3.3-70b-versatile
405717,is cdg airport in main paris,one chunichi undelivered rugbyu apuestas hegemonistic,0.0,"The obfuscated text does not contain any information from the original text, indicating no information leakage.",llama-3.3-70b-versatile
405717,is cdg airport in main paris,cricetidae steptoe kostomarov cathode navy sasac,0.0,"The obfuscated text does not contain any information from the original text, indicating no information leakage.",llama-3.3-70b-versatile
405717,is cdg airport in main paris,croce mullaitivu communist sarosi sébastien ezekwesili,0.0,"The obfuscated text does not contain any information from the original text, indicating no information leakage.",llama-3.3-70b-versatile
405717,is cdg airport in main paris,pridiyathorn ambassadorial loughborough _______ populus dostum,0.0,"The obfuscated text does not contain any information related to the original text 'is cdg airport in main paris'. The words in the obfuscated text are unrelated to the original text, indicating no information leakage.",llama-3.3-70b-versatile
405717,is cdg airport in main paris,of brasil dur congress abstained france,0.0,"The obfuscated text does not contain any information related to the original text 'is cdg airport in main paris'. The words are completely unrelated, indicating no information leakage.",llama-3.3-70b-versatile
405717,is cdg airport in main paris,2.075 washingtonpost.com aldabra braunau texas rohm,0.0,"The obfuscated text does not contain any information related to the original text 'is cdg airport in main paris'. The words in the obfuscated text are unrelated to the original text, indicating no information leakage.",llama-3.3-70b-versatile
405717,is cdg airport in main paris,ki frisinger olewnick euro123 thebulliondesk.com blicksilver,0.0,"The obfuscated text does not contain any information related to the original text 'is cdg airport in main paris', so the score is 0",llama-3.3-70b-versatile
405717,is cdg airport in main paris,director nahiya ilyasov krško curri lakes,0.0,"The obfuscated text does not contain any information related to the original text 'is cdg airport in main paris'. The words are completely unrelated, indicating no information leakage.",llama-3.3-70b-versatile
405717,is cdg airport in main paris,sheshatshiu ajith extranjera among kaurov bezirksoberligas,0.0,"The obfuscated text does not contain any information related to the original text 'is cdg airport in main paris'. The words are completely unrelated, indicating no information leakage.",llama-3.3-70b-versatile
405717,is cdg airport in main paris,games talk/variety el refiling udd minister,0.0,"The obfuscated text does not contain any information related to the original text 'is cdg airport in main paris'. The words are completely unrelated, indicating no information leakage.",llama-3.3-70b-versatile
443396,lps laws definition,pretax punt aubenas,0.1,"The obfuscated text 'pretax punt aubenas' does not resemble the original text 'lps laws definition' in any way, indicating minimal information leakage.",llama-3.3-70b-versatile
443396,lps laws definition,miyoung hesperiidae linfen,0.0,"The obfuscated text 'miyoung hesperiidae linfen' does not contain any information from the original text 'lps laws definition', so the score is 0",llama-3.3-70b-versatile
443396,lps laws definition,"medalled bista 1,885",0.0,"The obfuscated text 'medalled bista 1,885' does not contain any information from the original text 'lps laws definition', so the score is 0",llama-3.3-70b-versatile
443396,lps laws definition,www.daytondailynews.com ghostwriters punongbayan,0.0,"The obfuscated text 'www.daytondailynews.com ghostwriters punongbayan' does not contain any information from the original text 'lps laws definition', so the score is 0",llama-3.3-70b-versatile
443396,lps laws definition,trash powerbook sanlu,0.0,"The obfuscated text 'trash powerbook sanlu' does not contain any information from the original text 'lps laws definition', so the score is 0",llama-3.3-70b-versatile
443396,lps laws definition,their boesak semente,0.0,"The obfuscated text 'their boesak semente' does not contain any information from the original text 'lps laws definition', so the score is 0",llama-3.3-70b-versatile
443396,lps laws definition,222-8879 montella innside,0.0,"The obfuscated text does not contain any information from the original text, so the score is 0",llama-3.3-70b-versatile
443396,lps laws definition,distinct keyless 31-jan,0.0,"The obfuscated text does not contain any information from the original text, so the score is 0",llama-3.3-70b-versatile
443396,lps laws definition,manalich pricing institutionalized,0.0,"The obfuscated text 'manalich pricing institutionalized' does not contain any information from the original text 'lps laws definition', so the score is 0",llama-3.3-70b-versatile
443396,lps laws definition,ogham pactual bvl30,0.0,"The obfuscated text does not contain any information from the original text, so the score is 0",llama-3.3-70b-versatile
451602,medicare's definition of mechanical ventilation,sheinbein feltheimer trinkaus yalom rinnan,0.0,"The obfuscated text does not contain any information related to the original text, indicating no information leakage.",llama-3.3-70b-versatile
451602,medicare's definition of mechanical ventilation,stet caam bkc into acceptor,0.0,"The obfuscated text 'stet caam bkc into acceptor' does not contain any information related to the original text 'medicare's definition of mechanical ventilation', indicating no information leakage.",llama-3.3-70b-versatile
451602,medicare's definition of mechanical ventilation,cheen u.n. 42.195 victorian-style rojas,0.0,"The obfuscated text does not contain any information related to the original text 'medicare's definition of mechanical ventilation'. The words in the obfuscated text are unrelated to the original text, indicating no information leakage.",llama-3.3-70b-versatile
451602,medicare's definition of mechanical ventilation,dr. belgian voeller engy density,0.0,"The obfuscated text does not contain any relevant information from the original text, indicating no information leakage.",llama-3.3-70b-versatile
451602,medicare's definition of mechanical ventilation,penney gangsterism list asustek nottie,0.0,"The obfuscated text does not contain any relevant information related to the original text 'medicare's definition of mechanical ventilation', so the score is 0",llama-3.3-70b-versatile
451602,medicare's definition of mechanical ventilation,limbuwan nguoi delesseps sophea intravenously,0.0,"The obfuscated text does not contain any information related to the original text 'medicare's definition of mechanical ventilation', so the score is 0",llama-3.3-70b-versatile
451602,medicare's definition of mechanical ventilation,krynauw 5:28 smilla cleemput valve,0.0,"The obfuscated text does not contain any relevant information related to the original text 'medicare's definition of mechanical ventilation', so the score is 0",llama-3.3-70b-versatile
451602,medicare's definition of mechanical ventilation,oo episode percentile inferiority vents,0.0,"The obfuscated text does not contain any relevant information from the original text, indicating no information leakage.",llama-3.3-70b-versatile
451602,medicare's definition of mechanical ventilation,oskin ingleses annually world refi,0.0,"The obfuscated text does not contain any relevant information related to the original text 'medicare's definition of mechanical ventilation'. The words in the obfuscated text are unrelated to the original text, indicating no information leakage.",llama-3.3-70b-versatile
451602,medicare's definition of mechanical ventilation,"pisz jobless 299,000 mayalarp usb",0.0,"The obfuscated text does not contain any information related to the original text 'medicare's definition of mechanical ventilation', so the score is 0",llama-3.3-70b-versatile
489204,right pelvic pain causes,internationaux 90-day shay raymonda,0.0,"The obfuscated text does not contain any information related to the original text, indicating no information leakage.",llama-3.3-70b-versatile
489204,right pelvic pain causes,nambour gorondi farinas between,0.0,"The obfuscated text does not contain any relevant information from the original text, indicating no information leakage.",llama-3.3-70b-versatile
489204,right pelvic pain causes,jumla schlieffen l'il 96-yard,0.0,"The obfuscated text does not contain any relevant information from the original text, indicating no information leakage.",llama-3.3-70b-versatile
489204,right pelvic pain causes,fotbollförbund friehling boever 52-69,0.0,"The obfuscated text does not contain any relevant information related to the original text 'right pelvic pain causes', so the score is 0",llama-3.3-70b-versatile
489204,right pelvic pain causes,brodnica uf sprints amarillas,0.0,"The obfuscated text does not contain any relevant information from the original text, indicating no information leakage.",llama-3.3-70b-versatile
489204,right pelvic pain causes,sleipner http://timesunion.com pucin grangemouth,0.0,"The obfuscated text does not contain any information related to the original text 'right pelvic pain causes', so the score is 0",llama-3.3-70b-versatile
489204,right pelvic pain causes,woreda abendanon kenyan dissident,0.0,"The obfuscated text does not contain any information related to the original text 'right pelvic pain causes', so the score is 0",llama-3.3-70b-versatile
489204,right pelvic pain causes,volost chah competitiveness modifiying,0.0,"The obfuscated text does not contain any relevant information from the original text, indicating no information leakage.",llama-3.3-70b-versatile
489204,right pelvic pain causes,henares naismith told 135-pound,0.0,"The obfuscated text does not contain any relevant information related to the original text 'right pelvic pain causes', so the score is 0",llama-3.3-70b-versatile
489204,right pelvic pain causes,picardie 28.2 mwana ibadi,0.0,"The obfuscated text does not contain any relevant information from the original text, indicating no information leakage.",llama-3.3-70b-versatile
490595,rsa definition key,2042 1080i sadulayeva,0.0,"The obfuscated text does not appear to contain any information from the original text, as it seems to be a collection of unrelated numbers and words.",llama-3.3-70b-versatile
490595,rsa definition key,aftertax volhard european,0.2,"The obfuscated text 'aftertax volhard european' does not contain any direct references to the original text 'rsa definition key', indicating minimal information leakage.",llama-3.3-70b-versatile
490595,rsa definition key,star labour verbena,0.2,"The obfuscated text 'star labour verbena' does not contain any direct references to the original text 'rsa definition key', indicating minimal information leakage.",llama-3.3-70b-versatile
490595,rsa definition key,22.7-billion kloza ordinaries,0.0,The obfuscated text does not contain any information related to the original text 'rsa definition key'.,llama-3.3-70b-versatile
490595,rsa definition key,mairead collecting branik,0.0,The obfuscated text does not contain any information related to the original text 'rsa definition key'.,llama-3.3-70b-versatile
490595,rsa definition key,commissioner photon flintridge,0.0,"The obfuscated text 'commissioner photon flintridge' does not contain any information from the original text 'rsa definition key', so the score is 0",llama-3.3-70b-versatile
490595,rsa definition key,ankunda pā bonfrere,0.0,"The obfuscated text 'ankunda pā bonfrere' does not contain any information related to the original text 'rsa definition key', indicating no information leakage.",llama-3.3-70b-versatile
490595,rsa definition key,/ old 13/16,0.0,"The obfuscated text '/ old 13/16' does not contain any information related to the original text 'rsa definition key', indicating no information leakage.",llama-3.3-70b-versatile
490595,rsa definition key,rsa lpga sabeh,0.5,"The obfuscated text 'rsa lpga sabeh' still contains the word 'rsa' which is present in the original text 'rsa definition key', indicating some information leakage.",llama-3.3-70b-versatile
490595,rsa definition key,planalytics term-time patriach,0.0,The obfuscated text does not contain any information related to the original text 'rsa definition key'.,llama-3.3-70b-versatile
1124210,tracheids are part of _____.,enchaine said macaskill knittig brattbakk,0.0,"The obfuscated text does not contain any information related to the original text, indicating no information leakage.",llama-3.3-70b-versatile
1124210,tracheids are part of _____.,cordesman i-league apsa forces sportsperson,0.0,"The obfuscated text does not contain any information related to the original text, which is about tracheids in a biological context. The obfuscated text appears to be a collection of unrelated words, including names and terms from different fields, indicating no information leakage.",llama-3.3-70b-versatile
1124210,tracheids are part of _____.,synodic sarada arvanitaki fronteira overhaul,0.0,"The obfuscated text does not contain any information related to the original text, indicating no information leakage.",llama-3.3-70b-versatile
1124210,tracheids are part of _____.,"firuzabad szmajdzinski 339,000 township posavina",0.0,"The obfuscated text does not contain any information related to the original text, which is about tracheids. The words in the obfuscated text are unrelated to the topic of tracheids, indicating no information leakage.",llama-3.3-70b-versatile
1124210,tracheids are part of _____.,quapaw anfang mycobacterium markopoulo serb-populated,0.0,"The obfuscated text does not contain any information related to the original text 'tracheids are part of _____.', so the score is 0",llama-3.3-70b-versatile
1124210,tracheids are part of _____.,.488 7-29 gerst maldistribution yankee,0.0,"The obfuscated text does not contain any information related to the original text 'tracheids are part of _____.', so the score is 0",llama-3.3-70b-versatile
1124210,tracheids are part of _____.,dayana devices seconds fdch 12.91,0.0,"The obfuscated text does not contain any relevant information related to the original text, indicating minimal information leakage.",llama-3.3-70b-versatile
1124210,tracheids are part of _____.,aleksinac neumannova 100.2 nasional solh,0.0,The obfuscated text does not contain any information related to the original text 'tracheids are part of _____.',llama-3.3-70b-versatile
1124210,tracheids are part of _____.,budennovsk ruda 4.8-kilometer .769 naikuni,0.0,The obfuscated text does not contain any information related to the original text 'tracheids are part of _____.',llama-3.3-70b-versatile
1124210,tracheids are part of _____.,iranamadu acids paolo album orbiting,0.0,The obfuscated text does not contain any information related to the original text 'tracheids are part of _____.',llama-3.3-70b-versatile
527433,types of dysarthria from cerebral palsy,program complaints qmjhl bin rts--acct@prodmail.acquiremedia.com caloris,0.0,"The obfuscated text does not contain any information related to the original text, which is about types of dysarthria from cerebral palsy. The obfuscated text appears to be a random collection of words and an email address, indicating no information leakage.",llama-3.3-70b-versatile
527433,types of dysarthria from cerebral palsy,xiaoxiang la ilijas 3.00 euro131 cariboo,0.0,"The obfuscated text does not contain any relevant information from the original text, indicating minimal information leakage.",llama-3.3-70b-versatile
527433,types of dysarthria from cerebral palsy,greens klitschko nitric ktx binnie circulation,0.0,"The obfuscated text does not contain any relevant information from the original text, indicating minimal information leakage.",llama-3.3-70b-versatile
527433,types of dysarthria from cerebral palsy,torch vassilios onmyou uygur birthweight tibiae,0.0,"The obfuscated text does not contain any relevant information from the original text, indicating no information leakage.",llama-3.3-70b-versatile
527433,types of dysarthria from cerebral palsy,census land capybara into actors grandmotherly,0.0,"The obfuscated text does not contain any relevant information related to the original text, which is about types of dysarthria from cerebral palsy. The obfuscated text appears to be a collection of random words.",llama-3.3-70b-versatile
527433,types of dysarthria from cerebral palsy,yamarone microfilm refractive ostrołęka tburr full-back,0.0,"The obfuscated text does not contain any relevant information from the original text, indicating no information leakage.",llama-3.3-70b-versatile
527433,types of dysarthria from cerebral palsy,yen annapolis she equipment line gasto,0.0,"The obfuscated text does not contain any relevant information from the original text, indicating minimal information leakage.",llama-3.3-70b-versatile
527433,types of dysarthria from cerebral palsy,trust line gilera an chiral infertile,0.0,"The obfuscated text does not contain any relevant information related to the original text, which is about types of dysarthria from cerebral palsy. The obfuscated text appears to be a collection of random words, including names, locations, and terms from various fields, but none of them are related to the original topic. Therefore, the score for information leakage is 0.",llama-3.3-70b-versatile
527433,types of dysarthria from cerebral palsy,agency missile rosenwaks daloa 222-2284 buo,0.0,"The obfuscated text does not contain any information related to the original text, which is about types of dysarthria from cerebral palsy. The obfuscated text appears to be a collection of random words, including names, locations, and terms from various fields, but none of them are related to the original text. Therefore, the score is 0, indicating no information leakage.",llama-3.3-70b-versatile
527433,types of dysarthria from cerebral palsy,topix polymerization ciechanover rapper alexander concerts,0.0,"The obfuscated text does not contain any information related to the original text, which is about types of dysarthria from cerebral palsy. The obfuscated text appears to be a collection of random words, including proper nouns, scientific terms, and everyday words, with no discernible connection to the original text.",llama-3.3-70b-versatile
573724,what are the social determinants of health,- peace horses franco-british heilemann non-university tayad,0.0,"The obfuscated text does not contain any relevant information from the original text, indicating minimal information leakage.",llama-3.3-70b-versatile
573724,what are the social determinants of health,sensex 346-9867 pashtun chinhoyi exposition department seehofer,0.0,"The obfuscated text does not contain any relevant information from the original text, indicating minimal information leakage.",llama-3.3-70b-versatile
573724,what are the social determinants of health,0541 (816) festival bālā on inflation-adjusted qurei,0.0,"The obfuscated text does not contain any relevant information from the original text, indicating no information leakage.",llama-3.3-70b-versatile
573724,what are the social determinants of health,homeomorphic at ) zukunft pahars fudosan the,0.0,"The obfuscated text does not contain any relevant information from the original text, indicating minimal information leakage.",llama-3.3-70b-versatile
573724,what are the social determinants of health,"gome taluk economics social 1,022,000 wielgus der",0.1,"The obfuscated text does not contain any relevant information related to the original text, which is about the social determinants of health. The obfuscated text appears to be a jumbled collection of unrelated words and numbers, indicating minimal to no information leakage.",llama-3.3-70b-versatile
573724,what are the social determinants of health,pm larvae haouari democratic outerplanar fireworks sainthood,0.0,"The obfuscated text does not contain any relevant information related to the original text, which is about the social determinants of health. The score is 0 because there is no information leakage from the original text to the obfuscated text.",llama-3.3-70b-versatile
573724,what are the social determinants of health,92-91 rankings cdp dollars matcher hongju onate,0.0,"The obfuscated text does not contain any relevant information related to the original text, which is about the social determinants of health. The score is 0 because there is no information leakage from the original text to the obfuscated text.",llama-3.3-70b-versatile
573724,what are the social determinants of health,fiorello cerambycidae non-qualified speaker belanglo north culture,0.0,"The obfuscated text does not contain any relevant information related to the original text, which is about the social determinants of health. The obfuscated text appears to be a collection of random words from various domains, including politics, economics, and biology, with no apparent connection to the original text.",llama-3.3-70b-versatile
573724,what are the social determinants of health,flycatchers agulla annually iiro scalfaro supertankers comes,0.0,"The obfuscated text does not contain any relevant information related to the original text, which is about the social determinants of health. The obfuscated text appears to be a collection of random words, including names, terms, and phrases that are unrelated to the original text.",llama-3.3-70b-versatile
573724,what are the social determinants of health,"petria ) 14,670 service jonny celcius hanover",0.0,"The obfuscated text does not contain any relevant information related to the original text, which is about the social determinants of health. The obfuscated text appears to be a collection of random words, including names, numbers, and terms from various fields, but none of them are related to the original text.",llama-3.3-70b-versatile
1121709,what are the three percenters?,"overstimulate pee valeo 300,000 korir",0.0,"The obfuscated text does not contain any recognizable words or phrases from the original text, indicating a low information leakage score.",llama-3.3-70b-versatile
1121709,what are the three percenters?,bleak subsector areas l'alpe zayed,0.0,"The obfuscated text 'bleak subsector areas l'alpe zayed' does not contain any recognizable information from the original text 'what are the three percenters?', indicating a very low information leakage score.",llama-3.3-70b-versatile
1121709,what are the three percenters?,mm non-mandatory ghenaim priebke decelerations,0.1,"The obfuscated text does not contain any recognizable keywords or phrases related to the original text, indicating a low information leakage score.",llama-3.3-70b-versatile
1121709,what are the three percenters?,mcca 21-26 town 59.94 milunovich,0.1,"The obfuscated text does not contain any recognizable keywords or phrases related to the original text, indicating a low information leakage score.",llama-3.3-70b-versatile
1121709,what are the three percenters?,swept-back or house qorei antonio,0.1,"The obfuscated text does not contain any recognizable keywords or phrases related to the original text, indicating a low information leakage score.",llama-3.3-70b-versatile
1121709,what are the three percenters?,dwight.silverman people prix many lamarcus,0.0,"The obfuscated text does not contain any relevant information about the three percenters, and appears to be a jumbled collection of unrelated words and names.",llama-3.3-70b-versatile
1121709,what are the three percenters?,kee named safaa activity mansueto,0.0,"The obfuscated text does not contain any relevant information about the three percenters, and appears to be a jumbled collection of unrelated words.",llama-3.3-70b-versatile
1121709,what are the three percenters?,back pallava is guhn tempête,0.0,"The obfuscated text does not contain any relevant information about the three percenters, and appears to be a jumbled collection of unrelated words.",llama-3.3-70b-versatile
1121709,what are the three percenters?,contains dorton brah pancrase loo,0.0,"The obfuscated text does not contain any relevant information about the three percenters, and appears to be a jumbled collection of unrelated words.",llama-3.3-70b-versatile
1121709,what are the three percenters?,culberson zvjezdan scotland kg8 buchbinder,0.0,"The obfuscated text does not contain any recognizable words or phrases related to the original text 'what are the three percenters?', indicating a very low information leakage.",llama-3.3-70b-versatile
1121402,what can contour plowing reduce,mieh qu'un heartport amritsar natrone,0.1,"The obfuscated text does not contain any recognizable words or phrases from the original text, indicating a low level of information leakage.",llama-3.3-70b-versatile
1121402,what can contour plowing reduce,doue wahrheit juventud faerber evanovich,0.1,"The obfuscated text does not contain any recognizable words or phrases from the original text, indicating a high level of obfuscation.",llama-3.3-70b-versatile
1121402,what can contour plowing reduce,riese artifact nastran crutsinger liden,0.0,"The obfuscated text does not contain any recognizable words or phrases from the original text, indicating a high level of obfuscation.",llama-3.3-70b-versatile
1121402,what can contour plowing reduce,rajat yadavaran whl dementieva o'briant,0.0,"The obfuscated text does not contain any recognizable words or phrases from the original text, indicating a high level of obfuscation.",llama-3.3-70b-versatile
1121402,what can contour plowing reduce,jiaxuan non-university kg sarkozy zow,0.0,"The obfuscated text does not contain any recognizable words or phrases from the original text, indicating a high level of obfuscation.",llama-3.3-70b-versatile
1121402,what can contour plowing reduce,bundesbank itemizing 888-346-9867 ratio on-chip,0.0,"The obfuscated text does not contain any recognizable words or phrases from the original text, indicating a high level of obfuscation.",llama-3.3-70b-versatile
1121402,what can contour plowing reduce,have hardbody iptc leboeuf xitong,0.1,"The obfuscated text does not appear to be related to the original text, indicating minimal information leakage.",llama-3.3-70b-versatile
1121402,what can contour plowing reduce,dzhokhar donadoni gato hy batter,0.0,"The obfuscated text does not contain any information from the original text, so the score is 0",llama-3.3-70b-versatile
1121402,what can contour plowing reduce,macaca wieck w-88 craziest medium,0.1,"The obfuscated text does not appear to be related to the original text, indicating minimal information leakage.",llama-3.3-70b-versatile
1121402,what can contour plowing reduce,idlib pyongtaek 16.00 wasif 3-footer,0.0,"The obfuscated text does not contain any information from the original text, so the score is 0",llama-3.3-70b-versatile
1117099,what is a active margin,algebraic durrell taliban maroc terrestrial,0.0,"The obfuscated text does not contain any information related to the original text, indicating no information leakage.",llama-3.3-70b-versatile
1117099,what is a active margin,1-800-nytimes cerberus psers cges refi,0.0,"The obfuscated text does not contain any information related to the original text, indicating no information leakage.",llama-3.3-70b-versatile
1117099,what is a active margin,gheit paulo viaducts thunderstorms season,0.0,"The obfuscated text does not contain any relevant information from the original text, indicating minimal information leakage.",llama-3.3-70b-versatile
1117099,what is a active margin,aziz auerbach commutative hirvonen khermancoxnews.com,0.0,"The obfuscated text does not contain any information related to the original text 'what is a active margin', so the score is 0",llama-3.3-70b-versatile
1117099,what is a active margin,afb morgana formas 98.11 borgetti,0.0,"The obfuscated text does not contain any relevant information from the original text, indicating minimal information leakage.",llama-3.3-70b-versatile
1117099,what is a active margin,what chinese swiss adv18 sparrows,0.2,"The obfuscated text 'what chinese swiss adv18 sparrows' does not appear to be related to the original text 'what is a active margin', indicating significant information leakage. However, the word 'what' is present in both texts, which might suggest some minor connection.",llama-3.3-70b-versatile
1117099,what is a active margin,techsavvy uh english hallowed spraining,0.0,"The obfuscated text does not contain any relevant information from the original text, so the score is 0",llama-3.3-70b-versatile
1117099,what is a active margin,military vasso passover hubschman -,0.0,"The obfuscated text does not contain any relevant information from the original text, so the score is 0",llama-3.3-70b-versatile
1117099,what is a active margin,600-year scudetto physiotherapist saparmurat sisyphean,0.0,"The obfuscated text does not contain any information related to the original text 'what is a active margin', so the score is 0",llama-3.3-70b-versatile
1117099,what is a active margin,wickremesinghe régionale vez šentvid olyā,0.0,"The obfuscated text does not contain any information related to the original text 'what is a active margin'. The words in the obfuscated text are unrelated to the original text, indicating no information leakage.",llama-3.3-70b-versatile
1115776,what is an aml surveillance analyst,chiluba state-owned rot 45-kilometer asb district,0.0,"The obfuscated text does not contain any relevant information from the original text, indicating minimal information leakage.",llama-3.3-70b-versatile
1115776,what is an aml surveillance analyst,schmidt śląski picture-winged mid-career cacak arodriguez,0.0,"The obfuscated text does not contain any relevant information from the original text, indicating minimal information leakage.",llama-3.3-70b-versatile
1115776,what is an aml surveillance analyst,delaplane investec luiss drying ewart overwatch,0.0,"The obfuscated text does not contain any relevant information from the original text, indicating minimal information leakage.",llama-3.3-70b-versatile
1115776,what is an aml surveillance analyst,blood devalued jtwc 10036 redrawing carbombing,0.0,"The obfuscated text does not contain any relevant information from the original text, indicating minimal information leakage.",llama-3.3-70b-versatile
1115776,what is an aml surveillance analyst,be gurbanguli iraqiya donilon 63-14 its,0.0,"The obfuscated text does not contain any relevant information from the original text, indicating minimal information leakage.",llama-3.3-70b-versatile
1115776,what is an aml surveillance analyst,berom eh-ye shaked bauzá illan artillery,0.0,"The obfuscated text does not contain any relevant information from the original text, indicating minimal information leakage.",llama-3.3-70b-versatile
1115776,what is an aml surveillance analyst,tatiana thibault beutel 14/32 bankgesellschaft yasein,0.0,"The obfuscated text does not contain any relevant information from the original text, indicating minimal information leakage.",llama-3.3-70b-versatile
1115776,what is an aml surveillance analyst,gromit dehestan terai euro13 ottoman 4-for-4,0.0,"The obfuscated text does not contain any relevant information from the original text, indicating no information leakage.",llama-3.3-70b-versatile
1115776,what is an aml surveillance analyst,faboideae him alkorta acyclic garaufis arlen,0.0,"The obfuscated text does not contain any relevant information from the original text, indicating minimal information leakage.",llama-3.3-70b-versatile
1115776,what is an aml surveillance analyst,thomas culvahouse fellow inseparable zellers analyst,0.2,"The obfuscated text 'thomas culvahouse fellow inseparable zellers analyst' still contains the word 'analyst' which is present in the original text 'what is an aml surveillance analyst', indicating some information leakage.",llama-3.3-70b-versatile
1114819,what is durable medical equipment consist of,kibo all-ireland sizzlin caseloads pandemics longchamp esfandiari,0.0,"The obfuscated text does not contain any information from the original text, indicating no information leakage.",llama-3.3-70b-versatile
1114819,what is durable medical equipment consist of,bakhshi hoffa guangqi three-album bux rougerie kitzsteinhorn,0.0,"The obfuscated text does not contain any information related to the original text, indicating no information leakage.",llama-3.3-70b-versatile
1114819,what is durable medical equipment consist of,enriching xiping sudamerica viane infrageneric yuan comision,0.0,"The obfuscated text does not contain any relevant information from the original text, indicating no information leakage.",llama-3.3-70b-versatile
1114819,what is durable medical equipment consist of,reduced-price mcgwire antes makina skyers busiest salafist,0.0,"The obfuscated text does not contain any relevant information from the original text, indicating no information leakage.",llama-3.3-70b-versatile
1114819,what is durable medical equipment consist of,umeda briefing.com norddeutscher stancik copei stoxx reform,0.0,"The obfuscated text does not contain any relevant information from the original text, indicating no information leakage.",llama-3.3-70b-versatile
1114819,what is durable medical equipment consist of,illyrian .455 said hospital morici johan pilkadaris,0.0,"The obfuscated text does not contain any relevant information from the original text, indicating no information leakage.",llama-3.3-70b-versatile
1114819,what is durable medical equipment consist of,wilshire passerine budgeted endoscope system three-letter density,0.0,"The obfuscated text does not contain any information related to the original text 'what is durable medical equipment consist of'. The words in the obfuscated text are unrelated to medical equipment, indicating no information leakage.",llama-3.3-70b-versatile
1114819,what is durable medical equipment consist of,26-oct heraldically thoh yehiyeh integer kanbar storms,0.0,"The obfuscated text does not contain any relevant information from the original text, indicating no information leakage.",llama-3.3-70b-versatile
1114819,what is durable medical equipment consist of,molluscan calyx zampese chirurgical chipmaker stuffit muban,0.0,"The obfuscated text does not contain any information related to the original text 'what is durable medical equipment consist of'. The words in the obfuscated text are unrelated to medical equipment, indicating no information leakage.",llama-3.3-70b-versatile
1114819,what is durable medical equipment consist of,"carvings larbre cerojano techsavvy 100,000-acre ordinaries mizuho",0.0,"The obfuscated text does not contain any information related to the original text 'what is durable medical equipment consist of'. The words in the obfuscated text are unrelated to medical equipment, indicating no information leakage.",llama-3.3-70b-versatile
1114646,what is famvir prescribed for,""" surface 13.80 gersende annual",0.0,"The obfuscated text does not contain any relevant information from the original text, indicating minimal information leakage.",llama-3.3-70b-versatile
1114646,what is famvir prescribed for,zukang markis mercedeses transfer river,0.0,"The obfuscated text does not contain any relevant information from the original text, indicating minimal information leakage.",llama-3.3-70b-versatile
1114646,what is famvir prescribed for,ramday antonio vinci disfigured suwarya,0.0,"The obfuscated text does not contain any relevant information from the original text, indicating minimal information leakage.",llama-3.3-70b-versatile
1114646,what is famvir prescribed for,blogs.tampabay.com transmission motoren s. jalapeno,0.0,"The obfuscated text does not contain any relevant information from the original text, indicating minimal information leakage.",llama-3.3-70b-versatile
1114646,what is famvir prescribed for,actionable allfirst cannone 3143 hajem,0.0,"The obfuscated text does not contain any relevant information from the original text, so the score is 0",llama-3.3-70b-versatile
1114646,what is famvir prescribed for,contraire suntimes.com championship septum azahari,0.0,"The obfuscated text does not contain any relevant information from the original text, indicating minimal information leakage.",llama-3.3-70b-versatile
1114646,what is famvir prescribed for,woredas lintel buskerud kufuor gangs,0.0,"The obfuscated text does not contain any relevant information from the original text, indicating minimal information leakage.",llama-3.3-70b-versatile
1114646,what is famvir prescribed for,classical non-lgbt us-acan novels on,0.0,"The obfuscated text does not contain any relevant information from the original text, so the score is 0",llama-3.3-70b-versatile
1114646,what is famvir prescribed for,run aechmea naxakis 3-1/2 horses,0.0,"The obfuscated text does not contain any relevant information from the original text, so the score is 0",llama-3.3-70b-versatile
1114646,what is famvir prescribed for,1-of-2 badghis duessel gracillariidae nusseibeh,0.0,"The obfuscated text does not contain any relevant information from the original text, so the score is 0",llama-3.3-70b-versatile
1113437,what is physical description of spruce,i general industry hundt riccione bizinsider,0.0,"The obfuscated text does not contain any information related to the physical description of spruce, indicating a low information leakage score.",llama-3.3-70b-versatile
1113437,what is physical description of spruce,yelwa 31-feb giftedness ncrna refnes gborders,0.0,"The obfuscated text does not contain any relevant information about the physical description of spruce, indicating a low information leakage score.",llama-3.3-70b-versatile
1113437,what is physical description of spruce,resendes minister 7.99 jw sciences rockets,0.0,"The obfuscated text does not contain any relevant information about the physical description of spruce, indicating a low information leakage score.",llama-3.3-70b-versatile
1113437,what is physical description of spruce,expressway olmert hoecker genetic lamellar perkovich,0.0,"The obfuscated text does not contain any relevant information about the physical description of spruce, indicating a low information leakage score.",llama-3.3-70b-versatile
1113437,what is physical description of spruce,supply percentage 25.70 _____________________________ of canellos,0.0,"The obfuscated text does not contain any relevant information about the physical description of spruce, and the words are unrelated to the original text.",llama-3.3-70b-versatile
1113437,what is physical description of spruce,escuela del crime avg dahaf 3par,0.0,"The obfuscated text does not contain any relevant information about the physical description of spruce, and appears to be a jumbled collection of unrelated words.",llama-3.3-70b-versatile
1113437,what is physical description of spruce,valzur down-curved pelletreau dictatorships congestive functor,0.0,"The obfuscated text does not contain any relevant information about the physical description of spruce, so the score is 0",llama-3.3-70b-versatile
1113437,what is physical description of spruce,"ghoshal 499-3339 8,848-meter georgia-alabama eusko infantiles",0.0,"The obfuscated text does not contain any relevant information about the physical description of spruce, so the score is 0",llama-3.3-70b-versatile
1113437,what is physical description of spruce,allendale eniwetok extranjeros kilometers modification walsum,0.0,"The obfuscated text does not contain any relevant information about the physical description of spruce, and appears to be a jumbled collection of unrelated words.",llama-3.3-70b-versatile
1113437,what is physical description of spruce,military everen apophis rifle cartner 02107,0.0,"The obfuscated text does not contain any relevant information about the physical description of spruce, so the score is 0",llama-3.3-70b-versatile
1112341,what is the daily life of thai people,minke sera negationist beamglobe.com mendocino belkadi thai awadallah,0.2,"The obfuscated text appears to be a jumbled collection of words, but it still contains the word 'thai', which is a significant keyword from the original text, indicating some information leakage.",llama-3.3-70b-versatile
1112341,what is the daily life of thai people,seed-eaters emaar régional literary gj03 's economics paleoanthropology,0.0,"The obfuscated text does not contain any information related to the daily life of Thai people, indicating minimal information leakage.",llama-3.3-70b-versatile
1112341,what is the daily life of thai people,koumoutsakos inalienable air 18/36 kinnell 54.67 cw02 qian,0.0,"The obfuscated text does not contain any information related to the daily life of Thai people, indicating minimal information leakage.",llama-3.3-70b-versatile
1112341,what is the daily life of thai people,de sharif they majcom volou sergeant gtech spokesman,0.0,"The obfuscated text does not contain any information related to the daily life of Thai people, indicating minimal information leakage.",llama-3.3-70b-versatile
1112341,what is the daily life of thai people,conditions gelang 28-story medecins wahaha voiced articulos tractive,0.0,"The obfuscated text does not contain any information related to the daily life of Thai people, so the score is 0",llama-3.3-70b-versatile
1112341,what is the daily life of thai people,salt townsquare its you senior sexed bakara -,0.0,"The obfuscated text does not contain any relevant information about the daily life of Thai people, so the score is 0",llama-3.3-70b-versatile
1112341,what is the daily life of thai people,""" discal nash-kelvinator chamber coach chairwoman wtrg shovels",0.0,"The obfuscated text does not contain any relevant information about the daily life of Thai people, indicating minimal information leakage.",llama-3.3-70b-versatile
1112341,what is the daily life of thai people,vice ad-supported nightshade a340-600 dan iran zhaorong 225,0.0,"The obfuscated text does not contain any relevant information about the daily life of Thai people, indicating minimal information leakage.",llama-3.3-70b-versatile
1112341,what is the daily life of thai people,heligoland platinum protic lulle byob leading ntuc 1-for-9,0.0,"The obfuscated text does not contain any information related to the daily life of Thai people, indicating minimal information leakage.",llama-3.3-70b-versatile
1112341,what is the daily life of thai people,cities dario heum alois healthy kmaq point-scorers jamoat,0.0,"The obfuscated text does not contain any information related to the daily life of Thai people, indicating minimal information leakage.",llama-3.3-70b-versatile
833860,what is the most popular food in switzerland,quebeckers postindustrial ! medium furchtgott ejup mulch specialising,0.0,"The obfuscated text does not contain any information related to the original text, which is about the most popular food in Switzerland. The obfuscated text appears to be a collection of random words, including 'quebeckers', 'postindustrial', 'furchtgott', 'ejup', 'mulch', and 'specialising', which do not provide any meaningful information about the original text.",llama-3.3-70b-versatile
833860,what is the most popular food in switzerland,`` chogm dighe de 60-member amidesk@ap.org yorke francs,0.1,"The obfuscated text does not contain any relevant information from the original text, indicating a low information leakage score.",llama-3.3-70b-versatile
833860,what is the most popular food in switzerland,police 57-nation kushayb hernan s-300 chmela cite ruhn,0.1,"The obfuscated text does not contain any relevant information from the original text, indicating a low information leakage score of 0.1",llama-3.3-70b-versatile
833860,what is the most popular food in switzerland,mobilier canal 4x100-meter cellared rankings crj900 trail rickc,0.0,"The obfuscated text does not contain any relevant information from the original text, indicating minimal information leakage.",llama-3.3-70b-versatile
833860,what is the most popular food in switzerland,douala transmembrane whorl paginated enzyme tissue season herfi,0.0,"The obfuscated text does not contain any relevant information from the original text, indicating no information leakage.",llama-3.3-70b-versatile
833860,what is the most popular food in switzerland,billion aires mehalba natgeo théâtre ximenes munyaneza from,0.0,"The obfuscated text does not contain any relevant information from the original text, indicating minimal information leakage.",llama-3.3-70b-versatile
833860,what is the most popular food in switzerland,boonyaratglin incirlik petroleum spotnitz con copra nytimes.com extrajudicial,0.0,"The obfuscated text does not contain any relevant information from the original text, indicating no information leakage.",llama-3.3-70b-versatile
833860,what is the most popular food in switzerland,county kelon vioxx giovino advantest apocalyptic kfor profoundly,0.0,"The obfuscated text does not contain any relevant information from the original text, indicating a very low information leakage.",llama-3.3-70b-versatile
833860,what is the most popular food in switzerland,loss lipophilic ruling il-76 baník .00 w.k. single-engine,0.0,"The obfuscated text does not contain any relevant information from the original text, indicating no information leakage.",llama-3.3-70b-versatile
833860,what is the most popular food in switzerland,lopera john zavozin besim khz 34.9 bo hymenopteran,0.0,"The obfuscated text does not contain any information related to the original text, which is about the most popular food in Switzerland. The obfuscated text appears to be a collection of random words, including proper nouns, scientific terms, and other unrelated phrases. Therefore, the score for information leakage is 0.",llama-3.3-70b-versatile
855410,what is theraderm used for,holah bedfordshire rangers upper-middle otras,0.0,"The obfuscated text does not contain any relevant information from the original text, indicating minimal information leakage.",llama-3.3-70b-versatile
855410,what is theraderm used for,sensor tanintharyi jasta aiders pankisi,0.0,"The obfuscated text does not contain any relevant information from the original text, indicating minimal information leakage.",llama-3.3-70b-versatile
855410,what is theraderm used for,selten trivedi jesuli director statistical,0.0,"The obfuscated text does not contain any relevant information about the original text 'what is theraderm used for'. The words in the obfuscated text are unrelated to the original text, indicating no information leakage.",llama-3.3-70b-versatile
855410,what is theraderm used for,kunzig prime tduncan mahn fdch,0.0,"The obfuscated text does not contain any relevant information related to the original text, indicating a low information leakage score.",llama-3.3-70b-versatile
855410,what is theraderm used for,zarar benetton treelike bellerive hizbul,0.0,"The obfuscated text does not contain any relevant information from the original text, indicating minimal information leakage.",llama-3.3-70b-versatile
855410,what is theraderm used for,overfilled insupportable soluble 02107-2378 fazul,0.0,"The obfuscated text does not contain any relevant information related to the original text, indicating minimal information leakage.",llama-3.3-70b-versatile
855410,what is theraderm used for,département hearst seasonable kurmanbek $,0.0,"The obfuscated text does not contain any relevant information from the original text, indicating minimal information leakage.",llama-3.3-70b-versatile
855410,what is theraderm used for,makushita separatism singles limply into,0.0,"The obfuscated text does not contain any relevant information from the original text, indicating minimal information leakage.",llama-3.3-70b-versatile
855410,what is theraderm used for,detoyato oils dajer manugistics sanick,0.0,"The obfuscated text does not contain any relevant information from the original text, indicating no information leakage.",llama-3.3-70b-versatile
855410,what is theraderm used for,that xinyu krapp odlum poweruser,0.0,"The obfuscated text does not contain any relevant information from the original text, indicating minimal information leakage.",llama-3.3-70b-versatile
1110199,what is wifi vs bluetooth,mandil theorem scrapie noncelibate 90.93,0.0,"The obfuscated text does not contain any relevant information from the original text, indicating minimal information leakage.",llama-3.3-70b-versatile
1110199,what is wifi vs bluetooth,mohács udbina foundling schistura netware,0.0,"The obfuscated text 'mohács udbina foundling schistura netware' appears to be completely unrelated to the original text 'what is wifi vs bluetooth', indicating no information leakage.",llama-3.3-70b-versatile
1110199,what is wifi vs bluetooth,cafu tebbit emece pasch auriol,0.0,"The obfuscated text does not contain any relevant information from the original text, indicating no information leakage.",llama-3.3-70b-versatile
1110199,what is wifi vs bluetooth,pairs landover sse-30 alphandery olofinjana,0.0,"The obfuscated text does not contain any relevant information from the original text, indicating no information leakage.",llama-3.3-70b-versatile
1110199,what is wifi vs bluetooth,dollar bendectin inter-zonal anders dryandra,0.0,"The obfuscated text does not contain any relevant information from the original text, indicating no information leakage.",llama-3.3-70b-versatile
1110199,what is wifi vs bluetooth,aissami acuerdos ehime athlon billion,0.0,"The obfuscated text does not contain any relevant information from the original text, indicating no information leakage.",llama-3.3-70b-versatile
1110199,what is wifi vs bluetooth,` eta known % matritech,0.0,"The obfuscated text does not contain any relevant information from the original text, indicating a very low information leakage.",llama-3.3-70b-versatile
1110199,what is wifi vs bluetooth,decoster one-carbon d'aulnoy wftda 13/31,0.0,"The obfuscated text does not contain any relevant information from the original text, indicating no information leakage.",llama-3.3-70b-versatile
1110199,what is wifi vs bluetooth,we 62-49 koreshige kalāteh-ye anglicanism,0.0,"The obfuscated text does not contain any relevant information from the original text, indicating no information leakage.",llama-3.3-70b-versatile
1110199,what is wifi vs bluetooth,"firmware 20,000-strong zarganar theophoric mrivera",0.0,"The obfuscated text does not contain any relevant information from the original text, indicating no information leakage.",llama-3.3-70b-versatile
915593,what types of food can you cook sous vide,aidan management 37-16 wiiware byz black baloushi dasanayake defanged,0.0,"The obfuscated text does not contain any information related to the original text, indicating no information leakage.",llama-3.3-70b-versatile
915593,what types of food can you cook sous vide,retsina hindin acha javagal yuanta pi03 despenser : non-mandatory,0.0,"The obfuscated text does not contain any relevant information from the original text, indicating no information leakage.",llama-3.3-70b-versatile
915593,what types of food can you cook sous vide,sisulu 33-31 rsoi markets romandy force raufi komnenos bayonets,0.0,"The obfuscated text does not contain any relevant information from the original text, indicating no information leakage.",llama-3.3-70b-versatile
915593,what types of food can you cook sous vide,effacing yahn gödel denly khiam users daalder mozingo .205,0.0,"The obfuscated text does not contain any relevant information from the original text, indicating no information leakage.",llama-3.3-70b-versatile
915593,what types of food can you cook sous vide,all-metro mohammed bequelin tutchone ' d20 98.48 vole zhaoxu,0.0,"The obfuscated text does not contain any relevant information related to the original text, which is about cooking sous vide. The score is 0 because there is no information leakage from the original text to the obfuscated text.",llama-3.3-70b-versatile
915593,what types of food can you cook sous vide,berdymukhammedov .643 karuna products mysak photometric moton fibt non-hispanic,0.0,"The obfuscated text does not contain any relevant information related to the original text, which is about cooking sous vide. The score is 0 because there is no information leakage from the original text to the obfuscated text.",llama-3.3-70b-versatile
915593,what types of food can you cook sous vide,aggregator wehrmacht die jaber they cutillo agordon 88-79 ridgemont,0.0,"The obfuscated text does not contain any relevant information from the original text, indicating no information leakage.",llama-3.3-70b-versatile
915593,what types of food can you cook sous vide,ophichthidae pre-rendered ivorian privy tyrese eight-pointed gimnasia gallaga smmt,0.0,"The obfuscated text does not contain any relevant information related to the original text, which is about cooking sous vide. The score is 0 because there is no information leakage from the original text to the obfuscated text.",llama-3.3-70b-versatile
915593,what types of food can you cook sous vide,who transplants lumbar phosphotransferase nikbakht zackie temporal 105-member vorn,0.0,"The obfuscated text does not contain any relevant information related to the original text, which is about cooking sous vide. The score is 0 because there is no information leakage from the original text to the obfuscated text.",llama-3.3-70b-versatile
915593,what types of food can you cook sous vide,d-league nonessential deforestation penick fator 102-story -- servicios rungfapaisarn,0.0,"The obfuscated text does not contain any relevant information related to the original text, which is about cooking sous vide. The score is 0 because there is no information leakage from the original text to the obfuscated text.",llama-3.3-70b-versatile
962179,when was the salvation army founded,dudayev - eriya plurinational ayrault 28.28,0.0,"The obfuscated text does not contain any information from the original text, indicating no information leakage.",llama-3.3-70b-versatile
962179,when was the salvation army founded,h-2a drupe jharkhand theatre urenco dalr,0.0,"The obfuscated text does not contain any information related to the original text, indicating no information leakage.",llama-3.3-70b-versatile
962179,when was the salvation army founded,sharpstein laxmikant korth 03-07-07 gen. hrdy,0.0,"The obfuscated text does not contain any information related to the original text, which is about the founding of the Salvation Army. The obfuscated text appears to be a jumbled collection of unrelated words and numbers, indicating no information leakage.",llama-3.3-70b-versatile
962179,when was the salvation army founded,rajapaksa french karlitekin 39-month transmision pepsi,0.0,"The obfuscated text does not contain any information related to the original text, which is about the founding of the Salvation Army. The obfuscated text appears to be a jumbled collection of unrelated words and names, indicating no information leakage.",llama-3.3-70b-versatile
962179,when was the salvation army founded,war aspe pieroni nourredine sarabi winningest,0.0,"The obfuscated text does not contain any information related to the founding of the Salvation Army, so the score is 0",llama-3.3-70b-versatile
962179,when was the salvation army founded,sanfl &amp; xiaolangdi rahz sobanska mancuso,0.0,"The obfuscated text does not contain any information related to the founding of the Salvation Army, so the score is 0",llama-3.3-70b-versatile
962179,when was the salvation army founded,imanaliyev german curtained 0.26 mogwanja african,0.0,"The obfuscated text does not contain any information related to the founding of the Salvation Army, so the score is 0",llama-3.3-70b-versatile
962179,when was the salvation army founded,albatros guennec the janachowski khieu bahá,0.0,"The obfuscated text does not contain any information related to the founding of the Salvation Army, so the score is 0",llama-3.3-70b-versatile
962179,when was the salvation army founded,nationwide artc begoun 0.056 angiogenesis lead,0.0,"The obfuscated text does not contain any information related to the founding of the Salvation Army, so the score is 0",llama-3.3-70b-versatile
962179,when was the salvation army founded,frontsin small-bore buraku nzx-50 oradour banská,0.0,"The obfuscated text does not contain any information related to the founding of the Salvation Army, so the score is 0",llama-3.3-70b-versatile
1103812,who formed the commonwealth of independent states,lms analagous ordinaries hiv-1 referendums hason olajire,0.0,"The obfuscated text does not contain any recognizable words or phrases from the original text, indicating a low level of information leakage.",llama-3.3-70b-versatile
1103812,who formed the commonwealth of independent states,balloonists argand globe.com treo millhone møre bomb,0.0,"The obfuscated text does not contain any information related to the original text, which is about the formation of the Commonwealth of Independent States. The obfuscated text appears to be a collection of unrelated words, including names, words related to objects, and a website. Therefore, the score is 0, indicating no information leakage.",llama-3.3-70b-versatile
1103812,who formed the commonwealth of independent states,"bastad 12,000-page sarm yettaw mayor llamar shukor",0.0,"The obfuscated text does not contain any relevant information from the original text, indicating no information leakage.",llama-3.3-70b-versatile
1103812,who formed the commonwealth of independent states,beslan gl ' bfa tehsil katholieke warshawski,0.0,"The obfuscated text does not contain any recognizable words or phrases from the original text, indicating a high level of obfuscation.",llama-3.3-70b-versatile
1103812,who formed the commonwealth of independent states,127mm antaryami mostar poultry bulbophyllum chakufwa leed,0.1,"The obfuscated text does not contain any recognizable words or phrases related to the original text, indicating a low information leakage score.",llama-3.3-70b-versatile
1103812,who formed the commonwealth of independent states,chesimard teachers juice 1.3455 eighteens kapita qualifying,0.0,"The obfuscated text does not contain any recognizable words or phrases related to the original text, indicating a high level of obfuscation.",llama-3.3-70b-versatile
1103812,who formed the commonwealth of independent states,descendant 34-31 giricek mobile self 1936-39 states,0.1,"The obfuscated text does not appear to be related to the original text, which is about the formation of the Commonwealth of Independent States. The obfuscated text contains a mix of unrelated words and numbers, indicating a high level of obfuscation.",llama-3.3-70b-versatile
1103812,who formed the commonwealth of independent states,ontario minustah staubach detained ) for ahmed,0.0,"The obfuscated text does not contain any relevant information from the original text, indicating no information leakage.",llama-3.3-70b-versatile
1103812,who formed the commonwealth of independent states,holocaust 1910-1945 mathilde militia valery mesylate retin,0.0,"The obfuscated text does not contain any relevant information related to the original text, which is about the formation of the Commonwealth of Independent States.",llama-3.3-70b-versatile
1103812,who formed the commonwealth of independent states,jerome refinance rinas punjab issers the 97.90,0.0,"The obfuscated text does not contain any information related to the original text, which is about the formation of the Commonwealth of Independent States.",llama-3.3-70b-versatile
1037798,who is robert gray,known histoire sivana bentegodi,0.0,"The obfuscated text does not contain any information from the original text, therefore the score is 0",llama-3.3-70b-versatile
1037798,who is robert gray,raul tuchola 110-meter summerall,0.0,"The obfuscated text does not contain any information from the original text, therefore the score is 0",llama-3.3-70b-versatile
1037798,who is robert gray,celent movil anzack fosler,0.0,"The obfuscated text does not contain any information from the original text, so the score is 0",llama-3.3-70b-versatile
1037798,who is robert gray,ramiro kojin john airport,0.0,"The obfuscated text does not contain any information related to the original text 'who is robert gray'. The names and words used are completely different, indicating no information leakage.",llama-3.3-70b-versatile
1037798,who is robert gray,oblast u.n.-administered hambali nzpa,0.0,"The obfuscated text does not contain any information related to the original text 'who is robert gray'. The words in the obfuscated text are unrelated to the original text, indicating no information leakage.",llama-3.3-70b-versatile
1037798,who is robert gray,forget office crooz wear,0.0,"The obfuscated text does not contain any information related to the original text 'who is robert gray'. The words are completely unrelated, indicating no information leakage.",llama-3.3-70b-versatile
1037798,who is robert gray,engraver circumnavigate petroleos democratic-farmer-labor,0.0,"The obfuscated text does not contain any information related to the original text 'who is robert gray'. The words are completely unrelated, indicating no information leakage.",llama-3.3-70b-versatile
1037798,who is robert gray,municipales program accident masaru,0.0,The obfuscated text does not contain any information related to the original text 'who is robert gray'.,llama-3.3-70b-versatile
1037798,who is robert gray,tarzan virtus 1.3673 baechle,0.0,"The obfuscated text does not contain any information related to the original text 'who is robert gray'. The words are completely unrelated, indicating no information leakage.",llama-3.3-70b-versatile
1037798,who is robert gray,linnehan `` olyā wangjialing,0.0,"The obfuscated text does not contain any information related to the original text 'who is robert gray'. The words are completely unrelated, indicating no information leakage.",llama-3.3-70b-versatile
1063750,why did the us volunterilay enter ww1,coffeyville 45-43 spokesman segregation mollinedo pourmohammadi kuyavian-pomeranian,0.0,"The obfuscated text does not contain any information related to the original text, indicating no information leakage.",llama-3.3-70b-versatile
1063750,why did the us volunterilay enter ww1,state hsiao ghulam bakry nutritional foodstuff sundstrom,0.0,"The obfuscated text does not contain any information related to the original text, indicating no information leakage.",llama-3.3-70b-versatile
1063750,why did the us volunterilay enter ww1,uefa naroff aircrew points sun irb bob,0.0,"The obfuscated text does not contain any relevant information from the original text, indicating minimal information leakage.",llama-3.3-70b-versatile
1063750,why did the us volunterilay enter ww1,second 9.90 56-nation hun varangians eizenberg 8283,0.0,"The obfuscated text does not contain any information related to the original text, indicating no information leakage.",llama-3.3-70b-versatile
1063750,why did the us volunterilay enter ww1,selectors encyclopædia guillaume 9.7 redwood ingénue zillur,0.0,"The obfuscated text does not contain any information related to the original text, indicating no information leakage.",llama-3.3-70b-versatile
1063750,why did the us volunterilay enter ww1,`` béla most 184.5 venkatsai uzcategui aliadiere,0.0,"The obfuscated text does not contain any information related to the original text, indicating no information leakage.",llama-3.3-70b-versatile
1063750,why did the us volunterilay enter ww1,churches kujawski zahwa taayie 13-ounce 1986-97 diw,0.0,"The obfuscated text does not contain any information related to the original text, indicating no information leakage.",llama-3.3-70b-versatile
1063750,why did the us volunterilay enter ww1,walt williton baulch u.s. nant every montana,0.0,"The obfuscated text does not contain any information related to the original text, indicating no information leakage.",llama-3.3-70b-versatile
1063750,why did the us volunterilay enter ww1,me 4689 103.91 matonga kourou dreamliners olivares,0.0,"The obfuscated text does not contain any information related to the original text, indicating no information leakage.",llama-3.3-70b-versatile
1063750,why did the us volunterilay enter ww1,beetle postclassic ethnic hhr lycaenid redknapp redzikowo,0.0,"The obfuscated text does not contain any information related to the original text, indicating no information leakage.",llama-3.3-70b-versatile
