id,text,obfuscatedText,score,justification,model
19335,anthropological definition of environment,anthropological the the environment,0.8,"The obfuscated text still contains the key words 'anthropological' and 'environment', which are the main components of the original text, thus the score is 0.8",llama-3.3-70b-versatile
19335,anthropological definition of environment,anthropological definition pile environment,0.7,"The obfuscated text still contains the key words 'anthropological' and 'environment', but the word 'definition' is replaced with 'pile', which reduces the information leakage. However, the context is still somewhat preserved, so the score is not 0.",llama-3.3-70b-versatile
19335,anthropological definition of environment,yingchuan definition mayor environment,0.6,"The obfuscated text has replaced the word 'anthropological' with 'yingchuan' and 'pile' was not present in the original text but 'mayor' is present in the obfuscated text instead of 'of', indicating significant information leakage, however some key words remain the same",llama-3.3-70b-versatile
19335,anthropological definition of environment,"anthropological definition , environment",0.7,"The obfuscated text has the same key words as the original text, but with a comma separating them, indicating a moderate level of information leakage.",llama-3.3-70b-versatile
19335,anthropological definition of environment,anthropological definition people environment,0.8,"The obfuscated text still contains the key words 'anthropological', 'definition', and 'environment', which are present in the original text, indicating a significant amount of information leakage.",llama-3.3-70b-versatile
19335,anthropological definition of environment,volgan definition tests environment,0.4,"The obfuscated text 'volgan definition tests environment' has some similarity to the original text 'anthropological definition of environment' but with significant changes, including the replacement of 'anthropological' with 'volgan' and 'of' with 'tests'. This suggests a moderate level of information leakage, as some key terms remain but their context and meaning are altered.",llama-3.3-70b-versatile
19335,anthropological definition of environment,anthropological definition clashes environment,0.8,"The obfuscated text still contains the key words 'anthropological', 'definition', and 'environment', which are present in the original text, indicating a significant amount of information leakage.",llama-3.3-70b-versatile
19335,anthropological definition of environment,anthropological hematological of environment,0.6,"The obfuscated text still contains the word 'anthropological' and 'environment' from the original text, but 'hematological' is unrelated to the original word 'definition', indicating some information leakage.",llama-3.3-70b-versatile
19335,anthropological definition of environment,anthropological definition of environment,1.0,"The obfuscated text is almost identical to the original text, with only minor changes in wording, indicating a high level of information leakage.",llama-3.3-70b-versatile
19335,anthropological definition of environment,anthropological definition of environment,0.95,"The obfuscated text is almost identical to the original text, with the word 'of' instead of no word, indicating very little information leakage",llama-3.3-70b-versatile
47923,axon terminals or synaptic knob definition,axon terminals or synaptic knob definition,1.0,"The obfuscated text is identical to the original text, indicating complete information leakage.",llama-3.3-70b-versatile
47923,axon terminals or synaptic knob definition,axon terminals or synaptic knob definition,1.0,"The obfuscated text is identical to the original text, indicating complete information leakage.",llama-3.3-70b-versatile
47923,axon terminals or synaptic knob definition,axon terminals might synaptic knob definition,0.9,"The obfuscated text is very similar to the original text, with only a small change in wording, indicating a high level of information leakage.",llama-3.3-70b-versatile
47923,axon terminals or synaptic knob definition,axon terminals or synaptic knob definition,1.0,"The obfuscated text is identical to the original text, indicating complete information leakage.",llama-3.3-70b-versatile
47923,axon terminals or synaptic knob definition,axon terminals ) synaptic knob stands,0.8,"The obfuscated text is almost identical to the original text, with only minor changes in punctuation and wording, indicating a high level of information leakage.",llama-3.3-70b-versatile
47923,axon terminals or synaptic knob definition,axon terminals 64.25 synaptic knob definition,0.1,"The obfuscated text is almost identical to the original text, with the addition of a number, indicating minimal information leakage.",llama-3.3-70b-versatile
47923,axon terminals or synaptic knob definition,axon terminals or synaptic mainbrace eichsfeld,0.2,"The obfuscated text has completely different words and structure compared to the original text, indicating significant information leakage reduction",llama-3.3-70b-versatile
47923,axon terminals or synaptic knob definition,axon terminals making synaptic knob definition,0.9,"The obfuscated text is almost identical to the original text, with only minor changes in wording, indicating a high level of information leakage.",llama-3.3-70b-versatile
47923,axon terminals or synaptic knob definition,10.66 terminals 2.08 synaptic knob definition,0.6,"The obfuscated text has a significant amount of information leakage from the original text, as it still contains the key terms 'axon terminals' and 'synaptic knob definition', but with some modifications and added numbers, indicating a moderate level of obfuscation.",llama-3.3-70b-versatile
47923,axon terminals or synaptic knob definition,axon terminals lymphoproliferative synaptic knob definition,0.9,"The obfuscated text is almost identical to the original text, with the word 'lymphoproliferative' added in the middle, which does not significantly alter the meaning of the original text.",llama-3.3-70b-versatile
87181,causes of left ventricular hypertrophy,portezuelo two collided ventricular hypertrophy,0.6,"The obfuscated text still contains the key terms 'ventricular hypertrophy', which is a significant part of the original text, indicating a high level of information leakage. However, the addition of 'portezuelo two collided' does not provide any relevant information related to the original text, and some key terms like 'causes of left' are missing, which reduces the information leakage score.",llama-3.3-70b-versatile
87181,causes of left ventricular hypertrophy,causes latter came ventricular hypertrophy,0.8,"The obfuscated text still contains the key terms 'ventricular hypertrophy' and 'causes', which indicates a significant amount of information leakage from the original text.",llama-3.3-70b-versatile
87181,causes of left ventricular hypertrophy,cause zaporozhye tasmanians ventricular hypertrophy,0.6,"The obfuscated text still contains the key terms 'ventricular hypertrophy', which is a significant part of the original text, but the word 'causes' is replaced with 'cause' and other words are added or replaced, indicating some information leakage. However, the core concept is still partially preserved.",llama-3.3-70b-versatile
87181,causes of left ventricular hypertrophy,causes emigrating nearly ventricular hypertrophy,0.8,"The obfuscated text still contains the word 'causes' and 'ventricular hypertrophy' which are present in the original text, indicating significant information leakage.",llama-3.3-70b-versatile
87181,causes of left ventricular hypertrophy,scab siquijor left ventricular hurlbut,0.4,"The obfuscated text still contains the words 'left ventricular', which is similar to the original text 'causes of left ventricular hypertrophy'. However, the word 'causes' is replaced with 'scab siquijor' and 'hypertrophy' is replaced with 'hurlbut', indicating some level of obfuscation. The score is 0.4 because some information is still leaked, but the meaning is somewhat distorted.",llama-3.3-70b-versatile
87181,causes of left ventricular hypertrophy,causes of left ventricular hypertrophy,1.0,"The obfuscated text is identical to the original text, indicating complete information leakage.",llama-3.3-70b-versatile
87181,causes of left ventricular hypertrophy,navua of left ventricular hypertrophy,0.8,"The obfuscated text is almost identical to the original text, with only the word 'causes' replaced by 'navua', which is a proper noun and does not convey the same meaning, thus the information leakage is not complete but significant",llama-3.3-70b-versatile
87181,causes of left ventricular hypertrophy,honduras of brown ventricular hypertrophy,0.6,"The obfuscated text still contains the key words 'of', 'ventricular', and 'hypertrophy', but replaces 'causes' with 'honduras' and 'left' with 'brown', indicating some information leakage, but not complete.",llama-3.3-70b-versatile
87181,causes of left ventricular hypertrophy,causes of gover ventricular hypertrophy,0.7,"The obfuscated text still contains the original phrase 'causes of' which is a significant part of the original text, but 'gover' does not match 'left', indicating some information leakage but not complete.",llama-3.3-70b-versatile
87181,causes of left ventricular hypertrophy,chorn of left ventricular hypertrophy,0.9,"The obfuscated text is very similar to the original text, with only a small change in the word 'causes' to 'chorn', which is likely a typo or a minor obfuscation attempt. The rest of the text remains the same, indicating a high level of information leakage.",llama-3.3-70b-versatile
87452,causes of military suicide,causes of military suicide,1.0,"The obfuscated text is identical to the original text, indicating complete information leakage.",llama-3.3-70b-versatile
87452,causes of military suicide,causes passito military suicide,0.9,"The obfuscated text 'causes passito military suicide' still contains the original keywords 'causes', 'military', and 'suicide', indicating a high level of information leakage. However, the addition of 'passito' may slightly reduce the clarity of the text, but the core information remains intact.",llama-3.3-70b-versatile
87452,causes of military suicide,causes of military suicide,1.0,"The obfuscated text is identical to the original text, indicating complete information leakage.",llama-3.3-70b-versatile
87452,causes of military suicide,causes of military suicide,1.0,"The obfuscated text is identical to the original text, indicating complete information leakage.",llama-3.3-70b-versatile
87452,causes of military suicide,glagow of northwestern suicide,0.2,"The obfuscated text 'glagow of northwestern suicide' has significant differences from the original text 'causes of military suicide', indicating minimal information leakage.",llama-3.3-70b-versatile
87452,causes of military suicide,causes of military suicide,1.0,"The obfuscated text is identical to the original text, indicating complete information leakage.",llama-3.3-70b-versatile
87452,causes of military suicide,dizziness of military suicide,0.7,"The obfuscated text 'dizziness of military suicide' still contains the phrase 'military suicide' which is a significant part of the original text, indicating a high level of information leakage. However, the word 'causes' has been replaced with 'dizziness', which reduces the information leakage to some extent.",llama-3.3-70b-versatile
87452,causes of military suicide,causes mamaia military dies,0.4,"The obfuscated text 'causes mamaia military dies' has some similarity to the original text 'causes of military suicide', but with significant changes, indicating moderate information leakage.",llama-3.3-70b-versatile
87452,causes of military suicide,cause town military suicide,0.6,"The obfuscated text 'cause town military suicide' still contains the words 'military' and 'suicide' which are present in the original text, but the word 'causes' is replaced with 'cause' and 'of' is replaced with 'town'. This indicates some information leakage, but not complete. The score is 0.6 because the obfuscated text still conveys the general topic of the original text, but with some changes.",llama-3.3-70b-versatile
87452,causes of military suicide,causes of british suicide,0.8,"The obfuscated text is very similar to the original text, with only the word 'military' being replaced with 'british', which still conveys similar information. Therefore, the score is 0.8",llama-3.3-70b-versatile
104861,cost of interior concrete flooring,cost knew interior concrete flooring,0.8,"The obfuscated text still contains most of the original keywords, with only 'knew' added, which does not significantly obscure the meaning. Therefore, the score is 0.8.",llama-3.3-70b-versatile
104861,cost of interior concrete flooring,cost guarantee interior concrete flooring,0.7,"The obfuscated text 'cost guarantee interior concrete flooring' still contains most of the original keywords, but the addition of 'guarantee' changes the meaning slightly. However, the core information about the topic, which is 'interior concrete flooring', remains intact. Therefore, the score should reflect a moderate level of information leakage.",llama-3.3-70b-versatile
104861,cost of interior concrete flooring,and quality interior concrete flooring,0.6,"The obfuscated text still contains the key words 'interior concrete flooring' which are present in the original text, but some words are changed or added, so the score is 0.6",llama-3.3-70b-versatile
104861,cost of interior concrete flooring,95.52 critical interior concrete looking,0.4,"The obfuscated text still contains the words 'interior' and 'concrete', which are key components of the original text, but the context and other words have been changed, indicating some information leakage.",llama-3.3-70b-versatile
104861,cost of interior concrete flooring,these of interior concrete flooring,0.8,"The obfuscated text still contains the key words 'interior concrete flooring' which is a significant part of the original text, indicating a high level of information leakage.",llama-3.3-70b-versatile
104861,cost of interior concrete flooring,cost campaign interior concrete flooring,0.8,"The obfuscated text still contains the key words 'cost', 'interior', 'concrete', and 'flooring', which are present in the original text, indicating a significant amount of information leakage.",llama-3.3-70b-versatile
104861,cost of interior concrete flooring,cost bentworth interior concrete 145-pound,0.6,"The obfuscated text still contains the word 'cost' and 'interior concrete', which are present in the original text, but 'bentworth' and '145-pound' are added, which are not in the original text. The score is 0.6 because some information is preserved, but new information is introduced.",llama-3.3-70b-versatile
104861,cost of interior concrete flooring,th.d purda interior concrete flooring,0.4,"The obfuscated text 'th.d purda interior concrete flooring' still contains the key phrases 'interior concrete flooring', which is a significant part of the original text 'cost of interior concrete flooring'. However, the cost information is completely removed and replaced with 'th.d purda', which does not convey any meaningful information related to the cost. Therefore, the score should reflect a moderate level of information leakage.",llama-3.3-70b-versatile
104861,cost of interior concrete flooring,later of interior concrete flooring,0.8,"The obfuscated text still contains the key phrases 'interior concrete flooring', which is a significant part of the original text, indicating a high level of information leakage.",llama-3.3-70b-versatile
104861,cost of interior concrete flooring,subsidise clear första concrete flooring,0.4,"The obfuscated text still contains the key words 'concrete flooring' which is a significant part of the original text, but it has replaced 'cost of interior' with 'subsidise clear första' which is a significant alteration, thus reducing information leakage. However, the presence of 'concrete flooring' suggests some information is still leaked.",llama-3.3-70b-versatile
1106007,define visceral?,inducers tagar,0.2,"The obfuscated text 'inducers tagar' does not convey the same meaning as the original text 'define visceral?', thus the information leakage is low.",llama-3.3-70b-versatile
1106007,define visceral?,way cosying,0.1,"The obfuscated text 'way cosying' does not resemble the original text 'define visceral?' in any way, indicating a very low information leakage score.",llama-3.3-70b-versatile
1106007,define visceral?,term superbike,0.1,"The obfuscated text 'term superbike' does not convey the meaning of the original text 'define visceral?', thus the information leakage is minimal.",llama-3.3-70b-versatile
1106007,define visceral?,by-2 center,0.1,"The obfuscated text 'by-2 center' does not convey the meaning of the original text 'define visceral?', thus the information leakage is minimal.",llama-3.3-70b-versatile
1106007,define visceral?,attain grammatiko,0.1,"The obfuscated text does not resemble the original text in any way, indicating a very low information leakage score.",llama-3.3-70b-versatile
1106007,define visceral?,define chilis,0.9,"The obfuscated text 'define chilis' is very similar to the original text 'define visceral?', with the only difference being the word 'chilis' instead of 'visceral?. This suggests a high level of information leakage, as the obfuscated text still conveys the same intent and meaning as the original text.",llama-3.3-70b-versatile
1106007,define visceral?,vgik ryne,0.0,"The obfuscated text 'vgik ryne' does not resemble the original text 'define visceral?' in any way, indicating a very low information leakage.",llama-3.3-70b-versatile
1106007,define visceral?,define rugova,0.3,"The obfuscated text 'define rugova' still contains the word 'define' which is present in the original text 'define visceral?', indicating some information leakage. However, the term 'rugova' is unrelated to 'visceral', suggesting partial information leakage.",llama-3.3-70b-versatile
1106007,define visceral?,define nci,0.8,"The obfuscated text 'define nci' is very similar to the original text 'define visceral?', with the only difference being the replacement of 'visceral?' with 'nci'. This suggests a high level of information leakage, as the obfuscated text still conveys the same meaning and intent as the original text. However, the score is not 1 because the obfuscated text does not contain the exact same words as the original text.",llama-3.3-70b-versatile
1106007,define visceral?,define gruelling,0.9,"The obfuscated text 'define gruelling' is very similar to the original text 'define visceral?', with the only difference being the word 'gruelling' instead of 'visceral?'. This suggests a high level of information leakage, as the obfuscated text still conveys the same meaning and intent as the original text.",llama-3.3-70b-versatile
130510,definition declaratory judgment,definition declaratory judgment,1.0,"The obfuscated text is identical to the original text, indicating complete information leakage.",llama-3.3-70b-versatile
130510,definition declaratory judgment,definition declaratory judgment,1.0,"The obfuscated text is identical to the original text, indicating complete information leakage.",llama-3.3-70b-versatile
130510,definition declaratory judgment,definition hyeon judgment,0.9,"The obfuscated text is almost identical to the original text, with only one word changed, indicating a high level of information leakage.",llama-3.3-70b-versatile
130510,definition declaratory judgment,definition declaratory judgment,1.0,"The obfuscated text is identical to the original text, indicating complete information leakage.",llama-3.3-70b-versatile
130510,definition declaratory judgment,definition declaratory judgment,1.0,"The obfuscated text is identical to the original text, indicating complete information leakage.",llama-3.3-70b-versatile
130510,definition declaratory judgment,definition declaratory judgment,1.0,"The obfuscated text is identical to the original text, indicating complete information leakage.",llama-3.3-70b-versatile
130510,definition declaratory judgment,definition declaratory judgment,1.0,"The obfuscated text is identical to the original text, indicating complete information leakage.",llama-3.3-70b-versatile
130510,definition declaratory judgment,chick 26.52 judgment,0.0,"The obfuscated text 'chick 26.52 judgment' does not resemble the original text 'definition declaratory judgment' in any way, indicating a very low information leakage.",llama-3.3-70b-versatile
130510,definition declaratory judgment,definition declaratory judgment,1.0,"The obfuscated text is identical to the original text, indicating complete information leakage.",llama-3.3-70b-versatile
130510,definition declaratory judgment,definition declaratory judgment,1.0,"The obfuscated text is identical to the original text, indicating complete information leakage.",llama-3.3-70b-versatile
131843,definition of a sigmet,definition of a mariemuthoo,0.4,"The obfuscated text 'definition of a mariemuthoo' does not convey the same meaning as the original text 'definition of a sigmet', but it still reveals the structure and some keywords, thus the score is 0.4",llama-3.3-70b-versatile
131843,definition of a sigmet,definition of a individuals,0.4,"The obfuscated text 'definition of a individuals' still contains the phrase 'definition of a', which is similar to the original text 'definition of a sigmet'. However, the word 'sigmet' has been replaced with 'individuals', which is unrelated to the original meaning. This suggests some information leakage, but not complete. Therefore, the score is 0.4.",llama-3.3-70b-versatile
131843,definition of a sigmet,definition making a hqs,0.4,"The obfuscated text 'definition making a hqs' still contains the word 'definition' and the phrase 'making a', which are similar to the original text 'definition of a sigmet'. However, the word 'hqs' is unrelated to 'sigmet', indicating some information leakage. The score is 0.4 because about 40% of the original text's meaning is preserved.",llama-3.3-70b-versatile
131843,definition of a sigmet,definition down a izu,0.2,"The obfuscated text 'definition down a izu' does not convey the same meaning as the original text 'definition of a sigmet', as 'sigmet' refers to a specific weather phenomenon and 'izu' does not. However, the word 'definition' and the preposition 'of' or 'down' are preserved, indicating some level of information leakage. The score is 0.2, indicating a low level of information leakage.",llama-3.3-70b-versatile
131843,definition of a sigmet,wasserkuppe others 50-foot playwrights,0.1,"The obfuscated text 'wasserkuppe others 50-foot playwrights' does not resemble the original text 'definition of a sigmet' in any way, indicating a high level of obfuscation and minimal information leakage.",llama-3.3-70b-versatile
131843,definition of a sigmet,multivariate of only hodgman,0.1,"The obfuscated text 'multivariate of only hodgman' does not resemble the original text 'definition of a sigmet' in any way, indicating a high level of obfuscation and very little information leakage.",llama-3.3-70b-versatile
131843,definition of a sigmet,definition of a the,0.5,"The obfuscated text 'definition of a the' still contains the word 'definition of a' which is similar to the original text 'definition of a sigmet', indicating some information leakage. However, the word 'sigmet' is replaced with 'the', which reduces the information leakage. Therefore, the score is 0.5.",llama-3.3-70b-versatile
131843,definition of a sigmet,definition of appears gareth,0.5,"The obfuscated text 'definition of appears gareth' still contains the word 'definition of' which is present in the original text, but the rest of the text is different. This indicates some information leakage, but not complete. The score is 0.5 because half of the original text is preserved.",llama-3.3-70b-versatile
131843,definition of a sigmet,vasculitis 2005 a creem,0.1,"The obfuscated text 'vasculitis 2005 a creem' does not resemble the original text 'definition of a sigmet' in any way, indicating a high level of obfuscation and very little information leakage.",llama-3.3-70b-versatile
131843,definition of a sigmet,apostolides r-process hour wakai,0.2,"The obfuscated text has no relation to the original text 'definition of a sigmet', indicating significant information leakage. However, some words like 'definition' and 'of' are preserved, but the main content is completely different.",llama-3.3-70b-versatile
146187,difference between a mcdouble and a double cheeseburger,difference between a ek charles reduction double burger,0.4,"The obfuscated text still contains the key words 'difference', 'between', 'double', and 'burger', which are present in the original text. However, the names 'mcdouble' and 'double cheeseburger' have been replaced with 'ek charles reduction double burger', which reduces the information leakage. The score is 0.4 because some information is still present, but the specific names have been altered.",llama-3.3-70b-versatile
146187,difference between a mcdouble and a double cheeseburger,difference between optical prince-elector between tularik double cheeseburger,0.6,"The obfuscated text still contains the key words 'double cheeseburger' which is present in the original text, indicating significant information leakage. However, other parts of the text have been obfuscated, reducing the overall leakage.",llama-3.3-70b-versatile
146187,difference between a mcdouble and a double cheeseburger,difference between a puttanna dulhania a double simplot,0.4,"The obfuscated text has some similarities with the original text, but key terms like 'mcdouble' and 'double cheeseburger' have been replaced with unrelated words, indicating moderate information leakage.",llama-3.3-70b-versatile
146187,difference between a mcdouble and a double cheeseburger,grond between a 77-23 and delimiter double cheeseburger,0.4,"The obfuscated text still contains the key words 'double cheeseburger' which is present in the original text, indicating some information leakage. However, the other parts of the text have been obfuscated, reducing the overall information leakage.",llama-3.3-70b-versatile
146187,difference between a mcdouble and a double cheeseburger,difference between a lahontan second a double cheeseburger,0.7,"The obfuscated text still contains the key phrase 'double cheeseburger' and the word 'difference', which indicates a significant amount of information leakage from the original text.",llama-3.3-70b-versatile
146187,difference between a mcdouble and a double cheeseburger,real between resident andreyevich vrl a double cheeseburger,0.6,"The obfuscated text still contains the key phrase 'double cheeseburger' which is present in the original text, indicating significant information leakage. However, other parts of the text have been obfuscated, reducing the overall leakage.",llama-3.3-70b-versatile
146187,difference between a mcdouble and a double cheeseburger,difference between a 975 and a double cheeseburger,0.2,"The obfuscated text still contains the key phrase 'double cheeseburger' and the word 'difference', which indicates some information leakage from the original text. However, the first part of the comparison has been completely obfuscated, reducing the information leakage. The score is 0.2 because the obfuscated text still conveys the general topic of comparison but does not reveal the specific item being compared to the double cheeseburger.",llama-3.3-70b-versatile
146187,difference between a mcdouble and a double cheeseburger,difference between a +32 and jihch czaja cheeseburger,0.2,"The obfuscated text still contains the key words 'difference', 'between', 'a', 'and', 'double cheeseburger', but the original text 'mcdouble' has been replaced with various unrelated words or numbers, indicating significant information leakage reduction. However, the presence of 'double cheeseburger' in both texts suggests some residual information leakage.",llama-3.3-70b-versatile
146187,difference between a mcdouble and a double cheeseburger,difference between a pinnules and weiss double cheeseburger,0.4,"The obfuscated text still contains the key words 'difference', 'between', 'double cheeseburger' which are present in the original text, but the first item being compared has been completely obfuscated, resulting in significant information leakage reduction.",llama-3.3-70b-versatile
146187,difference between a mcdouble and a double cheeseburger,difference between loofah castelveter various latere _ 142.9,0.1,"The obfuscated text does not contain any relevant information about the original text, which is about the difference between a McDouble and a Double Cheeseburger. The obfuscated text contains unrelated words and phrases, indicating a high level of obfuscation.",llama-3.3-70b-versatile
148538,difference between rn and bsn,uninitiated between rn pertaining bsn,0.8,"The obfuscated text still contains the key terms 'rn' and 'bsn', which are the main subjects of the original text, indicating a significant amount of information leakage.",llama-3.3-70b-versatile
148538,difference between rn and bsn,then hosted rn in bsn,0.6,"The obfuscated text still contains the key terms 'rn' and 'bsn', which are present in the original text, indicating some information leakage. However, the context and meaning of the original text are not fully preserved, resulting in a moderate score.",llama-3.3-70b-versatile
148538,difference between rn and bsn,difference kazakhstan tetsujin out bsn,0.4,"The obfuscated text still contains the word 'bsn' which is present in the original text, but the context and other words have been changed, indicating some information leakage.",llama-3.3-70b-versatile
148538,difference between rn and bsn,year between rn riverbank bsn,0.4,"The obfuscated text still contains the key terms 'rn' and 'bsn', but the context and surrounding words have been altered, indicating some information leakage. However, the meaning and relationship between 'rn' and 'bsn' are no longer clear, suggesting a moderate level of obfuscation.",llama-3.3-70b-versatile
148538,difference between rn and bsn,serves between rn officials bsn,0.6,"The obfuscated text still contains the key phrases 'between', 'rn', and 'bsn', which are present in the original text, indicating some information leakage.",llama-3.3-70b-versatile
148538,difference between rn and bsn,difference vaesen rn and bsn,0.8,"The obfuscated text still contains the key words 'difference', 'rn', and 'bsn', which are present in the original text, indicating a significant amount of information leakage.",llama-3.3-70b-versatile
148538,difference between rn and bsn,great between paoli riding bsn,0.6,"The obfuscated text still contains the key words 'between' and 'bsn', which are present in the original text, but 'rn' is preserved and 'difference' is replaced with 'great' and 'paoli' and 'riding' are added, indicating some information leakage, but not complete.",llama-3.3-70b-versatile
148538,difference between rn and bsn,ziebach evans rn and bsn,0.4,"The obfuscated text still contains the keywords 'rn' and 'bsn', which are present in the original text, indicating some information leakage. However, the context and surrounding words have been changed, reducing the leakage. The score is 0.4, reflecting a moderate level of information leakage.",llama-3.3-70b-versatile
148538,difference between rn and bsn,+ between rn sufferings bsn,0.4,"The obfuscated text still contains the keywords 'rn' and 'bsn' which are present in the original text, but the context and surrounding words have been changed, indicating some information leakage. However, the meaning and relationship between 'rn' and 'bsn' are not preserved, thus the score is not 1.",llama-3.3-70b-versatile
148538,difference between rn and bsn,book between rn and bsn,0.7,"The obfuscated text still contains the keywords 'rn' and 'bsn' in a similar context, indicating some information leakage.",llama-3.3-70b-versatile
156493,do goldfish grow,do goldfish grow,1.0,"The obfuscated text is identical to the original text, indicating complete information leakage.",llama-3.3-70b-versatile
156493,do goldfish grow,watching rungfapaisarn grow,0.5,"The obfuscated text 'watching rungfapaisarn grow' still contains the word 'grow' which is present in the original text 'do goldfish grow', indicating some information leakage. However, the main subject 'goldfish' has been replaced with 'rungfapaisarn', reducing the information leakage. The score is 0.5, indicating moderate information leakage.",llama-3.3-70b-versatile
156493,do goldfish grow,other goldfish grow,0.8,"The obfuscated text 'other goldfish grow' still contains the key words 'goldfish' and 'grow' which are present in the original text 'do goldfish grow'. This indicates a significant amount of information leakage, but not complete as the word 'do' is missing and 'other' is added. Therefore, the score is 0.8",llama-3.3-70b-versatile
156493,do goldfish grow,careys carthaigh grow,0.0,"The obfuscated text 'careys carthaigh grow' does not contain any information from the original text 'do goldfish grow', so the score is 0",llama-3.3-70b-versatile
156493,do goldfish grow,learning goldfish grow,0.8,"The obfuscated text is very similar to the original text, with the same key words 'goldfish' and 'grow', indicating a high level of information leakage.",llama-3.3-70b-versatile
156493,do goldfish grow,want nataliia grow,0.2,"The obfuscated text 'want nataliia grow' has some similarity to the original text 'do goldfish grow' in that it contains the word 'grow', but the subject of the sentence has been completely changed from 'goldfish' to 'nataliia', indicating a significant reduction in information leakage. However, the presence of the word 'grow' still retains some information from the original text.",llama-3.3-70b-versatile
156493,do goldfish grow,do goldfish grow,1.0,"The obfuscated text is identical to the original text, indicating complete information leakage.",llama-3.3-70b-versatile
156493,do goldfish grow,will goldfish grow,0.9,"The obfuscated text is very similar to the original text, with only a small change in the first word, indicating a high level of information leakage.",llama-3.3-70b-versatile
156493,do goldfish grow,do lundy grow,0.5,"The obfuscated text 'do lundy grow' has some similarity to the original text 'do goldfish grow' but the key word 'goldfish' is replaced with 'lundy', indicating partial information leakage.",llama-3.3-70b-versatile
156493,do goldfish grow,cheng colours augeri,0.0,"The obfuscated text 'cheng colours augeri' does not contain any information from the original text 'do goldfish grow', so the score is 0",llama-3.3-70b-versatile
168216,does legionella pneumophila cause pneumonia,needs legionella pneumophila cause pneumonia,0.8,"The obfuscated text still contains the key terms 'legionella pneumophila' and 'pneumonia', which are the main components of the original text, indicating a high level of information leakage.",llama-3.3-70b-versatile
168216,does legionella pneumophila cause pneumonia,tells legionella pneumophila cause pneumonia,0.8,"The obfuscated text still contains the key terms 'legionella pneumophila' and 'pneumonia', indicating significant information leakage from the original text.",llama-3.3-70b-versatile
168216,does legionella pneumophila cause pneumonia,does legionella pneumophila cause pneumonia,1.0,"The obfuscated text is almost identical to the original text, with the same meaning and content, indicating complete information leakage.",llama-3.3-70b-versatile
168216,does legionella pneumophila cause pneumonia,does legionella pneumophila toxic illness,0.8,"The obfuscated text is almost identical to the original text, with the word 'pneumonia' replaced by 'toxic illness', which still conveys similar information about the disease caused by legionella pneumophila.",llama-3.3-70b-versatile
168216,does legionella pneumophila cause pneumonia,if rihn newcomer its pneumonia,0.1,"The obfuscated text 'if rihn newcomer its pneumonia' does not resemble the original text 'does legionella pneumophila cause pneumonia' in any way, indicating a high level of obfuscation and very little information leakage.",llama-3.3-70b-versatile
168216,does legionella pneumophila cause pneumonia,does legionella pneumophila combustion pneumonia,0.8,"The obfuscated text 'does legionella pneumophila combustion pneumonia' still contains the key terms 'legionella pneumophila' and 'pneumonia', indicating a high level of information leakage from the original text 'does legionella pneumophila cause pneumonia'. However, the word 'combustion' is added, which is not present in the original text, reducing the leakage slightly.",llama-3.3-70b-versatile
168216,does legionella pneumophila cause pneumonia,seen legionella pneumophila cause pneumonia,0.9,"The obfuscated text is very similar to the original text, with only a slight change in the verb, indicating a high level of information leakage.",llama-3.3-70b-versatile
168216,does legionella pneumophila cause pneumonia,seem legionella pneumophila cause perl,0.6,"The obfuscated text 'seem legionella pneumophila cause perl' has changed the original verb 'does' to 'seem' and the disease 'pneumonia' to 'perl', indicating a significant alteration of the original text, but still retaining some key words like 'legionella pneumophila' and 'cause', thus the score is 0.6",llama-3.3-70b-versatile
168216,does legionella pneumophila cause pneumonia,believe legionella pneumophila korzen carcassonne,0.2,"The obfuscated text has completely changed the meaning and context of the original text, with only 'legionella pneumophila' remaining, indicating significant information leakage reduction",llama-3.3-70b-versatile
168216,does legionella pneumophila cause pneumonia,smidgen legionella pneumophila cause pneumonia,0.9,"The obfuscated text is very similar to the original text, with only a minor change in the first word, indicating a high level of information leakage.",llama-3.3-70b-versatile
182539,example of monotonic function,combination of monotonic function,0.8,"The obfuscated text is similar to the original text, with only a minor change in wording, indicating a high level of information leakage.",llama-3.3-70b-versatile
182539,example of monotonic function,rico of monotonic normal,0.7,"The obfuscated text still contains the key phrase 'monotonic function' which indicates a high level of information leakage, but some words are changed or missing, so it's not complete leakage.",llama-3.3-70b-versatile
182539,example of monotonic function,whereas of monotonic macaria,0.4,"The obfuscated text 'whereas of monotonic macaria' has some similarity to the original text 'example of monotonic function', but with significant changes, indicating moderate information leakage.",llama-3.3-70b-versatile
182539,example of monotonic function,stepwise busia monotonic function,0.8,"The obfuscated text still contains the key phrase 'monotonic function', indicating significant information leakage from the original text.",llama-3.3-70b-versatile
182539,example of monotonic function,up of monotonic function,0.8,"The obfuscated text 'up of monotonic function' still contains the key phrase 'monotonic function' from the original text, indicating significant information leakage.",llama-3.3-70b-versatile
182539,example of monotonic function,ancestors million monotonic faysali,0.4,"The obfuscated text 'ancestors million monotonic faysali' has some similarity to the original text 'example of monotonic function' but with significant changes, indicating moderate information leakage.",llama-3.3-70b-versatile
182539,example of monotonic function,many of monotonic function,0.8,"The obfuscated text still contains the key phrase 'monotonic function', which is the core information of the original text, thus the score is 0.8",llama-3.3-70b-versatile
182539,example of monotonic function,location of monotonic function,0.8,"The obfuscated text still contains the key phrase 'monotonic function', which is the core information from the original text, thus the score is 0.8",llama-3.3-70b-versatile
182539,example of monotonic function,where comprising sypniewski the,0.2,"The obfuscated text has changed significantly from the original text, with most of the original words replaced or removed, indicating low information leakage.",llama-3.3-70b-versatile
182539,example of monotonic function,h of monotonic function,0.8,"The obfuscated text still contains the key phrase 'monotonic function', which is the core information of the original text, so the score is 0.8",llama-3.3-70b-versatile
183378,exons definition biology,exons same t&p,0.5,"The obfuscated text 'exons same t&p' still contains the word 'exons' which is present in the original text 'exons definition biology'. However, the words 'definition' and 'biology' are replaced with 'same' and 't&p' respectively, indicating some level of obfuscation. The score is 0.5 because half of the original text is still visible.",llama-3.3-70b-versatile
183378,exons definition biology,exons definition biology,1.0,"The obfuscated text is identical to the original text, indicating complete information leakage.",llama-3.3-70b-versatile
183378,exons definition biology,exons definition biology,1.0,"The obfuscated text is identical to the original text, indicating complete information leakage.",llama-3.3-70b-versatile
183378,exons definition biology,exons definition biology,1.0,"The obfuscated text is identical to the original text, indicating complete information leakage.",llama-3.3-70b-versatile
183378,exons definition biology,exons definition safarov,0.5,"The obfuscated text has replaced the word 'biology' with 'safarov', which is a significant change, but the words 'exons' and 'definition' remain the same, indicating some information leakage.",llama-3.3-70b-versatile
183378,exons definition biology,exons definition biology,1.0,"The obfuscated text is identical to the original text, indicating complete information leakage.",llama-3.3-70b-versatile
183378,exons definition biology,exons cbs-affiliated biology,0.9,"The obfuscated text is almost identical to the original text, with only a slight modification, indicating a high level of information leakage.",llama-3.3-70b-versatile
183378,exons definition biology,exons definition ikazuchi,0.5,"The obfuscated text has the word 'definition' replaced with 'ikazuchi', which is not related to biology, but 'exons' is still present, indicating some information leakage",llama-3.3-70b-versatile
183378,exons definition biology,exons kelly biology,0.6,"The obfuscated text 'exons kelly biology' has some information leakage from the original text 'exons definition biology' because it still contains the word 'exons' and 'biology', but the word 'definition' is replaced with 'kelly', which reduces the information leakage. Therefore, the score is 0.6",llama-3.3-70b-versatile
183378,exons definition biology,exons sammani biology,0.6,"The obfuscated text has the word 'exons' and 'biology' which are present in the original text, but 'sammani' is different from 'definition'. Hence, there is some information leakage.",llama-3.3-70b-versatile
207786,how are some sharks warm blooded,the those some sharks warm blooded,0.8,"The obfuscated text still contains the key words 'sharks' and 'warm blooded', which are the main subjects of the original text, indicating a significant amount of information leakage. However, the removal of the word 'how' and 'are' reduces the context and grammatical structure of the sentence, slightly reducing the information leakage. Therefore, a score of 0.8 is assigned.",llama-3.3-70b-versatile
207786,how are some sharks warm blooded,how tunisian some sharks baldly birla,0.6,"The obfuscated text has changed some words, but the core information about sharks is still present, indicating partial information leakage.",llama-3.3-70b-versatile
207786,how are some sharks warm blooded,differently said some sharks warm rapala,0.6,"The obfuscated text still contains the key words 'some sharks' and 'warm', which are present in the original text, indicating a significant amount of information leakage. However, the words 'how are' are replaced with 'differently said', and 'blooded' is replaced with 'rapala', which reduces the information leakage to some extent.",llama-3.3-70b-versatile
207786,how are some sharks warm blooded,melloni are some sharks highball blooded,0.6,"The obfuscated text 'melloni are some sharks highball blooded' still contains the key phrase 'some sharks' which is present in the original text, and 'blooded' is also present, but 'how are' is replaced with 'melloni are' and 'warm' is replaced with 'highball', indicating some information leakage, but not complete.",llama-3.3-70b-versatile
207786,how are some sharks warm blooded,know series four-fifths sharks warm blooded,0.7,"The obfuscated text still contains the key phrases 'some sharks' and 'warm blooded', which are present in the original text, indicating a significant amount of information leakage.",llama-3.3-70b-versatile
207786,how are some sharks warm blooded,exactly are some sharks warm blooded,0.8,"The obfuscated text is very similar to the original text, with only minor changes in wording, indicating a high level of information leakage.",llama-3.3-70b-versatile
207786,how are some sharks warm blooded,how ones some sharks warm blooded,0.9,"The obfuscated text is very similar to the original text, with only minor changes in wording, indicating a high level of information leakage.",llama-3.3-70b-versatile
207786,how are some sharks warm blooded,neighbourhoods are anterior-posterior milenković brutally blooded,0.4,"The obfuscated text still contains the key phrases 'some sharks' and 'warm blooded', which are present in the original text, indicating a significant amount of information leakage.",llama-3.3-70b-versatile
207786,how are some sharks warm blooded,how are some sharks warm blooded,1.0,"The obfuscated text is identical to the original text, indicating complete information leakage.",llama-3.3-70b-versatile
207786,how are some sharks warm blooded,how are some sharks warm merman,0.9,"The obfuscated text is almost identical to the original text, with only the last word changed from 'blooded' to 'merman', indicating a high level of information leakage",llama-3.3-70b-versatile
1133167,how is the weather in jamaica,husband is leading weather ended jamaica,0.6,"The obfuscated text still contains the word 'jamaica' and has some similar sentence structure, indicating partial information leakage",llama-3.3-70b-versatile
1133167,how is the weather in jamaica,kinds cerebral moore weather in jamaica,0.7,"The obfuscated text still contains the key words 'weather' and 'jamaica' from the original text, indicating a significant amount of information leakage. However, the context and surrounding words have been altered, reducing the leakage to some extent.",llama-3.3-70b-versatile
1133167,how is the weather in jamaica,lengai is here weather in jamaica,0.8,"The obfuscated text still contains the key phrases 'weather in jamaica', which is the main information from the original text, so the score is high.",llama-3.3-70b-versatile
1133167,how is the weather in jamaica,how is which weather coincided jamaica,0.8,"The obfuscated text still contains the key words 'weather' and 'jamaica', which are present in the original text, indicating significant information leakage.",llama-3.3-70b-versatile
1133167,how is the weather in jamaica,how is confirms weather entwicklung jamaica,0.6,"The obfuscated text still contains the key phrases 'how is' and 'jamaica', which are present in the original text, but the word 'weather' is followed by 'entwicklung' instead of 'in', indicating some information leakage. However, the meaning of the sentence is altered, so it's not a complete leakage.",llama-3.3-70b-versatile
1133167,how is the weather in jamaica,understand itself directors weather chaldoran-e early-onset,0.4,"The obfuscated text still contains the word 'weather' and 'jamaica' which are present in the original text, but the context and surrounding words are completely different, indicating some information leakage.",llama-3.3-70b-versatile
1133167,how is the weather in jamaica,understand mordella spent cpms in jamaica,0.4,"The obfuscated text still contains the word 'jamaica' which is present in the original text, but other words are changed or missing, indicating some information leakage.",llama-3.3-70b-versatile
1133167,how is the weather in jamaica,how is known weather in jamaica,0.8,"The obfuscated text still contains the key phrases 'how is' and 'weather in jamaica', which are present in the original text, indicating significant information leakage.",llama-3.3-70b-versatile
1133167,how is the weather in jamaica,how remotely the weather work mmol/l,0.7,"The obfuscated text still contains the key phrases 'how' and 'weather in jamaica', indicating significant information leakage from the original text.",llama-3.3-70b-versatile
1133167,how is the weather in jamaica,trying be the weather bloodstains jamaica,0.7,"The obfuscated text still contains the key words 'weather' and 'jamaica', which are present in the original text, indicating a significant amount of information leakage.",llama-3.3-70b-versatile
264014,how long is life cycle of flea,how abandon thorius that metonic of flea,0.4,"The obfuscated text still contains the word 'flea', which is a key piece of information from the original text, but other words have been replaced with unrelated terms, indicating partial information leakage.",llama-3.3-70b-versatile
264014,how long is life cycle of flea,caelius long essentially keeping cycle alcolea aviary,0.4,"The obfuscated text still contains the word 'cycle' and 'flea' which are present in the original text, indicating some information leakage. However, the context and other words have been changed, reducing the leakage. The score is 0.4, indicating moderate information leakage.",llama-3.3-70b-versatile
264014,how long is life cycle of flea,how long considered life cycle of flea,0.9,"The obfuscated text is very similar to the original text, with only minor changes in wording, indicating a high level of information leakage.",llama-3.3-70b-versatile
264014,how long is life cycle of flea,how long is life cycle of flea,1.0,"The obfuscated text is identical to the original text, indicating complete information leakage.",llama-3.3-70b-versatile
264014,how long is life cycle of flea,that long is life 60-room of flea,0.9,"The obfuscated text is almost identical to the original text, with only minor changes, indicating a high level of information leakage.",llama-3.3-70b-versatile
264014,how long is life cycle of flea,attached long gualeguaychú fullness cycle vogtland flea,0.4,"The obfuscated text 'attached long gualeguaychú fullness cycle vogtland flea' has some similar words to the original text 'how long is life cycle of flea', but with significant changes, indicating moderate information leakage.",llama-3.3-70b-versatile
264014,how long is life cycle of flea,assimilate long 404-526-5429 life sericeus is flea,0.6,"The obfuscated text has similar structure and some of the same words as the original text, but with some words replaced with unrelated words, indicating moderate information leakage.",llama-3.3-70b-versatile
264014,how long is life cycle of flea,countless 21-year is dramas faster 41 wpt,0.0,"The obfuscated text 'countless 21-year is dramas faster 41 wpt' does not contain any information from the original text 'how long is life cycle of flea', so the score is 0",llama-3.3-70b-versatile
264014,how long is life cycle of flea,how 2-pointer is life cycle of 67.41,0.7,"The obfuscated text still contains the core information of the original text, but with some modifications, so the score is 0.7",llama-3.3-70b-versatile
264014,how long is life cycle of flea,things thought is life cycle cleared flea,0.8,"The obfuscated text still contains the key words 'life cycle' and 'flea', which are present in the original text, indicating significant information leakage.",llama-3.3-70b-versatile
359349,how to find the midsegment of a trapezoid,how to he the schweppes footlights a buzek,0.1,"The obfuscated text does not resemble the original text in any way, indicating a high level of obfuscation and minimal information leakage.",llama-3.3-70b-versatile
359349,how to find the midsegment of a trapezoid,any to orender the behaviorists grassroots a trapezoid,0.4,"The obfuscated text still contains the word 'trapezoid' which is present in the original text, indicating some information leakage. However, other key words like 'find' and 'midsegment' are not present, reducing the leakage. The score is 0.4, reflecting a moderate level of information leakage.",llama-3.3-70b-versatile
359349,how to find the midsegment of a trapezoid,even to endeavouring the imraan and a trapezoid,0.2,"The obfuscated text still contains the word 'trapezoid' which is present in the original text, indicating some information leakage. However, the rest of the text has been significantly altered, reducing the overall information leakage.",llama-3.3-70b-versatile
359349,how to find the midsegment of a trapezoid,how charibert find the dalmau of another formula_2,0.2,"The obfuscated text still contains the word 'trapezoid' and some similar sentence structure, but most of the original information is lost.",llama-3.3-70b-versatile
359349,how to find the midsegment of a trapezoid,how 1.4360 thinks unwieldiness death of a trapezoid,0.2,"The obfuscated text still contains the word 'trapezoid' which is present in the original text, indicating some information leakage. However, the context and other words have been changed, reducing the information leakage. The score is 0.2 because the obfuscated text retains a key word from the original text but alters the surrounding context.",llama-3.3-70b-versatile
359349,how to find the midsegment of a trapezoid,or help find the meinke of a part,0.2,"The obfuscated text still contains the word 'trapezoid' which is present in the original text, but other key words are missing or replaced, indicating some information leakage.",llama-3.3-70b-versatile
359349,how to find the midsegment of a trapezoid,lots 395 find st. tips greenberg gennaker trapezoid,0.2,"The obfuscated text still contains the word 'trapezoid' which is present in the original text, indicating some information leakage. However, the context and other words have been significantly altered, reducing the overall information leakage.",llama-3.3-70b-versatile
359349,how to find the midsegment of a trapezoid,how to acceptable shadow since of a trapezoid,0.2,"The obfuscated text still contains the word 'trapezoid' which is present in the original text, indicating some information leakage. However, the rest of the text has been significantly altered, reducing the overall information leakage.",llama-3.3-70b-versatile
359349,how to find the midsegment of a trapezoid,mailey to themselves the dawit africa paloverde trapezoid,0.2,"The obfuscated text still contains the word 'trapezoid' which is present in the original text, but other key words are missing or changed, indicating some information leakage.",llama-3.3-70b-versatile
359349,how to find the midsegment of a trapezoid,how 2-3/8 establish the melamid masters a trapezoid,0.2,"The obfuscated text still contains the word 'trapezoid' which is present in the original text, but other key words are changed or missing, indicating some information leakage.",llama-3.3-70b-versatile
1129237,hydrogen is a liquid below what temperature,hydrogen is a 29-degree below what temperature,0.8,"The obfuscated text reveals the temperature at which hydrogen becomes a liquid, which is 29 degrees below a certain temperature, thus the score is 0.8 because it still hides the reference temperature",llama-3.3-70b-versatile
1129237,hydrogen is a liquid below what temperature,hydrogen perforating intermittent liquid below know temperature,0.7,"The obfuscated text still conveys the main idea of the original text, which is that hydrogen is a liquid below a certain temperature. However, the obfuscated text introduces some ambiguity and uncertainty with the addition of the words 'perforating intermittent' and 'know', which are not present in the original text. The score is 0.7 because the obfuscated text still reveals some information about the original text, but with some distortion and added uncertainty.",llama-3.3-70b-versatile
1129237,hydrogen is a liquid below what temperature,hydrogen this a liquid below dizionario skadavy,0.6,"The obfuscated text still contains the word 'hydrogen' and 'liquid' and 'below', which are key elements of the original text, but 'dizionario skadavy' seems unrelated to the original text, thus the information leakage score is 0.6",llama-3.3-70b-versatile
1129237,hydrogen is a liquid below what temperature,hydrogen is tuck liquid relative so temperature,0.6,"The obfuscated text still contains the word 'hydrogen' and 'liquid' and 'temperature', which are key elements of the original text, but the word 'is' and 'below' are preserved, and 'tuck' and 'relative' and 'so' are added, which changes the meaning of the sentence, thus the score is 0.6",llama-3.3-70b-versatile
1129237,hydrogen is a liquid below what temperature,hydrogen challenging a indigobirds below goffredo temperature,0.7,"The obfuscated text still conveys the original meaning, with some words replaced or modified, but the core information remains intact. The score is 0.7 because the obfuscated text still contains the key words 'hydrogen', 'liquid', 'below', and 'temperature', which are essential to understanding the original text.",llama-3.3-70b-versatile
1129237,hydrogen is a liquid below what temperature,hydrogen is a liquid को approached temperature,0.7,"The obfuscated text still conveys the original meaning, with some words replaced or added, but the core information about hydrogen being a liquid below a certain temperature is preserved, thus the score is 0.7",llama-3.3-70b-versatile
1129237,hydrogen is a liquid below what temperature,hydrogen is a liquid below knew temperature,0.7,"The obfuscated text still contains the key words 'hydrogen', 'liquid', and 'below', which are present in the original text, but the word 'knew' is used instead of 'what', indicating some information leakage, but not complete.",llama-3.3-70b-versatile
1129237,hydrogen is a liquid below what temperature,hydrogen is a liquid below answering temperature,0.7,"The obfuscated text still contains the key words 'hydrogen', 'liquid', and 'below', which are present in the original text, but the word 'temperature' is replaced with 'answering', indicating some information leakage. However, the core concept of the original text is still partially preserved.",llama-3.3-70b-versatile
1129237,hydrogen is a liquid below what temperature,hydrogen cranopsis a liquid below the temperature,0.4,"The obfuscated text still contains the word 'hydrogen' and 'liquid below', which indicates some information leakage. However, the word 'temperature' is present in both texts, but the obfuscated text does not provide a clear answer to the question. The score is 0.4 because the obfuscated text does not reveal the specific temperature, but it still conveys some general information about hydrogen.",llama-3.3-70b-versatile
1129237,hydrogen is a liquid below what temperature,hydrogen think a islamica below tribalism temperature,0.4,"The obfuscated text still contains the word 'hydrogen' and 'liquid below', which indicates some information leakage from the original text. However, the word 'temperature' is present in both texts, but the obfuscated text does not provide a clear temperature value, thus reducing the information leakage. The score is 0.4, indicating moderate information leakage.",llama-3.3-70b-versatile
405717,is cdg airport in main paris,one cdg airport two solidaire somov,0.7,"The obfuscated text still contains the key phrase 'cdg airport', which is the main subject of the original text, indicating significant information leakage. However, the surrounding context has been altered, reducing the leakage to some extent.",llama-3.3-70b-versatile
405717,is cdg airport in main paris,is cdg dwellers in main essen,0.4,"The obfuscated text still contains the airport code 'CDG' and the word 'main', which are present in the original text, indicating some information leakage. However, the words 'is', 'in', and 'paris' have been replaced or removed, reducing the information leakage. The score is 0.4, indicating moderate information leakage.",llama-3.3-70b-versatile
405717,is cdg airport in main paris,board cluelessness airport mirrored sébastien paris,0.7,"The obfuscated text still contains the key words 'airport' and 'paris', which are present in the original text, indicating significant information leakage.",llama-3.3-70b-versatile
405717,is cdg airport in main paris,is cdg airport 5.37 garage paris,0.8,"The obfuscated text still contains the key phrases 'cdg airport' and 'paris', which are present in the original text, indicating significant information leakage.",llama-3.3-70b-versatile
405717,is cdg airport in main paris,of cdg airport congress main paris,0.8,"The obfuscated text still contains the key phrases 'cdg airport' and 'paris', which are present in the original text, indicating significant information leakage.",llama-3.3-70b-versatile
405717,is cdg airport in main paris,payyannur cdg flown afghanistan main 1468,0.4,"The obfuscated text still contains the keywords 'cdg' and 'paris' which are present in the original text, indicating some information leakage. However, the context and other words have been changed, reducing the leakage. The score is 0.4, indicating moderate information leakage.",llama-3.3-70b-versatile
405717,is cdg airport in main paris,is kuppam airport in sukhum paris,0.2,"The obfuscated text 'is kuppam airport in sukhum paris' has changed the airport name and location, but still retains the phrase 'in' and 'paris', indicating some information leakage. However, the airport name 'kuppam' is different from the original 'cdg', and 'sukhum' is different from 'main', which reduces the information leakage. The score is 0.2.",llama-3.3-70b-versatile
405717,is cdg airport in main paris,now cdg airport in main which,0.8,"The obfuscated text still contains the keywords 'cdg airport' and 'in main', which are present in the original text, indicating significant information leakage.",llama-3.3-70b-versatile
405717,is cdg airport in main paris,khondab ajith airport in saw-mill paris,0.4,"The obfuscated text still contains the keywords 'cdg' and 'paris' which are present in the original text, but the context and other words have been changed, indicating some information leakage. However, the meaning and content of the original text have been altered significantly.",llama-3.3-70b-versatile
405717,is cdg airport in main paris,this l'écho airport in main paris,0.8,"The obfuscated text still contains the keywords 'airport', 'in', 'main', and 'paris', which are present in the original text, indicating significant information leakage.",llama-3.3-70b-versatile
443396,lps laws definition,lps laws definition,1.0,"The obfuscated text is identical to the original text, indicating complete information leakage.",llama-3.3-70b-versatile
443396,lps laws definition,lps laws definition,1.0,"The obfuscated text is identical to the original text, indicating complete information leakage.",llama-3.3-70b-versatile
443396,lps laws definition,kuznetsky laws definition,0.7,"The obfuscated text is completely different from the original text, but still conveys the same general meaning, which is about laws definition. However, the term 'lps' has been replaced with 'kuznetsky', which changes the specific context. Therefore, the score should be less than 1, but not 0, as some information is still leaked. Let's assume a score of 0.7.",llama-3.3-70b-versatile
443396,lps laws definition,lps laws definition,1.0,"The obfuscated text is identical to the original text, indicating complete information leakage.",llama-3.3-70b-versatile
443396,lps laws definition,pvc laws definition,0.2,"The obfuscated text 'pvc laws definition' is significantly different from the original text 'lps laws definition', indicating minimal information leakage.",llama-3.3-70b-versatile
443396,lps laws definition,lps laws stephanou,0.1,"The obfuscated text is almost identical to the original text, with only a minor change in the last word, indicating very little information leakage.",llama-3.3-70b-versatile
443396,lps laws definition,126.77 laws scope,0.2,"The obfuscated text '126.77 laws scope' has a different prefix and suffix compared to the original text 'lps laws definition', indicating significant information leakage reduction. However, the word 'laws' remains the same, suggesting some residual information leakage.",llama-3.3-70b-versatile
443396,lps laws definition,lps laws definition,1.0,"The obfuscated text is identical to the original text, indicating complete information leakage.",llama-3.3-70b-versatile
443396,lps laws definition,lps laws definition,1.0,"The obfuscated text is identical to the original text, indicating complete information leakage.",llama-3.3-70b-versatile
443396,lps laws definition,lps laws definition,1.0,"The obfuscated text is identical to the original text, indicating complete information leakage.",llama-3.3-70b-versatile
451602,medicare's definition of mechanical ventilation,anaïs definition of mechanical texensis,0.6,"The obfuscated text has changed 'medicare' to 'anaïs' and 'ventilation' to 'texensis', indicating significant information leakage. However, 'definition of mechanical' remains the same, suggesting some information is still preserved. The score is 0.6, reflecting a moderate level of information leakage.",llama-3.3-70b-versatile
451602,medicare's definition of mechanical ventilation,stet definition advance mechanical ventilation,0.7,"The obfuscated text 'stet definition advance mechanical ventilation' still contains the key phrase 'mechanical ventilation' which is present in the original text 'medicare's definition of mechanical ventilation'. However, it replaces 'medicare's' with 'stet' and adds 'advance', indicating some level of obfuscation. The score is 0.7 because while the core concept of 'mechanical ventilation' is preserved, the context and specific definition source are altered.",llama-3.3-70b-versatile
451602,medicare's definition of mechanical ventilation,arges defined re-arrangement victorian-style ventilation,0.2,"The obfuscated text 'arges defined re-arrangement victorian-style ventilation' has significant differences from the original text 'medicare's definition of mechanical ventilation', with changes in key words and phrases, indicating low information leakage.",llama-3.3-70b-versatile
451602,medicare's definition of mechanical ventilation,heimowitz sets of tago ventilation,0.4,"The obfuscated text 'heimowitz sets of tago ventilation' does not closely resemble the original text 'medicare's definition of mechanical ventilation', indicating significant information leakage reduction. However, some key terms like 'ventilation' are still present, suggesting partial information retention. Thus, a moderate score of 0.4 is assigned.",llama-3.3-70b-versatile
451602,medicare's definition of mechanical ventilation,j.c. definition list mechanical ventilation,0.8,"The obfuscated text 'j.c. definition list mechanical ventilation' still contains the key phrase 'mechanical ventilation' which is present in the original text, and 'definition' and 'list' are related to the concept of defining something, thus the information leakage is significant",llama-3.3-70b-versatile
451602,medicare's definition of mechanical ventilation,"1,014 definition of mechanical ventilation",0.8,"The obfuscated text '1,014 definition of mechanical ventilation' closely resembles the original text 'medicare's definition of mechanical ventilation' with the main difference being the replacement of 'medicare's' with '1,014', which still conveys the core concept of the original text.",llama-3.3-70b-versatile
451602,medicare's definition of mechanical ventilation,krynauw vernacular of mechanical ventilation,0.6,"The obfuscated text 'krynauw vernacular of mechanical ventilation' still contains the key phrase 'mechanical ventilation', which is a significant part of the original text 'medicare's definition of mechanical ventilation'. However, 'krynauw' and 'vernacular' do not match 'medicare' and 'definition', indicating some level of obfuscation. The score should reflect a moderate level of information leakage.",llama-3.3-70b-versatile
451602,medicare's definition of mechanical ventilation,organizer definition of mechanical ventilation,0.6,"The obfuscated text 'organizer definition of mechanical ventilation' still contains the key phrase 'mechanical ventilation', which is also present in the original text 'medicare's definition of mechanical ventilation'. However, the word 'organizer' replaces 'medicare's', indicating some level of obfuscation. The score is 0.6 because the obfuscated text maintains the core concept of the original text but alters the context.",llama-3.3-70b-versatile
451602,medicare's definition of mechanical ventilation,oskin definition annually mechanical ventilation,0.6,"The obfuscated text 'oskin definition annually mechanical ventilation' still contains the key phrase 'mechanical ventilation', which is a significant part of the original text 'medicare's definition of mechanical ventilation'. However, the replacement of 'medicare's' with 'oskin' and the addition of 'annually' changes the context and reduces the information leakage. The score is 0.6 because while some information is preserved, the changes introduce uncertainty and reduce the direct connection to the original text.",llama-3.3-70b-versatile
451602,medicare's definition of mechanical ventilation,kheer claims over cihat ventilation,0.2,"The obfuscated text 'kheer claims over cihat ventilation' does not closely resemble the original text 'medicare's definition of mechanical ventilation', indicating significant information leakage reduction. However, some key words like 'ventilation' are still present, suggesting a score of 0.2 for partial information leakage.",llama-3.3-70b-versatile
489204,right pelvic pain causes,right pelvic pain causes,1.0,"The obfuscated text is identical to the original text, indicating complete information leakage.",llama-3.3-70b-versatile
489204,right pelvic pain causes,hegelians pelvic pain between,0.7,"The obfuscated text still contains the phrase 'pelvic pain', which is a significant part of the original text, indicating a high level of information leakage. However, the addition of 'hegelians' and 'between' introduces some level of obfuscation, reducing the score from 1.0.",llama-3.3-70b-versatile
489204,right pelvic pain causes,right pelvic agah water-driven,0.4,"The obfuscated text 'right pelvic agah water-driven' has some similarity to the original text 'right pelvic pain causes', but it has replaced 'pain' with 'agah' and 'causes' with 'water-driven', indicating a moderate level of information leakage.",llama-3.3-70b-versatile
489204,right pelvic pain causes,keep pelvic boever causes,0.6,"The obfuscated text 'keep pelvic boever causes' has some similarity to the original text 'right pelvic pain causes', but with changes in words, indicating partial information leakage.",llama-3.3-70b-versatile
489204,right pelvic pain causes,right pelvic pain saint-venant,0.75,"The obfuscated text 'right pelvic pain saint-venant' still contains the original keywords 'right pelvic pain' which indicates a high level of information leakage, but 'saint-venant' is unrelated to the original text 'causes'. Therefore, the score is 0.75",llama-3.3-70b-versatile
489204,right pelvic pain causes,sensitivity pelvic pain causes,0.7,"The obfuscated text 'sensitivity pelvic pain causes' has some similarity to the original text 'right pelvic pain causes', but the word 'sensitivity' replaces 'right', indicating some information leakage. However, the key terms 'pelvic pain causes' remain intact, suggesting a significant amount of information is still present.",llama-3.3-70b-versatile
489204,right pelvic pain causes,right pelvic pain death,0.8,"The obfuscated text 'right pelvic pain death' still contains the original keywords 'right pelvic pain' which indicates a high level of information leakage, but the addition of 'death' instead of 'causes' reduces the leakage slightly",llama-3.3-70b-versatile
489204,right pelvic pain causes,right pelvic pain rhizopus,0.75,"The obfuscated text 'right pelvic pain rhizopus' still contains the original keywords 'right pelvic pain' but replaces 'causes' with 'rhizopus', which is unrelated to the original context, thus reducing information leakage to 0.75",llama-3.3-70b-versatile
489204,right pelvic pain causes,right pelvic pain cause,0.9,"The obfuscated text is very similar to the original text, with only a minor change from 'causes' to 'cause', indicating a high level of information leakage.",llama-3.3-70b-versatile
489204,right pelvic pain causes,right pelvic pain causes,1.0,"The obfuscated text is identical to the original text, indicating complete information leakage.",llama-3.3-70b-versatile
490595,rsa definition key,rsa definition sadulayeva,0.8,"The obfuscated text still contains the original keywords 'rsa' and 'definition', which indicates a significant information leakage. However, the addition of 'sadulayeva' does not seem to be related to the original text, which slightly reduces the information leakage. Therefore, the score is 0.8.",llama-3.3-70b-versatile
490595,rsa definition key,rsa definition key,1.0,"The obfuscated text is identical to the original text, indicating complete information leakage.",llama-3.3-70b-versatile
490595,rsa definition key,rsa definition key,1.0,"The obfuscated text is identical to the original text, indicating complete information leakage.",llama-3.3-70b-versatile
490595,rsa definition key,rsa narrowing which,0.6,"The obfuscated text 'rsa narrowing which' has some similarity to the original text 'rsa definition key', but the word 'definition' has been replaced with 'narrowing' and 'key' has been replaced with 'which', indicating a moderate level of information leakage.",llama-3.3-70b-versatile
490595,rsa definition key,rsa collecting germanics,0.2,"The obfuscated text 'rsa collecting germanics' has some similarity to the original text 'rsa definition key', but it does not convey the same meaning, thus the score is 0.2",llama-3.3-70b-versatile
490595,rsa definition key,rsa definition while,0.9,"The obfuscated text 'rsa definition while' is very similar to the original text 'rsa definition key', with only the last word changed, indicating a high level of information leakage.",llama-3.3-70b-versatile
490595,rsa definition key,rsa definition key,1.0,"The obfuscated text is identical to the original text, indicating complete information leakage.",llama-3.3-70b-versatile
490595,rsa definition key,rsa definition key,1.0,"The obfuscated text is identical to the original text, indicating complete information leakage.",llama-3.3-70b-versatile
490595,rsa definition key,rsa definition key,1.0,"The obfuscated text is identical to the original text, indicating complete information leakage.",llama-3.3-70b-versatile
490595,rsa definition key,rsa definition sekhukhune,0.8,"The obfuscated text 'rsa definition sekhukhune' has a similar structure to the original text 'rsa definition key', but with a different word at the end, indicating some information leakage. However, the core information 'rsa definition' remains the same, suggesting a significant amount of information leakage.",llama-3.3-70b-versatile
1124210,tracheids are part of _____.,tracheids have what mcareavey three-color,0.4,"The obfuscated text does not clearly convey the original meaning, but some key words are still present, indicating partial information leakage.",llama-3.3-70b-versatile
1124210,tracheids are part of _____.,tracheids veterans hopper of friedgen,0.1,"The obfuscated text does not contain any relevant information from the original text, indicating minimal information leakage.",llama-3.3-70b-versatile
1124210,tracheids are part of _____.,tracheids are part moed cross-training,0.7,"The obfuscated text still contains the word 'tracheids' and the phrase 'are part', which is similar to the original text, indicating some information leakage.",llama-3.3-70b-versatile
1124210,tracheids are part of _____.,tracheids pimping part of bodes,0.7,"The obfuscated text still contains the word 'tracheids' and the phrase 'part of', which are present in the original text, indicating some information leakage.",llama-3.3-70b-versatile
1124210,tracheids are part of _____.,tracheids seem collectively jabs serb-populated,0.2,"The obfuscated text still contains the word 'tracheids' which is present in the original text, but the rest of the sentence has been modified to remove any meaningful information. The word 'part' is present in some of the obfuscated texts, but it is not in the same context as the original text. Therefore, the score should be low, around 0.2, indicating some information leakage but not complete.",llama-3.3-70b-versatile
1124210,tracheids are part of _____.,bancoult both kibirige maldistribution paddock,0.0,"The obfuscated text does not contain any information related to the original text, indicating no information leakage.",llama-3.3-70b-versatile
1124210,tracheids are part of _____.,respiro are only of swished,0.9,"The obfuscated text does not contain the word 'tracheids' or any relevant information related to the original text, indicating significant information leakage.",llama-3.3-70b-versatile
1124210,tracheids are part of _____.,distribuidora children part its nui,0.2,"The obfuscated text does not resemble the original text, indicating minimal information leakage.",llama-3.3-70b-versatile
1124210,tracheids are part of _____.,tracheids are moravian 79.65 ranulfo,0.2,"The obfuscated text still contains the word 'tracheids' and the phrase 'are', which are present in the original text, indicating some information leakage. However, the rest of the text is completely different, suggesting a significant level of obfuscation.",llama-3.3-70b-versatile
1124210,tracheids are part of _____.,46.03 are stage of shows,0.0,"The obfuscated text does not contain any relevant information about tracheids, and the numbers and words seem unrelated to the original text.",llama-3.3-70b-versatile
527433,types of dysarthria from cerebral palsy,but of alessandria from cerebral palsy,0.6,"The obfuscated text has replaced 'types' with 'but' and 'dysarthria' with 'alessandria', which are not related to the original words, indicating some information leakage. However, 'cerebral palsy' remains the same, which is a significant part of the original text, thus the score is not 0.",llama-3.3-70b-versatile
527433,types of dysarthria from cerebral palsy,types of 5-4-2 from 61.44 izyaslav,0.1,"The obfuscated text 'types of 5-4-2 from 61.44 izyaslav' has significant differences from the original text 'types of dysarthria from cerebral palsy', with changes in key terms, indicating minimal information leakage.",llama-3.3-70b-versatile
527433,types of dysarthria from cerebral palsy,ones first dysarthria citing cerebral palsy,0.6,"The obfuscated text 'ones first dysarthria citing cerebral palsy' still contains the key terms 'dysarthria' and 'cerebral palsy', which are present in the original text. However, the order and context of the words have been altered, reducing the information leakage. The score is 0.6 because some information is still preserved, but the changes make it less direct.",llama-3.3-70b-versatile
527433,types of dysarthria from cerebral palsy,types unclear dysarthria from cerebral well-tuned,0.6,"The obfuscated text 'types unclear dysarthria from cerebral well-tuned' still contains the key terms 'dysarthria' and 'cerebral', which are present in the original text. However, the addition of 'unclear' and 'well-tuned' introduces some level of obfuscation. The score is 0.6 because while some information is still leaked, the obfuscation is partial.",llama-3.3-70b-versatile
527433,types of dysarthria from cerebral palsy,types of dysarthria from cerebral palsy,1.0,"The obfuscated text is identical to the original text, indicating complete information leakage.",llama-3.3-70b-versatile
527433,types of dysarthria from cerebral palsy,types of dysarthria from cerebral palsy,1.0,"The obfuscated text is identical to the original text, indicating complete information leakage.",llama-3.3-70b-versatile
527433,types of dysarthria from cerebral palsy,components succeeded however from cerebral palsy,0.4,"The obfuscated text has some similarities with the original text, but key words such as 'types' and 'dysarthria' are replaced with 'components' and 'succeeded', indicating a moderate level of information leakage.",llama-3.3-70b-versatile
527433,types of dysarthria from cerebral palsy,these of dysarthria from cerebral palsy,0.9,"The obfuscated text is very similar to the original text, with only a minor change in the first word from 'types' to 'these', indicating a high level of information leakage.",llama-3.3-70b-versatile
527433,types of dysarthria from cerebral palsy,various all dysarthria from megacolon palsy,0.4,"The obfuscated text 'various all dysarthria from megacolon palsy' has some similarities with the original text 'types of dysarthria from cerebral palsy', but it also has significant differences, such as 'various' instead of 'types', 'all' instead of 'of', and 'megacolon' instead of 'cerebral'. This suggests a moderate level of information leakage, so the score is 0.4.",llama-3.3-70b-versatile
527433,types of dysarthria from cerebral palsy,models of salafiya 2005 cerebral palsy,0.2,"The obfuscated text has completely different meaning and words, with only 'cerebral palsy' remaining the same, indicating minimal information leakage",llama-3.3-70b-versatile
573724,what are the social determinants of health,that are of social determinants of cangialosi,0.6,"The obfuscated text still contains the phrase 'social determinants of', which is a key part of the original text. However, the word 'health' has been replaced with 'cangialosi', and 'what are the' has been changed to 'that are of'. This suggests some information leakage, but not complete. The score is 0.6 because some key words are still present, but the meaning has been somewhat altered.",llama-3.3-70b-versatile
573724,what are the social determinants of health,what are the social outcasts of health,0.6,"The obfuscated text 'what are the social outcasts of health' still contains the original phrase 'what are the' and 'of health', which indicates some information leakage. However, the term 'social determinants' has been replaced with 'social outcasts', which reduces the information leakage. Therefore, the score is 0.6.",llama-3.3-70b-versatile
573724,what are the social determinants of health,picked country the social on of health,0.4,"The obfuscated text 'picked country the social on of health' has some similarity to the original text 'what are the social determinants of health' but with significant changes, indicating moderate information leakage.",llama-3.3-70b-versatile
573724,what are the social determinants of health,understand be the social determinants ftb health,0.8,"The obfuscated text 'understand be the social determinants ftb health' still contains the key phrase 'social determinants of health' with some minor modifications, indicating a significant amount of information leakage from the original text.",llama-3.3-70b-versatile
573724,what are the social determinants of health,origins employment meet social determinants youngest health,0.4,"The obfuscated text 'origins employment meet social determinants youngest health' still contains the key phrase 'social determinants' and 'health', which are present in the original text. However, the surrounding words have been changed, reducing the information leakage. The score is 0.4 because some of the original meaning is preserved, but the context and specific details are altered.",llama-3.3-70b-versatile
573724,what are the social determinants of health,aside are the social outerplanar produce health,0.4,"The obfuscated text 'aside are the social outerplanar produce health' has some similarities with the original text 'what are the social determinants of health', but it has replaced 'what' with 'aside', 'determinants' with 'outerplanar', and 'of' with 'produce'. This indicates a moderate level of information leakage, as some of the original words are still present, but their meaning has been altered. Therefore, the score is 0.4.",llama-3.3-70b-versatile
573724,what are the social determinants of health,what are years social determinants consultant health,0.8,"The obfuscated text 'what are years social determinants consultant health' still contains the core phrase 'social determinants of health' with some minor modifications, indicating a significant information leakage from the original text.",llama-3.3-70b-versatile
573724,what are the social determinants of health,everything are the social onaway the health,0.4,"The obfuscated text still contains the key phrases 'are the social' and 'health', which are present in the original text, indicating some information leakage. However, the words 'what' and 'determinants' are either missing or replaced, reducing the leakage. The score is 0.4, reflecting a moderate level of information leakage.",llama-3.3-70b-versatile
573724,what are the social determinants of health,contradicts religion the consumer-driven gateses unrelieved health,0.2,"The obfuscated text has some similar words to the original text, such as 'health', but the meaning is completely different and the key words 'social determinants' are not preserved, indicating significant information leakage.",llama-3.3-70b-versatile
573724,what are the social determinants of health,jamadagni ) of social determinants of health,0.6,"The obfuscated text 'jamadagni ) of social determinants of health' still contains the key phrase 'social determinants of health', which is the core information from the original text. However, the addition of 'jamadagni )' at the beginning does not provide any meaningful information related to the original text, thus it can be considered as a form of obfuscation. The score should reflect the partial preservation of the original information.",llama-3.3-70b-versatile
1121709,what are the three percenters?,expansive depictions exception four boevski,0.1,"The obfuscated text does not contain any recognizable words or phrases from the original text, indicating a low level of information leakage.",llama-3.3-70b-versatile
1121709,what are the three percenters?,yet contrasts areas paris affluent,0.8,"The obfuscated text 'yet contrasts areas paris affluent' does not convey the same meaning as the original text 'what are the three percenters?', indicating significant information leakage. However, some words like 'areas' could be related to geographic locations, which might be a weak connection to the original text. Therefore, the score is 0.8.",llama-3.3-70b-versatile
1121709,what are the three percenters?,twists number the seven time-tested,0.1,"The obfuscated text does not contain any recognizable words or phrases from the original text, indicating a low level of information leakage.",llama-3.3-70b-versatile
1121709,what are the three percenters?,what are the two 2-hour,0.2,"The obfuscated text 'what are the two 2-hour' still contains the same starting phrase 'what are the' as the original text, but changes the key information from 'three percenters' to 'two 2-hour', indicating a significant reduction in information leakage, but not complete as the question format remains.",llama-3.3-70b-versatile
1121709,what are the three percenters?,outside are the two joined,0.1,"The obfuscated text 'outside are the two joined' does not convey the same meaning as the original text 'what are the three percenters?', thus the information leakage is minimal.",llama-3.3-70b-versatile
1121709,what are the three percenters?,made are the three rissmiller,0.4,"The obfuscated text 'made are the three rissmiller' still contains the word 'three' which is present in the original text 'what are the three percenters?', indicating some information leakage. However, the context and meaning are altered, reducing the leakage. Therefore, a score of 0.4 is assigned.",llama-3.3-70b-versatile
1121709,what are the three percenters?,like who brought three en,0.2,"The obfuscated text 'like who brought three en' does not convey the same meaning as the original text 'what are the three percenters?', but it does contain the word 'three' which is also present in the original text, indicating some information leakage.",llama-3.3-70b-versatile
1121709,what are the three percenters?,the are is taiwanese cantinas,0.1,"The obfuscated text 'the are is taiwanese cantinas' does not convey the same meaning as the original text 'what are the three percenters?', thus the information leakage is minimal.",llama-3.3-70b-versatile
1121709,what are the three percenters?,what are la reissued 3-1/2,0.4,"The obfuscated text 'what are la reissued 3-1/2' still contains the phrase 'what are' which is present in the original text, indicating some information leakage. However, the rest of the text is significantly different, suggesting a moderate level of obfuscation.",llama-3.3-70b-versatile
1121709,what are the three percenters?,come are at dozen buchbinder,0.2,"The obfuscated text does not convey the same meaning as the original text, but some words are similar, indicating a low level of information leakage.",llama-3.3-70b-versatile
1121402,what can contour plowing reduce,understand completely contour plowing reduce,0.8,"The obfuscated text still contains the key phrases 'contour plowing' and 'reduce', which are present in the original text, indicating significant information leakage.",llama-3.3-70b-versatile
1121402,what can contour plowing reduce,what bind contour plowing reduce,0.7,"The obfuscated text still contains the key phrases 'contour plowing' and 'reduce', which are present in the original text, indicating some information leakage. However, the word 'what' is replaced with 'what bind', which slightly alters the meaning and reduces the information leakage.",llama-3.3-70b-versatile
1121402,what can contour plowing reduce,give artifact contour montis due,0.4,"The obfuscated text still contains the word 'contour' which is present in the original text, but other words are changed or added, indicating some information leakage. The score is 0.4 because 'contour' and 'plowing' and 'reduce' are key words in the original text and 'contour' is present in the obfuscated text but 'plowing' and 'reduce' are not.",llama-3.3-70b-versatile
1121402,what can contour plowing reduce,know can contour prepares decrease,0.7,"The obfuscated text still contains the key phrase 'contour' which is present in the original text, and also conveys a similar meaning with 'decrease' instead of 'reduce', thus the score is 0.7",llama-3.3-70b-versatile
1121402,what can contour plowing reduce,wish stein around plowing xigris,0.4,"The obfuscated text still contains the key words 'contour' and 'plowing', which are present in the original text, but the context and other words have been changed, indicating some information leakage.",llama-3.3-70b-versatile
1121402,what can contour plowing reduce,if can contour plowing on-chip,0.8,"The obfuscated text still contains the key phrases 'can contour plowing', which is similar to the original text 'what can contour plowing reduce'. This suggests a significant amount of information leakage.",llama-3.3-70b-versatile
1121402,what can contour plowing reduce,they i.e. contour plowing reduce,0.8,"The obfuscated text still contains the key words 'contour plowing' and 'reduce', which are present in the original text, indicating significant information leakage.",llama-3.3-70b-versatile
1121402,what can contour plowing reduce,where can gato plowing reduce,0.8,"The obfuscated text still contains the key words 'contour' and 'plowing' and 'reduce', which are present in the original text, indicating significant information leakage.",llama-3.3-70b-versatile
1121402,what can contour plowing reduce,words can contour gamesmanship reduce,0.6,"The obfuscated text still contains the key words 'contour' and 'reduce', which are present in the original text, indicating some information leakage.",llama-3.3-70b-versatile
1121402,what can contour plowing reduce,fearless pyongtaek contour plowing 54-53,0.6,"The obfuscated text still contains the key words 'contour' and 'plowing', which are present in the original text, but the context and surrounding words have been altered, indicating some information leakage.",llama-3.3-70b-versatile
1117099,what is a active margin,affronts is a active margin,0.5,"The obfuscated text 'affronts is a active margin' still contains the phrase 'a active margin' which is present in the original text 'what is a active margin'. This suggests that some information has been preserved, but the addition of 'affronts is' and the removal of 'what is' has altered the context and meaning. Therefore, the score is 0.5, indicating moderate information leakage.",llama-3.3-70b-versatile
1117099,what is a active margin,rid is a active margin,0.6,"The obfuscated text 'rid is a active margin' still contains the phrase 'is a active margin' which is similar to the original text 'what is a active margin', indicating some information leakage. However, the word 'what' has been replaced with 'rid', which reduces the information leakage. Therefore, the score is 0.6.",llama-3.3-70b-versatile
1117099,what is a active margin,what looks sliding active margin,0.7,"The obfuscated text 'what looks sliding active margin' still contains the key phrase 'active margin' from the original text 'what is a active margin', indicating significant information leakage. However, the addition of 'looks sliding' introduces some level of obfuscation, reducing the leakage. Therefore, a score of 0.7 is assigned, reflecting a moderate to high level of information leakage.",llama-3.3-70b-versatile
1117099,what is a active margin,why r. a focus margin,0.4,"The obfuscated text 'why r. a focus margin' has some similarity to the original text 'what is a active margin' but with significant changes, including replacing 'what' with 'why', 'is' with 'r.', and 'active' with 'focus'. This suggests a moderate level of information leakage, but not complete. Therefore, the score is 0.4.",llama-3.3-70b-versatile
1117099,what is a active margin,what is ofrecer active margin,0.7,"The obfuscated text 'what is ofrecer active margin' still contains the original phrase 'what is' and 'active margin', indicating a significant amount of information leakage from the original text.",llama-3.3-70b-versatile
1117099,what is a active margin,what is a active margin,1.0,"The obfuscated text is identical to the original text, indicating complete information leakage.",llama-3.3-70b-versatile
1117099,what is a active margin,monod is a than margin,0.4,"The obfuscated text 'monod is a than margin' has some similarity to the original text 'what is a active margin' but with significant changes, indicating moderate information leakage",llama-3.3-70b-versatile
1117099,what is a active margin,how relates a active margin,0.7,"The obfuscated text 'how relates a active margin' still contains the key phrase 'a active margin' which is similar to the original text 'what is a active margin', indicating some information leakage",llama-3.3-70b-versatile
1117099,what is a active margin,preparations about a active concave,0.4,"The obfuscated text 'preparations about a active concave' has some similarity to the original text 'what is a active margin' but with significant changes, indicating moderate information leakage",llama-3.3-70b-versatile
1117099,what is a active margin,what bicyclus like defunct margin,0.4,"The obfuscated text 'what bicyclus like defunct margin' has some similarity to the original text 'what is a active margin' but with significant changes, indicating moderate information leakage",llama-3.3-70b-versatile
1115776,what is an aml surveillance analyst,what is an aml surveillance analyst,1.0,"The obfuscated text is identical to the original text, indicating complete information leakage.",llama-3.3-70b-versatile
1115776,what is an aml surveillance analyst,ago is micromolluscs aml surveillance analyst,0.7,"The obfuscated text still contains the original phrase 'aml surveillance analyst', indicating significant information leakage. However, the addition of 'ago is micromolluscs' introduces some level of obfuscation, reducing the score from 1.",llama-3.3-70b-versatile
1115776,what is an aml surveillance analyst,what parker austrian-german penalties_none surveillance analyst,0.6,"The obfuscated text still contains the key phrase 'surveillance analyst' which is present in the original text, indicating significant information leakage. However, other parts of the original text have been modified or replaced, reducing the overall information leakage.",llama-3.3-70b-versatile
1115776,what is an aml surveillance analyst,what is an aml surveillance analyst,1.0,"The obfuscated text is identical to the original text, indicating complete information leakage.",llama-3.3-70b-versatile
1115776,what is an aml surveillance analyst,what is an cpt surveillance analyst,0.1,"The obfuscated text is almost identical to the original text, with only the acronym 'aml' changed to 'cpt', indicating minimal information leakage.",llama-3.3-70b-versatile
1115776,what is an aml surveillance analyst,bandele is shaked aml surveillance analyst,0.7,"The obfuscated text 'bandele is shaked aml surveillance analyst' still contains the key phrase 'aml surveillance analyst' which is present in the original text 'what is an aml surveillance analyst'. However, the surrounding context has been altered, indicating some level of obfuscation. The score is 0.7 because the core information about the job title remains intact, but the changes in the surrounding words reduce the direct information leakage.",llama-3.3-70b-versatile
1115776,what is an aml surveillance analyst,said quits an aml surveillance analyst,0.8,"The obfuscated text still contains the key phrases 'aml surveillance analyst', indicating significant information leakage from the original text.",llama-3.3-70b-versatile
1115776,what is an aml surveillance analyst,makes is named aml surveillance analyst,0.8,"The obfuscated text is very similar to the original text, with only minor changes, indicating a high level of information leakage.",llama-3.3-70b-versatile
1115776,what is an aml surveillance analyst,transpires him an acers surveillance analyst,0.6,"The obfuscated text 'transpires him an acers surveillance analyst' has some differences from the original text 'what is an aml surveillance analyst', with changes in the first word and the acronym 'aml' being replaced with 'acers', indicating some information leakage but not complete, so the score is 0.6",llama-3.3-70b-versatile
1115776,what is an aml surveillance analyst,know ground an aml surveillance analyst,0.8,"The obfuscated text is very similar to the original text, with only minor changes, indicating a high level of information leakage.",llama-3.3-70b-versatile
1114819,what is durable medical equipment consist of,what bill durable medical equipment verrières has,0.7,"The obfuscated text still contains the key phrase 'durable medical equipment', which indicates a significant amount of information leakage from the original text. However, the addition of 'bill' and 'verrières has' introduces some level of obfuscation, reducing the score from 1. Therefore, a score of 0.7 is assigned to reflect the partial information leakage.",llama-3.3-70b-versatile
1114819,what is durable medical equipment consist of,skeptical is durable medical equipment consist of,0.8,"The obfuscated text still contains the key phrase 'durable medical equipment consist of', which is similar to the original text, indicating a high level of information leakage.",llama-3.3-70b-versatile
1114819,what is durable medical equipment consist of,it alcobaça durable medical equipment consist dereg,0.7,"The obfuscated text still contains the key phrase 'durable medical equipment consist', which indicates a significant amount of information leakage from the original text.",llama-3.3-70b-versatile
1114819,what is durable medical equipment consist of,much still antes medical skyers consist of,0.6,"The obfuscated text still contains the key phrase 'medical' and the word 'consist of', which are present in the original text, indicating some information leakage.",llama-3.3-70b-versatile
1114819,what is durable medical equipment consist of,cutting takes chiche medical transatlantique fictional of,0.4,"The obfuscated text still contains the key phrase 'medical' and the word 'consist of' which are present in the original text, but other words are changed or added, indicating some information leakage.",llama-3.3-70b-versatile
1114819,what is durable medical equipment consist of,this wight durable medical equipment consist whose,0.7,"The obfuscated text still contains the key phrases 'durable medical equipment' and 'consist of', which are present in the original text, indicating a significant amount of information leakage.",llama-3.3-70b-versatile
1114819,what is durable medical equipment consist of,think is durable medical equipment contains of,0.8,"The obfuscated text still contains the key phrases 'durable medical equipment' and 'consist of', indicating a significant amount of information leakage from the original text.",llama-3.3-70b-versatile
1114819,what is durable medical equipment consist of,taub regarded durable medical machinery millyard midst,0.7,"The obfuscated text still contains the key phrases 'durable medical equipment' and 'consist of', which indicates a significant amount of information leakage from the original text.",llama-3.3-70b-versatile
1114819,what is durable medical equipment consist of,what essentially durable medical equipment consists consist,0.8,"The obfuscated text still contains the key phrases 'durable medical equipment' and 'consist', which are present in the original text, indicating a significant amount of information leakage.",llama-3.3-70b-versatile
1114819,what is durable medical equipment consist of,these pillory durable medical hardware marojejy part,0.7,"The obfuscated text still contains the key phrases 'durable medical equipment' and 'consist', which are present in the original text, indicating a significant amount of information leakage.",llama-3.3-70b-versatile
1114646,what is famvir prescribed for,what surface 62.67 prescribed for,0.2,"The obfuscated text has replaced the word 'is' with 'surface 62.67', which significantly alters the meaning of the text, but still maintains some similarity in structure. The score of 0.2 reflects the minimal information leakage, as the obfuscated text does not convey the same meaning as the original text, but still contains some recognizable words.",llama-3.3-70b-versatile
1114646,what is famvir prescribed for,wrong kihnd famvir prescribed as,0.7,"The obfuscated text still contains the word 'famvir' which is the main information in the original text, but the context is altered, indicating some information leakage.",llama-3.3-70b-versatile
1114646,what is famvir prescribed for,ramday is famvir prescribed for,0.8,"The obfuscated text 'ramday is famvir prescribed for' still contains the original word 'famvir' and the phrase 'prescribed for', which indicates a significant amount of information leakage from the original text 'what is famvir prescribed for'.",llama-3.3-70b-versatile
1114646,what is famvir prescribed for,? is wc2006-asia prescribed and/or,0.0,"The obfuscated text '? is wc2006-asia prescribed and/or' does not contain any information from the original text 'what is famvir prescribed for', so the score is 0",llama-3.3-70b-versatile
1114646,what is famvir prescribed for,what 25 famvir prescribed jereme,0.5,"The obfuscated text still contains the word 'famvir' which is the main information in the original text, but other words are changed or added, so the score is 0.5",llama-3.3-70b-versatile
1114646,what is famvir prescribed for,contraire suntimes.com famvir prescribed for,0.8,"The obfuscated text still contains the word 'famvir' and the phrase 'prescribed for', which are key components of the original text, indicating significant information leakage.",llama-3.3-70b-versatile
1114646,what is famvir prescribed for,what is 71-seat prescribed there,0.8,"The obfuscated text still contains the word 'famvir' and the phrase 'prescribed for', which are key components of the original text, indicating significant information leakage.",llama-3.3-70b-versatile
1114646,what is famvir prescribed for,thought is famvir prescribed for,0.8,"The obfuscated text still contains the original phrase 'is famvir prescribed for', indicating a high level of information leakage.",llama-3.3-70b-versatile
1114646,what is famvir prescribed for,say agioi papirtis prescribed for,0.8,"The obfuscated text still contains the word 'famvir' and the phrase 'prescribed for', which are key components of the original text, indicating a high level of information leakage.",llama-3.3-70b-versatile
1114646,what is famvir prescribed for,shots is shihata prescribed monday,0.8,"The obfuscated text still contains the word 'famvir' and the phrase 'prescribed for', which are key components of the original text, indicating a significant amount of information leakage.",llama-3.3-70b-versatile
1113437,what is physical description of spruce,i is physical description woodbrook spruce,0.5,"The obfuscated text still contains the word 'spruce' which is present in the original text, indicating some information leakage. However, the word 'what' is replaced with 'i' and 'of' is missing, which reduces the information leakage. The score is 0.5 because about half of the original information is preserved.",llama-3.3-70b-versatile
1113437,what is physical description of spruce,dalmellington chapman and/or etymology of spruce,0.7,"The obfuscated text still contains the word 'spruce', which is the main subject of the original text, indicating significant information leakage.",llama-3.3-70b-versatile
1113437,what is physical description of spruce,urædd is physical description of spruce,0.7,"The obfuscated text 'urædd is physical description of spruce' still contains the key phrase 'physical description of spruce', which is similar to the original text 'what is physical description of spruce'. This suggests a significant amount of information leakage, but the replacement of 'what is' with 'urædd is' and the lack of question mark reduces the leakage slightly.",llama-3.3-70b-versatile
1113437,what is physical description of spruce,"way called physical , of spruce",0.8,"The obfuscated text still contains the word 'spruce' and the phrase 'physical description of', which is a significant part of the original text, indicating a high level of information leakage.",llama-3.3-70b-versatile
1113437,what is physical description of spruce,say is psychosocial description of spruce,0.8,"The obfuscated text still contains the word 'spruce' and the phrase 'is physical description of', which is similar to the original text, indicating a high level of information leakage.",llama-3.3-70b-versatile
1113437,what is physical description of spruce,people is physical ] of spruce,0.6,"The obfuscated text still contains the word 'physical' and 'spruce', which are key words from the original text, but the word order and some words are changed, indicating some information leakage.",llama-3.3-70b-versatile
1113437,what is physical description of spruce,happened turobin physical describe of tresgrandas,0.4,"The obfuscated text still contains the word 'physical' and 'describe' which are similar to the original text, but it has replaced 'spruce' with 'tresgrandas' and added 'happened turobin', which reduces the information leakage. However, the presence of related words still leaks some information.",llama-3.3-70b-versatile
1113437,what is physical description of spruce,truman either physical defines of swayamvaram,0.4,"The obfuscated text still contains the word 'physical' and 'of' which are present in the original text, but the word 'spruce' has been replaced with 'swayamvaram' and 'defines' has been added, indicating some information leakage, but not complete.",llama-3.3-70b-versatile
1113437,what is physical description of spruce,`` enterprise-level physical description of spruce,0.8,"The obfuscated text still contains the word 'spruce' and the phrase 'physical description of', which is similar to the original text, indicating a high level of information leakage.",llama-3.3-70b-versatile
1113437,what is physical description of spruce,what is apophis description death spruce,0.8,"The obfuscated text still contains the word 'spruce' and the phrase 'description', which indicates a significant amount of information leakage from the original text.",llama-3.3-70b-versatile
1112341,what is the daily life of thai people,clearly is negationist daily life tekeste thai difficulties,0.6,"The obfuscated text still contains the key words 'daily life' and 'thai', which are present in the original text, indicating some information leakage. However, the addition of unrelated words and the negationist tone suggest an attempt to obscure the original meaning, resulting in a moderate score.",llama-3.3-70b-versatile
1112341,what is the daily life of thai people,what allen the daily life 's foreign people,0.6,"The obfuscated text still contains the core concept of the original text, which is 'daily life', and also mentions 'people', but changes 'thai' to 'foreign', indicating some information leakage. However, the change in the nationality from 'thai' to 'foreign' and the addition of 'allen' reduces the information leakage. Thus, a moderate score of 0.6 is given.",llama-3.3-70b-versatile
1112341,what is the daily life of thai people,critics all most daily life secondary thai people,0.7,"The obfuscated text still contains the key phrases 'daily life' and 'thai people', which are present in the original text, indicating a significant amount of information leakage.",llama-3.3-70b-versatile
1112341,what is the daily life of thai people,what is the daily life part thai people,0.8,"The obfuscated text still contains the core phrase 'daily life' and 'thai people', which indicates a significant amount of information leakage from the original text.",llama-3.3-70b-versatile
1112341,what is the daily life of thai people,expecting abroad the daily life of thai persons,0.8,"The obfuscated text still contains the key phrases 'daily life' and 'thai', which are present in the original text, indicating a significant amount of information leakage.",llama-3.3-70b-versatile
1112341,what is the daily life of thai people,what is its daily life recognized thai people,0.8,"The obfuscated text still contains the core phrase 'daily life' and 'thai people', indicating a significant amount of information leakage from the original text.",llama-3.3-70b-versatile
1112341,what is the daily life of thai people,do atsimo-atsinanana aims daily had of thai people,0.7,"The obfuscated text still contains the key phrases 'daily life' and 'thai people', indicating a significant amount of information leakage from the original text.",llama-3.3-70b-versatile
1112341,what is the daily life of thai people,what worship touch daily life of woda people,0.6,"The obfuscated text still contains the phrase 'daily life' and 'people', which are key components of the original text, but it has replaced 'thai' with 'woda', indicating some level of obfuscation. However, the core concept of 'daily life' and 'people' remains, suggesting a moderate level of information leakage.",llama-3.3-70b-versatile
1112341,what is the daily life of thai people,skeptical can the cavey regards of thai people,0.4,"The obfuscated text still contains the phrase 'thai people', which is a key part of the original text, indicating some information leakage. However, the context and meaning have been altered, reducing the leakage. Score is 0.4 for partial information retention.",llama-3.3-70b-versatile
1112341,what is the daily life of thai people,what morales rogers quoted healthy of thai people,0.4,"The obfuscated text still contains the phrase 'thai people' which is present in the original text, indicating some information leakage. However, the context and meaning have been altered, reducing the leakage. Score is 0.4 for this moderate level of information leakage.",llama-3.3-70b-versatile
833860,what is the most popular food in switzerland,just peculiarly the number chidamabaram medicines _ specialising,0.0,"The obfuscated text does not contain any relevant information from the original text, indicating no information leakage.",llama-3.3-70b-versatile
833860,what is the most popular food in switzerland,you treasured iaf luce popular food yorke switzerland,0.8,"The obfuscated text still contains key words from the original text, such as 'popular food' and 'switzerland', indicating significant information leakage.",llama-3.3-70b-versatile
833860,what is the most popular food in switzerland,what midst the most lahv food not switzerland,0.7,"The obfuscated text still contains the key words 'what', 'most', 'food', and 'switzerland', which are present in the original text, indicating significant information leakage.",llama-3.3-70b-versatile
833860,what is the most popular food in switzerland,what is rangitata regarded public food in switzerland,0.7,"The obfuscated text still contains the original phrase 'what is' and 'in switzerland', which indicates a significant amount of information leakage. However, the word 'most popular food' has been replaced with 'rangitata regarded public food', which reduces the information leakage to some extent. Therefore, the score is 0.7.",llama-3.3-70b-versatile
833860,what is the most popular food in switzerland,what is tentacle most popular meat during slovakia,0.4,"The obfuscated text still contains some of the original keywords such as 'what', 'is', 'most', 'popular', but replaces 'food' with 'meat' and 'switzerland' with 'slovakia', indicating some information leakage, but not complete.",llama-3.3-70b-versatile
833860,what is the most popular food in switzerland,what is ferney making popular food in switzerland,0.7,"The obfuscated text still contains the original phrase 'what is' and 'popular food in switzerland', indicating significant information leakage, but 'ferney' and 'making' are unrelated to the original text, reducing the leakage score",llama-3.3-70b-versatile
833860,what is the most popular food in switzerland,we is the flamboyant popular food in switzerland,0.4,"The obfuscated text still contains the key words 'popular food' and 'switzerland', which are present in the original text, indicating some information leakage. However, the subject of the sentence has been changed from 'what' to 'we', and 'flamboyant' is not related to the original text, which reduces the information leakage. Therefore, the score is 0.4.",llama-3.3-70b-versatile
833860,what is the most popular food in switzerland,said mr what highly popular food in switzerland,0.8,"The obfuscated text still contains the key words 'what', 'popular food', and 'switzerland', which are present in the original text, indicating a significant amount of information leakage.",llama-3.3-70b-versatile
833860,what is the most popular food in switzerland,what if the most popular food w.k. switzerland,0.8,"The obfuscated text still contains the key words 'what', 'most popular food', and 'switzerland', which are present in the original text, indicating significant information leakage.",llama-3.3-70b-versatile
833860,what is the most popular food in switzerland,afterwards is tiri most popular food bo switzerland,0.7,"The obfuscated text still contains the key words 'most popular food' and 'switzerland', which are present in the original text, indicating a significant information leakage.",llama-3.3-70b-versatile
855410,what is theraderm used for,"mean , leapfrog specifically bike",0.0,"The obfuscated text does not contain any information related to the original text, which is about the use of Theraderm. The words in the obfuscated text are unrelated to the original text, indicating no information leakage.",llama-3.3-70b-versatile
855410,what is theraderm used for,what is jasta eyeglasses yearn,0.4,"The obfuscated text 'what is jasta eyeglasses yearn' still contains the same sentence structure and some similar words as the original text 'what is theraderm used for', but with different key terms, indicating some information leakage. However, the main subject 'theraderm' is replaced with 'jasta eyeglasses', which significantly reduces the information leakage. Therefore, the score is 0.4.",llama-3.3-70b-versatile
855410,what is theraderm used for,gunning is sonya used for,0.2,"The obfuscated text 'gunning is sonya used for' has some similarity in structure to the original text 'what is theraderm used for', but the key terms are completely different, indicating a low level of information leakage.",llama-3.3-70b-versatile
855410,what is theraderm used for,knows is bingham have warned,0.1,"The obfuscated text 'knows is bingham have warned' does not contain any information related to the original text 'what is theraderm used for', indicating a low information leakage score of 0.1",llama-3.3-70b-versatile
855410,what is theraderm used for,asked rupturing allergan used him,0.2,"The obfuscated text 'asked rupturing allergan used him' has some similarity to the original text 'what is theraderm used for' in terms of the word 'used', but the context and most of the words are different, indicating a low level of information leakage.",llama-3.3-70b-versatile
855410,what is theraderm used for,look is supported used verses,0.2,"The obfuscated text does not contain any relevant information about the original text, which is about the use of Theraderm. The score is 0.2 because some words are similar in structure but not in meaning, indicating very little information leakage.",llama-3.3-70b-versatile
855410,what is theraderm used for,much along fuel-injection used $,0.0,The obfuscated text does not contain any relevant information about the original text 'what is theraderm used for'. The words are completely different and do not provide any context or meaning related to the original text.,llama-3.3-70b-versatile
855410,what is theraderm used for,what is twenty used for,0.2,"The obfuscated text 'what is twenty used for' has some similarity to the original text 'what is theraderm used for' in terms of structure, but the key terms are completely different, indicating minimal information leakage.",llama-3.3-70b-versatile
855410,what is theraderm used for,wants are malfi formerly medisave,0.0,"The obfuscated text 'wants are malfi formerly medisave' does not contain any relevant information from the original text 'what is theraderm used for', thus the score is 0",llama-3.3-70b-versatile
855410,what is theraderm used for,that is milliron method poweruser,0.0,The obfuscated text does not contain any relevant information about the original text 'what is theraderm used for'. The words are completely different and do not provide any context or meaning related to the original text.,llama-3.3-70b-versatile
1110199,what is wifi vs bluetooth,gilligan is wifi vs bluetooth,0.7,"The obfuscated text still contains the original keywords 'wifi' and 'bluetooth', but adds the unrelated term 'gilligan', which reduces the information leakage. However, the core question remains intact, so the score is not 0.",llama-3.3-70b-versatile
1110199,what is wifi vs bluetooth,what this aborigine rudrapur bluetooth,0.4,"The obfuscated text still contains the word 'bluetooth' from the original text, indicating some information leakage, but the context and other key words are changed or removed, reducing the leakage.",llama-3.3-70b-versatile
1110199,what is wifi vs bluetooth,what tebbit .0204 vs bluetooth,0.6,"The obfuscated text still contains the original keywords 'what', 'vs', and 'bluetooth', but the context and other keywords have been changed, indicating some information leakage.",llama-3.3-70b-versatile
1110199,what is wifi vs bluetooth,they is maxvorstadt vs bluetooth,0.4,"The obfuscated text still contains the word 'bluetooth' which is present in the original text, but the context and other words have been changed, indicating some information leakage.",llama-3.3-70b-versatile
1110199,what is wifi vs bluetooth,it is wifi vs bluetooth,0.8,"The obfuscated text still contains the key terms 'wifi' and 'bluetooth', indicating a high level of information leakage from the original text.",llama-3.3-70b-versatile
1110199,what is wifi vs bluetooth,vividly admete psary vs bluetooth,0.6,"The obfuscated text still contains the word 'bluetooth' which is present in the original text, but the word 'wifi' is replaced with 'it is', indicating some information leakage. However, the core comparison 'vs bluetooth' remains, suggesting a moderate level of information leakage.",llama-3.3-70b-versatile
1110199,what is wifi vs bluetooth,if is wifi vs bluetooth,0.8,"The obfuscated text still contains the key terms 'wifi' and 'bluetooth', indicating significant information leakage from the original text.",llama-3.3-70b-versatile
1110199,what is wifi vs bluetooth,what is wifi vs bluetooth,1.0,"The obfuscated text is identical to the original text, indicating complete information leakage.",llama-3.3-70b-versatile
1110199,what is wifi vs bluetooth,we baculovirus xiushan vs bluetooth,1.0,"The obfuscated text is identical to the original text, indicating complete information leakage.",llama-3.3-70b-versatile
1110199,what is wifi vs bluetooth,whatever is wifi 4-byte bluetooth,0.7,"The obfuscated text still contains the original keywords 'wifi' and 'bluetooth', but with some modifications, indicating a moderate level of information leakage.",llama-3.3-70b-versatile
915593,what types of food can you cook sous vide,believe management 86.71 food see you cook sous vide,0.7,"The obfuscated text still contains the key phrases 'food', 'cook', and 'sous vide', which are present in the original text, indicating a significant amount of information leakage. However, some words are replaced or added, such as 'believe management 86.71' and 'see you', which reduces the leakage to some extent.",llama-3.3-70b-versatile
915593,what types of food can you cook sous vide,? sinito finnish food can 'm cook lies vide,0.7,"The obfuscated text still contains the key phrases 'food', 'cook', and 'sous vide', which are present in the original text, indicating a significant amount of information leakage. However, some words are replaced or modified, reducing the leakage to some extent.",llama-3.3-70b-versatile
915593,what types of food can you cook sous vide,what types of food merely go cook sous pandeiro,0.7,"The obfuscated text still contains the key words 'what', 'types', 'of', 'food', 'cook', and 'sous', which are present in the original text. However, 'pandeiro' is unrelated to 'vide', indicating some level of obfuscation. The score is 0.7 because while some information is preserved, the meaning is partially obscured.",llama-3.3-70b-versatile
915593,what types of food can you cook sous vide,what deprecates — food silicon you cook sous vide,0.8,"The obfuscated text still contains the key phrases 'what', 'food', 'you', 'cook', and 'sous vide', which are present in the original text, indicating a significant amount of information leakage.",llama-3.3-70b-versatile
915593,what types of food can you cook sous vide,regarding types politicial food we http://www.stuffit.com 94.81 vole vide,0.7,"The obfuscated text still contains the key words 'food', 'cook', and 'sous vide', which are present in the original text, indicating significant information leakage.",llama-3.3-70b-versatile
915593,what types of food can you cook sous vide,shohr game-winner shadowy food sońsk you cook sous vide,0.8,"The obfuscated text still contains the key phrases 'food', 'you', 'cook', and 'sous vide', which are present in the original text, indicating significant information leakage.",llama-3.3-70b-versatile
915593,what types of food can you cook sous vide,it types of told they says dang sous vide,0.4,"The obfuscated text still contains the key phrase 'sous vide', which is a significant part of the original text, but other parts are altered or removed, indicating partial information leakage.",llama-3.3-70b-versatile
915593,what types of food can you cook sous vide,it kinds the food can pair cook sous vide,0.8,"The obfuscated text still contains the key phrases 'food', 'can', 'cook', and 'sous vide', which are present in the original text, indicating a significant amount of information leakage.",llama-3.3-70b-versatile
915593,what types of food can you cook sous vide,they types of rishiri operator yourself cover sous vide,0.4,"The obfuscated text still contains the key phrases 'types of' and 'sous vide', which are present in the original text, indicating some information leakage. However, the word 'food' is replaced with 'rishiri operator', and 'cook' is replaced with 'cover', which reduces the information leakage. The score is 0.4 because some key phrases are preserved, but the meaning is altered.",llama-3.3-70b-versatile
915593,what types of food can you cook sous vide,doghouse group of food can opportunities_st cook ateliers rungfapaisarn,0.4,"The obfuscated text still contains the key words 'food' and 'can', and 'cook' and 'sous vide' are partially preserved, indicating some information leakage",llama-3.3-70b-versatile
962179,when was the salvation army founded,he was medjidie salvation cocciante xingwei,0.3,"The obfuscated text does not clearly convey the original message, but some keywords like 'salvation' are still present, indicating partial information leakage.",llama-3.3-70b-versatile
962179,when was the salvation army founded,when being the salvation army founded,0.9,"The obfuscated text is very similar to the original text, with only minor changes, indicating a high level of information leakage.",llama-3.3-70b-versatile
962179,when was the salvation army founded,ms. was twice salvation army local,0.8,"The obfuscated text still contains the key phrases 'salvation army', which is a significant part of the original text, indicating a high level of information leakage.",llama-3.3-70b-versatile
962179,when was the salvation army founded,when was cineplexes salvation army founded,0.8,"The obfuscated text still contains the key phrases 'when was', 'salvation army', and 'founded', which are present in the original text, indicating a significant amount of information leakage.",llama-3.3-70b-versatile
962179,when was the salvation army founded,"so 1,359 klejn salvation zna ’s",0.1,"The obfuscated text 'so 1,359 klejn salvation zna ’s' has very little resemblance to the original text 'when was the salvation army founded', with most of the key words missing or replaced, indicating very low information leakage.",llama-3.3-70b-versatile
962179,when was the salvation army founded,devon morgan the liisa army founded,0.4,"The obfuscated text 'devon morgan the liisa army founded' has some similarity to the original text 'when was the salvation army founded' but with significant changes, including different names and word order, indicating moderate information leakage.",llama-3.3-70b-versatile
962179,when was the salvation army founded,imanaliyev being the rebirth army graham,0.1,"The obfuscated text 'imanaliyev being the rebirth army graham' has very little resemblance to the original text 'when was the salvation army founded', with completely different words and structure, indicating very low information leakage.",llama-3.3-70b-versatile
962179,when was the salvation army founded,then guennec the funtleyder forces founded,0.8,"The obfuscated text 'when was cineplexes salvation army founded' still contains the key words 'salvation army' and 'founded', which are present in the original text 'when was the salvation army founded'. This suggests a significant amount of information leakage, but the addition of 'cineplexes' introduces some level of obfuscation. Therefore, the score is 0.8.",llama-3.3-70b-versatile
962179,when was the salvation army founded,start established noticed 34m army founded,0.7,"The obfuscated text still contains the word 'army' and 'founded', which are key components of the original text, indicating a significant amount of information leakage.",llama-3.3-70b-versatile
962179,when was the salvation army founded,frontsin was the 34.44 cannot founded,0.2,"The obfuscated text does not contain any relevant information about the Salvation Army, but it does contain the word 'founded' which is present in the original text. However, the context is completely different and does not reveal any information about the Salvation Army.",llama-3.3-70b-versatile
1103812,who formed the commonwealth of independent states,some darkthrone for commonwealth of hason states,0.6,"The obfuscated text still contains the words 'commonwealth' and 'states', which are key components of the original text, indicating a significant amount of information leakage. However, the replacement of 'who formed' with 'some darkthrone for' and 'independent' with 'hason' reduces the leakage to some extent.",llama-3.3-70b-versatile
1103812,who formed the commonwealth of independent states,said verapamil ’s commonwealth long independent states,0.7,"The obfuscated text still contains the words 'commonwealth' and 'independent states', which are key components of the original text, indicating significant information leakage. However, the context and surrounding words have been altered, reducing the leakage to some extent.",llama-3.3-70b-versatile
1103812,who formed the commonwealth of independent states,who formed the commonwealth mayor independent duddell,0.6,"The obfuscated text still contains the original phrase 'who formed the commonwealth' and 'independent', which indicates a significant amount of information leakage. However, 'mayor' and 'duddell' are unrelated to the original text, which reduces the leakage. The score is 0.6 because about 60% of the original information is preserved.",llama-3.3-70b-versatile
1103812,who formed the commonwealth of independent states,westerners formed world commonwealth of independent states,0.6,"The obfuscated text still contains the key phrases 'commonwealth' and 'independent states', but replaces 'who' with 'westerners' and adds 'world' which is not present in the original text, thus the score is 0.6",llama-3.3-70b-versatile
1103812,who formed the commonwealth of independent states,who formed the commonwealth sisters 1934-1936 states,0.7,"The obfuscated text still contains the key words 'who', 'formed', 'commonwealth', and 'states', which are also present in the original text, indicating a significant amount of information leakage. However, the addition of 'sisters' and the year range '1934-1936' introduces some level of obfuscation, reducing the score from 1.0. The score of 0.7 reflects a moderate level of information leakage.",llama-3.3-70b-versatile
1103812,who formed the commonwealth of independent states,chesimard formed the commonwealth of independent states,0.6,"The obfuscated text still contains the key phrases 'commonwealth of independent states', which is a significant part of the original text, but 'chesimard' is different from 'who', indicating some information leakage. However, the core information about the 'commonwealth of independent states' remains, suggesting a moderate level of information leakage.",llama-3.3-70b-versatile
1103812,who formed the commonwealth of independent states,who boles finished commonwealth of independent states,0.6,"The obfuscated text still contains the key phrases 'commonwealth of independent states', which is a significant part of the original text, but the subject 'who' is preserved and 'formed' is missing, indicating some information leakage.",llama-3.3-70b-versatile
1103812,who formed the commonwealth of independent states,who formed _ commonwealth of independent ahmed,0.8,"The obfuscated text still contains the key phrases 'who formed', 'commonwealth of', and 'independent', which are present in the original text, indicating significant information leakage.",llama-3.3-70b-versatile
1103812,who formed the commonwealth of independent states,who veldhoven opposite volunteer of independent states,0.4,"The obfuscated text has some words similar to the original text, but with significant changes, indicating moderate information leakage.",llama-3.3-70b-versatile
1103812,who formed the commonwealth of independent states,who formed tajura commonwealth issers independent georgia,0.6,"The obfuscated text still contains the phrase 'who formed' and 'commonwealth of independent', which is similar to the original text, but with some changes in the surrounding words, indicating a moderate level of information leakage.",llama-3.3-70b-versatile
1037798,who is robert gray,known written robert nario,0.5,"The obfuscated text still contains the name 'robert' which is present in the original text, indicating some information leakage. However, the surname 'gray' has been changed to 'nario', reducing the information leakage. The score is 0.5, indicating moderate information leakage.",llama-3.3-70b-versatile
1037798,who is robert gray,who is robert gray,1.0,"The obfuscated text is identical to the original text, indicating complete information leakage.",llama-3.3-70b-versatile
1037798,who is robert gray,lindsey is robert gray,1.0,"The obfuscated text is identical to the original text, indicating complete information leakage.",llama-3.3-70b-versatile
1037798,who is robert gray,who is robert dark,0.8,"The obfuscated text 'who is robert dark' has a similar structure to the original text 'who is robert gray', but with a different last name, indicating some information leakage.",llama-3.3-70b-versatile
1037798,who is robert gray,whom seems robert ryan@globe.com,0.4,"The obfuscated text 'whom seems robert ryan@globe.com' still contains the name 'robert' which is present in the original text 'who is robert gray', but it has changed 'who' to 'whom', 'is' to 'seems', and 'gray' to 'ryan@globe.com', thus reducing information leakage. However, the presence of 'robert' and the addition of an email address increases the leakage slightly.",llama-3.3-70b-versatile
1037798,who is robert gray,take is edward gray,0.2,"The obfuscated text 'take is edward gray' has a different subject and verb than the original text 'who is robert gray', indicating significant information leakage reduction",llama-3.3-70b-versatile
1037798,who is robert gray,who is robert gray,1.0,"The obfuscated text is identical to the original text, indicating complete information leakage.",llama-3.3-70b-versatile
1037798,who is robert gray,colchoneros is robert gray,1.0,"The obfuscated text is identical to the original text, indicating complete information leakage.",llama-3.3-70b-versatile
1037798,who is robert gray,who cosmos 1.3673 suhrawardi,0.1,"The obfuscated text 'who cosmos 1.3673 suhrawardi' has completely different meaning and content compared to the original text 'who is robert gray', indicating minimal information leakage.",llama-3.3-70b-versatile
1037798,who is robert gray,nihz because eutin gray,0.4,"The obfuscated text 'nihz because eutin gray' has some similarity to the original text 'who is robert gray' but with significant changes, including different words and structure, indicating moderate information leakage.",llama-3.3-70b-versatile
1063750,why did the us volunterilay enter ww1,bulldogs did the us setha enter 419.3,0.2,"The obfuscated text has changed the original words to unrelated words, but the structure of the sentence remains the same. The score is 0.2 because some information about the sentence structure is preserved, but the meaning is completely lost.",llama-3.3-70b-versatile
1063750,why did the us volunterilay enter ww1,`` hsiao the salita nutritional forestry haft,0.1,"The obfuscated text does not contain any recognizable words or phrases from the original text, indicating a high level of obfuscation.",llama-3.3-70b-versatile
1063750,why did the us volunterilay enter ww1,know explained which us more enter barlow,0.2,"The obfuscated text does not resemble the original text in any way, indicating a high level of obfuscation.",llama-3.3-70b-versatile
1063750,why did the us volunterilay enter ww1,second did the diplomat varangians cmap malfoys,0.1,"The obfuscated text 'second did the diplomat varangians cmap malfoys' bears little resemblance to the original text 'why did the us volunterilay enter ww1', with significant changes in wording and structure, indicating minimal information leakage.",llama-3.3-70b-versatile
1063750,why did the us volunterilay enter ww1,skwy did first us redwood monoclonius ww1,0.4,"The obfuscated text 'skwy did first us redwood monoclonius ww1' still contains the phrase 'us' and 'ww1' which are present in the original text, indicating some information leakage. However, other key words have been replaced, reducing the overall leakage.",llama-3.3-70b-versatile
1063750,why did the us volunterilay enter ww1,... made most us lattakia uzcategui ww1,0.4,"The obfuscated text still contains the phrase 'us' and 'ww1' which are present in the original text, indicating some information leakage. However, the context and other words have been changed, reducing the leakage. The score is 0.4, reflecting a moderate level of information leakage.",llama-3.3-70b-versatile
1063750,why did the us volunterilay enter ww1,churches did the us molenbeek enter ww1,0.7,"The obfuscated text 'churches did the us molenbeek enter ww1' still contains the key phrases 'us' and 'enter ww1', which are present in the original text 'why did the us volunterilay enter ww1'. This suggests a significant amount of information leakage.",llama-3.3-70b-versatile
1063750,why did the us volunterilay enter ww1,why knew constable us travaligni every transylvania,0.4,"The obfuscated text still contains some similar words and structure to the original text, such as 'us' and 'enter', but with significant changes, indicating moderate information leakage.",llama-3.3-70b-versatile
1063750,why did the us volunterilay enter ww1,me mention fx45 us barksdale meaders olivares,0.4,"The obfuscated text has some similar words and structure to the original text, but with significant changes, indicating moderate information leakage.",llama-3.3-70b-versatile
1063750,why did the us volunterilay enter ww1,beetle edward the us thaat entering ww1,0.7,"The obfuscated text 'beetle edward the us thaat entering ww1' still contains the key phrases 'us' and 'entering ww1', which are similar to the original text 'why did the us volunterilay enter ww1', indicating a significant amount of information leakage.",llama-3.3-70b-versatile
