id,text,obfuscatedText,score,justification,model
19335,anthropological definition of environment,195.7 younis sochacki 78.19,0.0,"The obfuscated text does not contain any information related to the original text, which is about the anthropological definition of environment. The obfuscated text appears to be a random collection of numbers and names, indicating no information leakage.",llama-3.3-70b-versatile
19335,anthropological definition of environment,"www.star 8,000-point palaeographically sunsern",0.0,The obfuscated text does not contain any information related to the original text 'anthropological definition of environment'. The score is 0 because the obfuscated text appears to be completely unrelated to the original text.,llama-3.3-70b-versatile
19335,anthropological definition of environment,3201 100.8 dáil kach,0.0,"The obfuscated text does not contain any information related to the original text 'anthropological definition of environment'. The numbers and words in the obfuscated text appear to be random and unrelated to the original text, indicating no information leakage.",llama-3.3-70b-versatile
19335,anthropological definition of environment,20003 aamodt martyn ticino,0.0,The obfuscated text does not contain any information related to the original text 'anthropological definition of environment'. The score is 0 because there is no information leakage.,llama-3.3-70b-versatile
19335,anthropological definition of environment,cybersurfing y worldsources industrias,0.0,The obfuscated text does not contain any information related to the original text 'anthropological definition of environment'.,llama-3.3-70b-versatile
19335,anthropological definition of environment,allbaugh palearctic hennekens incrimination,0.0,"The obfuscated text does not contain any information related to the original text 'anthropological definition of environment'. The words in the obfuscated text are unrelated to the original text, indicating no information leakage.",llama-3.3-70b-versatile
19335,anthropological definition of environment,jendrzejczyk musicnotes.com hennekens hasert,0.0,"The obfuscated text does not contain any information related to the original text 'anthropological definition of environment', so the score is 0",llama-3.3-70b-versatile
19335,anthropological definition of environment,ss-21 love-40 http://www.nasa.gov jakup,0.0,The obfuscated text does not contain any information related to the original text 'anthropological definition of environment'. The score is 0 because there is no information leakage.,llama-3.3-70b-versatile
19335,anthropological definition of environment,functionals gusted multihomer bolted-together,0.0,The obfuscated text does not contain any information related to the original text 'anthropological definition of environment'.,llama-3.3-70b-versatile
19335,anthropological definition of environment,dzhindzhikhashvili rummelhardt 50-basis faiez,0.0,The obfuscated text does not contain any information related to the original text 'anthropological definition of environment'.,llama-3.3-70b-versatile
47923,axon terminals or synaptic knob definition,62-36 snowbowl dj03 cleric tannoudji baronetcies,0.0,"The obfuscated text does not contain any information related to the original text, indicating no information leakage.",llama-3.3-70b-versatile
47923,axon terminals or synaptic knob definition,topix whether quadrupedal taluk 47-42-17-11 ali,0.0,"The obfuscated text does not contain any recognizable words or phrases from the original text, indicating a low level of information leakage.",llama-3.3-70b-versatile
47923,axon terminals or synaptic knob definition,club 30303 mouwafak duck-like doeschate shanksville,0.1,"The obfuscated text does not contain any recognizable words or phrases related to the original text, indicating a low information leakage score.",llama-3.3-70b-versatile
47923,axon terminals or synaptic knob definition,paleographically decriminalizing pelzer hieng r resend,0.1,"The obfuscated text does not contain any recognizable words or phrases related to the original text, indicating a low information leakage score.",llama-3.3-70b-versatile
47923,axon terminals or synaptic knob definition,mocatta cffex lonicera majevica montek yoshifumi,0.0,"The obfuscated text does not contain any recognizable words or phrases related to the original text, indicating a very low information leakage.",llama-3.3-70b-versatile
47923,axon terminals or synaptic knob definition,rowspan worldsources raelians 147.27 nevus hushen,0.0,"The obfuscated text does not contain any recognizable words or phrases related to the original text, indicating a very low information leakage.",llama-3.3-70b-versatile
47923,axon terminals or synaptic knob definition,unicode artery ap.org township-level anmc21 28-aug,0.0,"The obfuscated text does not contain any recognizable words or phrases related to the original text 'axon terminals or synaptic knob definition', indicating a very low information leakage.",llama-3.3-70b-versatile
47923,axon terminals or synaptic knob definition,lactose series antonin obrenovac yur 2-last,0.0,"The obfuscated text does not contain any recognizable words or phrases related to the original text 'axon terminals or synaptic knob definition', indicating a very low information leakage.",llama-3.3-70b-versatile
47923,axon terminals or synaptic knob definition,212-556-4204 asmithsptimes.com millones huthis woreda procellariiformes,0.0,"The obfuscated text does not contain any information related to the original text 'axon terminals or synaptic knob definition', indicating no information leakage.",llama-3.3-70b-versatile
47923,axon terminals or synaptic knob definition,100-share 1-of-2 crappie 1973-90 inc. heisley,0.0,"The obfuscated text does not contain any information related to the original text 'axon terminals or synaptic knob definition', indicating no information leakage.",llama-3.3-70b-versatile
87181,causes of left ventricular hypertrophy,weinshall eurodollar 202-383-7824 huntly mastel,0.0,"The obfuscated text does not contain any information related to the original text, which is about medical causes of left ventricular hypertrophy. The obfuscated text appears to be a jumbled collection of unrelated words and a phone number, indicating no information leakage.",llama-3.3-70b-versatile
87181,causes of left ventricular hypertrophy,stoxx mayardit 2001-2011 redha obec,0.0,"The obfuscated text does not contain any relevant information related to the original text, which is about medical causes of left ventricular hypertrophy. The obfuscated text appears to be a jumbled collection of unrelated words and numbers, indicating no information leakage.",llama-3.3-70b-versatile
87181,causes of left ventricular hypertrophy,confederate nfpa 117.4 svitil restrengthened,0.0,"The obfuscated text does not contain any relevant information related to the original text, which is about medical causes of left ventricular hypertrophy. The obfuscated text appears to be a jumbled collection of unrelated words, including proper nouns, numbers, and terms from different fields. Therefore, the score for information leakage is 0.",llama-3.3-70b-versatile
87181,causes of left ventricular hypertrophy,13-nation proliferator hushen householder 10-for-10,0.0,"The obfuscated text does not contain any relevant information related to the original text, which is about medical causes of left ventricular hypertrophy. The obfuscated text appears to be a jumbled collection of unrelated words and numbers, indicating no information leakage.",llama-3.3-70b-versatile
87181,causes of left ventricular hypertrophy,resend 43-month 107.37 30-aug skuratov,0.0,"The obfuscated text does not contain any relevant information related to the original text, which is about medical causes of left ventricular hypertrophy. The obfuscated text appears to be a jumbled collection of unrelated words and numbers.",llama-3.3-70b-versatile
87181,causes of left ventricular hypertrophy,bahl railway capsizes cogito season-by-season,0.0,"The obfuscated text does not contain any relevant information related to the original text, which is about medical causes. The score is 0 because there is no information leakage.",llama-3.3-70b-versatile
87181,causes of left ventricular hypertrophy,hennekens arbeit timequest keyon 78.19,0.0,"The obfuscated text does not contain any relevant information related to the original text, which is about the causes of left ventricular hypertrophy. The obfuscated text appears to be a collection of unrelated words and numbers.",llama-3.3-70b-versatile
87181,causes of left ventricular hypertrophy,honduras capital reais tankōbon lasva,0.0,"The obfuscated text does not contain any relevant information related to the original text, which is about the causes of left ventricular hypertrophy. The obfuscated text appears to be a collection of unrelated words, including names, locations, and numbers, which do not provide any meaningful connection to the original text.",llama-3.3-70b-versatile
87181,causes of left ventricular hypertrophy,non-mandatory hearstdc.com shaharyar 404-526-5456 sicheianytimes.com,0.0,"The obfuscated text does not contain any relevant information related to the original text, which is about the causes of left ventricular hypertrophy. The obfuscated text appears to be a jumbled collection of unrelated words and numbers, indicating no information leakage.",llama-3.3-70b-versatile
87181,causes of left ventricular hypertrophy,abdulsalam mercatone ibragim lra all-england,0.0,"The obfuscated text does not contain any relevant information related to the original text, which is about the causes of left ventricular hypertrophy. The obfuscated text appears to be a jumbled collection of unrelated words and phrases, indicating minimal to no information leakage.",llama-3.3-70b-versatile
87452,causes of military suicide,$ 78.19 sharemarket saliyah,0.0,"The obfuscated text does not contain any information related to the original text, which is about the causes of military suicide. The obfuscated text appears to be unrelated and does not reveal any information about the original text.",llama-3.3-70b-versatile
87452,causes of military suicide,ibda tael stationers mahalleh,0.0,"The obfuscated text 'ibda tael stationers mahalleh' does not contain any information related to the original text 'causes of military suicide', indicating no information leakage.",llama-3.3-70b-versatile
87452,causes of military suicide,sylviidae acids hospital baronetage,0.0,"The obfuscated text 'sylviidae acids hospital baronetage' does not contain any information related to the original text 'causes of military suicide', indicating no information leakage.",llama-3.3-70b-versatile
87452,causes of military suicide,drbombay categorias 10-city zahorchak,0.0,"The obfuscated text does not contain any information related to the original text, indicating no information leakage.",llama-3.3-70b-versatile
87452,causes of military suicide,mefin sholdersptimes.com basse-normandie ebit,0.0,"The obfuscated text does not contain any information related to the original text, which is about the causes of military suicide. The obfuscated text appears to be a collection of random words, including a website, a geographical location, and a financial term, with no apparent connection to the original text.",llama-3.3-70b-versatile
87452,causes of military suicide,hingis américa ap.org thich,0.0,"The obfuscated text does not contain any information related to the original text 'causes of military suicide', so the score is 0",llama-3.3-70b-versatile
87452,causes of military suicide,yory bewkes hushen mcgagh,0.0,"The obfuscated text does not contain any information related to the original text 'causes of military suicide', so the score is 0",llama-3.3-70b-versatile
87452,causes of military suicide,http://www.state.gov 103-day numis http://thomas.loc.gov,0.2,"The obfuscated text contains URLs related to government websites, which may indicate some information leakage from the original text about military suicide, but the connection is not direct and the score should be low.",llama-3.3-70b-versatile
87452,causes of military suicide,all-ireland sectorisation renumbering spagat,0.0,"The obfuscated text does not contain any information related to the original text 'causes of military suicide', indicating no information leakage.",llama-3.3-70b-versatile
87452,causes of military suicide,trillion 30-may finex doubles,0.0,The obfuscated text does not contain any information related to the original text 'causes of military suicide'.,llama-3.3-70b-versatile
104861,cost of interior concrete flooring,edmunds.com graner platyninae 79.75 suplex,0.0,"The obfuscated text does not contain any information related to the original text, which is about the cost of interior concrete flooring. The obfuscated text appears to be a random collection of words and numbers, including a website (edmunds.com), a scientific term (platyninae), and a number (79.75). The score is 0, indicating no information leakage.",llama-3.3-70b-versatile
104861,cost of interior concrete flooring,7.50 shenzhou-7 cand.jur muttiah 245.5,0.2,"The obfuscated text does not contain any relevant information about the cost of interior concrete flooring, but it does contain numbers that could potentially be related to costs, so the score is not 0.",llama-3.3-70b-versatile
104861,cost of interior concrete flooring,umpire casmoussa jendrzejczyk police ambrosiano,0.0,"The obfuscated text does not contain any relevant information related to the original text 'cost of interior concrete flooring', thus the score is 0",llama-3.3-70b-versatile
104861,cost of interior concrete flooring,kimarite dederick 11/24 non-obligatory palestinian,0.1,"The obfuscated text does not contain any relevant information related to the original text 'cost of interior concrete flooring'. The words and phrases used are unrelated to the topic, indicating a low information leakage score of 0.1.",llama-3.3-70b-versatile
104861,cost of interior concrete flooring,baronetage marjayoun mozdok rectus okrugs,0.0,"The obfuscated text does not contain any relevant information related to the original text 'cost of interior concrete flooring'. The words appear to be unrelated and do not provide any meaningful connection to the original text, indicating minimal information leakage.",llama-3.3-70b-versatile
104861,cost of interior concrete flooring,arrowed millones ounce non-families intelligencer,0.0,"The obfuscated text does not contain any relevant information related to the cost of interior concrete flooring, so the score is 0",llama-3.3-70b-versatile
104861,cost of interior concrete flooring,roscoea bentworth seasonally nzsx-50 12-monthly,0.0,"The obfuscated text does not contain any relevant information related to the cost of interior concrete flooring, indicating minimal information leakage.",llama-3.3-70b-versatile
104861,cost of interior concrete flooring,muhumed q-400 bse-100 seasonably ronne,0.0,"The obfuscated text does not contain any relevant information related to the cost of interior concrete flooring, so the score is 0",llama-3.3-70b-versatile
104861,cost of interior concrete flooring,"mutual nzsx blogs.tampabay.com 654,000 .00",0.0,"The obfuscated text does not contain any relevant information related to the cost of interior concrete flooring, and appears to be a jumbled collection of unrelated words and phrases.",llama-3.3-70b-versatile
104861,cost of interior concrete flooring,chunyun spokesman rudos otago peerage,0.0,"The obfuscated text does not contain any relevant information related to the cost of interior concrete flooring, indicating minimal to no information leakage.",llama-3.3-70b-versatile
1106007,define visceral?,officership hennekens,0.0,"The obfuscated text 'officership hennekens' does not contain any information related to the original text 'define visceral?', thus the score is 0",llama-3.3-70b-versatile
1106007,define visceral?,economic algebras,0.0,"The obfuscated text 'economic algebras' does not resemble the original text 'define visceral?' in any way, indicating a very low information leakage.",llama-3.3-70b-versatile
1106007,define visceral?,atp 1.0-1,0.8,"The obfuscated text 'atp 1.0-1' does not appear to be related to the original text 'define visceral?', indicating significant information leakage. However, the score is not 1 because 'atp' could potentially be an abbreviation for a term related to 'visceral'.",llama-3.3-70b-versatile
1106007,define visceral?,highmark khan,0.0,"The obfuscated text 'highmark khan' does not contain any information related to the definition of 'visceral', thus the score is 0",llama-3.3-70b-versatile
1106007,define visceral?,xizong zubaie,0.0,"The obfuscated text 'xizong zubaie' does not contain any information related to the original text 'define visceral?', thus the score is 0",llama-3.3-70b-versatile
1106007,define visceral?,wrc fnd,0.0,"The obfuscated text 'wrc fnd' does not contain any information related to the original text 'define visceral?', thus the score is 0",llama-3.3-70b-versatile
1106007,define visceral?,gharana topix,0.0,"The obfuscated text 'gharana topix' does not contain any information related to the original text 'define visceral?', thus the score is 0",llama-3.3-70b-versatile
1106007,define visceral?,www.star shabelle,0.0,"The obfuscated text does not contain any information related to the original text 'define visceral?', so the score is 0",llama-3.3-70b-versatile
1106007,define visceral?,insectivores warmian-masurian,0.0,"The obfuscated text 'insectivores warmian-masurian' does not contain any information related to the original text 'define visceral?', thus the score is 0",llama-3.3-70b-versatile
1106007,define visceral?,a-share backhand,0.0,"The obfuscated text does not contain any information related to the original text 'define visceral?', so the score is 0",llama-3.3-70b-versatile
130510,definition declaratory judgment,enterovirus sarasi highjump,0.0,"The obfuscated text does not contain any information from the original text, indicating no information leakage.",llama-3.3-70b-versatile
130510,definition declaratory judgment,bingol nytimes hilemon,0.0,"The obfuscated text 'bingol nytimes hilemon' does not contain any information from the original text 'definition declaratory judgment', indicating no information leakage.",llama-3.3-70b-versatile
130510,definition declaratory judgment,supervoting hyeon koor,0.0,"The obfuscated text does not contain any information from the original text, indicating no information leakage.",llama-3.3-70b-versatile
130510,definition declaratory judgment,bardhaman calliostoma smbc,0.0,"The obfuscated text does not contain any information from the original text, indicating no information leakage.",llama-3.3-70b-versatile
130510,definition declaratory judgment,tankōbon moved.tech kospi,0.0,"The obfuscated text 'tankōbon moved.tech kospi' does not contain any information from the original text 'definition declaratory judgment', so the score is 0",llama-3.3-70b-versatile
130510,definition declaratory judgment,149-member kleintop realclearpolitics.com,0.0,"The obfuscated text does not contain any information from the original text, indicating no information leakage.",llama-3.3-70b-versatile
130510,definition declaratory judgment,moorilla 41.74 protesters,0.0,"The obfuscated text does not contain any information related to the original text 'definition declaratory judgment', so the score is 0",llama-3.3-70b-versatile
130510,definition declaratory judgment,30-may finex jiewen,0.0,"The obfuscated text does not contain any information from the original text, so the score is 0",llama-3.3-70b-versatile
130510,definition declaratory judgment,nodx u.n.-drawn nonsubscribers,0.0,"The obfuscated text does not contain any information from the original text, so the score is 0",llama-3.3-70b-versatile
130510,definition declaratory judgment,intf riaa icasualties.org,0.0,"The obfuscated text does not contain any information from the original text, so the score is 0",llama-3.3-70b-versatile
131843,definition of a sigmet,boulevard carniola swonk mariemuthoo,0.0,"The obfuscated text does not contain any information from the original text, indicating no information leakage.",llama-3.3-70b-versatile
131843,definition of a sigmet,neen album eurodollars america,0.0,"The obfuscated text does not contain any information related to the original text, which is the definition of a sigmet. The score is 0 because there is no information leakage.",llama-3.3-70b-versatile
131843,definition of a sigmet,nordegren timakova river dinelli,0.0,"The obfuscated text does not contain any information related to the original text, which is the definition of a sigmet. The words in the obfuscated text appear to be random and unrelated to the original text, indicating no information leakage.",llama-3.3-70b-versatile
131843,definition of a sigmet,hah photoexpress chih 12.95,0.0,"The obfuscated text does not contain any information related to the original text 'definition of a sigmet', so the score is 0",llama-3.3-70b-versatile
131843,definition of a sigmet,woreda raciti ndpvf republish,0.0,"The obfuscated text does not contain any information related to the original text, which is the definition of a sigmet. The words in the obfuscated text are unrelated to the original text, indicating no information leakage.",llama-3.3-70b-versatile
131843,definition of a sigmet,reduced-price ortenberg olshevsky foys,0.0,"The obfuscated text does not contain any information related to the original text 'definition of a sigmet', which is a meteorological term. The obfuscated text appears to be a collection of unrelated words, indicating no information leakage.",llama-3.3-70b-versatile
131843,definition of a sigmet,bkw asx200 illan at,0.0,"The obfuscated text does not contain any information related to the original text 'definition of a sigmet', so the score is 0",llama-3.3-70b-versatile
131843,definition of a sigmet,nepticulidae craterlets seng tsvangirai,0.0,"The obfuscated text does not contain any information related to the original text 'definition of a sigmet', which is a meteorological term. The obfuscated text appears to be a collection of unrelated words, indicating no information leakage.",llama-3.3-70b-versatile
131843,definition of a sigmet,abourdeneh ordina inflation nzsx-50,0.0,"The obfuscated text does not contain any information related to the original text 'definition of a sigmet', which refers to a specific weather phenomenon. The obfuscated text appears to be a collection of unrelated words, indicating no information leakage.",llama-3.3-70b-versatile
131843,definition of a sigmet,hennekens anti-retroviral 14/32 briefing.com,0.0,"The obfuscated text does not contain any information related to the original text 'definition of a sigmet', so the score is 0",llama-3.3-70b-versatile
146187,difference between a mcdouble and a double cheeseburger,envisioneering outplacement computerologist .700 oxidoreductases treasurys 460-member alliance,0.0,"The obfuscated text does not contain any information from the original text, indicating no information leakage.",llama-3.3-70b-versatile
146187,difference between a mcdouble and a double cheeseburger,gracillariidae icasualties.org electron leccia apportioned micale townsquare dc-10,0.0,"The obfuscated text does not contain any recognizable words or phrases from the original text, indicating a low information leakage score.",llama-3.3-70b-versatile
146187,difference between a mcdouble and a double cheeseburger,sprinzen palaeographically miscued sirard highjump zahorchak u.n.-designated shukrijumah,0.0,"The obfuscated text does not contain any recognizable words or phrases from the original text, indicating a high level of obfuscation.",llama-3.3-70b-versatile
146187,difference between a mcdouble and a double cheeseburger,motoren puhs guangkai http://www.state.gov posted needletrades kse 47.30,0.0,"The obfuscated text does not contain any relevant information from the original text, indicating minimal information leakage.",llama-3.3-70b-versatile
146187,difference between a mcdouble and a double cheeseburger,tamileelam autosomal zibri passerine cup yalom sea-birds 12.95,0.0,"The obfuscated text does not contain any relevant information from the original text, indicating minimal information leakage.",llama-3.3-70b-versatile
146187,difference between a mcdouble and a double cheeseburger,kahrizak e-amal uhler lamark aceros hutu sphere herein,0.0,"The obfuscated text does not contain any relevant information from the original text, indicating minimal information leakage.",llama-3.3-70b-versatile
146187,difference between a mcdouble and a double cheeseburger,cross www.star 78.19 ppm marche forewings radionet asx200,0.0,"The obfuscated text does not contain any relevant information from the original text, indicating no information leakage.",llama-3.3-70b-versatile
146187,difference between a mcdouble and a double cheeseburger,okware tanami riemann ap.org lcd hasmah bse-30 seasonable,0.0,"The obfuscated text does not contain any relevant information from the original text, indicating no information leakage.",llama-3.3-70b-versatile
146187,difference between a mcdouble and a double cheeseburger,gleneagles moorilla economist unrounded shemona juleanna nottm yaroslav,0.0,"The obfuscated text does not contain any information related to the original text, which is about the difference between a McDouble and a Double Cheeseburger. The obfuscated text appears to be a collection of random words, including proper nouns, scientific terms, and numbers, that do not reveal any information about the original text.",llama-3.3-70b-versatile
146187,difference between a mcdouble and a double cheeseburger,were fish hamli susswein sollecito 147.50 nonsubscribers 2009-june,0.0,"The obfuscated text does not contain any information related to the original text, which is about the difference between a McDouble and a Double Cheeseburger. The obfuscated text appears to be a jumbled collection of unrelated words, including names, locations, and numbers, with no discernible connection to the original text.",llama-3.3-70b-versatile
148538,difference between rn and bsn,"republish palaeographically sandiego 1,000-word university",0.0,"The obfuscated text does not contain any relevant information from the original text, indicating minimal information leakage.",llama-3.3-70b-versatile
148538,difference between rn and bsn,minister analyst bakhsh angop nrs,0.1,"The obfuscated text does not contain any relevant information from the original text, indicating minimal information leakage.",llama-3.3-70b-versatile
148538,difference between rn and bsn,banxquote gah rusal ethnic disaster,0.1,"The obfuscated text does not contain any relevant information from the original text, indicating minimal information leakage.",llama-3.3-70b-versatile
148538,difference between rn and bsn,season eln collender arrestor bruer,0.1,"The obfuscated text does not contain any relevant information from the original text, indicating minimal information leakage.",llama-3.3-70b-versatile
148538,difference between rn and bsn,non-institutionalized de carbon-nitrogen bmxer gwendolynne,0.0,"The obfuscated text does not contain any relevant information from the original text, indicating minimal information leakage.",llama-3.3-70b-versatile
148538,difference between rn and bsn,bergoust telecharge yongtu vah hawk-like,0.0,"The obfuscated text does not contain any relevant information from the original text, indicating minimal information leakage.",llama-3.3-70b-versatile
148538,difference between rn and bsn,trigeminal gravitational (813) panam http://www.cdc.gov,0.0,"The obfuscated text does not contain any relevant information from the original text, which is about the difference between RN and BSN. The obfuscated text appears to be a collection of unrelated words and phrases, including a URL that is not related to the original text. Therefore, the score is 0.",llama-3.3-70b-versatile
148538,difference between rn and bsn,arats dellape wftda no tael,0.0,"The obfuscated text does not contain any relevant information from the original text, indicating minimal information leakage.",llama-3.3-70b-versatile
148538,difference between rn and bsn,midcap corp. .857 iyanla campeonato,0.1,"The obfuscated text does not contain any relevant information from the original text, indicating minimal information leakage.",llama-3.3-70b-versatile
148538,difference between rn and bsn,vornado fachhochschule u.n.-designated gdansk 30-share,0.0,"The obfuscated text does not contain any relevant information from the original text, indicating minimal information leakage.",llama-3.3-70b-versatile
156493,do goldfish grow,fennoscandia emberizid non-institutionalized,0.0,"The obfuscated text does not contain any information from the original text, indicating no information leakage.",llama-3.3-70b-versatile
156493,do goldfish grow,gahl rungfapaisarn techsavvy,0.0,"The obfuscated text 'gahl rungfapaisarn techsavvy' does not contain any information from the original text 'do goldfish grow', so the score is 0",llama-3.3-70b-versatile
156493,do goldfish grow,tropicana eighteens percent,0.0,"The obfuscated text 'tropicana eighteens percent' does not contain any information related to the original text 'do goldfish grow', indicating a low information leakage score of 0.0",llama-3.3-70b-versatile
156493,do goldfish grow,28-december mowt outplacement,0.0,"The obfuscated text does not contain any information related to the original text 'do goldfish grow'. The words in the obfuscated text are unrelated to the original text, indicating no information leakage.",llama-3.3-70b-versatile
156493,do goldfish grow,palaeographically zahorchak steep-sided,0.0,"The obfuscated text does not contain any information related to the original text 'do goldfish grow', indicating no information leakage.",llama-3.3-70b-versatile
156493,do goldfish grow,waziristan dobrynska chester-upland,0.0,"The obfuscated text does not contain any information related to the original text 'do goldfish grow', indicating no information leakage.",llama-3.3-70b-versatile
156493,do goldfish grow,olad 30303 a-decade,0.0,"The obfuscated text does not contain any information related to the original text 'do goldfish grow', so the score is 0",llama-3.3-70b-versatile
156493,do goldfish grow,tomicki heartport shiffa,0.0,"The obfuscated text does not contain any information related to the original text 'do goldfish grow', so the score is 0",llama-3.3-70b-versatile
156493,do goldfish grow,732-390-4480 shahr lymphocytes,0.0,"The obfuscated text '732-390-4480 shahr lymphocytes' does not contain any information related to the original text 'do goldfish grow', indicating no information leakage.",llama-3.3-70b-versatile
156493,do goldfish grow,dravida official 20003,0.0,"The obfuscated text does not contain any information related to the original text 'do goldfish grow'. The words in the obfuscated text are unrelated to the original text, indicating no information leakage.",llama-3.3-70b-versatile
168216,does legionella pneumophila cause pneumonia,dareini pastrana sinmun 750-800 hushen,0.0,"The obfuscated text does not contain any relevant information related to the original text, indicating minimal information leakage.",llama-3.3-70b-versatile
168216,does legionella pneumophila cause pneumonia,hutzler hectoliter verifiably seanad 212-621-1650,0.0,"The obfuscated text does not contain any relevant information from the original text, indicating no information leakage.",llama-3.3-70b-versatile
168216,does legionella pneumophila cause pneumonia,hasert kermadec canoer baronetage nikkei,0.0,"The obfuscated text does not contain any relevant information related to the original text, indicating minimal information leakage.",llama-3.3-70b-versatile
168216,does legionella pneumophila cause pneumonia,weick kalkhoven 800-444-0267 siphuncle bohrman,0.0,"The obfuscated text does not contain any relevant information related to the original text, indicating minimal information leakage.",llama-3.3-70b-versatile
168216,does legionella pneumophila cause pneumonia,refrigerate norteamericano league 225-member republish,0.0,"The obfuscated text does not contain any information related to the original text 'does legionella pneumophila cause pneumonia'. The words in the obfuscated text are unrelated to the original text, indicating no information leakage.",llama-3.3-70b-versatile
168216,does legionella pneumophila cause pneumonia,86.60 superdelegates periodista 518.5 dextre,0.0,The obfuscated text does not contain any information related to the original text 'does legionella pneumophila cause pneumonia'. The score is 0.0 because there is no information leakage.,llama-3.3-70b-versatile
168216,does legionella pneumophila cause pneumonia,non-lgbt 50km laogai romanized 2950,0.0,"The obfuscated text does not contain any relevant information related to the original text, which is about Legionella pneumophila causing pneumonia. The obfuscated text appears to be a jumbled collection of unrelated words and numbers.",llama-3.3-70b-versatile
168216,does legionella pneumophila cause pneumonia,29-oct bousquet oil +44 kabardino,0.0,"The obfuscated text does not contain any relevant information related to the original text, which is about Legionella pneumophila causing pneumonia. The obfuscated text appears to be a jumbled collection of unrelated words and numbers, indicating minimal to no information leakage.",llama-3.3-70b-versatile
168216,does legionella pneumophila cause pneumonia,mussab hennekens dipterocarpaceae sse-30 pruszcz,0.0,"The obfuscated text does not contain any relevant information related to the original text, indicating minimal information leakage.",llama-3.3-70b-versatile
168216,does legionella pneumophila cause pneumonia,24-kilometer gazprom olyā highjump smithee,0.0,"The obfuscated text does not contain any relevant information related to the original text, indicating no information leakage.",llama-3.3-70b-versatile
182539,example of monotonic function,cdy qods bio-active malvo,0.1,"The obfuscated text does not resemble the original text in any way, indicating a high level of obfuscation.",llama-3.3-70b-versatile
182539,example of monotonic function,nattawut menteng jobseekers mowt,0.1,"The obfuscated text 'nattawut menteng jobseekers mowt' does not resemble the original text 'example of monotonic function' in any way, indicating a very low information leakage.",llama-3.3-70b-versatile
182539,example of monotonic function,speech/language palaeographically 2-last 265-420,0.1,"The obfuscated text does not resemble the original text in any way, indicating a high level of obfuscation.",llama-3.3-70b-versatile
182539,example of monotonic function,202-383-7824 busia ocurrio refi,0.0,"The obfuscated text does not contain any information related to the original text 'example of monotonic function', so the score is 0",llama-3.3-70b-versatile
182539,example of monotonic function,$ flycatcher dónde stoxx,0.0,"The obfuscated text '$ flycatcher dónde stoxx' does not contain any information from the original text 'example of monotonic function', so the score is 0",llama-3.3-70b-versatile
182539,example of monotonic function,cetacea cents mutlaq grn,0.0,"The obfuscated text does not contain any information from the original text, indicating no information leakage.",llama-3.3-70b-versatile
182539,example of monotonic function,mankahlana ep-3e u.n.-controlled 1994-2007,0.0,"The obfuscated text does not contain any information from the original text, so the score is 0",llama-3.3-70b-versatile
182539,example of monotonic function,icasualties.org palisson lecrone kościerzyna,0.0,"The obfuscated text does not contain any information from the original text, so the score is 0",llama-3.3-70b-versatile
182539,example of monotonic function,passthroughs frazioni republish naismith,0.0,"The obfuscated text does not contain any information from the original text, so the score is 0",llama-3.3-70b-versatile
182539,example of monotonic function,trv frontieres saffir-simpson forex,0.0,"The obfuscated text does not contain any information from the original text, so the score is 0",llama-3.3-70b-versatile
183378,exons definition biology,metacritic championship cinemascore,0.0,"The obfuscated text 'metacritic championship cinemascore' does not contain any information from the original text 'exons definition biology', indicating no information leakage.",llama-3.3-70b-versatile
183378,exons definition biology,eighteens sa primera,0.0,"The obfuscated text 'eighteens sa primera' does not contain any information related to the original text 'exons definition biology', indicating a low information leakage score.",llama-3.3-70b-versatile
183378,exons definition biology,europe/africa pesos marconnet,0.1,"The obfuscated text 'europe/africa pesos marconnet' does not contain any information related to the original text 'exons definition biology', indicating a low information leakage score of 0.1",llama-3.3-70b-versatile
183378,exons definition biology,megabits verifiably her,0.0,The obfuscated text does not contain any information related to the original text 'exons definition biology'.,llama-3.3-70b-versatile
183378,exons definition biology,wolsztyn bund pvi,0.0,"The obfuscated text does not contain any information related to the original text 'exons definition biology', indicating no information leakage.",llama-3.3-70b-versatile
183378,exons definition biology,20003 chikungunya 222-8879,0.0,"The obfuscated text '20003 chikungunya 222-8879' does not contain any information related to the original text 'exons definition biology', indicating a low information leakage score.",llama-3.3-70b-versatile
183378,exons definition biology,shahab-3 officership tareq,0.0,"The obfuscated text does not contain any information related to the original text 'exons definition biology', indicating no information leakage.",llama-3.3-70b-versatile
183378,exons definition biology,225-issue nzgsae arrendel,0.0,"The obfuscated text does not contain any information related to the original text 'exons definition biology', so the score is 0",llama-3.3-70b-versatile
183378,exons definition biology,wicketkeeper qawasmeh mustaqbal,0.0,"The obfuscated text does not contain any information related to the original text 'exons definition biology', so the score is 0",llama-3.3-70b-versatile
183378,exons definition biology,518.5 krystosik kingdom,0.0,"The obfuscated text does not contain any information related to the original text 'exons definition biology', so the score is 0",llama-3.3-70b-versatile
207786,how are some sharks warm blooded,first-class bekaa bellevarde 12-monthly 1975-79 bharti,0.0,"The obfuscated text does not contain any information from the original text, indicating no information leakage.",llama-3.3-70b-versatile
207786,how are some sharks warm blooded,hushen hipc 78.19 million baldly birla,0.0,"The obfuscated text does not contain any information related to the original text, indicating no information leakage.",llama-3.3-70b-versatile
207786,how are some sharks warm blooded,louisine spokesman haselock 17-time taiex iebc,0.0,"The obfuscated text does not contain any information related to the original text, indicating no information leakage.",llama-3.3-70b-versatile
207786,how are some sharks warm blooded,crin peirsol milanka bbc 295.2 107.8,0.0,"The obfuscated text does not contain any information related to the original text, indicating no information leakage.",llama-3.3-70b-versatile
207786,how are some sharks warm blooded,illan sectorisation sectorisation goiás arats eurodollars,0.0,"The obfuscated text does not contain any information related to the original text, indicating no information leakage.",llama-3.3-70b-versatile
207786,how are some sharks warm blooded,hushen aeltus cao 1stld amerykah roh,0.0,"The obfuscated text does not contain any information related to the original text, indicating no information leakage.",llama-3.3-70b-versatile
207786,how are some sharks warm blooded,shivnarine 537-vote canonero maliti ' schattner,0.0,"The obfuscated text does not contain any information related to the original text, which is about some sharks being warm-blooded. The obfuscated text appears to be a jumbled collection of unrelated words and numbers.",llama-3.3-70b-versatile
207786,how are some sharks warm blooded,salhiya thamir dothideomycetes vladimira rock/metal transaminase,0.0,"The obfuscated text does not contain any information related to the original text, indicating no information leakage.",llama-3.3-70b-versatile
207786,how are some sharks warm blooded,537-vote inflorescence wta advancers europe/africa www.star,0.0,"The obfuscated text does not contain any information related to the original text, indicating no information leakage.",llama-3.3-70b-versatile
207786,how are some sharks warm blooded,resend spokesman myawaddy vlcc 16-nation merrie,0.0,"The obfuscated text does not contain any information related to the original text, indicating no information leakage.",llama-3.3-70b-versatile
1133167,how is the weather in jamaica,d'orso abayat sheikdoms ayeyawaddy mordellidae tuscaloosa,0.0,"The obfuscated text does not contain any information from the original text, indicating no information leakage.",llama-3.3-70b-versatile
1133167,how is the weather in jamaica,paginated sheikdoms faim powiat smithee excelaire,0.0,"The obfuscated text does not contain any information related to the original text, indicating no information leakage.",llama-3.3-70b-versatile
1133167,how is the weather in jamaica,2001-2011 mladjan gourmelon baskins aqha selic,0.0,"The obfuscated text does not contain any recognizable words or phrases related to the original text, indicating a low information leakage score.",llama-3.3-70b-versatile
1133167,how is the weather in jamaica,guynn icasualties.org nagin kiyosaki 1962-65 ``,0.0,"The obfuscated text does not contain any information related to the original text 'how is the weather in jamaica', indicating no information leakage.",llama-3.3-70b-versatile
1133167,how is the weather in jamaica,species 20-kilometer xianglin kans. picture-winged jw,0.0,"The obfuscated text does not contain any information related to the original text 'how is the weather in jamaica', so the score is 0",llama-3.3-70b-versatile
1133167,how is the weather in jamaica,"azadegan bof 800-member 212-556-4204 b-standard 1,000-word",0.0,"The obfuscated text does not contain any information related to the original text 'how is the weather in jamaica', so the score is 0",llama-3.3-70b-versatile
1133167,how is the weather in jamaica,"bessonette on-the-field 7,824 sonakul sphingidae u.n.-patrolled",0.0,"The obfuscated text does not contain any information related to the original text 'how is the weather in jamaica', so the score is 0",llama-3.3-70b-versatile
1133167,how is the weather in jamaica,juanico potito qareh nethaway bill-clattering giftedness,0.0,"The obfuscated text does not contain any information related to the original text 'how is the weather in jamaica', so the score is 0",llama-3.3-70b-versatile
1133167,how is the weather in jamaica,moven 195.7 destry 1/18 47-42-17-11 mmol/l,0.0,"The obfuscated text does not contain any information related to the original text 'how is the weather in jamaica', indicating no information leakage.",llama-3.3-70b-versatile
1133167,how is the weather in jamaica,1950-53 betsen fahrinkrug d6 honeyeater europe/africa,0.0,"The obfuscated text does not contain any information related to the original text 'how is the weather in jamaica', so the score is 0",llama-3.3-70b-versatile
264014,how long is life cycle of flea,plame lb. uyezds chief forex.com saute cristodero,0.0,"The obfuscated text does not contain any relevant information from the original text, indicating a low information leakage score.",llama-3.3-70b-versatile
264014,how long is life cycle of flea,snake-like liipfert goergl klasse norrish fleetwide kse-100,0.0,"The obfuscated text does not contain any relevant information from the original text, indicating minimal information leakage.",llama-3.3-70b-versatile
264014,how long is life cycle of flea,"backhand 1,000-word pamuk roslin elian park 21km",0.0,"The obfuscated text does not contain any relevant information from the original text, indicating minimal information leakage.",llama-3.3-70b-versatile
264014,how long is life cycle of flea,cac-40 taepodong-1 31-sept rakyat corner-back topix fingerpost,0.0,"The obfuscated text does not contain any relevant information from the original text, indicating minimal information leakage.",llama-3.3-70b-versatile
264014,how long is life cycle of flea,"i-aa 1,000-point doctrove burqa purvin hielo 11/24",0.0,"The obfuscated text does not contain any relevant information from the original text, indicating minimal information leakage.",llama-3.3-70b-versatile
264014,how long is life cycle of flea,ribadeneira hadnott kaladan hrdy 56.20 baid advisories,0.0,"The obfuscated text does not contain any relevant information from the original text, indicating minimal information leakage.",llama-3.3-70b-versatile
264014,how long is life cycle of flea,vaziri ottoman pi04 78-day bolognesi ortsgemeinde nonresidential,0.0,"The obfuscated text does not contain any relevant information from the original text, indicating minimal information leakage.",llama-3.3-70b-versatile
264014,how long is life cycle of flea,"delacorte kornafel loo 26,250 70.85 untraded icasualties.org",0.0,"The obfuscated text does not contain any relevant information from the original text, indicating no information leakage.",llama-3.3-70b-versatile
264014,how long is life cycle of flea,"shutouts 654,000 electric thracian u.n.-drafted kaupthing puhs",0.0,"The obfuscated text does not contain any relevant information from the original text, indicating no information leakage.",llama-3.3-70b-versatile
264014,how long is life cycle of flea,rotten pantaenus nzsx-50 hennekens cand.jur cac-40 myss,0.0,"The obfuscated text does not contain any relevant information from the original text, so the score is 0",llama-3.3-70b-versatile
359349,how to find the midsegment of a trapezoid,sprint 28.0 zhaozong mutagenesis lipobay 800-word slobodan geddings,0.0,"The obfuscated text does not contain any relevant information about the original text, which is about finding the midsegment of a trapezoid. The obfuscated text appears to be a jumbled collection of unrelated words, indicating minimal information leakage.",llama-3.3-70b-versatile
359349,how to find the midsegment of a trapezoid,sportsperson £ khivrenko play-by-play 8.8-magnitude chunyun chonbuk lb.,0.0,"The obfuscated text does not contain any relevant information about the original text, which is about finding the midsegment of a trapezoid. The obfuscated text appears to be a jumbled collection of unrelated words, indicating minimal information leakage.",llama-3.3-70b-versatile
359349,how to find the midsegment of a trapezoid,"photoexpress district 3,985 we studena list-a substrates battleship",0.0,"The obfuscated text does not contain any relevant information about the original text, which is about finding the midsegment of a trapezoid. The obfuscated text appears to be a jumbled collection of unrelated words.",llama-3.3-70b-versatile
359349,how to find the midsegment of a trapezoid,generous flachi .600 monoid euna noctuidae baronetcies incirlik,0.0,"The obfuscated text does not contain any relevant information about the original text, which is about finding the midsegment of a trapezoid. The obfuscated text appears to be a collection of random words, including proper nouns, numbers, and scientific terms, that do not relate to the original text.",llama-3.3-70b-versatile
359349,how to find the midsegment of a trapezoid,nonsubscribers diringer radomsko zahf fachhochschule toshikatsu peace nicolaus,0.0,"The obfuscated text does not contain any relevant information related to the original text, which is about finding the midsegment of a trapezoid. The obfuscated text appears to be a collection of random words, including names, locations, and terms from various fields, but none of them are related to geometry or trapezoids. Therefore, the score is 0, indicating no information leakage.",llama-3.3-70b-versatile
359349,how to find the midsegment of a trapezoid,percent ayp www.boston.com highjump apurimac dealogic independence illegal,0.0,"The obfuscated text does not contain any relevant information related to the original text, which is about finding the midsegment of a trapezoid. The obfuscated text appears to be a collection of random words, including proper nouns, numbers, and terms from various fields, but none of them are related to geometry or the original text.",llama-3.3-70b-versatile
359349,how to find the midsegment of a trapezoid,capitaland 4x200 billion 816-822-8448 tomicki extraliga 23-july hennekens,0.0,"The obfuscated text does not contain any relevant information related to the original text, which is about finding the midsegment of a trapezoid. The obfuscated text appears to be a collection of random words and numbers, indicating no information leakage.",llama-3.3-70b-versatile
359349,how to find the midsegment of a trapezoid,instars rijksmonument recession flycatch topix gregory-aland regula mixture,0.0,"The obfuscated text does not contain any relevant information related to the original text, which is about finding the midsegment of a trapezoid. The obfuscated text appears to be a collection of random words and phrases, indicating no information leakage.",llama-3.3-70b-versatile
359349,how to find the midsegment of a trapezoid,lechter evros ueli italian raminder fccla idjmg ryler,0.0,"The obfuscated text does not contain any relevant information related to the original text, which is about finding the midsegment of a trapezoid. The obfuscated text appears to be a collection of random words, including names, locations, and terms from various fields, but none of them are related to geometry or trapezoids.",llama-3.3-70b-versatile
359349,how to find the midsegment of a trapezoid,miroslav 26-may yuzhnoye ministerial telecharge 29-may sadeek defender,0.0,"The obfuscated text does not contain any relevant information related to the original text, which is about finding the midsegment of a trapezoid. The obfuscated text appears to be a collection of random words and phrases, indicating no information leakage.",llama-3.3-70b-versatile
1129237,hydrogen is a liquid below what temperature,cholesterol tearsheet piauí samiha platts u.s.-mediated netwatch,0.0,"The obfuscated text does not contain any information related to the original text, indicating no information leakage.",llama-3.3-70b-versatile
1129237,hydrogen is a liquid below what temperature,delaigue latinoamericanas mankahlana k90 100.00 http://thomas.loc.gov 1_2,0.0,"The obfuscated text does not contain any information related to the original text, which is about the temperature at which hydrogen becomes a liquid. The obfuscated text appears to be a collection of unrelated words and phrases, including names, locations, and a URL, with no discernible connection to the original text.",llama-3.3-70b-versatile
1129237,hydrogen is a liquid below what temperature,abassan 1973-90 rebounds murambatsvina 24-valve vespe pheidippides,0.0,"The obfuscated text does not contain any information related to the original text, which is about the temperature at which hydrogen becomes a liquid. The obfuscated text appears to be a collection of unrelated words, including names, locations, and terms from various fields, with no connection to the original text.",llama-3.3-70b-versatile
1129237,hydrogen is a liquid below what temperature,harmeet obshtina http://blogs.timesunion.com béthune tearsheet coast topix,0.0,"The obfuscated text does not contain any information related to the original text, which is about the temperature at which hydrogen becomes a liquid. The obfuscated text appears to be a collection of random words and phrases, including names, locations, and URLs, with no discernible connection to the original text.",llama-3.3-70b-versatile
1129237,hydrogen is a liquid below what temperature,scrips republish siad askariya melamine olad 33-1-53-05-76-50,0.0,"The obfuscated text does not contain any information related to the original text, which is about the temperature at which hydrogen becomes a liquid. The obfuscated text appears to be a collection of random words and numbers, with no apparent connection to the original text.",llama-3.3-70b-versatile
1129237,hydrogen is a liquid below what temperature,zambada budyonnovsk extraliga cybertimes 20003 ground-control sir,0.0,"The obfuscated text does not contain any information related to the original text, which is about the temperature at which hydrogen becomes a liquid. The obfuscated text appears to be a collection of random words and phrases, including names, locations, and numbers, but none of them are related to the original text. Therefore, the score is 0, indicating no information leakage.",llama-3.3-70b-versatile
1129237,hydrogen is a liquid below what temperature,liezel asiax juvenal guangen 30-share varatharajah decile,0.0,"The obfuscated text does not contain any information related to the original text, which is about the temperature at which hydrogen becomes a liquid. The obfuscated text appears to be a collection of random words and phrases, including names, locations, and numbers, but none of them are related to the original text. Therefore, the score is 0, indicating no information leakage.",llama-3.3-70b-versatile
1129237,hydrogen is a liquid below what temperature,http://www.nyse.com shenzhou 1.000 nonstick two-year-olds ap.org cvp,0.0,"The obfuscated text does not contain any information related to the original text, which is about the temperature at which hydrogen becomes a liquid. The obfuscated text appears to be a collection of random words and phrases, including names, locations, and organizations, but none of them are related to the original text. Therefore, the score is 0, indicating no information leakage.",llama-3.3-70b-versatile
1129237,hydrogen is a liquid below what temperature,non-lgbt factfiles 440-megawatt rhinoviruses 212-556-4204 22-day index,0.0,"The obfuscated text does not contain any information related to the original text, which is about the temperature at which hydrogen becomes a liquid. The obfuscated text appears to be a collection of random words and phrases, including names, locations, and numbers, but none of them are related to the original text. Therefore, the score is 0, indicating no information leakage.",llama-3.3-70b-versatile
1129237,hydrogen is a liquid below what temperature,billion allergist abelian hakuho iyanla kashikojima wannian,0.0,"The obfuscated text does not contain any information related to the original text, indicating no information leakage.",llama-3.3-70b-versatile
405717,is cdg airport in main paris,eurodollar jendayi 60-vote rugbyu apuestas juburi,0.0,"The obfuscated text does not contain any information from the original text, indicating no information leakage.",llama-3.3-70b-versatile
405717,is cdg airport in main paris,cricetidae steptoe kostomarov u.n.-declared navy sasac,0.0,"The obfuscated text does not contain any recognizable words or phrases from the original text, indicating a high level of obfuscation.",llama-3.3-70b-versatile
405717,is cdg airport in main paris,"loutre mullaitivu 29,028-foot sarosi daybook kasikornbank",0.0,"The obfuscated text does not contain any information related to the original text 'is cdg airport in main paris'. The words in the obfuscated text are unrelated to the original text, indicating no information leakage.",llama-3.3-70b-versatile
405717,is cdg airport in main paris,donilon oboes loughborough _______ populus dostum,0.0,"The obfuscated text does not contain any information related to the original text 'is cdg airport in main paris'. The words in the obfuscated text are unrelated to the original text, indicating no information leakage.",llama-3.3-70b-versatile
405717,is cdg airport in main paris,delta brasil tankan hylidae non-families police,0.0,"The obfuscated text does not contain any information related to the original text 'is cdg airport in main paris'. The words are completely unrelated, indicating no information leakage.",llama-3.3-70b-versatile
405717,is cdg airport in main paris,brgf washingtonpost.com aldabra http://www.whitehouse.gov wbo 100-share,0.0,"The obfuscated text does not contain any information related to the original text 'is cdg airport in main paris'. The words and phrases used are unrelated and do not provide any context or meaning that could be linked to the original text, indicating a very low information leakage.",llama-3.3-70b-versatile
405717,is cdg airport in main paris,100-quality ormeau lawren techsavvy thebulliondesk.com blicksilver,0.0,"The obfuscated text does not contain any information related to the original text 'is cdg airport in main paris'. The words and phrases used are unrelated and do not provide any context or meaning that could be linked to the original text, indicating a very low information leakage.",llama-3.3-70b-versatile
405717,is cdg airport in main paris,director nahiya ilyasov krško chron.com lakes,0.0,"The obfuscated text does not contain any information related to the original text 'is cdg airport in main paris'. The words and phrases used are unrelated and do not provide any context or meaning that could be linked to the original text, indicating no information leakage.",llama-3.3-70b-versatile
405717,is cdg airport in main paris,sheshatshiu ree saomai tortricidae stout-bodied excommunicates,0.0,The obfuscated text does not contain any information related to the original text 'is cdg airport in main paris'. The words and phrases used are unrelated and do not provide any context or meaning that could be linked to the original text.,llama-3.3-70b-versatile
405717,is cdg airport in main paris,primera olyā el refiling udd minister,0.0,"The obfuscated text does not contain any information related to the original text 'is cdg airport in main paris'. The words are completely unrelated, indicating no information leakage.",llama-3.3-70b-versatile
443396,lps laws definition,juanico punt ayp,0.1,"The obfuscated text 'juanico punt ayp' does not resemble the original text 'lps laws definition' in any way, indicating a very low information leakage score.",llama-3.3-70b-versatile
443396,lps laws definition,miyoung arctiidae pelzer,0.1,"The obfuscated text 'miyoung arctiidae pelzer' does not resemble the original text 'lps laws definition' in any way, indicating a very low information leakage score.",llama-3.3-70b-versatile
443396,lps laws definition,"medalled 2001-2011 1,885",0.1,"The obfuscated text 'medalled 2001-2011 1,885' does not appear to be related to the original text 'lps laws definition', indicating minimal information leakage.",llama-3.3-70b-versatile
443396,lps laws definition,refi up-curved taproot,0.2,"The obfuscated text 'refi up-curved taproot' does not contain any direct information from the original text 'lps laws definition', but it may still be possible to infer some meaning or context, thus the score is 0.2",llama-3.3-70b-versatile
443396,lps laws definition,hiddink powerbook sanlu,0.0,"The obfuscated text 'hiddink powerbook sanlu' does not contain any information from the original text 'lps laws definition', so the score is 0",llama-3.3-70b-versatile
443396,lps laws definition,their boesak advait,0.1,"The obfuscated text 'their boesak advait' does not appear to be related to the original text 'lps laws definition', indicating minimal information leakage.",llama-3.3-70b-versatile
443396,lps laws definition,nzse40 montella innside,0.0,"The obfuscated text 'nzse40 montella innside' does not contain any information from the original text 'lps laws definition', so the score is 0",llama-3.3-70b-versatile
443396,lps laws definition,europe/africa keyless 31-jan,0.0,"The obfuscated text 'europe/africa keyless 31-jan' does not contain any information from the original text 'lps laws definition', so the score is 0",llama-3.3-70b-versatile
443396,lps laws definition,manalich pterostichinae 225-issue,0.0,The obfuscated text does not contain any information related to the original text 'lps laws definition'.,llama-3.3-70b-versatile
443396,lps laws definition,intrepidity abdelbaset bvl30,0.0,The obfuscated text does not contain any information from the original text 'lps laws definition'.,llama-3.3-70b-versatile
451602,medicare's definition of mechanical ventilation,sheinbein arenella trinkaus govpx midcap,0.0,"The obfuscated text does not contain any information related to the original text, indicating no information leakage.",llama-3.3-70b-versatile
451602,medicare's definition of mechanical ventilation,muntazer caam bkc wildcards clendenning,0.0,"The obfuscated text does not contain any information related to the original text, indicating no information leakage.",llama-3.3-70b-versatile
451602,medicare's definition of mechanical ventilation,cheen u.n. 42.195 excommunicates scislowska,0.0,"The obfuscated text does not contain any information related to the original text 'medicare's definition of mechanical ventilation'. The words in the obfuscated text are unrelated to the original text, indicating no information leakage.",llama-3.3-70b-versatile
451602,medicare's definition of mechanical ventilation,dr. lomana asx200 aerosurveys hushen,0.0,"The obfuscated text does not contain any information related to the original text, indicating no information leakage.",llama-3.3-70b-versatile
451602,medicare's definition of mechanical ventilation,naikuni palaeographically highjump asustek cadastral,0.0,"The obfuscated text does not contain any information related to the original text 'medicare's definition of mechanical ventilation', indicating no information leakage.",llama-3.3-70b-versatile
451602,medicare's definition of mechanical ventilation,225-issue nguoi delesseps mauris factorization,0.0,"The obfuscated text does not contain any information related to the original text 'medicare's definition of mechanical ventilation', indicating no information leakage.",llama-3.3-70b-versatile
451602,medicare's definition of mechanical ventilation,eurodollars 5:28 smilla kungayeva gprs,0.0,"The obfuscated text does not contain any information related to the original text 'medicare's definition of mechanical ventilation', so the score is 0",llama-3.3-70b-versatile
451602,medicare's definition of mechanical ventilation,oo him nonsubscribers abc/wb ayp,0.0,"The obfuscated text does not contain any information related to the original text 'medicare's definition of mechanical ventilation', so the score is 0",llama-3.3-70b-versatile
451602,medicare's definition of mechanical ventilation,"manalich post.com 27,900 supachai refi",0.0,"The obfuscated text does not contain any information related to the original text 'medicare's definition of mechanical ventilation', indicating no information leakage.",llama-3.3-70b-versatile
451602,medicare's definition of mechanical ventilation,castile-la jobless non-families mayalarp usb,0.0,"The obfuscated text does not contain any information related to the original text 'medicare's definition of mechanical ventilation', indicating no information leakage.",llama-3.3-70b-versatile
489204,right pelvic pain causes,internationaux armsbearer shay montealto,0.0,"The obfuscated text does not contain any words related to the original text, indicating no information leakage.",llama-3.3-70b-versatile
489204,right pelvic pain causes,spendingpulse gorondi r-400 between,0.0,"The obfuscated text does not contain any relevant information from the original text, indicating no information leakage.",llama-3.3-70b-versatile
489204,right pelvic pain causes,kamikuishiki bousquet l'il u.s.-hosted,0.0,"The obfuscated text does not contain any relevant information from the original text, indicating no information leakage.",llama-3.3-70b-versatile
489204,right pelvic pain causes,herein friehling 125-seat 52-69,0.0,"The obfuscated text does not contain any relevant information from the original text, indicating no information leakage.",llama-3.3-70b-versatile
489204,right pelvic pain causes,0550 eurobarometer 22-august dbs50,0.0,"The obfuscated text does not contain any relevant information from the original text, indicating no information leakage.",llama-3.3-70b-versatile
489204,right pelvic pain causes,tothis http://www.house.gov pucin 94103,0.0,"The obfuscated text does not contain any information related to the original text 'right pelvic pain causes', so the score is 0",llama-3.3-70b-versatile
489204,right pelvic pain causes,woreda discal kenyan carabidae,0.0,"The obfuscated text does not contain any relevant information from the original text, indicating no information leakage.",llama-3.3-70b-versatile
489204,right pelvic pain causes,volost hotton frazioni obec,0.0,"The obfuscated text does not contain any relevant information from the original text, indicating no information leakage.",llama-3.3-70b-versatile
489204,right pelvic pain causes,zeina raznatovic illan maschera,0.0,"The obfuscated text does not contain any relevant information from the original text, indicating no information leakage.",llama-3.3-70b-versatile
489204,right pelvic pain causes,picardie homeway 30303 seedings,0.0,"The obfuscated text does not contain any relevant information from the original text, indicating no information leakage.",llama-3.3-70b-versatile
490595,rsa definition key,haili inflation-adjusted zemeri,0.2,"The obfuscated text 'haili inflation-adjusted zemeri' does not resemble the original text 'rsa definition key' in any way, indicating a low information leakage score of 0.2",llama-3.3-70b-versatile
490595,rsa definition key,aftertax volhard european,0.2,"The obfuscated text 'aftertax volhard european' does not contain any direct references to the original text 'rsa definition key', but it may still convey some semantic meaning. However, the words seem unrelated, suggesting minimal information leakage.",llama-3.3-70b-versatile
490595,rsa definition key,tennis padraig verbena,0.0,"The obfuscated text 'tennis padraig verbena' does not contain any information from the original text 'rsa definition key', so the score is 0",llama-3.3-70b-versatile
490595,rsa definition key,qurna kloza ordinaries,0.0,"The obfuscated text 'qurna kloza ordinaries' does not contain any information from the original text 'rsa definition key', so the score is 0",llama-3.3-70b-versatile
490595,rsa definition key,banpu phylloxera articulos,0.1,"The obfuscated text 'banpu phylloxera articulos' does not contain any recognizable words or phrases related to the original text 'rsa definition key', indicating a low information leakage score.",llama-3.3-70b-versatile
490595,rsa definition key,district photon 147.27,0.0,"The obfuscated text 'district photon 147.27' does not contain any information related to the original text 'rsa definition key', indicating no information leakage.",llama-3.3-70b-versatile
490595,rsa definition key,ankunda romanized muthana,0.0,"The obfuscated text 'ankunda romanized muthana' does not contain any information from the original text 'rsa definition key', so the score is 0",llama-3.3-70b-versatile
490595,rsa definition key,taiex old 13/16,0.0,"The obfuscated text 'taiex old 13/16' does not contain any information related to the original text 'rsa definition key', so the score is 0",llama-3.3-70b-versatile
490595,rsa definition key,latitude 1950-53 36-day,0.0,The obfuscated text does not contain any information related to the original text 'rsa definition key'.,llama-3.3-70b-versatile
490595,rsa definition key,planalytics term-time patriach,0.0,The obfuscated text does not contain any information related to the original text 'rsa definition key'.,llama-3.3-70b-versatile
1124210,tracheids are part of _____.,down-curved ibes macaskill knittig meyerson,0.0,"The obfuscated text does not contain any information related to the original text, indicating no information leakage.",llama-3.3-70b-versatile
1124210,tracheids are part of _____.,cordesman i-league weissert samawa sportsperson,0.0,"The obfuscated text does not contain any information related to the original text, which is about tracheids. The words in the obfuscated text seem to be random names or terms unrelated to the topic of tracheids, indicating no information leakage.",llama-3.3-70b-versatile
1124210,tracheids are part of _____.,synodic sarada verifiably fingerpost u.n.-approved,0.0,"The obfuscated text does not contain any information related to the original text, which is about tracheids. The words in the obfuscated text are unrelated to the topic of tracheids, indicating no information leakage.",llama-3.3-70b-versatile
1124210,tracheids are part of _____.,"olyā artiodactyl 339,000 township chuo",0.0,"The obfuscated text does not contain any information related to the original text, which is about tracheids. The words in the obfuscated text are unrelated to the topic of tracheids, indicating no information leakage.",llama-3.3-70b-versatile
1124210,tracheids are part of _____.,bayhawks http://www.nasdaq.com mycobacterium 99.29 u.n.-designated,0.0,"The obfuscated text does not contain any information related to the original text 'tracheids are part of _____.', so the score is 0",llama-3.3-70b-versatile
1124210,tracheids are part of _____.,.488 7-29 gerst guoqin commanding-in-chief,0.0,"The obfuscated text does not contain any information related to the original text 'tracheids are part of _____.', so the score is 0",llama-3.3-70b-versatile
1124210,tracheids are part of _____.,faiez renqing seconds fdch 12.91,0.0,"The obfuscated text does not contain any information related to the original text 'tracheids are part of _____.', so the score is 0",llama-3.3-70b-versatile
1124210,tracheids are part of _____.,"hoffarth neumannova 6,433 147.27 myss",0.0,"The obfuscated text does not contain any information related to the original text 'tracheids are part of _____.', so the score is 0",llama-3.3-70b-versatile
1124210,tracheids are part of _____.,budennovsk sardasht 4.8-kilometer .769 naikuni,0.0,The obfuscated text does not contain any information related to the original text 'tracheids are part of _____.',llama-3.3-70b-versatile
1124210,tracheids are part of _____.,hennekens parred paolo album extrasolar,0.0,"The obfuscated text does not contain any information related to the original text 'tracheids are part of _____.', so the score is 0",llama-3.3-70b-versatile
527433,types of dysarthria from cerebral palsy,minutes reduced-price división tayshaun rts--acct@prodmail.acquiremedia.com medium-to-large,0.0,"The obfuscated text does not contain any information related to the original text, which is about types of dysarthria from cerebral palsy. The obfuscated text appears to be a random collection of words and an email address, indicating no information leakage.",llama-3.3-70b-versatile
527433,types of dysarthria from cerebral palsy,fingerpost 70.85 1910-45 grt tbwa cariboo,0.0,"The obfuscated text does not contain any information related to the original text, which is about types of dysarthria from cerebral palsy. The obfuscated text appears to be a random collection of words and numbers, indicating no information leakage.",llama-3.3-70b-versatile
527433,types of dysarthria from cerebral palsy,"5-digit klitschko reduced-price ktx 1,191 circulation",0.0,"The obfuscated text does not contain any relevant information from the original text, indicating minimal information leakage.",llama-3.3-70b-versatile
527433,types of dysarthria from cerebral palsy,protour paises f.o.b. deveined bushfires uncaf,0.0,"The obfuscated text does not contain any information related to the original text, which is about types of dysarthria from cerebral palsy. The obfuscated text appears to be a collection of random words, including 'protour', 'paises', 'f.o.b.', 'deveined', 'bushfires', and 'uncaf', which do not reveal any information about the original text.",llama-3.3-70b-versatile
527433,types of dysarthria from cerebral palsy,census bourses 60-vote capital 202-383-7824 rushkoff,0.0,"The obfuscated text does not contain any information related to the original text, which is about types of dysarthria from cerebral palsy. The obfuscated text appears to be a collection of random words and numbers, indicating no information leakage.",llama-3.3-70b-versatile
527433,types of dysarthria from cerebral palsy,yamarone crites refractive markazi tburrglobe.com jingping,0.0,"The obfuscated text does not contain any information related to the original text, which is about types of dysarthria from cerebral palsy. The obfuscated text appears to be a collection of random words and phrases, including names, numbers, and words unrelated to the original text.",llama-3.3-70b-versatile
527433,types of dysarthria from cerebral palsy,yen economy.com she mwangura line sholdersptimes.com,0.0,"The obfuscated text does not contain any information related to the original text 'types of dysarthria from cerebral palsy', indicating no information leakage.",llama-3.3-70b-versatile
527433,types of dysarthria from cerebral palsy,ongc bilateral gilera an chiral infertile,0.0,"The obfuscated text does not contain any information related to the original text, which is about types of dysarthria from cerebral palsy. The obfuscated text appears to be a collection of random words, including company names, economic terms, and unrelated phrases, indicating no information leakage.",llama-3.3-70b-versatile
527433,types of dysarthria from cerebral palsy,agency missile kuangdi daloa expectable rudos,0.0,"The obfuscated text does not contain any information related to the original text, which is about types of dysarthria from cerebral palsy. The obfuscated text appears to be a collection of random words, including names, locations, and terms from various fields, but none of them are related to the original text. Therefore, the score is 0, indicating no information leakage.",llama-3.3-70b-versatile
527433,types of dysarthria from cerebral palsy,topix polymerization ciechanover smithee merval ap.org,0.0,"The obfuscated text does not contain any information related to the original text, which is about types of dysarthria from cerebral palsy. The obfuscated text appears to be a collection of random words and phrases, indicating no information leakage.",llama-3.3-70b-versatile
573724,what are the social determinants of health,- peace horses crosshatch heilemann non-university lynndie,0.0,"The obfuscated text does not contain any recognizable words or phrases from the original text, indicating a low level of information leakage.",llama-3.3-70b-versatile
573724,what are the social determinants of health,sensex 346-9867 baluchestan carniola http://www.nytimes.com fazlullah jendayi,0.0,"The obfuscated text does not contain any information related to the original text, which is about the social determinants of health. The obfuscated text appears to be a collection of random words and phrases, including a stock market index, a phone number, a region in Pakistan, a historical region in Europe, a website, and two names. Therefore, the score is 0, indicating no information leakage.",llama-3.3-70b-versatile
573724,what are the social determinants of health,0541 (816) refi bālā nytimes inflation-adjusted tzipi,0.1,"The obfuscated text does not contain any direct information from the original text, but some words like 'nytimes' could potentially be related to the topic of health or social determinants, however, the overall obfuscated text seems unrelated to the original text.",llama-3.3-70b-versatile
573724,what are the social determinants of health,homeomorphic hurricanes ) zukunft missile fudosan world,0.0,"The obfuscated text does not contain any relevant information related to the original text, which is about the social determinants of health. The obfuscated text appears to be a collection of unrelated words, including proper nouns, concepts, and terms from various fields, but none of them are related to health or social determinants. Therefore, the score is 0, indicating no information leakage.",llama-3.3-70b-versatile
573724,what are the social determinants of health,"bolivars palaeographically lazareff fdch 1,022,000 technobuddy islamiyya",0.0,"The obfuscated text does not contain any relevant information related to the original text, which is about the social determinants of health. The obfuscated text appears to be a collection of random words, including proper nouns, numbers, and technical terms, that do not convey any meaningful information about the original text.",llama-3.3-70b-versatile
573724,what are the social determinants of health,"350-degree larvae 3,197 hutu unalienable 108-seat sainthood",0.0,"The obfuscated text does not contain any relevant information related to the original text, which is about the social determinants of health. The obfuscated text appears to be a collection of random words, including numbers, locations, and unrelated terms, indicating no information leakage.",llama-3.3-70b-versatile
573724,what are the social determinants of health,92-91 cents cdp ringgit matcher bajarin perriand,0.0,"The obfuscated text does not contain any relevant information related to the original text, which is about the social determinants of health. The obfuscated text appears to be a collection of random words and phrases, including currency, names, and unrelated concepts.",llama-3.3-70b-versatile
573724,what are the social determinants of health,fiorello cerambycidae non-qualified speaker belanglo north culture,0.0,"The obfuscated text does not contain any relevant information related to the original text, which is about the social determinants of health. The obfuscated text appears to be a collection of random words, including names, locations, and terms from various fields, but none of them are related to the original text. Therefore, the score is 0, indicating no information leakage.",llama-3.3-70b-versatile
573724,what are the social determinants of health,flycatchers babaoshan annually rudos bancamerica ibes falconidae,0.0,"The obfuscated text does not contain any relevant information related to the original text, which is about the social determinants of health. The obfuscated text appears to be a collection of random words, including names, locations, and terms from various fields, but none of them are related to the original text. Therefore, the score is 0, indicating no information leakage.",llama-3.3-70b-versatile
573724,what are the social determinants of health,petria tf inflation-adjusted coxnet chebaa thurwachter carabidae,0.0,"The obfuscated text does not contain any relevant information related to the social determinants of health, indicating a very low information leakage score.",llama-3.3-70b-versatile
1121709,what are the three percenters?,u.n.-iraqi pee non-families sa-7 purslow,0.0,"The obfuscated text does not contain any information related to the original text, which is about the three percenters. The obfuscated text appears to be a jumbled collection of unrelated words and phrases, indicating a high level of obfuscation.",llama-3.3-70b-versatile
1121709,what are the three percenters?,iritani morphism 14/32 ardeatine herein,0.0,"The obfuscated text 'iritani morphism 14/32 ardeatine herein' does not contain any recognizable information from the original text 'what are the three percenters?', thus the score is 0",llama-3.3-70b-versatile
1121709,what are the three percenters?,mm palaeographically lxii priebke duck-like,0.05,"The obfuscated text 'mm palaeographically lxii priebke duck-like' does not contain any recognizable keywords or phrases related to the original text 'what are the three percenters?', indicating a very low information leakage score.",llama-3.3-70b-versatile
1121709,what are the three percenters?,mcca 21-26 sangatte 59.94 78.19,0.1,"The obfuscated text does not contain any recognizable information from the original text, indicating a low information leakage score.",llama-3.3-70b-versatile
1121709,what are the three percenters?,swept-back isang peter qorei antonio,0.0,"The obfuscated text does not contain any recognizable information related to the original text 'what are the three percenters?', thus the score is 0",llama-3.3-70b-versatile
1121709,what are the three percenters?,dwight.silverman people eurodollar washington lamarcus,0.0,"The obfuscated text does not contain any information related to the original text 'what are the three percenters?', thus the score is 0",llama-3.3-70b-versatile
1121709,what are the three percenters?,kee canoer dikkers activity non-institutionalized,0.0,"The obfuscated text does not appear to contain any information related to the original text, which is about the three percenters. The words and phrases used are unrelated and do not provide any context or meaning that could be linked to the original text.",llama-3.3-70b-versatile
1121709,what are the three percenters?,third pallava upazila guhn untraded,0.0,"The obfuscated text does not appear to contain any information related to the original text, which is about the three percenters. The words and phrases used are unrelated and do not provide any context or meaning that could be linked to the original text.",llama-3.3-70b-versatile
1121709,what are the three percenters?,herein 2758 brah pancrase tah,0.0,"The obfuscated text does not appear to contain any information related to the original text, which is about the three percenters. The words and phrases used are unrelated and do not provide any context or meaning that could be linked to the original text.",llama-3.3-70b-versatile
1121709,what are the three percenters?,técnicos zvjezdan 1-1 afptv tearsheet,0.0,"The obfuscated text does not contain any relevant information about the three percenters, and appears to be a jumbled collection of unrelated words.",llama-3.3-70b-versatile
1121402,what can contour plowing reduce,"inquiry-based tcni 3,985 commanding-in-chief natrone",0.0,"The obfuscated text does not contain any information from the original text, so the score is 0",llama-3.3-70b-versatile
1121402,what can contour plowing reduce,futenma syre juventud ibex-35 advantus,0.0,"The obfuscated text does not contain any relevant information from the original text, indicating minimal information leakage.",llama-3.3-70b-versatile
1121402,what can contour plowing reduce,morphism anastase sail-driven crutsinger 850-word,0.0,"The obfuscated text does not contain any recognizable words or phrases from the original text, indicating a high level of obfuscation.",llama-3.3-70b-versatile
1121402,what can contour plowing reduce,"lahaye yadavaran r.t. 5,048.62 o'briant",0.0,"The obfuscated text does not contain any recognizable words or phrases from the original text, indicating a high level of obfuscation.",llama-3.3-70b-versatile
1121402,what can contour plowing reduce,jiaxuan non-university showcourts monegan hushen,0.0,"The obfuscated text does not contain any recognizable words or phrases from the original text, indicating a high level of obfuscation.",llama-3.3-70b-versatile
1121402,what can contour plowing reduce,bundesbank republish 888-346-9867 polynomial feigen,0.0,"The obfuscated text does not contain any information related to the original text 'what can contour plowing reduce'. The words in the obfuscated text are unrelated to the original text, indicating no information leakage.",llama-3.3-70b-versatile
1121402,what can contour plowing reduce,banks public-use kommunalreformen leboeuf xitong,0.0,"The obfuscated text does not contain any relevant information from the original text, indicating minimal information leakage.",llama-3.3-70b-versatile
1121402,what can contour plowing reduce,http://www.usdoj.gov 100.00 inflation-adjusted hy prudhoe,0.0,The obfuscated text does not contain any information related to the original text 'what can contour plowing reduce'. The score is 0.0 because there is no information leakage from the original text to the obfuscated text.,llama-3.3-70b-versatile
1121402,what can contour plowing reduce,macaca wieck w-88 obec pitot,0.0,"The obfuscated text does not contain any information related to the original text, indicating no information leakage.",llama-3.3-70b-versatile
1121402,what can contour plowing reduce,idlib pyongtaek īn wasif 3-footer,0.0,"The obfuscated text does not contain any information related to the original text 'what can contour plowing reduce'. The words in the obfuscated text are unrelated to the original text, indicating no information leakage.",llama-3.3-70b-versatile
1117099,what is a active margin,algebraic figge taliban 518.5 rhineland-palatinate,0.0,"The obfuscated text does not contain any information related to the original text, indicating no information leakage.",llama-3.3-70b-versatile
1117099,what is a active margin,1-888-603-1036 naturae psers cges refi,0.0,"The obfuscated text does not contain any relevant information from the original text, indicating minimal information leakage.",llama-3.3-70b-versatile
1117099,what is a active margin,gheit http://www.usdoj.gov regional-express thunderstorms season,0.1,"The obfuscated text does not contain any relevant information from the original text, indicating minimal information leakage.",llama-3.3-70b-versatile
1117099,what is a active margin,nzsx yongtu commutative hirvonen khermancoxnews.com,0.0,"The obfuscated text does not contain any relevant information from the original text, indicating minimal information leakage.",llama-3.3-70b-versatile
1117099,what is a active margin,afb banier sportsweek scorpene borgetti,0.0,"The obfuscated text does not contain any information related to the original text 'what is a active margin', so the score is 0",llama-3.3-70b-versatile
1117099,what is a active margin,' -96 fashanu adv18 sparrows,0.0,"The obfuscated text does not contain any relevant information from the original text, indicating minimal information leakage.",llama-3.3-70b-versatile
1117099,what is a active margin,techsavvy uh eurodollar 888-346-9867 30-sept,0.0,"The obfuscated text does not contain any relevant information from the original text, indicating minimal information leakage.",llama-3.3-70b-versatile
1117099,what is a active margin,military vasso passover hubschman -,0.0,The obfuscated text does not contain any relevant information from the original text 'what is a active margin'.,llama-3.3-70b-versatile
1117099,what is a active margin,600-year radionet single-elimination saparmurat differentiable,0.0,"The obfuscated text does not contain any relevant information from the original text, indicating minimal information leakage.",llama-3.3-70b-versatile
1117099,what is a active margin,burhanuddin afptv vez verbandsgemeinde olyā,0.0,The obfuscated text does not contain any information related to the original text 'what is a active margin'. The words and phrases used are unrelated and do not provide any context or meaning similar to the original text.,llama-3.3-70b-versatile
1115776,what is an aml surveillance analyst,chiluba state-owned rot 45-kilometer asb district,0.0,"The obfuscated text does not contain any relevant information from the original text, indicating minimal information leakage.",llama-3.3-70b-versatile
1115776,what is an aml surveillance analyst,tearsheet śląski picture-winged mid-career cacak arodriguez,0.0,"The obfuscated text does not contain any relevant information from the original text, indicating minimal information leakage.",llama-3.3-70b-versatile
1115776,what is an aml surveillance analyst,euna investec hachijuni sharking ewart 78.40,0.0,"The obfuscated text does not contain any relevant information from the original text, indicating minimal information leakage.",llama-3.3-70b-versatile
1115776,what is an aml surveillance analyst,spagat zahorchak jtwc 10036 samiul azf,0.0,"The obfuscated text does not contain any relevant information from the original text, indicating minimal information leakage.",llama-3.3-70b-versatile
1115776,what is an aml surveillance analyst,lighting republish iraqiya donilon hennekens -,0.0,"The obfuscated text does not contain any relevant information from the original text, indicating minimal information leakage.",llama-3.3-70b-versatile
1115776,what is an aml surveillance analyst,berom eh-ye huvane guangfa illan artillery,0.0,"The obfuscated text does not contain any relevant information from the original text, indicating no information leakage.",llama-3.3-70b-versatile
1115776,what is an aml surveillance analyst,tatiana amtsbezirk berris 14/32 98.0 yasein,0.0,"The obfuscated text does not contain any relevant information from the original text, indicating no information leakage.",llama-3.3-70b-versatile
1115776,what is an aml surveillance analyst,rushkoff dehestan hunsrück .90 maharani 4-for-5,0.0,"The obfuscated text does not contain any relevant information from the original text, indicating no information leakage.",llama-3.3-70b-versatile
1115776,what is an aml surveillance analyst,"20-64 him chavancy 6/32 garaufis 3,399",0.0,"The obfuscated text does not contain any relevant information from the original text, indicating no information leakage.",llama-3.3-70b-versatile
1115776,what is an aml surveillance analyst,gerassimos 27-may samppa sending/receiving zilin 732-390-4480,0.0,"The obfuscated text does not contain any relevant information from the original text, indicating no information leakage.",llama-3.3-70b-versatile
1114819,what is durable medical equipment consist of,kibo all-ireland 20003 audiotex pandemics debehogne sutyagin,0.0,"The obfuscated text does not contain any information related to the original text, indicating no information leakage.",llama-3.3-70b-versatile
1114819,what is durable medical equipment consist of,nr04 hoffa guangqi reduced-price razavi lacunae kitzsteinhorn,0.0,"The obfuscated text does not contain any relevant information from the original text, indicating a low information leakage score.",llama-3.3-70b-versatile
1114819,what is durable medical equipment consist of,asx200 palaeographically estados viane infrageneric yuan bessonette,0.0,"The obfuscated text does not contain any relevant information from the original text, indicating no information leakage.",llama-3.3-70b-versatile
1114819,what is durable medical equipment consist of,reduced-price rushkoff antes zhaoxu swept-back 5-megawatt salafist,0.0,"The obfuscated text does not contain any relevant information from the original text, indicating no information leakage.",llama-3.3-70b-versatile
1114819,what is durable medical equipment consist of,ridgeworth briefing.com norddeutscher stancik copei stoxx reform,0.0,"The obfuscated text does not contain any information related to the original text 'what is durable medical equipment consist of'. The words in the obfuscated text are unrelated to medical equipment, indicating no information leakage.",llama-3.3-70b-versatile
1114819,what is durable medical equipment consist of,rajya artiodactyl said hospital morici u.n.-administered sextante,0.0,"The obfuscated text does not contain any relevant information from the original text, indicating no information leakage.",llama-3.3-70b-versatile
1114819,what is durable medical equipment consist of,"hsi passerine 5,507 endoscope c/d three-letter of-7",0.0,"The obfuscated text does not contain any information related to the original text 'what is durable medical equipment consist of'. The words in the obfuscated text are unrelated to medical equipment, indicating no information leakage.",llama-3.3-70b-versatile
1114819,what is durable medical equipment consist of,26-oct heraldically thoh yehiyeh aadt eighteens 22-day,0.0,"The obfuscated text does not contain any information related to the original text 'what is durable medical equipment consist of'. The words in the obfuscated text are unrelated to medical equipment, indicating no information leakage.",llama-3.3-70b-versatile
1114819,what is durable medical equipment consist of,molluscan sepals zampese nzse40 lynndie stuffit muban,0.0,"The obfuscated text does not contain any information related to the original text 'what is durable medical equipment consist of'. The words in the obfuscated text are unrelated to medical equipment, indicating no information leakage.",llama-3.3-70b-versatile
1114819,what is durable medical equipment consist of,midcap gymnures cerojano techsavvy hennekens asx200 mizuho,0.0,"The obfuscated text does not contain any information related to the original text 'what is durable medical equipment consist of'. The words in the obfuscated text are unrelated to medical equipment, indicating no information leakage.",llama-3.3-70b-versatile
1114646,what is famvir prescribed for,mordellidae denuclearisation smithee formannskapsdistrikt ashoura,0.0,"The obfuscated text does not contain any information related to the original text, which is about the prescription of Famvir. The obfuscated text appears to be a collection of unrelated words, indicating no information leakage.",llama-3.3-70b-versatile
1114646,what is famvir prescribed for,zukang markis mercedeses www.star river,0.0,"The obfuscated text does not contain any information related to the original text, which is about the prescription of Famvir. The obfuscated text appears to be a collection of unrelated words, including names and terms from different fields, indicating no information leakage.",llama-3.3-70b-versatile
1114646,what is famvir prescribed for,falconiformes mehmet topix eurodollars suwarya,0.0,"The obfuscated text does not contain any information related to the original text, which is about the prescription of Famvir. The obfuscated text appears to be a collection of random words, including 'falconiformes', 'mehmet', 'topix', 'eurodollars', and 'suwarya', which do not reveal any information about the original text.",llama-3.3-70b-versatile
1114646,what is famvir prescribed for,blogs.tampabay.com transmission 2009-june bkn bbn4,0.0,"The obfuscated text does not contain any information related to the original text, which is about the prescription of Famvir. The obfuscated text appears to be a collection of random words and phrases, including a URL, a date, and some abbreviations, which do not reveal any information about the original text.",llama-3.3-70b-versatile
1114646,what is famvir prescribed for,"non-families 3,197 hakuo 3143 craterlets",0.0,"The obfuscated text does not contain any information related to the original text 'what is famvir prescribed for'. The words in the obfuscated text are unrelated to the original text, indicating no information leakage.",llama-3.3-70b-versatile
1114646,what is famvir prescribed for,contraire .615 championship hexafluoride azahari,0.0,"The obfuscated text does not contain any information related to the original text 'what is famvir prescribed for'. The words in the obfuscated text are unrelated to the original text, indicating no information leakage.",llama-3.3-70b-versatile
1114646,what is famvir prescribed for,woredas 16-september hushen northern-central ihn,0.0,"The obfuscated text does not contain any relevant information from the original text, so the score is 0",llama-3.3-70b-versatile
1114646,what is famvir prescribed for,olyā non-lgbt carbon-nitrogen beatify advancers,0.0,"The obfuscated text does not contain any information related to the original text 'what is famvir prescribed for'. The words in the obfuscated text are unrelated to the original text, indicating no information leakage.",llama-3.3-70b-versatile
1114646,what is famvir prescribed for,qadeer nongkai terusuke nodx phalcon,0.0,"The obfuscated text does not contain any information related to the original text 'what is famvir prescribed for'. The words in the obfuscated text are unrelated to the original text, indicating no information leakage.",llama-3.3-70b-versatile
1114646,what is famvir prescribed for,1-of-2 pmdc macara gracillariidae nusseibeh,0.0,"The obfuscated text does not contain any information related to the original text 'what is famvir prescribed for'. The words in the obfuscated text are unrelated to the original text, indicating no information leakage.",llama-3.3-70b-versatile
1113437,what is physical description of spruce,liverpool general bushels hundt colsanitas 76101,0.0,"The obfuscated text does not contain any information related to the physical description of spruce, indicating no information leakage.",llama-3.3-70b-versatile
1113437,what is physical description of spruce,yelwa 31-feb giftedness ncrna refnes gborders,0.0,"The obfuscated text does not contain any information related to the physical description of spruce, indicating no information leakage.",llama-3.3-70b-versatile
1113437,what is physical description of spruce,estelar - manufacture-on-demand non-institutionalized kerman proliferator,0.0,"The obfuscated text does not contain any information related to the physical description of spruce, indicating no information leakage.",llama-3.3-70b-versatile
1113437,what is physical description of spruce,expressway ehn hoecker milat lamellar hylidae,0.0,"The obfuscated text does not contain any information related to the physical description of spruce, indicating no information leakage.",llama-3.3-70b-versatile
1113437,what is physical description of spruce,russia rbi nzse40 celent josephthal canellos,0.0,"The obfuscated text does not contain any information related to the physical description of spruce, indicating no information leakage.",llama-3.3-70b-versatile
1113437,what is physical description of spruce,"3,985 del ipsos capitaland nikkei-225 home-ice",0.0,"The obfuscated text does not contain any information related to the physical description of spruce, indicating no information leakage.",llama-3.3-70b-versatile
1113437,what is physical description of spruce,valzur down-curved pelletreau ungulates congestive functor,0.0,"The obfuscated text does not contain any information related to the physical description of spruce, indicating no information leakage.",llama-3.3-70b-versatile
1113437,what is physical description of spruce,"conac 11,722.98 8,848-meter canellos northern-central 20003",0.0,"The obfuscated text does not contain any information related to the physical description of spruce, indicating no information leakage.",llama-3.3-70b-versatile
1113437,what is physical description of spruce,allendale eniwetok extranjeros 25-31 structural 6204/64033,0.0,"The obfuscated text does not contain any information related to the physical description of spruce, indicating no information leakage.",llama-3.3-70b-versatile
1113437,what is physical description of spruce,military everen ferrugia rifle cartner 02107,0.0,"The obfuscated text does not contain any information related to the physical description of spruce, indicating no information leakage.",llama-3.3-70b-versatile
1112341,what is the daily life of thai people,minke deflator season-by-season beamglobe.com mendocino belkadi fnd 78.19,0.0,"The obfuscated text does not contain any information related to the daily life of Thai people, indicating minimal information leakage.",llama-3.3-70b-versatile
1112341,what is the daily life of thai people,"seed-eaters hennekens seedings literary gj03 u-17 3,197 paleoanthropology",0.0,"The obfuscated text does not contain any information related to the daily life of Thai people, indicating a low information leakage score.",llama-3.3-70b-versatile
1112341,what is the daily life of thai people,carabidae non-families air 18/36 tecdax 54.67 cw02 qian,0.0,"The obfuscated text does not contain any information related to the daily life of Thai people, indicating a low information leakage score.",llama-3.3-70b-versatile
1112341,what is the daily life of thai people,de sharif their sea-birds non-league semifinished gni spokesman,0.0,"The obfuscated text does not contain any information related to the daily life of Thai people, indicating a low information leakage score.",llama-3.3-70b-versatile
1112341,what is the daily life of thai people,nelles pre-apprenticeship 28-story medecins wahaha taiwan articulos tractive,0.0,"The obfuscated text does not contain any information related to the daily life of Thai people, indicating a very low information leakage.",llama-3.3-70b-versatile
1112341,what is the daily life of thai people,salt townsquare its 212-556-4204 baronetage sexed bakara -,0.0,"The obfuscated text does not contain any information related to the daily life of Thai people, indicating a very low information leakage.",llama-3.3-70b-versatile
1112341,what is the daily life of thai people,kommunalreformen discal gorondi ideaglobal hrdy palaeographically ihs shovels,0.0,"The obfuscated text does not contain any information related to the daily life of Thai people, indicating a low information leakage score.",llama-3.3-70b-versatile
1112341,what is the daily life of thai people,vice overbake nightshade a340-600 hennekens iran spela nytrng,0.0,"The obfuscated text does not contain any information related to the daily life of Thai people, indicating no information leakage.",llama-3.3-70b-versatile
1112341,what is the daily life of thai people,heligoland platinum protic lulle a_18 first-past-the-post ntuc eighteens,0.0,"The obfuscated text does not contain any information related to the daily life of Thai people, indicating no information leakage.",llama-3.3-70b-versatile
1112341,what is the daily life of thai people,cities nzsx-50 blogs.tampabay.com resend qingtai animists sholdersptimes.com cffex,0.0,"The obfuscated text does not contain any information related to the daily life of Thai people, indicating complete information leakage is not present.",llama-3.3-70b-versatile
833860,what is the most popular food in switzerland,asx200 faim 350-seat .474 furchtgott ejup excommunicates hamiltonian,0.0,"The obfuscated text does not contain any information related to the original text, which is about the most popular food in Switzerland. The obfuscated text appears to be a jumbled collection of unrelated words and numbers, indicating no information leakage.",llama-3.3-70b-versatile
833860,what is the most popular food in switzerland,lawn carniola dighe de 60-member mdul serdinov 78.40,0.0,"The obfuscated text does not contain any information related to the original text, which is about the most popular food in Switzerland. The obfuscated text appears to be a jumbled collection of unrelated words and numbers, indicating no information leakage.",llama-3.3-70b-versatile
833860,what is the most popular food in switzerland,police 57-nation kushayb bnv s-300 malott beom buh,0.0,"The obfuscated text does not contain any information related to the original text, which is about the most popular food in Switzerland. The obfuscated text appears to be a jumbled collection of unrelated words and numbers, indicating no information leakage.",llama-3.3-70b-versatile
833860,what is the most popular food in switzerland,mobilier lance-shaped micropolitan bse-30 vakulenko 19-party trail stoxx,0.0,"The obfuscated text does not contain any information related to the original text, which is about the most popular food in Switzerland. The obfuscated text appears to be a jumbled collection of unrelated words, including proper nouns, numbers, and terms from various fields, indicating no information leakage.",llama-3.3-70b-versatile
833860,what is the most popular food in switzerland,douala transmembrane insectivores paginated enzyme tissue reduced-price herfi,0.0,"The obfuscated text does not contain any relevant information about the original text, which is 'what is the most popular food in switzerland'. The obfuscated text appears to be a collection of random words, and there is no discernible connection between the two texts. Therefore, the score is 0, indicating no information leakage.",llama-3.3-70b-versatile
833860,what is the most popular food in switzerland,"taiex 3,197 mehalba natgeo aadt ximenes munyaneza 86.60",0.0,"The obfuscated text does not contain any relevant information about the original text, which is 'what is the most popular food in switzerland'. The obfuscated text appears to be a jumbled collection of unrelated words and numbers, indicating no information leakage.",llama-3.3-70b-versatile
833860,what is the most popular food in switzerland,finex incirlik wsl spotnitz que indosat nytimes.com season-by-season,0.0,"The obfuscated text does not contain any information related to the original text, which is about the most popular food in Switzerland. The obfuscated text appears to be a jumbled collection of words from various domains, including finance (taiex), geography (incirlik), sports (wsl), media (nytimes.com), and names (spotnitz, ximenes, munyaneza). Therefore, the score is 0, indicating no information leakage.",llama-3.3-70b-versatile
833860,what is the most popular food in switzerland,county kelon vioxx giovino advantest icasualties.org council-manager futures,0.0,"The obfuscated text does not contain any relevant information from the original text, indicating no information leakage.",llama-3.3-70b-versatile
833860,what is the most popular food in switzerland,reduced-price huthis colspan il-76 -06 .00 sanguinis single-engine,0.0,"The obfuscated text does not contain any relevant information from the original text, indicating no information leakage.",llama-3.3-70b-versatile
833860,what is the most popular food in switzerland,puniet john magincalda raciti all-africa 225-member pooram hymenopteran,0.0,"The obfuscated text does not contain any relevant information from the original text, indicating no information leakage.",llama-3.3-70b-versatile
855410,what is theraderm used for,"holah bedfordshire schalke 3,985 passerine",0.0,"The obfuscated text does not contain any relevant information from the original text, indicating no information leakage.",llama-3.3-70b-versatile
855410,what is theraderm used for,"conformational 6,433 jasta 325-member retransmission",0.0,"The obfuscated text does not contain any relevant information from the original text, indicating no information leakage.",llama-3.3-70b-versatile
855410,what is theraderm used for,carabidae craterlets jesuli director statistical,0.0,"The obfuscated text does not contain any relevant information related to the original text, indicating minimal information leakage.",llama-3.3-70b-versatile
855410,what is theraderm used for,kunzig nonsubscribers tduncan mahn fdch,0.0,"The obfuscated text does not contain any relevant information related to the original text, indicating minimal information leakage.",llama-3.3-70b-versatile
855410,what is theraderm used for,zarar 25-31 147.27 bellerive hizbul,0.0,"The obfuscated text does not contain any relevant information related to the original text, indicating minimal information leakage.",llama-3.3-70b-versatile
855410,what is theraderm used for,overfilled f.o.b. soluble 02107-2378 fazul,0.0,"The obfuscated text does not contain any relevant information related to the original text, indicating minimal information leakage.",llama-3.3-70b-versatile
855410,what is theraderm used for,202-383-7824 2001-2011 govpx kurmanbek $,0.0,The obfuscated text does not contain any relevant information related to the original text 'what is theraderm used for'. The score is 0.0 because there is no information leakage from the original text to the obfuscated text.,llama-3.3-70b-versatile
855410,what is theraderm used for,makushita sdlp rugbyu spindle-shaped non-swiss,0.0,"The obfuscated text does not contain any relevant information related to the original text 'what is theraderm used for'. The words and numbers in the obfuscated text appear to be randomly chosen and do not provide any meaningful connection to the original text, indicating minimal information leakage.",llama-3.3-70b-versatile
855410,what is theraderm used for,palaeographically honeyeaters creditsights refi non‐highly,0.0,"The obfuscated text does not contain any relevant information related to the original text, indicating minimal information leakage.",llama-3.3-70b-versatile
855410,what is theraderm used for,hennekens spektr malott showcourts apnewsalert,0.0,"The obfuscated text does not contain any relevant information related to the original text 'what is theraderm used for'. The words in the obfuscated text are unrelated to the original text, indicating no information leakage.",llama-3.3-70b-versatile
1110199,what is wifi vs bluetooth,computerologist theorem 12-28 21-nation 2001-2011,0.0,"The obfuscated text does not contain any relevant information from the original text, indicating minimal information leakage.",llama-3.3-70b-versatile
1110199,what is wifi vs bluetooth,mohács udbina zumwinkel carniola toefl,0.0,"The obfuscated text does not contain any relevant information from the original text, indicating a low information leakage score.",llama-3.3-70b-versatile
1110199,what is wifi vs bluetooth,welioya tebbit 58-foot afptv auriol,0.0,"The obfuscated text does not contain any relevant information from the original text, indicating minimal information leakage.",llama-3.3-70b-versatile
1110199,what is wifi vs bluetooth,27-30 hennekens sse-30 8.0-magnitude olofinjana,0.0,"The obfuscated text does not contain any relevant information from the original text, indicating minimal information leakage.",llama-3.3-70b-versatile
1110199,what is wifi vs bluetooth,dollar itemize inter-zonal friso dryandra,0.0,"The obfuscated text does not contain any relevant information from the original text, indicating minimal information leakage.",llama-3.3-70b-versatile
1110199,what is wifi vs bluetooth,seed-eaters tephritid ehime athlon billion,0.0,"The obfuscated text does not contain any relevant information from the original text, indicating no information leakage.",llama-3.3-70b-versatile
1110199,what is wifi vs bluetooth,rupees resend known householder austro-prussian,0.0,"The obfuscated text does not contain any relevant information related to the original text 'what is wifi vs bluetooth'. The words in the obfuscated text are unrelated to the topic of wifi and bluetooth, indicating no information leakage.",llama-3.3-70b-versatile
1110199,what is wifi vs bluetooth,202-383-7824 one-carbon 2758 wftda 13/31,0.0,The obfuscated text does not contain any relevant information related to the original text 'what is wifi vs bluetooth'. The score is 0 because there is no information leakage from the original text to the obfuscated text.,llama-3.3-70b-versatile
1110199,what is wifi vs bluetooth,tearsheet 23-july pre-apprenticeship wlup topix,0.0,"The obfuscated text does not contain any relevant information related to the original text 'what is wifi vs bluetooth'. The words and phrases used are unrelated to the topic, indicating a low information leakage score.",llama-3.3-70b-versatile
1110199,what is wifi vs bluetooth,firmware formannskapsdistrikt zarganar theophoric seed-eaters,0.0,The obfuscated text does not contain any relevant information related to the original text 'what is wifi vs bluetooth'. The words used are unrelated and do not provide any context or meaning similar to the original text.,llama-3.3-70b-versatile
915593,what types of food can you cook sous vide,milanka city 10/28 kaleri byz 0 baloushi hicp meuse-argonne,0.0,"The obfuscated text does not contain any information related to the original text, indicating no information leakage.",llama-3.3-70b-versatile
915593,what types of food can you cook sous vide,30303 hindin 2008-june javagal yuanta palaeographically euro18 : non-mandatory,0.0,"The obfuscated text does not contain any relevant information related to the original text, which is about cooking sous vide. The obfuscated text appears to be a jumbled collection of unrelated words and phrases, indicating minimal information leakage.",llama-3.3-70b-versatile
915593,what types of food can you cook sous vide,mesoregion www.star rsoi nonsubscribers olshevsky colspan raufi komnenos kiyosaki,0.0,"The obfuscated text does not contain any relevant information from the original text, indicating no information leakage.",llama-3.3-70b-versatile
915593,what types of food can you cook sous vide,topix yahn gödel stoxx 50.0 users nonsubscribers digiovanna 14/32,0.0,"The obfuscated text does not contain any relevant information related to the original text, which is about cooking sous vide. The obfuscated text appears to be a jumbled collection of unrelated words and phrases, indicating minimal to no information leakage.",llama-3.3-70b-versatile
915593,what types of food can you cook sous vide,www.star mohammed bequelin amiram urz d20 non-families vole zhaoxu,0.0,"The obfuscated text does not contain any relevant information related to the original text, which is about cooking sous vide. The obfuscated text appears to be a jumbled collection of unrelated words and phrases, indicating minimal to no information leakage.",llama-3.3-70b-versatile
915593,what types of food can you cook sous vide,xiaochao .643 karuna horwitz nafez milanka hornbill fibt non-hispanic,0.0,"The obfuscated text does not contain any relevant information related to the original text, which is about cooking sous vide. The score is 0 because there is no information leakage from the original text to the obfuscated text.",llama-3.3-70b-versatile
915593,what types of food can you cook sous vide,palaeographically wehrmacht hushen nzanga they igpa tael u.n.-organized herein,0.0,"The obfuscated text does not contain any relevant information related to the original text, which is about cooking sous vide. The obfuscated text appears to be a collection of unrelated words and phrases, indicating no information leakage.",llama-3.3-70b-versatile
915593,what types of food can you cook sous vide,ophichthidae 34-day baidu.com privy yurchikhin simplicial syre gallaga smmt,0.0,"The obfuscated text does not contain any relevant information related to the original text, which is about cooking sous vide. The obfuscated text appears to be a collection of random words and phrases, including names, locations, and technical terms, that do not provide any insight into the original text.",llama-3.3-70b-versatile
915593,what types of food can you cook sous vide,who siad lumbar carbon-nitrogen nikbakht zackie adzharia 105-member vorn,0.0,"The obfuscated text does not contain any relevant information related to the original text, which is about cooking sous vide. The score is 0 because there is no information leakage from the original text to the obfuscated text.",llama-3.3-70b-versatile
915593,what types of food can you cook sous vide,d-league nonessential distillates penick rushkoff 102-story kah superliga zannex,0.0,"The obfuscated text does not contain any relevant information related to the original text, which is about cooking sous vide. The score is 0 because there is no information leakage from the original text to the obfuscated text.",llama-3.3-70b-versatile
962179,when was the salvation army founded,intf quos eriya gamerankings 91-8 jhy,0.1,"The obfuscated text does not contain any recognizable words or phrases from the original text, indicating a low information leakage score.",llama-3.3-70b-versatile
962179,when was the salvation army founded,historique drupe sharqi soap .692 cong.,0.1,"The obfuscated text does not contain any recognizable words or phrases from the original text, indicating a high level of obfuscation.",llama-3.3-70b-versatile
962179,when was the salvation army founded,sharpstein single-bay korth 03-07-07 200-word hrdy,0.0,"The obfuscated text does not contain any relevant information from the original text, indicating minimal information leakage.",llama-3.3-70b-versatile
962179,when was the salvation army founded,rajapaksa french karlitekin -5000 season-by-season clendenning,0.0,"The obfuscated text does not contain any information related to the founding of the Salvation Army, and the words appear to be randomly generated, indicating no information leakage.",llama-3.3-70b-versatile
962179,when was the salvation army founded,war nonsubscribers medill klebnikov officership heatseekers,0.0,"The obfuscated text does not contain any information related to the founding of the Salvation Army, so the score is 0",llama-3.3-70b-versatile
962179,when was the salvation army founded,sanfl &amp; xiaolangdi lacques sobanska knauss,0.0,"The obfuscated text does not contain any relevant information about the founding of the Salvation Army, so the score is 0",llama-3.3-70b-versatile
962179,when was the salvation army founded,giteau taribo curtained 225-issue zahorchak 1-800-444-0267,0.0,"The obfuscated text does not contain any relevant information about the founding of the Salvation Army, so the score is 0",llama-3.3-70b-versatile
962179,when was the salvation army founded,worldsources paraguana slavonia avmark drollas america3,0.0,"The obfuscated text does not contain any relevant information about the founding of the Salvation Army, and appears to be a jumbled collection of unrelated words and phrases.",llama-3.3-70b-versatile
962179,when was the salvation army founded,taepodong-2 artc begoun .90 faiez receptor,0.0,"The obfuscated text does not contain any relevant information about the founding of the Salvation Army, so the score is 0",llama-3.3-70b-versatile
962179,when was the salvation army founded,moneytalk bnv colspan nzx-50 oradour eades,0.0,"The obfuscated text does not contain any relevant information about the founding of the Salvation Army, so the score is 0",llama-3.3-70b-versatile
1103812,who formed the commonwealth of independent states,nzse40 sail-driven ordinaries hiv-1 referendums xichang q-400,0.0,"The obfuscated text does not contain any information related to the original text, which is about the formation of the Commonwealth of Independent States. The obfuscated text appears to be a collection of unrelated words and phrases, including a type of sailboat, a medical term, a type of referendum, a location in China, and a type of aircraft. Therefore, the score is 0, indicating no information leakage.",llama-3.3-70b-versatile
1103812,who formed the commonwealth of independent states,http://www.nasa.gov deglaze globe.com treo nytns møre bomb,0.0,"The obfuscated text does not contain any information related to the original text, which is about the formation of the Commonwealth of Independent States. The obfuscated text appears to be a collection of unrelated words and phrases, including a URL, a company name, and some technical terms. Therefore, the score is 0, indicating no information leakage.",llama-3.3-70b-versatile
1103812,who formed the commonwealth of independent states,"bastad 12,000-page 800-535-4425 yettaw 20003 llamar shukor",0.0,"The obfuscated text does not contain any relevant information from the original text, indicating no information leakage.",llama-3.3-70b-versatile
1103812,who formed the commonwealth of independent states,"beslan factorial ' 3,985 l' katholieke warshawski",0.0,"The obfuscated text does not contain any information related to the original text, which is about the formation of the Commonwealth of Independent States. The obfuscated text appears to be a collection of unrelated words and phrases, including names, numbers, and websites, which do not reveal any information about the original text.",llama-3.3-70b-versatile
1103812,who formed the commonwealth of independent states,jendayi viener flycatching householder bulbophyllum foutch leed,0.0,"The obfuscated text does not contain any relevant information from the original text, indicating no information leakage.",llama-3.3-70b-versatile
1103812,who formed the commonwealth of independent states,two-light enplanements vinegar 1.3455 eighteens petromatrix moorilla,0.0,"The obfuscated text does not contain any relevant information from the original text, indicating no information leakage.",llama-3.3-70b-versatile
1103812,who formed the commonwealth of independent states,irt 34-31 giricek se emission 1936-39 isuzuki,0.0,"The obfuscated text does not contain any information related to the original text 'who formed the commonwealth of independent states'. The words and numbers in the obfuscated text are unrelated to the original text, indicating no information leakage.",llama-3.3-70b-versatile
1103812,who formed the commonwealth of independent states,ontario minustah 78.19 latif zia capital hennekens,0.0,"The obfuscated text does not contain any information related to the original text, which is about the formation of the Commonwealth of Independent States.",llama-3.3-70b-versatile
1103812,who formed the commonwealth of independent states,kasikorn 1910-1945 ungreased pflp republish formannskapsdistrikt formannskapsdistrikt,0.0,"The obfuscated text does not contain any information related to the original text, which is about the formation of the Commonwealth of Independent States.",llama-3.3-70b-versatile
1103812,who formed the commonwealth of independent states,milhollin kgi rinas pradesh ch-46 benchmark bondsteel,0.0,The obfuscated text does not contain any information related to the original text 'who formed the commonwealth of independent states'. The words and phrases used are unrelated and do not provide any context or meaning that could be linked to the original text.,llama-3.3-70b-versatile
1037798,who is robert gray,`` myss anatidae banxquote,0.1,"The obfuscated text does not contain any identifiable information from the original text, indicating minimal information leakage.",llama-3.3-70b-versatile
1037798,who is robert gray,selamat tuchola 110-meter non-families,0.0,"The obfuscated text does not contain any information from the original text, so the score is 0",llama-3.3-70b-versatile
1037798,who is robert gray,celent movil anzack tael,0.1,"The obfuscated text does not contain any identifiable information from the original text, indicating minimal information leakage.",llama-3.3-70b-versatile
1037798,who is robert gray,taepodong-2 kojin shanksville airport,0.0,"The obfuscated text does not contain any information related to the original text 'who is robert gray'. The words in the obfuscated text seem unrelated to the original text, indicating minimal information leakage.",llama-3.3-70b-versatile
1037798,who is robert gray,oblast u.n.-administered hambali 4300,0.0,"The obfuscated text does not contain any information related to the original text 'who is robert gray'. The words in the obfuscated text seem unrelated to the original text, indicating minimal to no information leakage.",llama-3.3-70b-versatile
1037798,who is robert gray,oxidoreductases creutzfeldt chattanooga-ringgold wear,0.0,"The obfuscated text does not contain any information related to the original text 'who is robert gray'. The words in the obfuscated text are unrelated to the original text, indicating no information leakage.",llama-3.3-70b-versatile
1037798,who is robert gray,mirovalev circumnavigate petroleos democratic-farmer-labor,0.0,"The obfuscated text does not contain any information related to the original text 'who is robert gray', so the score is 0",llama-3.3-70b-versatile
1037798,who is robert gray,municipales u.n.-supervised ncps masaru,0.0,"The obfuscated text does not contain any information related to the original text 'who is robert gray'. The words in the obfuscated text are unrelated to the original text, indicating no information leakage.",llama-3.3-70b-versatile
1037798,who is robert gray,repayable u.n.-supervised rainbands milanka,0.0,"The obfuscated text does not contain any information related to the original text 'who is robert gray'. The words in the obfuscated text are unrelated to the original text, indicating no information leakage.",llama-3.3-70b-versatile
1037798,who is robert gray,linnehan `` olyā wangjialing,0.0,"The obfuscated text does not contain any information related to the original text 'who is robert gray', so the score is 0",llama-3.3-70b-versatile
1063750,why did the us volunterilay enter ww1,gf 45-43 gen. segregation mollinedo sea-birds kuyavian-pomeranian,0.0,"The obfuscated text appears to be completely unrelated to the original text, with no discernible connection between the two. The original text is a historical question about the US entry into WW1, while the obfuscated text contains a jumbled mix of words and phrases that do not convey any meaningful information about the original text.",llama-3.3-70b-versatile
1063750,why did the us volunterilay enter ww1,state 202-383-7824 sochacki xuenong nutritional 70.85 0.05,0.0,"The obfuscated text does not contain any information related to the original text, indicating no information leakage.",llama-3.3-70b-versatile
1063750,why did the us volunterilay enter ww1,uefa frass prising eurodollar sun 16-team miles,0.05,"The obfuscated text does not contain any relevant information from the original text, indicating minimal information leakage.",llama-3.3-70b-versatile
1063750,why did the us volunterilay enter ww1,wicket 0.10 cac-40 hoffarth euna standardless supercilia,0.0,"The obfuscated text does not contain any information related to the original text, which is about the US entering WW1. The obfuscated text appears to be a collection of random words and numbers, indicating no information leakage.",llama-3.3-70b-versatile
1063750,why did the us volunterilay enter ww1,hajim 850-word oxidoreductases andya anmen ingénue zillur,0.0,"The obfuscated text does not contain any information related to the original text, which is about the US entering WW1. The obfuscated text appears to be a collection of random words, including proper nouns, numbers, and terms from various fields, with no discernible connection to the original text.",llama-3.3-70b-versatile
1063750,why did the us volunterilay enter ww1,al non-families republish daetoo venkatsai grisales icse,0.0,"The obfuscated text does not contain any information related to the original text 'why did the us volunterilay enter ww1', so the score is 0",llama-3.3-70b-versatile
1063750,why did the us volunterilay enter ww1,churches voivodeship zahwa 03-07-07 28-july 10036 diw,0.0,"The obfuscated text does not contain any information related to the original text 'why did the us volunterilay enter ww1', so the score is 0",llama-3.3-70b-versatile
1063750,why did the us volunterilay enter ww1,walt milanka hilemon minister non-institutionalized affray montana,0.0,The obfuscated text does not contain any information related to the original text 'why did the us volunterilay enter ww1'. The words and numbers in the obfuscated text seem to be randomly chosen and do not provide any meaningful connection to the original text.,llama-3.3-70b-versatile
1063750,why did the us volunterilay enter ww1,100-share .833 nzx-50 bse-30 kourou computerologist hkn,0.0,"The obfuscated text does not contain any information related to the original text 'why did the us volunterilay enter ww1', indicating no information leakage.",llama-3.3-70b-versatile
1063750,why did the us volunterilay enter ww1,beetle postclassic ethnic dzhindzhikhashvili lycaenid rpalmeiro 545-seat,0.0,"The obfuscated text does not contain any information related to the original text, indicating no information leakage.",llama-3.3-70b-versatile
