id,text,obfuscatedText,score,justification,model
19335,anthropological definition of environment,anthropological the the organisation,0.4,"The obfuscated text still contains the word 'anthropological' which is a key term from the original text, indicating some information leakage. However, other important words like 'definition', 'of', and 'environment' are missing or replaced, which reduces the information leakage. Therefore, a score of 0.4 is assigned.",llama-3.3-70b-versatile
19335,anthropological definition of environment,anthropological chopko pile environment,0.8,"The obfuscated text still contains the word 'anthropological' and 'environment' which are key terms from the original text, indicating significant information leakage.",llama-3.3-70b-versatile
19335,anthropological definition of environment,eastpointe definition mayor environment,0.4,"The obfuscated text still contains the word 'environment' and 'definition' from the original text, indicating some information leakage, but the context and other words have been changed, so the score is not 1.0",llama-3.3-70b-versatile
19335,anthropological definition of environment,anthropological came leeds public,0.4,"The obfuscated text still contains the word 'anthropological' which is present in the original text, but other key words like 'definition' and 'environment' are missing or replaced, indicating partial information leakage.",llama-3.3-70b-versatile
19335,anthropological definition of environment,44-man definition people private-owned,0.4,"The obfuscated text '44-man definition people private-owned' still contains the word 'definition' which is present in the original text 'anthropological definition of environment'. However, other key words such as 'anthropological' and 'environment' are not present, indicating some level of information leakage reduction. The score is 0.4 because some information is still leaked through the remaining keyword 'definition'.",llama-3.3-70b-versatile
19335,anthropological definition of environment,volgan definition tests environment,0.6,"The obfuscated text 'volgan definition tests environment' still contains the word 'definition' and 'environment' which are present in the original text 'anthropological definition of environment'. This indicates a significant information leakage, but not complete as some words are changed or missing. Therefore, the score is 0.6.",llama-3.3-70b-versatile
19335,anthropological definition of environment,anthropological definition clashes environment,0.8,"The obfuscated text 'anthropological definition clashes environment' still contains the key words 'anthropological', 'definition', and 'environment' which are present in the original text 'anthropological definition of environment'. This suggests a significant amount of information leakage. However, the word 'clashes' is different from 'of' in the original text, which slightly reduces the information leakage. Therefore, the score is 0.8.",llama-3.3-70b-versatile
19335,anthropological definition of environment,anthropological hematological tim environment,0.8,"The obfuscated text still contains the words 'anthropological', 'definition', and 'environment', which are key components of the original text, indicating significant information leakage.",llama-3.3-70b-versatile
19335,anthropological definition of environment,anthropological definition of environment,1.0,"The obfuscated text is almost identical to the original text, with the same key words and structure, indicating complete information leakage.",llama-3.3-70b-versatile
19335,anthropological definition of environment,anthropological nigerien of environment,0.9,"The obfuscated text is almost identical to the original text, with only a minor substitution of a word, indicating very little information leakage reduction.",llama-3.3-70b-versatile
47923,axon terminals or synaptic knob definition,7-23 terminals or synaptic knob definition,0.6,"The obfuscated text still contains the key terms 'terminals', 'synaptic', and 'knob definition', which are crucial to understanding the original text. However, the replacement of 'axon' with '7-23' reduces the information leakage. Therefore, the score is 0.6.",llama-3.3-70b-versatile
47923,axon terminals or synaptic knob definition,axon terminals or synaptic knob definition,1.0,"The obfuscated text is identical to the original text, indicating complete information leakage.",llama-3.3-70b-versatile
47923,axon terminals or synaptic knob definition,axon terminals might synaptic knob cyberspace,0.8,"The obfuscated text is almost identical to the original text, with only minor changes in wording, indicating a high level of information leakage.",llama-3.3-70b-versatile
47923,axon terminals or synaptic knob definition,axon terminals or knaap knob definition,0.9,"The obfuscated text is very similar to the original text, with only a slight modification of the word 'synaptic' to 'knaap', indicating a high level of information leakage",llama-3.3-70b-versatile
47923,axon terminals or synaptic knob definition,2.8-3 sandy ) synaptic knob said,0.2,"The obfuscated text has completely changed the original meaning and words, indicating minimal information leakage",llama-3.3-70b-versatile
47923,axon terminals or synaptic knob definition,axon terminals 64.25 synaptic plimmerton definition,0.6,"The obfuscated text has replaced some words with numbers and unrelated terms, but the core concept of 'axon terminals' and 'synaptic knob definition' remains, indicating partial information leakage.",llama-3.3-70b-versatile
47923,axon terminals or synaptic knob definition,axon terminals overcoat synaptic mainbrace eichsfeld,0.2,"The obfuscated text has completely changed the meaning of the original text, with only 'axon terminals' remaining the same. This indicates a significant reduction in information leakage.",llama-3.3-70b-versatile
47923,axon terminals or synaptic knob definition,axon terminals town synaptic nahd definition,0.4,"The obfuscated text has replaced some words with unrelated terms, reducing information leakage.",llama-3.3-70b-versatile
47923,axon terminals or synaptic knob definition,10.66 sklansky 2.08 synaptic knob differ,0.2,"The obfuscated text has completely changed the original meaning and words, with only 'synaptic knob' remaining, indicating significant information leakage reduction",llama-3.3-70b-versatile
47923,axon terminals or synaptic knob definition,axon terminals lymphoproliferative synaptic knob definition,0.9,"The obfuscated text is very similar to the original text, with only 'lymphoproliferative' added, which does not significantly change the meaning. Therefore, the score is close to 1, indicating almost complete information leakage.",llama-3.3-70b-versatile
87181,causes of left ventricular hypertrophy,portezuelo two collided ventricular hypertrophy,0.7,"The obfuscated text still contains the key terms 'ventricular hypertrophy', which is a significant part of the original text, indicating a high level of information leakage. However, the addition of 'portezuelo two collided' does not provide any relevant information related to the original text, thus not increasing the leakage. The score is 0.7 because 'ventricular hypertrophy' is preserved but the context and other key terms like 'causes of left' are missing or altered.",llama-3.3-70b-versatile
87181,causes of left ventricular hypertrophy,causes latter cracking ventricular hypertrophy,0.7,"The obfuscated text still contains the key terms 'ventricular hypertrophy', which is a significant part of the original text, indicating a high level of information leakage. However, the word 'causes' is replaced with 'causes' in the original and 'latter cracking' does not convey the same meaning, suggesting some level of obfuscation.",llama-3.3-70b-versatile
87181,causes of left ventricular hypertrophy,cause zaporozhye tasmanians ventricular hypertrophy,0.6,"The obfuscated text still contains the key phrase 'ventricular hypertrophy' which is present in the original text, but the word 'causes' is replaced with 'cause' and other words are changed, indicating some information leakage. The score is 0.6 because some of the original information is preserved, but not all of it.",llama-3.3-70b-versatile
87181,causes of left ventricular hypertrophy,causes emigrating touched ventricular hypertrophy,0.8,"The obfuscated text still contains the word 'causes' and 'ventricular hypertrophy' which are present in the original text, indicating significant information leakage.",llama-3.3-70b-versatile
87181,causes of left ventricular hypertrophy,scab siquijor left ventricular hurlbut,0.4,"The obfuscated text still contains the words 'left ventricular', which is a significant part of the original text, but 'hypertrophy' is replaced with 'hurlbut' and 'causes' is replaced with 'scab siquijor'. This indicates some information leakage, but not complete. The score is 0.4 because some key words are preserved, but others are changed.",llama-3.3-70b-versatile
87181,causes of left ventricular hypertrophy,causes of left ventricular hypertrophy,1.0,"The obfuscated text is identical to the original text, indicating complete information leakage.",llama-3.3-70b-versatile
87181,causes of left ventricular hypertrophy,gonabad about tam ventricular hypertrophy,0.6,"The obfuscated text is almost identical to the original text, with only minor changes, indicating a high level of information leakage.",llama-3.3-70b-versatile
87181,causes of left ventricular hypertrophy,honduras of brown ventricular hypertrophy,0.4,"The obfuscated text has some similar words to the original text, but with significant changes, indicating moderate information leakage.",llama-3.3-70b-versatile
87181,causes of left ventricular hypertrophy,causes of schrimm ventricular hypertrophy,0.7,"The obfuscated text still contains the original phrase 'causes of', which is a significant part of the original text, and 'ventricular hypertrophy', which is also present in the original text. However, 'schrimm' replaces 'left', indicating some level of obfuscation. The score should reflect a moderate level of information leakage.",llama-3.3-70b-versatile
87181,causes of left ventricular hypertrophy,chorn of resigned ventricular hypertrophy,0.4,"The obfuscated text still contains the phrase 'ventricular hypertrophy' which is a key part of the original text, but 'causes of' is replaced with 'chorn of' and 'left' is replaced with 'resigned', indicating some information leakage. However, the replacement of 'left' with 'resigned' and 'causes of' with 'chorn of' reduces the information leakage significantly.",llama-3.3-70b-versatile
87452,causes of military suicide,causes maturity military suicide,0.8,"The obfuscated text 'causes maturity military suicide' still contains the sensitive information 'military suicide', which is a significant part of the original text 'causes of military suicide'. However, the word 'maturity' has been added, which may slightly reduce the information leakage. Considering this, the score is 0.8.",llama-3.3-70b-versatile
87452,causes of military suicide,causes passito military suicide,0.7,"The obfuscated text 'causes passito military suicide' still contains the words 'causes', 'military', and 'suicide' which are present in the original text, indicating a significant amount of information leakage. However, the word 'passito' seems unrelated to the original topic, suggesting some level of obfuscation. Given this, a moderate to high score is justified.",llama-3.3-70b-versatile
87452,causes of military suicide,disease of military suicide,0.6,"The obfuscated text 'disease of military suicide' still conveys the general topic of the original text 'causes of military suicide', but replaces 'causes' with 'disease', which is a related concept. However, it does not directly reveal the original information, thus the score is 0.6",llama-3.3-70b-versatile
87452,causes of military suicide,causes of military suicide,1.0,"The obfuscated text is identical to the original text, indicating complete information leakage.",llama-3.3-70b-versatile
87452,causes of military suicide,glagow sheikh northwestern suicide,0.0,"The obfuscated text 'glagow sheikh northwestern suicide' has no resemblance to the original text 'causes of military suicide', indicating a very low information leakage.",llama-3.3-70b-versatile
87452,causes of military suicide,causes one military suicide,0.8,"The obfuscated text 'causes one military suicide' still contains the key words 'causes', 'military', and 'suicide', which are present in the original text. However, the word 'one' has been added, which slightly alters the meaning. The score is 0.8 because the obfuscated text still conveys the main topic of the original text, but with a minor modification.",llama-3.3-70b-versatile
87452,causes of military suicide,dizziness of military suicide,0.6,"The obfuscated text 'dizziness of military suicide' has some similarity to the original text 'causes of military suicide', but the word 'dizziness' is unrelated to 'causes', indicating some information leakage, however the core topic 'military suicide' remains, thus the score is 0.6",llama-3.3-70b-versatile
87452,causes of military suicide,causes 103-day military dies,0.6,"The obfuscated text 'causes 103-day military dies' still contains the word 'causes' and 'military', which are present in the original text 'causes of military suicide'. However, the word 'suicide' has been replaced with 'dies', and '103-day' has been added, which is not present in the original text. This suggests some information leakage, but not complete. The score is 0.6.",llama-3.3-70b-versatile
87452,causes of military suicide,cause town military suicide,0.6,"The obfuscated text 'cause town military suicide' still contains the words 'military' and 'suicide' which are present in the original text, but the word 'causes' is replaced with 'cause' and 'of' is replaced with 'town', indicating some information leakage, but not complete.",llama-3.3-70b-versatile
87452,causes of military suicide,causes formidable british suicide,0.6,"The obfuscated text 'causes formidable british suicide' still contains the word 'suicide' and 'causes', which are present in the original text 'causes of military suicide'. However, it replaces 'military' with 'british' and 'of' with 'formidable', which reduces the information leakage. The score is 0.6 because it partially preserves the original meaning.",llama-3.3-70b-versatile
104861,cost of interior concrete flooring,cost lawyer interior concrete flooring,0.8,"The obfuscated text contains the word 'lawyer' which is not present in the original text, but the rest of the words are the same, indicating some information leakage. The score is 0.8 because the obfuscated text still conveys the main topic of the original text, but with an added unrelated word.",llama-3.3-70b-versatile
104861,cost of interior concrete flooring,cost guarantee interior concrete flooring,0.8,"The obfuscated text still contains the key phrases 'cost', 'interior', and 'concrete flooring', which are present in the original text. However, the addition of 'guarantee' does not significantly alter the meaning or information content of the original text. Therefore, the score is 0.8, indicating a moderate to high level of information leakage.",llama-3.3-70b-versatile
104861,cost of interior concrete flooring,and crozemarie takemasa concrete flooring,0.2,"The obfuscated text has completely changed the original meaning, with only 'concrete flooring' remaining, indicating significant information leakage reduction",llama-3.3-70b-versatile
104861,cost of interior concrete flooring,95.52 critical interior concrete looking,0.6,"The obfuscated text still contains the key words 'interior' and 'concrete', which are present in the original text, but the word 'cost' is replaced with '95.52 critical' and 'flooring' is replaced with 'looking', indicating some information leakage, but not complete.",llama-3.3-70b-versatile
104861,cost of interior concrete flooring,these time interior concrete louhans-cuiseaux,0.7,"The obfuscated text still contains the key words 'interior concrete', which is a significant part of the original text, indicating a high level of information leakage.",llama-3.3-70b-versatile
104861,cost of interior concrete flooring,costing campaign interior concrete flooring,0.7,"The obfuscated text 'costing campaign interior concrete flooring' still contains the key phrases 'interior concrete flooring' which are present in the original text, indicating a significant information leakage. However, the addition of 'costing campaign' introduces some level of obfuscation, reducing the direct similarity to the original text.",llama-3.3-70b-versatile
104861,cost of interior concrete flooring,wo bentworth interior mediocrity 145-pound,0.1,"The obfuscated text 'wo bentworth interior mediocrity 145-pound' has very little resemblance to the original text 'cost of interior concrete flooring', with most key words missing or replaced, indicating very low information leakage.",llama-3.3-70b-versatile
104861,cost of interior concrete flooring,th.d mouzas interior concrete flooring,0.7,"The obfuscated text 'th.d mouzas interior concrete flooring' still contains the key phrases 'interior concrete flooring' which are present in the original text, indicating a significant information leakage. However, the addition of 'th.d mouzas' introduces some level of obfuscation, reducing the leakage. Therefore, a score of 0.7 is assigned.",llama-3.3-70b-versatile
104861,cost of interior concrete flooring,later pouring hud guli flooring,0.6,"The obfuscated text still contains the key words 'concrete' and 'flooring' which are present in the original text, but with some additional characters, indicating a moderate level of information leakage",llama-3.3-70b-versatile
104861,cost of interior concrete flooring,119.34 clear första concrete flooring,0.4,"The obfuscated text still contains the key words 'concrete flooring' which is present in the original text, but the additional word 'clear första' does not provide any direct relation to the original text 'cost of interior concrete flooring'. However, the presence of 'concrete flooring' indicates some information leakage.",llama-3.3-70b-versatile
1106007,define visceral?,inducers tagar,0.2,"The obfuscated text 'inducers tagar' does not convey the same meaning as the original text 'define visceral?', thus the information leakage is low.",llama-3.3-70b-versatile
1106007,define visceral?,way creep,0.2,"The obfuscated text 'way creep' does not convey the meaning of the original text 'define visceral?', thus the score is 0.2",llama-3.3-70b-versatile
1106007,define visceral?,term superbike,0.0,"The obfuscated text 'term superbike' does not reveal any information about the original text 'define visceral?', hence the score is 0",llama-3.3-70b-versatile
1106007,define visceral?,by-2 was,0.1,"The obfuscated text 'by-2 was' does not convey the meaning of the original text 'define visceral?', thus the score is 0.1",llama-3.3-70b-versatile
1106007,define visceral?,attain grammatiko,0.1,"The obfuscated text 'attain grammatiko' does not convey the meaning of the original text 'define visceral?', thus the information leakage is minimal.",llama-3.3-70b-versatile
1106007,define visceral?,team jatuporn,0.0,"The obfuscated text 'team jatuporn' does not resemble the original text 'define visceral?' in any way, indicating a very low information leakage.",llama-3.3-70b-versatile
1106007,define visceral?,cardston ryne,0.0,"The obfuscated text 'cardston ryne' does not contain any information related to the original text 'define visceral?', thus the score is 0",llama-3.3-70b-versatile
1106007,define visceral?,etf rugova,0.0,"The obfuscated text 'etf rugova' does not contain any information related to the original text 'define visceral?', thus the score is 0",llama-3.3-70b-versatile
1106007,define visceral?,define siding,0.2,"The obfuscated text 'define siding' still contains the word 'define' which is present in the original text 'define visceral?', indicating some information leakage. However, the term 'siding' is unrelated to 'visceral', thus reducing the leakage score.",llama-3.3-70b-versatile
1106007,define visceral?,define gruelling,0.4,"The obfuscated text 'define gruelling' is similar to the original text 'define visceral' in that it also starts with 'define', but the word 'gruelling' is different from 'visceral'. This suggests some information leakage, but not complete. The score is 0.4 because the obfuscated text still conveys the idea of defining a word, but the word itself is different.",llama-3.3-70b-versatile
130510,definition declaratory judgment,aiyenugba declaratory judgment,0.8,"The obfuscated text still contains the key phrase 'declaratory judgment', which is a significant part of the original text, indicating a high level of information leakage.",llama-3.3-70b-versatile
130510,definition declaratory judgment,definition declaratory judgment,1.0,"The obfuscated text is identical to the original text, indicating complete information leakage.",llama-3.3-70b-versatile
130510,definition declaratory judgment,dappling hyeon neosho,0.0,"The obfuscated text 'dappling hyeon neosho' does not contain any information from the original text 'definition declaratory judgment', so the score is 0",llama-3.3-70b-versatile
130510,definition declaratory judgment,definition declaratory judgment,1.0,"The obfuscated text is identical to the original text, indicating complete information leakage.",llama-3.3-70b-versatile
130510,definition declaratory judgment,definition declaratory judgment,1.0,"The obfuscated text is identical to the original text, indicating complete information leakage.",llama-3.3-70b-versatile
130510,definition declaratory judgment,definition declaratory judgment,1.0,"The obfuscated text is identical to the original text, indicating complete information leakage.",llama-3.3-70b-versatile
130510,definition declaratory judgment,definition declaratory right,0.9,"The obfuscated text is very similar to the original text, with only one word changed, indicating a high level of information leakage.",llama-3.3-70b-versatile
130510,definition declaratory judgment,chick 12.89 judgment,0.3,"The obfuscated text 'chick 12.89 judgment' has some similarity to the original text 'definition declaratory judgment' in that it contains the word 'judgment', but the other words are completely different, indicating a moderate level of information leakage.",llama-3.3-70b-versatile
130510,definition declaratory judgment,one-dimensional declaratory appeals,0.4,"The obfuscated text 'one-dimensional declaratory appeals' has some similarity to the original text 'definition declaratory judgment', but it is not identical. The word 'one-dimensional' is different from 'definition', and 'appeals' is different from 'judgment'. However, the word 'declaratory' is the same in both texts. Therefore, the score should be between 0 and 1, indicating some information leakage. The score is 0.4 because about half of the words are the same or similar.",llama-3.3-70b-versatile
130510,definition declaratory judgment,definition declaratory judgment,1.0,"The obfuscated text is identical to the original text, indicating complete information leakage.",llama-3.3-70b-versatile
131843,definition of a sigmet,definition of a mariemuthoo,0.4,"The obfuscated text 'definition of a mariemuthoo' does not convey the same meaning as the original text 'definition of a sigmet', but it still reveals the structure and some keywords, thus the score is 0.4",llama-3.3-70b-versatile
131843,definition of a sigmet,wtih of a individuals,0.4,"The obfuscated text 'wtih of a individuals' does not convey the same meaning as the original text 'definition of a sigmet', but it still contains some similar words and structure, indicating partial information leakage.",llama-3.3-70b-versatile
131843,definition of a sigmet,definition making a breakin,0.5,"The obfuscated text 'definition making a breakin' still contains the word 'definition' from the original text, but the rest of the text is altered, indicating partial information leakage.",llama-3.3-70b-versatile
131843,definition of a sigmet,definition down a izu,0.2,"The obfuscated text 'definition down a izu' does not convey the same meaning as the original text 'definition of a sigmet', but it still contains the word 'definition' which is a key part of the original text. Therefore, the score is 0.2.",llama-3.3-70b-versatile
131843,definition of a sigmet,wasserkuppe grandchildren 84-million aeropostale,0.0,"The obfuscated text 'wasserkuppe grandchildren 84-million aeropostale' bears no resemblance to the original text 'definition of a sigmet', indicating a very low information leakage score of 0.0.",llama-3.3-70b-versatile
131843,definition of a sigmet,multivariate of only hodgman,0.1,"The obfuscated text 'multivariate of only hodgman' does not resemble the original text 'definition of a sigmet' in any way, indicating a high level of obfuscation.",llama-3.3-70b-versatile
131843,definition of a sigmet,definition night a the,0.2,"The obfuscated text 'definition night a the' still contains the word 'definition' from the original text, but the rest of the text is completely different, indicating some information leakage. However, the key term 'sigmet' is not present, so the leakage is not complete.",llama-3.3-70b-versatile
131843,definition of a sigmet,definition units appears gareth,0.4,"The obfuscated text 'definition units appears gareth' has some similarity to the original text 'definition of a sigmet' but with significant changes, indicating moderate information leakage.",llama-3.3-70b-versatile
131843,definition of a sigmet,vasculitis 2005 low burma,0.1,"The obfuscated text 'vasculitis 2005 low burma' does not contain any information related to the original text 'definition of a sigmet', indicating a low information leakage score of 0.1",llama-3.3-70b-versatile
131843,definition of a sigmet,apostolides anti-retroviral hour wakai,0.0,The obfuscated text does not contain any relevant information from the original text 'definition of a sigmet'.,llama-3.3-70b-versatile
146187,difference between a mcdouble and a double cheeseburger,said between ) ek forrest rate double alliance,0.4,"The obfuscated text does not clearly convey the original message, but some key words like 'double' are still present, indicating partial information leakage.",llama-3.3-70b-versatile
146187,difference between a mcdouble and a double cheeseburger,point between optical haneef between tularik double cheeseburger,0.7,"The obfuscated text still contains the key words 'between' and 'double cheeseburger' which are present in the original text, indicating a significant information leakage.",llama-3.3-70b-versatile
146187,difference between a mcdouble and a double cheeseburger,everybody between a puttanna dulhania a double simplot,0.4,"The obfuscated text still contains the key phrase 'double', which is present in the original text. However, other key phrases like 'mcdouble' and 'cheeseburger' are not present or are obfuscated. The score is 0.4 because some information is still leaked through the presence of 'double'.",llama-3.3-70b-versatile
146187,difference between a mcdouble and a double cheeseburger,"dual-channel feud a vacas and delimiter ,500 cheeseburger",0.4,"The obfuscated text does not closely resemble the original text, but some key words like 'double' and 'cheeseburger' are present, indicating partial information leakage.",llama-3.3-70b-versatile
146187,difference between a mcdouble and a double cheeseburger,difference between a lahontan second a men cheeseburger,0.6,"The obfuscated text still contains the word 'difference' and 'cheeseburger' which are present in the original text, indicating some information leakage. However, other key words like 'mcdouble' are not present, reducing the leakage score.",llama-3.3-70b-versatile
146187,difference between a mcdouble and a double cheeseburger,pleaser between resident andreyevich vrl a double corollary,0.4,"The obfuscated text still contains the word 'double' and 'cheeseburger' which are present in the original text, indicating some information leakage. However, the context and other words have been changed, reducing the leakage. Therefore, a score of 0.4 is assigned.",llama-3.3-70b-versatile
146187,difference between a mcdouble and a double cheeseburger,significant between a 975 dairy a double cheeseburger,0.8,"The obfuscated text still contains the key words 'double cheeseburger' which is present in the original text, indicating significant information leakage.",llama-3.3-70b-versatile
146187,difference between a mcdouble and a double cheeseburger,elsehwere between a +32 own deist czaja untermenschen,0.4,"The obfuscated text still contains the key words 'between', 'a', and 'double cheeseburger', which are present in the original text, indicating some information leakage.",llama-3.3-70b-versatile
146187,difference between a mcdouble and a double cheeseburger,energy madejak a pinnules and weiss double cheeseburger,0.8,"The obfuscated text still contains the key words 'double cheeseburger' which is present in the original text, indicating significant information leakage.",llama-3.3-70b-versatile
146187,difference between a mcdouble and a double cheeseburger,most than loofah castelveter respective latere converts 142.9,0.2,"The obfuscated text does not contain any relevant information from the original text, but some words are similar in meaning or sound, indicating a small amount of information leakage.",llama-3.3-70b-versatile
148538,difference between rn and bsn,uninitiated between rn committment bsn,0.6,"The obfuscated text still contains the key terms 'rn' and 'bsn', which are present in the original text, indicating some information leakage. However, the addition of 'uninitiated' and 'committment' introduces some level of obfuscation, reducing the information leakage. Therefore, a score of 0.6 is assigned, reflecting a moderate level of information leakage.",llama-3.3-70b-versatile
148538,difference between rn and bsn,then hosted rn in bsn,0.6,"The obfuscated text still contains the original keywords 'rn' and 'bsn', but the context and meaning have been altered, indicating some information leakage.",llama-3.3-70b-versatile
148538,difference between rn and bsn,dentition kazakhstan tetsujin out bsn,0.4,"The obfuscated text still contains the key terms 'rn' and 'bsn' which are present in the original text, indicating some information leakage. However, the context and meaning of the original text are not preserved, suggesting partial information leakage.",llama-3.3-70b-versatile
148538,difference between rn and bsn,year between rn four-hand bsn,0.4,"The obfuscated text still contains the key terms 'rn' and 'bsn', which are present in the original text, indicating some information leakage. However, the context and surrounding words have been changed, reducing the leakage. The score is 0.4 because the obfuscated text does not convey the same meaning as the original text, but still contains relevant keywords.",llama-3.3-70b-versatile
148538,difference between rn and bsn,serves between rn contributions štadión,0.6,"The obfuscated text still contains the key phrases 'between', 'rn', and 'bsn', which are present in the original text, indicating some information leakage.",llama-3.3-70b-versatile
148538,difference between rn and bsn,msibi vaesen rn ground stik,0.4,"The obfuscated text still contains the key terms 'rn' and 'bsn' which are present in the original text, but the context and surrounding words are completely different, indicating a moderate level of information leakage.",llama-3.3-70b-versatile
148538,difference between rn and bsn,great between paoli riding bsn,0.4,"The obfuscated text still contains the key phrases 'between' and 'bsn', which are present in the original text, indicating some information leakage. However, 'rn' is preserved in some cases and changed in others, and additional words are added, making it harder to determine the exact relationship between 'rn' and 'bsn'. The score is 0.4 because while some information is preserved, the changes and additions make it less clear.",llama-3.3-70b-versatile
148538,difference between rn and bsn,coralline evans rn this bsn,0.4,"The obfuscated text still contains the key phrases 'rn' and 'bsn', which are present in the original text, indicating some information leakage. However, the surrounding context has been altered, reducing the leakage. The score is 0.4, reflecting a moderate level of information leakage.",llama-3.3-70b-versatile
148538,difference between rn and bsn,b between rn sufferings bsn,0.7,"The obfuscated text still contains the key phrases 'between', 'rn', and 'bsn', which are present in the original text, indicating some information leakage.",llama-3.3-70b-versatile
148538,difference between rn and bsn,book between rn own bsn,0.8,"The obfuscated text still contains the key phrases 'between', 'rn', and 'bsn', which are present in the original text, indicating a significant amount of information leakage.",llama-3.3-70b-versatile
156493,do goldfish grow,do goldfish grow,1.0,"The obfuscated text is identical to the original text, indicating complete information leakage.",llama-3.3-70b-versatile
156493,do goldfish grow,watching rungfapaisarn grow,0.4,"The obfuscated text 'watching rungfapaisarn grow' still contains the word 'grow' which is present in the original text 'do goldfish grow', indicating some information leakage. However, the main subject 'goldfish' has been replaced with 'rungfapaisarn', reducing the information leakage. Therefore, a moderate score of 0.4 is assigned.",llama-3.3-70b-versatile
156493,do goldfish grow,other suler grow,0.5,"The obfuscated text 'other suler grow' still contains the word 'grow' which is present in the original text 'do goldfish grow'. However, the other words have been changed, indicating some level of obfuscation. The score is 0.5 because half of the original text's meaning is preserved.",llama-3.3-70b-versatile
156493,do goldfish grow,careys 143.8 exist,0.0,"The obfuscated text 'careys 143.8 exist' does not contain any information from the original text 'do goldfish grow', so the score is 0",llama-3.3-70b-versatile
156493,do goldfish grow,learning flossie fujinomiya,0.0,"The obfuscated text 'learning flossie fujinomiya' does not contain any information from the original text 'do goldfish grow', so the score is 0",llama-3.3-70b-versatile
156493,do goldfish grow,want nataliia shrink,0.0,"The obfuscated text 'want nataliia shrink' does not contain any information from the original text 'do goldfish grow', so the score is 0",llama-3.3-70b-versatile
156493,do goldfish grow,do 476-4294 grow,0.5,"The obfuscated text 'do 476-4294 grow' still contains the original verb 'grow' and the subject-verb word order, but replaces 'goldfish' with a number, indicating partial information leakage.",llama-3.3-70b-versatile
156493,do goldfish grow,will half-size grow,0.6,"The obfuscated text 'will half-size grow' still conveys the idea of growth, but the subject has changed from 'goldfish' to 'half-size', indicating some information leakage. However, the core concept of growth remains, suggesting a moderate level of information retention.",llama-3.3-70b-versatile
156493,do goldfish grow,do lundy grow,0.6,"The obfuscated text 'do lundy grow' still contains the original question 'do' and the concept of growth, but replaces 'goldfish' with 'lundy', indicating some information leakage, but not complete.",llama-3.3-70b-versatile
156493,do goldfish grow,cheng colours augeri,0.0,"The obfuscated text 'cheng colours augeri' does not contain any information related to the original text 'do goldfish grow', so the score is 0",llama-3.3-70b-versatile
168216,does legionella pneumophila cause pneumonia,needs legionella dagbladet cause illness,0.4,"The obfuscated text still contains the word 'legionella', which is a key term in the original text, indicating some information leakage. However, the context and surrounding words have been changed, reducing the leakage. The score is 0.4, reflecting a moderate level of information leakage.",llama-3.3-70b-versatile
168216,does legionella pneumophila cause pneumonia,francione legionella pneumophila scientists facial,0.8,"The obfuscated text still contains the keywords 'legionella pneumophila' which is present in the original text, indicating a high level of information leakage.",llama-3.3-70b-versatile
168216,does legionella pneumophila cause pneumonia,does legionella pneumophila cause pneumonia,1.0,"The obfuscated text is identical to the original text, indicating complete information leakage.",llama-3.3-70b-versatile
168216,does legionella pneumophila cause pneumonia,often legionella centers toxic bohrman,1.0,"The obfuscated text still contains the key words 'legionella' and 'pneumophila' and 'pneumonia', which are present in the original text, indicating a high level of information leakage.",llama-3.3-70b-versatile
168216,does legionella pneumophila cause pneumonia,if rihn league its pneumonia,0.8,"The obfuscated text still contains the key words 'legionella' and 'pneumonia', indicating a high level of information leakage from the original text.",llama-3.3-70b-versatile
168216,does legionella pneumophila cause pneumonia,does legionella pneumophila combustion pneumonia,0.7,"The obfuscated text 'does legionella pneumophila combustion pneumonia' still contains the key terms 'legionella pneumophila' and 'pneumonia', which are present in the original text. However, the addition of 'combustion' changes the context, reducing the information leakage. The score is 0.7 because the obfuscated text still reveals the main topic of the original text, but with some alteration.",llama-3.3-70b-versatile
168216,does legionella pneumophila cause pneumonia,seen taxiways pneumophila also pneumonia,0.8,"The obfuscated text still contains the key words 'pneumophila' and 'pneumonia', which are present in the original text, indicating a high level of information leakage.",llama-3.3-70b-versatile
168216,does legionella pneumophila cause pneumonia,seem tincture reserves cause perl,0.2,"The obfuscated text does not contain the original phrase, but some words are similar, indicating partial information leakage.",llama-3.3-70b-versatile
168216,does legionella pneumophila cause pneumonia,figuring legionella theaceae korzen carcassonne,0.2,"The obfuscated text still contains the word 'legionella', which is a key term in the original text, but the context and other words are completely different, indicating some information leakage.",llama-3.3-70b-versatile
168216,does legionella pneumophila cause pneumonia,smidgen legionella pneumophila woman pneumonia,0.8,"The obfuscated text still contains the key words 'legionella pneumophila' and 'pneumonia', indicating a high level of information leakage from the original text.",llama-3.3-70b-versatile
182539,example of monotonic function,dancing bound monotonic function,0.5,"The obfuscated text still contains the key phrase 'monotonic function', which is the main information from the original text. However, it has added unrelated words 'dancing bound' which do not contribute to the meaning of the original text. Therefore, the score is 0.5 because half of the obfuscated text is the original information.",llama-3.3-70b-versatile
182539,example of monotonic function,rico of monotonic normal,0.6,"The obfuscated text still contains the key phrase 'monotonic', which is present in the original text, indicating some information leakage. However, other parts of the original text have been changed or removed, reducing the overall information leakage.",llama-3.3-70b-versatile
182539,example of monotonic function,whereas campus monotonic andaz,0.4,"The obfuscated text still contains the key phrase 'monotonic', which is present in the original text, indicating some information leakage. However, other words have been changed or added, reducing the overall information leakage.",llama-3.3-70b-versatile
182539,example of monotonic function,stepwise busia cusiana function,0.7,"The obfuscated text still contains the word 'function' and 'monotonic' is replaced with 'stepwise' which is a synonym, indicating some information leakage",llama-3.3-70b-versatile
182539,example of monotonic function,up member nephrops function,0.2,"The obfuscated text 'up member nephrops function' still contains the word 'function' which is present in the original text, but the context and other words are completely different, indicating some information leakage.",llama-3.3-70b-versatile
182539,example of monotonic function,ancestors million monotonic predazzo,0.4,"The word 'monotonic' is present in both the original and obfuscated texts, indicating some information leakage, but other words are different, so it's not complete leakage.",llama-3.3-70b-versatile
182539,example of monotonic function,many confusion monotonic function,0.8,"The obfuscated text still contains the key phrase 'monotonic function', which is the core information from the original text, thus the score is high.",llama-3.3-70b-versatile
182539,example of monotonic function,location of monotonic viewing,0.8,"The obfuscated text still contains the key phrase 'monotonic function' or 'monotonic', which is present in the original text, indicating significant information leakage.",llama-3.3-70b-versatile
182539,example of monotonic function,where comprises sypniewski the,0.2,"The obfuscated text still contains the word 'monotonic' which is present in the original text, but other words are changed or missing, so the information leakage score is 0.5",llama-3.3-70b-versatile
182539,example of monotonic function,h of monotonic function,0.8,"The obfuscated text still contains the key phrase 'monotonic function', which is the core part of the original text, indicating significant information leakage.",llama-3.3-70b-versatile
183378,exons definition biology,exons this t&p,0.3,"The obfuscated text still contains the word 'exons' which is a key term from the original text, indicating some information leakage. However, the rest of the text has been replaced with unrelated characters, reducing the overall information leakage.",llama-3.3-70b-versatile
183378,exons definition biology,exons definition collaboration,0.5,"The obfuscated text still contains the word 'exons' and 'definition' which are key terms from the original text, but 'biology' is replaced with 'collaboration' which is not related, thus the score is 0.5",llama-3.3-70b-versatile
183378,exons definition biology,exons 1.3 chengzhi,0.4,"The obfuscated text still contains the word 'exons' which is present in the original text, but the rest of the text has been changed to '1.3 chengzhi' which does not convey the same meaning as the original text 'definition biology'. This suggests a moderate level of information leakage.",llama-3.3-70b-versatile
183378,exons definition biology,exons definition biology,1.0,"The obfuscated text is identical to the original text, indicating complete information leakage.",llama-3.3-70b-versatile
183378,exons definition biology,exons bund safarov,0.4,"The obfuscated text 'exons bund safarov' has some similarity to the original text 'exons definition biology' but with significant changes, indicating moderate information leakage",llama-3.3-70b-versatile
183378,exons definition biology,exons definition biology,1.0,"The obfuscated text is identical to the original text, indicating complete information leakage.",llama-3.3-70b-versatile
183378,exons definition biology,exons owned-and-operated biology,0.8,"The obfuscated text 'exons owned-and-operated biology' still contains the key terms 'exons' and 'biology' from the original text 'exons definition biology', indicating significant information leakage.",llama-3.3-70b-versatile
183378,exons definition biology,exons definition ikazuchi,0.5,"The obfuscated text still contains the word 'exons' and 'definition' which are present in the original text, and 'ikazuchi' seems unrelated to the original text 'biology', so the information leakage is partial",llama-3.3-70b-versatile
183378,exons definition biology,exons kelly raob,0.5,"The obfuscated text still contains the word 'exons' which is present in the original text, but other words are changed or obfuscated, indicating some information leakage",llama-3.3-70b-versatile
183378,exons definition biology,kilometeres sammani biology,0.2,"The obfuscated text has completely different words, indicating no information leakage from the original text.",llama-3.3-70b-versatile
207786,how are some sharks warm blooded,the shelves some sharks warm blooded,0.7,"The obfuscated text still contains the key phrases 'some sharks' and 'warm blooded', which are present in the original text, indicating a significant amount of information leakage. However, the word 'the' is added and 'how are' is replaced with 'the shelves', which introduces some level of obfuscation. Therefore, the score is 0.7.",llama-3.3-70b-versatile
207786,how are some sharks warm blooded,how tunisian ones sharks baldly birla,0.4,"The obfuscated text still contains the word 'sharks' which is present in the original text, indicating some information leakage. However, the context and other words have been changed, reducing the leakage. The score is 0.4 because 'sharks' is a key word in the original text and its presence in the obfuscated text reveals some information, but the changes in the surrounding words reduce the overall leakage.",llama-3.3-70b-versatile
207786,how are some sharks warm blooded,differently said some 17-time he rapala,0.2,"The obfuscated text has changed significantly from the original text, with most of the original words replaced or modified, indicating low information leakage.",llama-3.3-70b-versatile
207786,how are some sharks warm blooded,melloni are especially sharks highball blooded,0.6,"The obfuscated text 'melloni are especially sharks highball blooded' still contains the keyword 'sharks' and a similar concept of 'blooded', but with some changes in wording and added phrases, indicating a moderate level of information leakage.",llama-3.3-70b-versatile
207786,how are some sharks warm blooded,want series four-fifths sharks warm blooded,0.8,"The obfuscated text still contains the key phrase 'sharks warm blooded' which is present in the original text, indicating significant information leakage.",llama-3.3-70b-versatile
207786,how are some sharks warm blooded,exactly were some sharks raslan blooded,0.6,"The obfuscated text still contains the key words 'sharks' and 'blooded', which are present in the original text, indicating some information leakage. However, other words have been changed or obfuscated, reducing the overall information leakage.",llama-3.3-70b-versatile
207786,how are some sharks warm blooded,how anticyclones complete beauregard warm blooded,0.6,"The obfuscated text still contains the key phrase 'warm blooded' which is present in the original text, but other words have been changed or obfuscated, indicating some information leakage.",llama-3.3-70b-versatile
207786,how are some sharks warm blooded,neighbourhoods ministry anterior-posterior milenković brutally blooded,0.1,"The obfuscated text has completely changed the original meaning and context, with no recognizable words or phrases remaining, indicating a high level of obfuscation and minimal information leakage.",llama-3.3-70b-versatile
207786,how are some sharks warm blooded,how are can sharks warm uniting,0.7,"The obfuscated text still contains the key words 'how', 'are', 'sharks', and 'warm', which are present in the original text, indicating a significant amount of information leakage.",llama-3.3-70b-versatile
207786,how are some sharks warm blooded,birds are some sharks warm merman,0.4,"The obfuscated text still contains the key words 'sharks' and 'warm', which are present in the original text, indicating some information leakage. However, other words have been changed or added, reducing the overall similarity between the two texts.",llama-3.3-70b-versatile
1133167,how is the weather in jamaica,husband is fowler weather ended jamaica,0.4,"The obfuscated text still contains the word 'jamaica' which is present in the original text, indicating some information leakage. However, the context and other words have been changed, reducing the leakage. Therefore, a score of 0.4 is assigned.",llama-3.3-70b-versatile
1133167,how is the weather in jamaica,sites cerebral moore weather latest ceal,0.2,"The obfuscated text 'sites cerebral moore weather latest ceal' still contains the word 'weather' which is present in the original text 'how is the weather in jamaica'. However, other key information such as 'jamaica' is not present, and the surrounding context is completely different. Therefore, the score should be around 0.2, indicating some minor information leakage.",llama-3.3-70b-versatile
1133167,how is the weather in jamaica,lengai is here conditions while jamaica,0.4,"The obfuscated text 'lengai is here conditions while jamaica' still contains the word 'jamaica' which is present in the original text, indicating some information leakage. However, the context and other words have been changed, reducing the leakage. Therefore, a score of 0.4 is assigned.",llama-3.3-70b-versatile
1133167,how is the weather in jamaica,asks glory harris weather 1962-65 west,0.4,"The obfuscated text still contains the word 'weather' and 'jamaica', which are present in the original text, indicating some information leakage.",llama-3.3-70b-versatile
1133167,how is the weather in jamaica,how is xianglin weather entwicklung jamaica,0.8,"The obfuscated text still contains the word 'jamaica' and 'weather', which are key components of the original text, indicating a significant amount of information leakage.",llama-3.3-70b-versatile
1133167,how is the weather in jamaica,understand barbados directors weather plzeň-north early-onset,0.4,"The obfuscated text still contains the word 'jamaica' and 'weather', which are present in the original text, indicating some information leakage. However, other words are changed or added, reducing the leakage. Score: 0.4",llama-3.3-70b-versatile
1133167,how is the weather in jamaica,understand mordella spent cpms in jamaica,0.2,"The obfuscated text still contains the word 'jamaica' which is present in the original text, but the context and other words are completely different, indicating some information leakage.",llama-3.3-70b-versatile
1133167,how is the weather in jamaica,how currently hub weather in jamaica,0.8,"The obfuscated text still contains the key words 'how', 'weather', and 'jamaica', which are present in the original text, indicating a significant amount of information leakage.",llama-3.3-70b-versatile
1133167,how is the weather in jamaica,really remotely the weather work mmol/l,0.8,"The obfuscated text still contains the word 'jamaica' and 'weather', which are key components of the original text, indicating significant information leakage.",llama-3.3-70b-versatile
1133167,how is the weather in jamaica,indians be o'byrne mindless bloodstains jamaica,0.2,"The obfuscated text still contains the word 'jamaica' which is present in the original text, but the context and other words are completely different, indicating some information leakage.",llama-3.3-70b-versatile
264014,how long is life cycle of flea,wanted abandon thorius that metonic of flea,0.2,"The obfuscated text still contains the word 'flea' which is present in the original text, indicating some information leakage. However, the context and other words have been changed, reducing the overall information leakage.",llama-3.3-70b-versatile
264014,how long is life cycle of flea,caelius long essentially keeping cycle alcolea 150-year,0.4,"The obfuscated text still contains the word 'cycle' and 'flea' which are present in the original text, indicating some information leakage. However, the context and meaning are altered, reducing the leakage. The score is 0.4, reflecting a moderate level of information leakage.",llama-3.3-70b-versatile
264014,how long is life cycle of flea,so long considered life cycle of alrosa,0.6,"The obfuscated text still contains the key phrases 'life cycle' and 'of', which are present in the original text, indicating a significant information leakage. However, the word 'flea' is replaced with 'alrosa', which reduces the information leakage. Considering this, the score is 0.6.",llama-3.3-70b-versatile
264014,how long is life cycle of flea,how long determines corners cycle of rotfeld,0.4,"The obfuscated text still contains the phrase 'long' and 'cycle' which are present in the original text, but the context and other words have been changed, indicating some information leakage.",llama-3.3-70b-versatile
264014,how long is life cycle of flea,that branch relates life 60-room confusion flea,0.4,"The obfuscated text still contains the word 'flea' and the concept of 'life', but the context and surrounding words are completely different, indicating some information leakage.",llama-3.3-70b-versatile
264014,how long is life cycle of flea,attached long boulogne-billancourt fullness cycle vogtland flea,0.8,"The obfuscated text still contains the word 'flea' and 'cycle' and 'long', which are present in the original text, indicating a significant information leakage.",llama-3.3-70b-versatile
264014,how long is life cycle of flea,farsi long 404-526-5429 life sericeus is flea,0.4,"The obfuscated text still contains the word 'flea' and the phrase 'life', which are present in the original text, indicating some information leakage. However, the context and other words have been changed, reducing the leakage. The score is 0.4, reflecting a moderate level of information leakage.",llama-3.3-70b-versatile
264014,how long is life cycle of flea,countless 21-year chief dramas faster sales wpt,0.0,"The obfuscated text does not contain any relevant information about the life cycle of a flea, and the score is based on the lack of similarity between the original and obfuscated texts.",llama-3.3-70b-versatile
264014,how long is life cycle of flea,this 2-pointer is thracian equivalent of 67.41,0.0,"The obfuscated text does not contain any relevant information about the life cycle of a flea, and the score is 0 because there is no information leakage from the original text to the obfuscated text.",llama-3.3-70b-versatile
264014,how long is life cycle of flea,rotten popularly king life cycle cleared flea,0.8,"The obfuscated text still contains the word 'flea' and 'life cycle', which are key components of the original text, indicating a significant amount of information leakage.",llama-3.3-70b-versatile
359349,how to find the midsegment of a trapezoid,how 55.5 he effort schweppes footlights a buzek,0.2,"The obfuscated text does not convey the original meaning, but some words are similar in length or sound, indicating a small amount of information leakage.",llama-3.3-70b-versatile
359349,how to find the midsegment of a trapezoid,any to orender the behaviorists grassroots 14-7 leigertwood,0.1,"The obfuscated text does not resemble the original text in any way, indicating a high level of obfuscation.",llama-3.3-70b-versatile
359349,how to find the midsegment of a trapezoid,treat to endeavouring we njongonkulu important a trapezoid,0.7,"The obfuscated text still contains the word 'trapezoid' which is a key term from the original text, indicating significant information leakage.",llama-3.3-70b-versatile
359349,how to find the midsegment of a trapezoid,how charibert find cultural dalmau of recurring formula_2,0.4,"The obfuscated text still contains some keywords from the original text, such as 'how' and 'find', but the context and meaning are completely changed, indicating significant information leakage. However, the presence of the word 'trapezoid' in the original text is not preserved in the obfuscated text, which reduces the information leakage score.",llama-3.3-70b-versatile
359349,how to find the midsegment of a trapezoid,how 1.4360 n.j. kwahn death vietnamese a trapezoid,0.4,"The obfuscated text still contains the word 'trapezoid' and the phrase 'how', which are present in the original text, indicating some information leakage.",llama-3.3-70b-versatile
359349,how to find the midsegment of a trapezoid,or whom inspection the meinke lybrand it part,0.2,"The obfuscated text still contains the word 'trapezoid' which is a key term from the original text, but most of the other words are unrelated, indicating some information leakage.",llama-3.3-70b-versatile
359349,how to find the midsegment of a trapezoid,lots 128.7 us st. gallon greenberg gennaker voros,0.1,"The obfuscated text has very little resemblance to the original text, with most words being completely different. However, the word 'trapezoid' is present in both texts, indicating some information leakage.",llama-3.3-70b-versatile
359349,how to find the midsegment of a trapezoid,how validate acceptable bargi since of hits trapezoid,0.2,"The obfuscated text still contains the word 'trapezoid' which is present in the original text, indicating some information leakage, but the rest of the text is completely different, so the leakage is not complete.",llama-3.3-70b-versatile
359349,how to find the midsegment of a trapezoid,klingenschmitt to wine the dawit africa paloverde ryler,0.1,"The obfuscated text has very little resemblance to the original text, with most words being completely different, indicating very low information leakage.",llama-3.3-70b-versatile
359349,how to find the midsegment of a trapezoid,behind 2-3/8 upgrade the melamid masters transform trapezoid,0.2,"The obfuscated text still contains the word 'trapezoid' which is present in the original text, indicating some information leakage, but the context and other words are completely different, indicating significant obfuscation.",llama-3.3-70b-versatile
1129237,hydrogen is a liquid below what temperature,"hydrogen at a secundino , kind temperature",0.6,"The obfuscated text still contains the word 'hydrogen' and 'temperature', which are key elements of the original text, indicating a significant information leakage. However, the word 'secundino' and 'kind' are unrelated to the original text, which reduces the information leakage. The score is 0.6, reflecting a moderate level of information leakage.",llama-3.3-70b-versatile
1129237,hydrogen is a liquid below what temperature,amplified multinacionales intermittent arche lows tell temperature,0.4,"The obfuscated text still contains the word 'temperature' which is present in the original text, and also the word 'hydrogen' is not present but 'tell' could be related to 'below what' in the original text, indicating some information leakage",llama-3.3-70b-versatile
1129237,hydrogen is a liquid below what temperature,squadra of a liquid below dizionario skadavy,0.4,"The obfuscated text still contains the word 'liquid' and 'temperature' which are present in the original text, indicating some information leakage. However, the context and other words have been changed, reducing the leakage. Score is 0.4",llama-3.3-70b-versatile
1129237,hydrogen is a liquid below what temperature,narghile is tuck water on-call out temperature,0.2,"The obfuscated text still contains the word 'temperature' which is present in the original text, indicating some information leakage. However, the context and other words have been completely changed, reducing the leakage. Score is 0.2",llama-3.3-70b-versatile
1129237,hydrogen is a liquid below what temperature,hydrogen electronic juridical indigobirds below goffredo temperature,0.4,"The obfuscated text still contains the word 'hydrogen' and 'temperature' which are present in the original text, and 'below' is also present, indicating some information leakage. However, the context and other words are changed, indicating some level of obfuscation.",llama-3.3-70b-versatile
1129237,hydrogen is a liquid below what temperature,hydrogen is a liquid को approached temperature,0.4,"The obfuscated text still contains the word 'hydrogen' and 'temperature', which are present in the original text, indicating some information leakage. However, the phrase 'is a liquid' is translated to 'को approached', which partially obscures the original meaning. The score is 0.4 because some key words are preserved, but the sentence structure and some words are altered.",llama-3.3-70b-versatile
1129237,hydrogen is a liquid below what temperature,hydrogen is gravely valves below bolkus temperature,0.4,"The obfuscated text still contains the word 'hydrogen' and 'temperature', which are key components of the original text, but the context and other words are changed, indicating some information leakage.",llama-3.3-70b-versatile
1129237,hydrogen is a liquid below what temperature,niels ) host liquid or answering temperature,0.6,"The obfuscated text still contains the word 'hydrogen' and 'liquid' and 'temperature', which are key elements of the original text, but other words are changed or added, indicating some information leakage.",llama-3.3-70b-versatile
1129237,hydrogen is a liquid below what temperature,hydrogen cranopsis a shuja-ud-daula w9 ashes temperature,0.6,"The obfuscated text still contains the word 'hydrogen' and 'temperature', which are key components of the original text, indicating some information leakage.",llama-3.3-70b-versatile
1129237,hydrogen is a liquid below what temperature,hydrogen rothschild a islamica bb5 tribalism temperature,0.7,"The obfuscated text still contains the word 'hydrogen' and 'temperature', which are key components of the original text, indicating significant information leakage.",llama-3.3-70b-versatile
405717,is cdg airport in main paris,one cdg airport two solidaire somov,0.7,"The obfuscated text still contains the key phrase 'cdg airport', which is the main subject of the original text, indicating significant information leakage.",llama-3.3-70b-versatile
405717,is cdg airport in main paris,is hyp dwellers in main essen,0.0,"The obfuscated text 'is hyp dwellers in main essen' does not reveal any information about the original text 'is cdg airport in main paris' as it contains completely different words, thus the score is 0",llama-3.3-70b-versatile
405717,is cdg airport in main paris,board jingles airport organ sébastien brasilia,0.4,"The obfuscated text 'board jingles airport organ sébastien brasilia' still contains the word 'airport', which is a key piece of information from the original text 'is cdg airport in main paris'. However, the context and other details have been changed, indicating some information leakage but not complete. The score is 0.4.",llama-3.3-70b-versatile
405717,is cdg airport in main paris,process forres airport 5.37 garage ahmed,0.4,"The obfuscated text 'process forres airport 5.37 garage ahmed' still contains the word 'airport' which is present in the original text 'is cdg airport in main paris', indicating some information leakage. However, the context and other details have been changed, reducing the leakage. Therefore, a score of 0.4 is assigned.",llama-3.3-70b-versatile
405717,is cdg airport in main paris,of cdg airport congress main paris,0.8,"The obfuscated text still contains the original airport code 'cdg' and the city 'paris', indicating significant information leakage.",llama-3.3-70b-versatile
405717,is cdg airport in main paris,payyannur até swapped afghanistan main 1468,0.8,"The obfuscated text still contains the keywords 'cdg airport' and 'main paris', which are present in the original text, indicating significant information leakage.",llama-3.3-70b-versatile
405717,is cdg airport in main paris,is kuppam nedumbassery in sukhum paris,0.4,"The obfuscated text still contains the word 'paris' which is present in the original text, but the airport name has been changed to 'nedumbassery' which is not the same as 'cdg airport' in the original text. However, 'nedumbassery' is actually the location of Cochin International Airport, which suggests some information leakage. The score is 0.4 because some information about the location is preserved, but the airport name is changed.",llama-3.3-70b-versatile
405717,is cdg airport in main paris,director latissimus airport in main which,0.4,"The obfuscated text still contains the word 'airport' and 'in main', which are present in the original text, but other key words like 'cdg' and 'paris' are replaced or missing, indicating partial information leakage.",llama-3.3-70b-versatile
405717,is cdg airport in main paris,khondab ajith airports in saw-mill paris,0.4,"The obfuscated text still contains the word 'paris' and 'airport', which are present in the original text, but other words are changed or added, indicating some information leakage.",llama-3.3-70b-versatile
405717,is cdg airport in main paris,this gasse airport in main french,0.6,"The obfuscated text still contains the word 'airport' and 'main' and 'paris' which are present in the original text, but other words are changed or added, so the information leakage score is 0.6",llama-3.3-70b-versatile
443396,lps laws definition,lps laws mandela,0.5,"The obfuscated text 'lps laws mandela' still contains the core phrase 'lps laws' from the original text 'lps laws definition', but replaces 'definition' with 'mandela', which is unrelated. This suggests some information leakage since 'lps laws' is preserved, but the meaning is altered. Given this, a moderate score of 0.5 is assigned.",llama-3.3-70b-versatile
443396,lps laws definition,60.37 laws definition,0.7,"The obfuscated text '60.37 laws definition' still contains the original keywords 'laws definition', indicating significant information leakage. However, the addition of '60.37' introduces some level of obfuscation, reducing the leakage. Therefore, a score of 0.7 is assigned, reflecting a moderate to high level of information leakage.",llama-3.3-70b-versatile
443396,lps laws definition,kuznetsky laws definition,0.7,"The obfuscated text 'kuznetsky laws definition' still contains the key phrase 'laws definition' which is present in the original text 'lps laws definition', indicating significant information leakage. However, the replacement of 'lps' with 'kuznetsky' reduces the leakage to some extent.",llama-3.3-70b-versatile
443396,lps laws definition,lps laws punongbayan,0.5,"The obfuscated text 'lps laws punongbayan' still contains the term 'lps laws' which is present in the original text 'lps laws definition', indicating some information leakage. However, the term 'punongbayan' is unrelated to the original text, reducing the information leakage. Therefore, a moderate score of 0.5 is assigned.",llama-3.3-70b-versatile
443396,lps laws definition,trash laws definition,0.8,"The obfuscated text 'trash laws definition' still contains the key phrase 'laws definition' which is present in the original text 'lps laws definition', indicating significant information leakage.",llama-3.3-70b-versatile
443396,lps laws definition,lps laws stephanou,0.5,"The obfuscated text 'lps laws stephanou' has a score of 0.5 because it retains the 'lps laws' part from the original text but replaces 'definition' with 'stephanou', indicating partial information leakage.",llama-3.3-70b-versatile
443396,lps laws definition,126.77 laws scope,0.5,"The obfuscated text '126.77 laws scope' has some information leakage from the original text 'lps laws definition' because it still contains the word 'laws', but the other words are different, so the score is 0.5",llama-3.3-70b-versatile
443396,lps laws definition,lps 8-square quantal,0.0,"The obfuscated text 'lps 8-square quantal' has no relation to the original text 'lps laws definition', thus the score is 0",llama-3.3-70b-versatile
443396,lps laws definition,hardcover laws definition,0.8,"The obfuscated text 'hardcover laws definition' still contains the key phrase 'laws definition' which is present in the original text 'lps laws definition', indicating significant information leakage.",llama-3.3-70b-versatile
443396,lps laws definition,lps laws definition,1.0,"The obfuscated text is identical to the original text, indicating complete information leakage.",llama-3.3-70b-versatile
451602,medicare's definition of mechanical ventilation,anaïs rhein-ruhr of aeronautical puchberg,0.0,"The obfuscated text does not contain any information related to the original text, indicating no information leakage.",llama-3.3-70b-versatile
451602,medicare's definition of mechanical ventilation,stet heavy-duty nelson into ventilation,0.6,"The obfuscated text 'stet heavy-duty nelson into ventilation' still contains the word 'ventilation' which is present in the original text 'medicare's definition of mechanical ventilation'. This indicates a significant information leakage, but not complete as other key terms like 'medicare' and 'mechanical' are not present. Therefore, a score of 0.6 is assigned.",llama-3.3-70b-versatile
451602,medicare's definition of mechanical ventilation,arges defined re-arrangement victorian-style ventilation,0.4,"The obfuscated text 'arges defined re-arrangement victorian-style ventilation' still contains the word 'ventilation' which is present in the original text 'medicare's definition of mechanical ventilation', indicating some information leakage. However, the context and other words are completely different, suggesting a moderate level of obfuscation.",llama-3.3-70b-versatile
451602,medicare's definition of mechanical ventilation,heimowitz dual of tago ventilation,0.4,"The obfuscated text 'heimowitz dual of tago ventilation' still contains the word 'ventilation' which is present in the original text 'medicare's definition of mechanical ventilation'. This suggests some information leakage, but the context and other words are completely different, so the leakage is not complete. Therefore, the score is 0.4.",llama-3.3-70b-versatile
451602,medicare's definition of mechanical ventilation,j.c. definition list asustek ventilation,0.7,"The obfuscated text 'j.c. definition list asustek ventilation' still contains the word 'definition' and 'ventilation' which are present in the original text 'medicare's definition of mechanical ventilation', indicating a significant information leakage.",llama-3.3-70b-versatile
451602,medicare's definition of mechanical ventilation,"1,014 159-year arenavirus jisheng ventilation",0.2,The obfuscated text does not contain any information related to the original text 'medicare's definition of mechanical ventilation'. The words are unrelated and do not convey any meaning similar to the original text.,llama-3.3-70b-versatile
451602,medicare's definition of mechanical ventilation,krynauw vernacular of tsering ventilation,0.1,"The obfuscated text does not contain any relevant information from the original text, but it does contain the word 'ventilation' which is present in the original text. However, the context and surrounding words are completely different, indicating minimal information leakage.",llama-3.3-70b-versatile
451602,medicare's definition of mechanical ventilation,organizer definition of mechanical ventilation,0.9,"The obfuscated text is very similar to the original text, with the same key phrases and meaning, indicating almost complete information leakage.",llama-3.3-70b-versatile
451602,medicare's definition of mechanical ventilation,oskin definition annually mechanical ventilation,0.9,"The obfuscated text 'oskin definition annually mechanical ventilation' closely matches the original text 'medicare's definition of mechanical ventilation' with a slight modification, indicating a high level of information leakage.",llama-3.3-70b-versatile
451602,medicare's definition of mechanical ventilation,kheer claims over cihat ventilation,0.0,"The obfuscated text 'kheer claims over cihat ventilation' does not contain any relevant information from the original text 'medicare's definition of mechanical ventilation', thus the score is 0",llama-3.3-70b-versatile
489204,right pelvic pain causes,right pelvic pain raymonda,0.8,"The obfuscated text still contains the original keywords 'right pelvic pain', which indicates a high level of information leakage. The addition of 'raymonda' does not significantly obscure the original text.",llama-3.3-70b-versatile
489204,right pelvic pain causes,hegelians pelvic pain between,0.7,"The obfuscated text still contains the key phrases 'pelvic pain' which is present in the original text, indicating significant information leakage. However, the addition of 'hegelians' and 'between' introduces some level of obfuscation, reducing the score from 1.",llama-3.3-70b-versatile
489204,right pelvic pain causes,near pelvic agah water-driven,0.8,"The obfuscated text still contains the key phrase 'pelvic pain' which is present in the original text, indicating significant information leakage.",llama-3.3-70b-versatile
489204,right pelvic pain causes,keep pelvic boever usando,0.6,"The obfuscated text still contains the key phrase 'pelvic pain' which is present in the original text, but with some additional words that do not seem related to the original text, thus the information leakage score is 0.6",llama-3.3-70b-versatile
489204,right pelvic pain causes,grier pelvic feeling saint-venant,0.6,"The obfuscated text still contains the word 'pelvic' and 'pain' is not present but 'feeling' is present which is related to pain, so there is some information leakage",llama-3.3-70b-versatile
489204,right pelvic pain causes,sensitivity pelvic turzo fear,0.7,"The obfuscated text still contains the key phrase 'pelvic', which is a crucial part of the original text, and also contains the word 'pain' or related words like 'sensitivity' or 'feeling' in some cases, indicating a significant information leakage.",llama-3.3-70b-versatile
489204,right pelvic pain causes,right pelvic pain death,0.8,"The obfuscated text still contains the key words 'right pelvic pain' which is similar to the original text, indicating significant information leakage.",llama-3.3-70b-versatile
489204,right pelvic pain causes,volost pelvic consistency rhizopus,0.8,"The obfuscated text still contains the key words 'pelvic pain' which is similar to the original text 'right pelvic pain causes', indicating significant information leakage.",llama-3.3-70b-versatile
489204,right pelvic pain causes,right müller pain cause,0.6,"The obfuscated text still contains the word 'right' and 'pain', which are present in the original text, but the word 'pelvic' is replaced with 'müller' and 'causes' is replaced with 'cause'. This indicates some information leakage, but not complete. The score is 0.6 because the obfuscated text still conveys some information about the original text, but with some modifications.",llama-3.3-70b-versatile
489204,right pelvic pain causes,right pelvic pain causes,1.0,"The obfuscated text is identical to the original text, indicating complete information leakage.",llama-3.3-70b-versatile
490595,rsa definition key,rsa definition sadulayeva,0.7,"The obfuscated text still contains the original keywords 'rsa definition', which indicates a significant information leakage. However, the addition of 'sadulayeva' does not seem to be related to the original text, suggesting some level of obfuscation.",llama-3.3-70b-versatile
490595,rsa definition key,houfei definition key,0.8,"The obfuscated text 'houfei definition key' still contains the keyword 'definition' and 'key' which are present in the original text 'rsa definition key'. This indicates a significant information leakage, hence a score of 0.8 is assigned.",llama-3.3-70b-versatile
490595,rsa definition key,rsa definition verbena,0.8,"The obfuscated text 'rsa definition verbena' still contains the original keyword 'rsa definition', which indicates a high level of information leakage. However, the addition of 'verbena' instead of 'key' reduces the leakage slightly.",llama-3.3-70b-versatile
490595,rsa definition key,rsa narrowing which,0.4,"The obfuscated text 'rsa narrowing which' still contains the original keyword 'rsa', but the rest of the text has been changed, indicating some information leakage. However, the change from 'definition key' to 'narrowing which' significantly alters the meaning and context, reducing the information leakage.",llama-3.3-70b-versatile
490595,rsa definition key,rsa collecting leucocephala,0.5,"The obfuscated text still contains the original keyword 'rsa', indicating significant information leakage. However, the rest of the text has been changed, reducing the leakage. Score is 0.5 because 'rsa' is a crucial part of the original text and its presence in the obfuscated text reveals important information.",llama-3.3-70b-versatile
490595,rsa definition key,rsa definition fighters,0.8,"The obfuscated text 'rsa definition fighters' still contains the original keyword 'rsa definition', indicating significant information leakage, but the addition of 'fighters' instead of 'key' reduces the leakage slightly.",llama-3.3-70b-versatile
490595,rsa definition key,rsa definition key,1.0,"The obfuscated text is identical to the original text, indicating complete information leakage.",llama-3.3-70b-versatile
490595,rsa definition key,rsa old &amp;,0.2,"The obfuscated text 'rsa old &' still contains the 'rsa' part from the original text, indicating some information leakage, but the rest of the text is completely different, so the leakage is not complete.",llama-3.3-70b-versatile
490595,rsa definition key,rsa map key,0.8,"The obfuscated text 'rsa map key' still contains the original keyword 'rsa' and 'key', indicating a significant information leakage.",llama-3.3-70b-versatile
490595,rsa definition key,rsa definition patriach,0.6,"The obfuscated text 'rsa definition patriach' still contains the original keyword 'rsa definition', but replaces 'key' with 'patriach', which is a different word. This indicates some information leakage, but not complete. Score: 0.6",llama-3.3-70b-versatile
1124210,tracheids are part of _____.,tracheids have what mcareavey petr,0.4,"The obfuscated text still contains the word 'tracheids', which is a key term from the original text, indicating some information leakage. However, the rest of the text is heavily obfuscated, suggesting a moderate level of information leakage.",llama-3.3-70b-versatile
1124210,tracheids are part of _____.,tracheids prizefights naustdal of aisin,0.4,"The obfuscated text does not convey the same meaning as the original text, but some key words are still present, indicating partial information leakage.",llama-3.3-70b-versatile
1124210,tracheids are part of _____.,tracheids are arvanitaki moed sodders,0.2,"The obfuscated text still contains the word 'tracheids' which is present in the original text, but the rest of the text is completely different and does not provide any meaningful information about the original text.",llama-3.3-70b-versatile
1124210,tracheids are part of _____.,tracheids bidden nezahualcóyotl of bodes,0.2,"The obfuscated text does not resemble the original text, indicating minimal information leakage.",llama-3.3-70b-versatile
1124210,tracheids are part of _____.,tracheids equally organizationally jabs serb-populated,0.2,"The obfuscated text does not reveal the original meaning, but some words are similar in structure or sound, indicating a possible partial information leakage of 0.2",llama-3.3-70b-versatile
1124210,tracheids are part of _____.,bancoult both kibirige maldistribution paddock,0.0,"The obfuscated text does not contain any relevant information from the original text, indicating minimal information leakage.",llama-3.3-70b-versatile
1124210,tracheids are part of _____.,respiro are only of swished,0.0,"The obfuscated text does not contain any relevant information from the original text, indicating minimal information leakage.",llama-3.3-70b-versatile
1124210,tracheids are part of _____.,distribuidora children gigs wave nui,0.0,"The obfuscated text does not contain any relevant information from the original text, so the score is 0",llama-3.3-70b-versatile
1124210,tracheids are part of _____.,gracing koreans moravian 79.65 ranulfo,0.0,"The obfuscated text does not contain any relevant information from the original text, indicating minimal information leakage.",llama-3.3-70b-versatile
1124210,tracheids are part of _____.,46.03 are stage this shows,0.0,"The obfuscated text does not contain any relevant information from the original text, indicating minimal information leakage.",llama-3.3-70b-versatile
527433,types of dysarthria from cerebral palsy,but complaints alessandria from cerebral palsy,0.6,"The obfuscated text has replaced 'types of dysarthria' with 'complaints alessandria', which still reveals the underlying condition of cerebral palsy, but partially obscures the specific aspect of the condition being discussed. The score of 0.6 reflects a moderate level of information leakage, as the obfuscated text still conveys some information about the original text, but with significant distortion.",llama-3.3-70b-versatile
527433,types of dysarthria from cerebral palsy,types of 5-4-2 from 61.44 nobuhiko,0.2,"The obfuscated text 'types of 5-4-2 from 61.44 nobuhiko' does not convey the same meaning as the original text 'types of dysarthria from cerebral palsy', as it replaces key terms with unrelated numbers and a name, thus reducing information leakage to 0.2",llama-3.3-70b-versatile
527433,types of dysarthria from cerebral palsy,ones first dysarthria service cerebral palsy,0.6,"The obfuscated text 'ones first dysarthria service cerebral palsy' still contains the key terms 'dysarthria' and 'cerebral palsy', which are present in the original text. However, the phrase 'ones first' does not convey the same meaning as 'types of', and 'service' is not equivalent to the original phrase. Therefore, the score is 0.6, indicating moderate information leakage.",llama-3.3-70b-versatile
527433,types of dysarthria from cerebral palsy,types tunstead lethargica from cerebral tibiae,0.4,"The obfuscated text 'types tunstead lethargica from cerebral tibiae' still contains the word 'cerebral' and 'types' which are present in the original text, but 'tunstead lethargica' and 'tibiae' are unrelated to 'dysarthria', indicating partial information leakage.",llama-3.3-70b-versatile
527433,types of dysarthria from cerebral palsy,types of dysarthria from cerebral palsy,1.0,"The obfuscated text is identical to the original text, indicating complete information leakage.",llama-3.3-70b-versatile
527433,types of dysarthria from cerebral palsy,types of osseointegration from masers palsy,0.2,"The obfuscated text is almost identical to the original text, with the same structure and most of the same words, indicating very little information leakage reduction.",llama-3.3-70b-versatile
527433,types of dysarthria from cerebral palsy,components annapolis however equipment functional trauma,0.0,"The obfuscated text has completely changed the meaning and content of the original text, with no similar words or phrases, indicating a very low information leakage.",llama-3.3-70b-versatile
527433,types of dysarthria from cerebral palsy,trust of dysarthria from cerebral palsy,0.9,"The obfuscated text is very similar to the original text, with only a small change in the first word from 'types' to 'trust', indicating a high level of information leakage.",llama-3.3-70b-versatile
527433,types of dysarthria from cerebral palsy,agency all dysarthria from megacolon buo,0.6,"The obfuscated text still contains the word 'dysarthria' and 'cerebral palsy' which are key terms from the original text, but 'megacolon buo' is unrelated to the original text, indicating some information leakage.",llama-3.3-70b-versatile
527433,types of dysarthria from cerebral palsy,nameplates of salafiya movie cerebral cerebral,0.1,"The obfuscated text 'nameplates of salafiya movie cerebral cerebral' has very little resemblance to the original text 'types of dysarthria from cerebral palsy', with completely different words and meaning, indicating very low information leakage.",llama-3.3-70b-versatile
573724,what are the social determinants of health,that are of collective paradigmatic of cangialosi,0.4,"The obfuscated text has some words that are similar in meaning to the original text, but most of the words are replaced with unrelated words, indicating a moderate level of information leakage.",llama-3.3-70b-versatile
573724,what are the social determinants of health,doing are from middlebury outcasts of health,0.4,"The obfuscated text still contains the word 'health' which is present in the original text, indicating some information leakage. However, other key words like 'social' and 'determinants' are not present, reducing the leakage. The score is 0.4 because about 40% of the original information is preserved.",llama-3.3-70b-versatile
573724,what are the social determinants of health,picked 2.5 the moral on naive rumen,0.2,"The obfuscated text does not convey the same meaning as the original text, but some words are similar, indicating a moderate level of information leakage.",llama-3.3-70b-versatile
573724,what are the social determinants of health,understand be the jeopardise narayanan actualisation the,0.2,"The obfuscated text does not convey the same meaning as the original text, but some words like 'health' and 'the' are preserved, indicating a partial information leakage.",llama-3.3-70b-versatile
573724,what are the social determinants of health,origins employment economics social determinants amateur health,0.8,"The obfuscated text still contains the key phrases 'social determinants' and 'health', which are present in the original text, indicating a significant information leakage.",llama-3.3-70b-versatile
573724,what are the social determinants of health,aside are identifies social outerplanar produce health,0.8,"The obfuscated text still contains the key phrases 'social' and 'health', which are present in the original text, indicating a significant amount of information leakage.",llama-3.3-70b-versatile
573724,what are the social determinants of health,cut are years social determinants consultant health,0.8,"The obfuscated text still contains the key phrases 'social determinants' and 'health', which are present in the original text, indicating a significant amount of information leakage.",llama-3.3-70b-versatile
573724,what are the social determinants of health,everything have the social saint-tite the health,0.8,"The obfuscated text still contains the key phrases 'social' and 'health', which are present in the original text, indicating a significant amount of information leakage.",llama-3.3-70b-versatile
573724,what are the social determinants of health,contradicts religion the consumer-driven gateses unrelieved comes,0.8,"The obfuscated text still contains the key phrases 'social determinants' and 'health', which are present in the original text, indicating a significant information leakage.",llama-3.3-70b-versatile
573724,what are the social determinants of health,jamadagni ) of service adjacency of health,0.2,"The obfuscated text still contains the phrase 'of health' which is present in the original text, indicating some information leakage. However, the context and surrounding words are completely different, suggesting a significant level of obfuscation.",llama-3.3-70b-versatile
1121709,what are the three percenters?,expansive depictions brilliant four boevski,0.2,"The obfuscated text does not convey the same meaning as the original text, but some words may have similar sounds or prefixes, indicating a small amount of information leakage.",llama-3.3-70b-versatile
1121709,what are the three percenters?,yet contrasts areas paris affluent,0.1,"The obfuscated text does not contain any information related to the original text, which is about the three percenters. The words in the obfuscated text are unrelated to the topic, indicating minimal information leakage.",llama-3.3-70b-versatile
1121709,what are the three percenters?,twists number ishim who time-tested,0.1,"The obfuscated text does not contain any recognizable words or phrases from the original text, indicating a low level of information leakage.",llama-3.3-70b-versatile
1121709,what are the three percenters?,what ferry the two 2-hour,0.2,"The obfuscated text does not convey the same meaning as the original text, but some words are similar in length or sound, indicating minimal information leakage.",llama-3.3-70b-versatile
1121709,what are the three percenters?,outside are the grouped joined,0.2,"The obfuscated text does not convey the same meaning as the original text, but some words are similar, indicating a low level of information leakage.",llama-3.3-70b-versatile
1121709,what are the three percenters?,himself are 1993 three rissmiller,0.2,"The obfuscated text does not convey the same meaning as the original text, but some words are similar, indicating a low level of information leakage.",llama-3.3-70b-versatile
1121709,what are the three percenters?,microsoft who drainage place en,0.0,"The obfuscated text does not contain any relevant information about the original text, which is 'what are the three percenters?', so the score is 0",llama-3.3-70b-versatile
1121709,what are the three percenters?,back are is taiwanese cantinas,0.0,"The obfuscated text does not contain any relevant information about the original text 'what are the three percenters?', thus the score is 0.0",llama-3.3-70b-versatile
1121709,what are the three percenters?,what are la reissued jhaveri,0.0,"The obfuscated text does not contain any relevant information about the original text 'what are the three percenters?', so the score is 0",llama-3.3-70b-versatile
1121709,what are the three percenters?,culberson 've at sixty buchbinder,0.0,"The obfuscated text does not contain any relevant information about the original text 'what are the three percenters?', thus the score is 0",llama-3.3-70b-versatile
1121402,what can contour plowing reduce,understand mieux contour amritsar effectively,0.4,"The obfuscated text does not convey the same meaning as the original text, but some words are similar, indicating partial information leakage.",llama-3.3-70b-versatile
1121402,what can contour plowing reduce,way bind contour faerber gangwar,0.2,"The obfuscated text 'way bind contour faerber gangwar' still contains the word 'contour' from the original text 'what can contour plowing reduce', indicating some information leakage. However, the context and other words are completely changed, reducing the leakage. Therefore, a score of 0.2 is assigned.",llama-3.3-70b-versatile
1121402,what can contour plowing reduce,give artifact contour montis due,0.2,"The obfuscated text still contains the word 'contour' which is present in the original text, indicating some information leakage. However, the surrounding words are completely different, reducing the overall information leakage.",llama-3.3-70b-versatile
1121402,what can contour plowing reduce,know mastery contour prepares precipitously,0.2,"The obfuscated text still contains the word 'contour' which is present in the original text, indicating some information leakage. However, the surrounding words are completely different, reducing the overall information leakage.",llama-3.3-70b-versatile
1121402,what can contour plowing reduce,tang stein around persistance xigris,0.2,"The obfuscated text does not contain the key words from the original text, except for none, indicating significant information leakage reduction",llama-3.3-70b-versatile
1121402,what can contour plowing reduce,if can contour winding on-chip,0.4,"The obfuscated text still contains the word 'contour' which is present in the original text, indicating some information leakage. However, the context and other words have been changed, reducing the leakage. The score is 0.4 because 'contour' is a key word in the original text and its presence in the obfuscated text reveals some information, but the rest of the text is significantly different.",llama-3.3-70b-versatile
1121402,what can contour plowing reduce,they patient functional plowing reduce,0.7,"The obfuscated text still contains the word 'plowing' and 'reduce' which are present in the original text, indicating some information leakage",llama-3.3-70b-versatile
1121402,what can contour plowing reduce,where can gato plowing its,0.4,"The obfuscated text still contains the word 'plowing' which is present in the original text, indicating some information leakage. However, the context and other words are different, reducing the leakage. The word 'contour' is also present in the original text and some obfuscated texts, but with different contexts, which also reduces the information leakage. Therefore, the score is 0.4.",llama-3.3-70b-versatile
1121402,what can contour plowing reduce,riff foregut contour craziest reduce,0.6,"The obfuscated text still contains the word 'contour' and 'reduce' which are present in the original text, indicating some information leakage.",llama-3.3-70b-versatile
1121402,what can contour plowing reduce,idlib pyongtaek contour plowing 54-53,0.6,"The obfuscated text still contains the word 'contour' and 'plowing' which are present in the original text, indicating some information leakage",llama-3.3-70b-versatile
1117099,what is a active margin,affronts superintendent a active margin,0.8,"The obfuscated text still contains the original phrase 'a active margin', which indicates a significant amount of information leakage from the original text.",llama-3.3-70b-versatile
1117099,what is a active margin,rid is after shifted margin,0.4,"The obfuscated text 'rid is after shifted margin' still contains the word 'margin' from the original text 'what is a active margin', indicating some information leakage. However, the context and other words have been changed, reducing the leakage. Therefore, a score of 0.4 is assigned.",llama-3.3-70b-versatile
1117099,what is a active margin,what silva sliding active margin,0.7,"The obfuscated text 'what silva sliding active margin' still contains the key phrases 'what' and 'active margin' from the original text 'what is a active margin', indicating a significant amount of information leakage. However, the word 'is' is replaced with 'silva' and 'a' is replaced with 'sliding', which reduces the information leakage to some extent. Therefore, the score is 0.7.",llama-3.3-70b-versatile
1117099,what is a active margin,me r. a focus margin,0.4,"The obfuscated text still contains the word 'margin' and the word 'a' which is present in the original text, but other words are changed or added, indicating some information leakage",llama-3.3-70b-versatile
1117099,what is a active margin,what founding ofrecer active voters,0.6,"The obfuscated text still contains the key phrase 'active' and has a similar structure to the original text, but with some words changed or added, indicating a moderate level of information leakage.",llama-3.3-70b-versatile
1117099,what is a active margin,what chinese a monospace margin,0.6,"The obfuscated text 'what chinese a monospace margin' still contains the original phrase 'what a', and 'margin' is also present, but with changes in the surrounding words, indicating some information leakage.",llama-3.3-70b-versatile
1117099,what is a active margin,monod its a than maturing,0.4,"The obfuscated text 'monod its a than maturing' has some similarity with the original text 'what is a active margin' but most of the words are different, indicating moderate information leakage.",llama-3.3-70b-versatile
1117099,what is a active margin,military grobe passover shīr margin,0.2,"The obfuscated text 'military grobe passover shīr margin' still contains the word 'margin' which is present in the original text 'what is a active margin', indicating some information leakage. However, the context and other words have been completely changed, reducing the leakage. Therefore, a score of 0.2 is assigned.",llama-3.3-70b-versatile
1117099,what is a active margin,preparations about physiotherapist active concave,0.2,"The obfuscated text 'preparations about physiotherapist active concave' still contains the word 'active' which is present in the original text 'what is a active margin', indicating some information leakage. However, the context and other words have been significantly altered, reducing the overall information leakage. Therefore, a score of 0.2 is assigned.",llama-3.3-70b-versatile
1117099,what is a active margin,what bicyclus like šentvid labialized,0.2,"The obfuscated text 'what bicyclus like šentvid labialized' has some similar words to the original text 'what is a active margin', but most of the words are different, indicating a low information leakage.",llama-3.3-70b-versatile
1115776,what is an aml surveillance analyst,what is an aml surveillance analyst,1.0,"The obfuscated text is identical to the original text, indicating complete information leakage.",llama-3.3-70b-versatile
1115776,what is an aml surveillance analyst,ago serves micromolluscs aml surveillance analyst,0.8,"The obfuscated text still contains the original key phrases 'aml surveillance analyst', indicating significant information leakage.",llama-3.3-70b-versatile
1115776,what is an aml surveillance analyst,what parker austrian-german penalties_none ewart analyst,0.4,"The obfuscated text still contains the word 'analyst' which is present in the original text, indicating some information leakage. However, other key words like 'aml' and 'surveillance' are missing or replaced, reducing the information leakage. The score is 0.4 because about 40% of the original information is preserved.",llama-3.3-70b-versatile
1115776,what is an aml surveillance analyst,what is an aml ticketing analyst,0.9,"The obfuscated text is very similar to the original text, with only the word 'surveillance' changed to 'ticketing', indicating a high level of information leakage.",llama-3.3-70b-versatile
1115776,what is an aml surveillance analyst,"what 3,333 an cpt surveillance its",0.7,"The obfuscated text still contains the key phrases 'surveillance' and 'aml' which are present in the original text, indicating a high level of information leakage.",llama-3.3-70b-versatile
1115776,what is an aml surveillance analyst,bandele is shaked aml surveillance analyst,0.8,"The obfuscated text 'bandele is shaked aml surveillance analyst' still contains the key phrases 'aml surveillance analyst' which is similar to the original text 'what is an aml surveillance analyst', indicating a high level of information leakage.",llama-3.3-70b-versatile
1115776,what is an aml surveillance analyst,said quits an 101 bankgesellschaft analyst,0.4,"The obfuscated text 'said quits an 101 bankgesellschaft analyst' has some similarity to the original text 'what is an aml surveillance analyst' but with significant changes, including different words and structure, indicating moderate information leakage.",llama-3.3-70b-versatile
1115776,what is an aml surveillance analyst,makes is named aml surveillance analyst,0.8,"The obfuscated text still contains the key phrases 'aml surveillance analyst' which is similar to the original text, indicating a high level of information leakage.",llama-3.3-70b-versatile
1115776,what is an aml surveillance analyst,transpires him an higelin surveillance analyst,0.8,"The obfuscated text still contains the key phrases 'surveillance analyst' which is similar to the original text 'aml surveillance analyst', indicating a high level of information leakage",llama-3.3-70b-versatile
1115776,what is an aml surveillance analyst,know ground an aml surveillance analyst,0.8,"The obfuscated text is very similar to the original text, with only minor changes, indicating a high level of information leakage.",llama-3.3-70b-versatile
1114819,what is durable medical equipment consist of,what bill durable medical equipment deauville has,0.7,"The obfuscated text still contains the key phrase 'durable medical equipment', which indicates a significant amount of information leakage from the original text. However, the addition of 'bill' and 'deauville' introduces some level of obfuscation, reducing the score from 1. The score of 0.7 reflects a moderate to high level of information leakage.",llama-3.3-70b-versatile
1114819,what is durable medical equipment consist of,liken is durable clinical equipment interlinked of,0.7,"The obfuscated text still contains the key phrase 'durable' and 'equipment', which indicates a significant amount of information leakage from the original text. However, the addition of 'clinical' instead of 'medical' and 'interlinked of' instead of 'consist of' reduces the leakage slightly.",llama-3.3-70b-versatile
1114819,what is durable medical equipment consist of,material alcobaça durable medical equipment present dereg,0.6,"The obfuscated text still contains the key phrase 'durable medical equipment', which is the core information from the original text, but some words are replaced or added, indicating partial information leakage.",llama-3.3-70b-versatile
1114819,what is durable medical equipment consist of,hydroxyurea still antes medical skyers consist authorities,0.4,"The obfuscated text still contains the word 'medical' and 'consist' which are present in the original text, but other words are changed or added, indicating some information leakage.",llama-3.3-70b-versatile
1114819,what is durable medical equipment consist of,cutting unpredictable chiche medical transatlantique fictional of,0.4,"The obfuscated text has some similar words to the original text, such as 'durable' and 'medical', but the meaning and context are altered, indicating some information leakage.",llama-3.3-70b-versatile
1114819,what is durable medical equipment consist of,this wight said hospital parts consist whose,0.6,"The obfuscated text still contains the word 'durable' and 'medical equipment' which are key phrases from the original text, but other words are changed or added, indicating some information leakage.",llama-3.3-70b-versatile
1114819,what is durable medical equipment consist of,think is durable medical equipment contains of,0.8,"The obfuscated text still contains the key phrases 'durable medical equipment' and 'contains of', which are very similar to the original text, indicating a high level of information leakage.",llama-3.3-70b-versatile
1114819,what is durable medical equipment consist of,taub prittlewell blumkin groundbreaking machinery millyard midst,0.0,"The obfuscated text 'taub prittlewell blumkin groundbreaking machinery millyard midst' does not contain any relevant information from the original text 'what is durable medical equipment consist of', so the score is 0",llama-3.3-70b-versatile
1114819,what is durable medical equipment consist of,fondly chhoti durable medical equipment 44.39 consist,0.8,"The obfuscated text still contains the key phrase 'durable medical equipment' and the word 'consist', which is similar to the original text 'what is durable medical equipment consist of'. This suggests a significant amount of information leakage.",llama-3.3-70b-versatile
1114819,what is durable medical equipment consist of,these pillory desempleo examiners hardware marojejy part,0.6,"The obfuscated text still contains the key phrase 'durable medical equipment' which is present in the original text, but other words are changed or added, indicating some information leakage.",llama-3.3-70b-versatile
1114646,what is famvir prescribed for,it surface 62.67 prescribed for,0.3,"The obfuscated text still contains the phrase 'prescribed for' which is present in the original text, indicating some information leakage. However, the context and the name of the medication 'famvir' is not present, reducing the information leakage score.",llama-3.3-70b-versatile
1114646,what is famvir prescribed for,wrong cayden nexavar prescribed as,0.0,"The obfuscated text 'wrong cayden nexavar prescribed as' does not reveal any information about the original text 'what is famvir prescribed for' as it contains unrelated words, thus the score is 0",llama-3.3-70b-versatile
1114646,what is famvir prescribed for,ramday is 24.99 prescribed alibrandi,0.2,"The obfuscated text 'ramday is 24.99 prescribed alibrandi' does not contain any information related to the original text 'what is famvir prescribed for', except for the word 'prescribed', which is a common word and does not reveal any sensitive information. However, the word 'prescribed' is a key word in the original text, so some information leakage is present.",llama-3.3-70b-versatile
1114646,what is famvir prescribed for,? is wc2006-asia prescribed updating,0.1,"The obfuscated text does not contain any relevant information about the original text 'what is famvir prescribed for'. The words in the obfuscated text are unrelated to the original text, indicating minimal information leakage.",llama-3.3-70b-versatile
1114646,what is famvir prescribed for,scant 610 famvir prescribed jereme,0.8,"The obfuscated text still contains the word 'famvir' and 'prescribed', which indicates a significant information leakage from the original text.",llama-3.3-70b-versatile
1114646,what is famvir prescribed for,contraire suntimes.com breaching prescribed two,0.6,"The obfuscated text still contains the word 'prescribed' and 'famvir' which is present in the original text, indicating some information leakage",llama-3.3-70b-versatile
1114646,what is famvir prescribed for,being is deux-montagnes prescribed gangs,0.2,"The obfuscated text still contains the word 'prescribed' and some other words, but the original text 'what is famvir prescribed for' is not clearly visible, indicating some information leakage.",llama-3.3-70b-versatile
1114646,what is famvir prescribed for,classical is valtrex prescribed for,0.4,"The obfuscated text still contains the word 'prescribed' and 'for' which are present in the original text, but the main subject 'famvir' has been replaced with 'valtrex'. This indicates some information leakage, but not complete. The score is 0.4 because the obfuscated text still gives away the context of the original text, but the main information has been altered.",llama-3.3-70b-versatile
1114646,what is famvir prescribed for,say space-like papirtis prescribed for,0.4,"The obfuscated text still contains the word 'prescribed for' which is similar to the original text, but the main subject 'famvir' is replaced with 'papirtis'. This suggests some information leakage, but not complete. The score is 0.4.",llama-3.3-70b-versatile
1114646,what is famvir prescribed for,shots södermalm shihata prescribed residents,0.2,"The obfuscated text still contains the word 'prescribed for' which is similar to the original text, but the context and surrounding words are completely different, indicating some information leakage.",llama-3.3-70b-versatile
1113437,what is physical description of spruce,i time industry eisenhower woodbrook spruce,0.4,"The obfuscated text still contains the word 'spruce', which is present in the original text, indicating some information leakage. However, the context and other words are changed, reducing the leakage. Score is 0.4.",llama-3.3-70b-versatile
1113437,what is physical description of spruce,yelwa chapman tax/rent etymology of spruce,0.8,"The obfuscated text still contains the word 'spruce', which is the main subject of the original text, indicating significant information leakage.",llama-3.3-70b-versatile
1113437,what is physical description of spruce,urædd is physical description of spruce,0.8,"The obfuscated text 'urædd is physical description of spruce' still contains the key phrase 'physical description of spruce', which is very similar to the original text 'what is physical description of spruce'. This suggests a high level of information leakage, as the main topic of the original text is still clearly identifiable in the obfuscated text.",llama-3.3-70b-versatile
1113437,what is physical description of spruce,would called physical genetic lamellar staggs,0.7,"The obfuscated text still contains the word 'physical' and 'spruce' which are present in the original text, indicating some information leakage",llama-3.3-70b-versatile
1113437,what is physical description of spruce,say is 90.57 description of spruce,0.8,"The obfuscated text still contains the word 'description of spruce', which is a significant part of the original text, indicating a high level of information leakage.",llama-3.3-70b-versatile
1113437,what is physical description of spruce,""" "" physical ] large spruce",0.8,"The obfuscated text contains the word 'spruce' and the phrase 'physical description', which is similar to the original text, indicating a high level of information leakage.",llama-3.3-70b-versatile
1113437,what is physical description of spruce,109.68 turobin physical describe of tresgrandas,0.4,"The obfuscated text contains some words related to the original text, but the meaning is not clearly preserved, indicating partial information leakage.",llama-3.3-70b-versatile
1113437,what is physical description of spruce,truman either physical georgia-alabama aftermath infantiles,0.7,"The obfuscated text still contains the word 'physical' and 'spruce' which are present in the original text, indicating some information leakage",llama-3.3-70b-versatile
1113437,what is physical description of spruce,`` enterprise-level physical description of itzamnaaj,0.2,"The obfuscated text contains some words related to the original text, but the meaning is completely changed and no information about the physical description of spruce is preserved.",llama-3.3-70b-versatile
1113437,what is physical description of spruce,what assist apophis description death douglas-fir,0.2,"The obfuscated text still contains the word 'description' which is present in the original text, but it does not contain the word 'spruce'. However, it contains 'douglas-fir' which is a type of tree, indicating some level of information leakage about the topic of trees, but not specifically about spruce.",llama-3.3-70b-versatile
1112341,what is the daily life of thai people,"clearly silicon negationist daily life tekeste thai 66,500",0.7,"The obfuscated text still contains the phrase 'daily life' and 'thai', which are key components of the original text, indicating a significant amount of information leakage. However, the addition of unrelated words and numbers reduces the leakage to some extent.",llama-3.3-70b-versatile
1112341,what is the daily life of thai people,mccurry calif. continuing daily adjust 's foreign people,0.4,"The obfuscated text still contains the word 'daily' and 'people' which are present in the original text, indicating some information leakage. However, the context and other words have been changed, reducing the leakage. The score is 0.4.",llama-3.3-70b-versatile
1112341,what is the daily life of thai people,critics roc most daily grasp cerebral cw02 people,0.4,"The obfuscated text still contains the word 'daily' and 'people', which are present in the original text, indicating some information leakage. However, the context and other words have been significantly altered, reducing the overall information leakage.",llama-3.3-70b-versatile
1112341,what is the daily life of thai people,what is the daily life part cambodian people,0.6,"The obfuscated text still contains the phrase 'daily life' which is present in the original text, and also mentions a specific group of people, indicating some information leakage. However, it replaces 'thai' with 'cambodian', which reduces the information leakage.",llama-3.3-70b-versatile
1112341,what is the daily life of thai people,expecting gelang the daily life of thai persons,0.8,"The obfuscated text still contains the key phrases 'daily life' and 'thai', indicating a significant information leakage from the original text.",llama-3.3-70b-versatile
1112341,what is the daily life of thai people,what is its daily life recognized thai people,0.8,"The obfuscated text still contains the key phrases 'daily life' and 'thai people', indicating a high level of information leakage from the original text.",llama-3.3-70b-versatile
1112341,what is the daily life of thai people,do atsimo-atsinanana aims daily had of thai people,0.8,"The obfuscated text still contains the key phrases 'daily life' and 'thai people', which are present in the original text, indicating significant information leakage.",llama-3.3-70b-versatile
1112341,what is the daily life of thai people,what worship roots daily dan of woda people,0.4,"The obfuscated text still contains the phrase 'daily' and 'people', which are present in the original text, but the context and other words have been changed, indicating some information leakage. However, the country 'thai' is replaced with 'woda', which reduces the information leakage. Therefore, the score is 0.4.",llama-3.3-70b-versatile
1112341,what is the daily life of thai people,skeptical additional mentioned reysen regards leading jongjohor orphans,0.0,"The obfuscated text does not contain any information related to the daily life of Thai people, thus the score is 0",llama-3.3-70b-versatile
1112341,what is the daily life of thai people,what morales yong quoted healthy chain thai national,0.4,"The obfuscated text still contains the word 'thai' and 'national' which is related to the original text, but the meaning is altered and some words are changed or added, so the information leakage score is 0.4",llama-3.3-70b-versatile
833860,what is the most popular food in switzerland,just attuned the number chidamabaram tiebout _ specialising,0.0,"The obfuscated text does not contain any relevant information from the original text, indicating a low information leakage score.",llama-3.3-70b-versatile
833860,what is the most popular food in switzerland,you treasured iaf luce popular food yorke switzerland,0.8,"The obfuscated text still contains key words from the original text, such as 'popular food' and 'switzerland', indicating significant information leakage.",llama-3.3-70b-versatile
833860,what is the most popular food in switzerland,what midst the leading rahf food not switzerland,0.7,"The obfuscated text still contains key words from the original text, such as 'what', 'food', and 'switzerland', indicating significant information leakage.",llama-3.3-70b-versatile
833860,what is the most popular food in switzerland,what is rangitata regarded rankings food in switzerland,0.8,"The obfuscated text still contains the key words 'what', 'food', 'in', and 'switzerland', which are present in the original text, indicating significant information leakage.",llama-3.3-70b-versatile
833860,what is the most popular food in switzerland,what sector tentacle weathered popular meat season baddawi,0.4,"The obfuscated text still contains some of the original keywords such as 'what', 'popular', but the context and other keywords have been changed, indicating some information leakage.",llama-3.3-70b-versatile
833860,what is the most popular food in switzerland,it is ferney making popular arguing nearby switzerland,0.4,"The obfuscated text still contains the key words 'popular' and 'switzerland', which are present in the original text, indicating some information leakage. However, the context and other words have been changed, reducing the leakage. The score is 0.4 because about 40% of the original information is still present.",llama-3.3-70b-versatile
833860,what is the most popular food in switzerland,we is the flamboyant popular food in united,0.4,"The obfuscated text still contains the word 'popular' and 'food' and 'in', which are present in the original text, but it does not contain the word 'switzerland' and instead contains 'united', thus the information leakage score is 0.4",llama-3.3-70b-versatile
833860,what is the most popular food in switzerland,said mr what objectionable popular food form switzerland,0.7,"The obfuscated text still contains the key words 'popular food' and 'switzerland', which are present in the original text, indicating a significant information leakage.",llama-3.3-70b-versatile
833860,what is the most popular food in switzerland,what dangerous department most popular food w.k. switzerland,0.8,"The obfuscated text still contains the key words 'what', 'popular food', and 'switzerland', which are present in the original text, indicating a significant amount of information leakage.",llama-3.3-70b-versatile
833860,what is the most popular food in switzerland,afterwards is tiri other popular food bo switzerland,0.7,"The obfuscated text still contains the key words 'popular food' and 'switzerland', which are present in the original text, indicating a significant information leakage.",llama-3.3-70b-versatile
855410,what is theraderm used for,"mean , leapfrog 2,371 jig",0.0,"The obfuscated text does not contain any relevant information from the original text, indicating a low information leakage score.",llama-3.3-70b-versatile
855410,what is theraderm used for,what is jasta aiders fill-in,0.7,"The obfuscated text 'what is jasta aiders fill-in' still contains the original phrase 'what is' which is a significant part of the original text 'what is theraderm used for', indicating a high level of information leakage. However, the rest of the text has been obfuscated, reducing the leakage. Therefore, a moderate to high score is justified.",llama-3.3-70b-versatile
855410,what is theraderm used for,selten currently jesuli or for,0.2,"The obfuscated text 'selten currently jesuli or for' does not convey the same meaning as the original text 'what is theraderm used for', but some words are similar in structure, indicating a score of 0.2 for information leakage.",llama-3.3-70b-versatile
855410,what is theraderm used for,knows is solomon hood warned,0.1,"The obfuscated text does not resemble the original text in any way, indicating a high level of obfuscation.",llama-3.3-70b-versatile
855410,what is theraderm used for,asked rupturing allergan used him,0.1,"The obfuscated text does not contain any relevant information about the original text, which is about the use of theraderm. The words in the obfuscated text are unrelated to the original text, indicating minimal information leakage.",llama-3.3-70b-versatile
855410,what is theraderm used for,_ is degraded used verses,0.2,"The obfuscated text '_ is degraded used verses' does not convey the same meaning as the original text 'what is theraderm used for', but it contains the word 'used' which is present in the original text, indicating some information leakage. However, the context and the main subject 'theraderm' are completely lost, resulting in a relatively low score.",llama-3.3-70b-versatile
855410,what is theraderm used for,much along rhill ḩoseyn $,0.1,"The obfuscated text does not contain any relevant information from the original text, indicating a low information leakage score.",llama-3.3-70b-versatile
855410,what is theraderm used for,feel should twenty used for,0.2,The obfuscated text does not contain any relevant information about the original text 'what is theraderm used for'. The words are completely different and do not provide any context or meaning related to the original text.,llama-3.3-70b-versatile
855410,what is theraderm used for,boss are metrowest formerly medisave,0.1,"The obfuscated text does not contain any relevant information from the original text, indicating minimal information leakage.",llama-3.3-70b-versatile
855410,what is theraderm used for,that returns milliron method poweruser,0.1,"The obfuscated text does not contain any relevant information from the original text, indicating minimal information leakage.",llama-3.3-70b-versatile
1110199,what is wifi vs bluetooth,mcintire is scrapie vs bluetooth,0.2,"The obfuscated text has replaced 'what is wifi' with 'mcintire is scrapie', which significantly alters the original meaning, but 'bluetooth' remains the same, indicating some information leakage.",llama-3.3-70b-versatile
1110199,what is wifi vs bluetooth,what this aborigine beaconsfield netware,0.3,"The obfuscated text 'what this aborigine beaconsfield netware' has some similarity to the original text 'what is wifi vs bluetooth' in terms of the word 'what' and 'vs', but the rest of the words are completely different, indicating a moderate level of information leakage.",llama-3.3-70b-versatile
1110199,what is wifi vs bluetooth,he tebbit .0204 vs bluetooth,0.2,"The obfuscated text 'he tebbit .0204 vs bluetooth' has some similarity to the original text 'what is wifi vs bluetooth' in that it contains the word 'vs' and 'bluetooth', but the other words are completely different, indicating a low level of information leakage.",llama-3.3-70b-versatile
1110199,what is wifi vs bluetooth,they is maxvorstadt vs bluetooth,0.4,"The obfuscated text 'they is maxvorstadt vs bluetooth' still contains the word 'bluetooth' which is present in the original text, and 'vs' which is also present in the original text, indicating some information leakage. However, the other words have been replaced, indicating some level of obfuscation. Therefore, the score is 0.4",llama-3.3-70b-versatile
1110199,what is wifi vs bluetooth,some is inter-zonal anders bluetooth,0.2,"The obfuscated text still contains the word 'bluetooth' which is present in the original text, but other words are completely different, indicating some information leakage",llama-3.3-70b-versatile
1110199,what is wifi vs bluetooth,vividly admete psary vs bluetooth,0.2,"The obfuscated text 'vividly admete psary vs bluetooth' has some similarity to the original text 'what is wifi vs bluetooth' in terms of structure, but the key terms 'wifi' and 'is' have been replaced with unrelated words, indicating a significant level of obfuscation. However, the word 'vs' and 'bluetooth' remain the same, which suggests some information leakage. Therefore, the score is 0.2.",llama-3.3-70b-versatile
1110199,what is wifi vs bluetooth,if is known vs bluetooth,0.2,"The obfuscated text 'if is known vs bluetooth' still contains the word 'bluetooth' which is present in the original text, but the context and other words are completely different, indicating some information leakage.",llama-3.3-70b-versatile
1110199,what is wifi vs bluetooth,plagues iğdır kalaje vs bluetooth,0.4,"The obfuscated text 'plagues iğdır kalaje vs bluetooth' has some similarity to the original text 'what is wifi vs bluetooth' in terms of structure, but the key terms 'wifi' and 'bluetooth' are replaced with unrelated words, indicating a moderate level of information leakage.",llama-3.3-70b-versatile
1110199,what is wifi vs bluetooth,we baculovirus xiushan vs bluetooth,0.1,"The obfuscated text 'we baculovirus xiushan vs bluetooth' has very little resemblance to the original text 'what is wifi vs bluetooth', with most of the key terms being replaced with unrelated words, indicating minimal information leakage.",llama-3.3-70b-versatile
1110199,what is wifi vs bluetooth,mediocre is wifi theophoric bluetooth,0.6,"The obfuscated text still contains the word 'wifi' and 'bluetooth' which are present in the original text, indicating some information leakage",llama-3.3-70b-versatile
915593,what types of food can you cook sous vide,believe management 91.44 food steals we bonnett dasanayake vide,0.2,"The obfuscated text still contains the words 'food' and 'vide', which are present in the original text. This indicates some information leakage, but the context and meaning are largely obscured. The score is 0.2, reflecting a low level of information leakage.",llama-3.3-70b-versatile
915593,what types of food can you cook sous vide,? rieussec acha food can 'm cook lies centrals,0.4,"The obfuscated text still contains the words 'food' and 'cook', which are present in the original text, indicating some information leakage. However, the context and other words have been changed, reducing the leakage. The score is 0.4, reflecting a moderate level of information leakage.",llama-3.3-70b-versatile
915593,what types of food can you cook sous vide,what 33-31 of food merely speed cook sous pandeiro,0.7,"The obfuscated text still contains the key words 'what', 'food', 'cook', and 'sous', which are present in the original text, indicating a significant amount of information leakage.",llama-3.3-70b-versatile
915593,what types of food can you cook sous vide,what deprecates spacing food silicon you cook mozingo vide,0.8,"The obfuscated text still contains the key words 'what', 'food', 'cook', and 'vide' which are present in the original text, indicating significant information leakage.",llama-3.3-70b-versatile
915593,what types of food can you cook sous vide,regarding types zenia tutchone ' reset 94.81 vole vide,0.2,"The obfuscated text still contains the word 'vide' and some other related words, but the context and meaning are completely changed, indicating a significant level of obfuscation.",llama-3.3-70b-versatile
915593,what types of food can you cook sous vide,lamrani game-winner shadowy food mysak you drainie towners mlink,0.2,"The obfuscated text still contains some words related to the original text, such as 'food' and 'vide', but the context and meaning are completely changed, indicating a significant level of obfuscation.",llama-3.3-70b-versatile
915593,what types of food can you cook sous vide,memory types of told they says dang sous aerio,0.4,"The obfuscated text still contains the word 'sous' which is similar to 'sous vide', and the word 'types' and 'of' are also present, indicating some information leakage",llama-3.3-70b-versatile
915593,what types of food can you cook sous vide,it kinds ivorian food can pair rqs sous vide,0.6,"The obfuscated text still contains the key words 'sous vide' and 'food can', which are present in the original text, indicating some information leakage.",llama-3.3-70b-versatile
915593,what types of food can you cook sous vide,they types of stranorlar operator yourself cover sous vide,0.7,"The obfuscated text still contains the phrase 'sous vide' and the word 'types' and 'of' and 'food' and 'can' and 'cook' are partially preserved, indicating a significant information leakage",llama-3.3-70b-versatile
915593,what types of food can you cook sous vide,doghouse group of cereal impress opportunities_st cook ateliers rungfapaisarn,0.2,"The obfuscated text does not contain any relevant information about the original text, but some words are similar.",llama-3.3-70b-versatile
962179,when was the salvation army founded,yeltsin was medjidie salvation ayrault 28.28,0.2,"The obfuscated text does not reveal any information about the founding of the Salvation Army, but it does contain the word 'salvation', which is related to the original text. However, the context and meaning are completely different. The score is 0.2 because the word 'salvation' is present, but it does not provide any meaningful information about the founding of the Salvation Army.",llama-3.3-70b-versatile
962179,when was the salvation army founded,occupying front block salvation army founded,0.8,"The obfuscated text still contains the key phrases 'salvation army' and 'founded', which are present in the original text, indicating a significant amount of information leakage.",llama-3.3-70b-versatile
962179,when was the salvation army founded,"ms. was ferreira 90,800 army design",0.2,"The obfuscated text still contains the word 'army' which is present in the original text, but the context and other words are completely different, indicating some information leakage.",llama-3.3-70b-versatile
962179,when was the salvation army founded,when was cineplexes salvation army founded,0.8,"The obfuscated text still contains the key words 'salvation army' and 'founded', which are present in the original text, indicating significant information leakage.",llama-3.3-70b-versatile
962179,when was the salvation army founded,"war 1,359 klejn salvation zna levi",0.4,"The obfuscated text 'war 1,359 klejn salvation zna levi' has some words similar to the original text, but most of the content is different, indicating moderate information leakage.",llama-3.3-70b-versatile
962179,when was the salvation army founded,mosgiel morgan the liisa army founded,0.4,"The obfuscated text 'mosgiel morgan the liisa army founded' still contains the word 'army' and 'founded' which are present in the original text, but the context and other words are completely different, indicating some information leakage.",llama-3.3-70b-versatile
962179,when was the salvation army founded,imanaliyev being sleeves rebirth colonel graham,0.0,"The obfuscated text 'imanaliyev being sleeves rebirth colonel graham' does not contain any information from the original text 'when was the salvation army founded', so the score is 0",llama-3.3-70b-versatile
962179,when was the salvation army founded,then guennec the funtleyder brig. founded,0.1,"The obfuscated text 'then guennec the funtleyder brig. founded' has some similar structure to the original text 'when was the salvation army founded', but with completely different words, indicating very little information leakage.",llama-3.3-70b-versatile
962179,when was the salvation army founded,nationwide penitentiary jabouri 34m evidence founded,0.2,"The obfuscated text does not contain any relevant information about the founding of the Salvation Army, with words like 'nationwide', 'penitentiary', 'jabouri', '34m', and 'evidence' being unrelated to the original text.",llama-3.3-70b-versatile
962179,when was the salvation army founded,frontsin was the 34.44 cannot founded,0.4,"The obfuscated text 'frontsin was the 34.44 cannot founded' has some similarity to the original text 'when was the salvation army founded' but with significant changes, including 'frontsin' instead of 'when', '34.44' which seems unrelated, and 'cannot' which changes the meaning entirely. However, it retains the word 'was' and 'the' and 'founded', indicating some level of information leakage. Given these changes, the score should reflect a moderate level of information leakage.",llama-3.3-70b-versatile
1103812,who formed the commonwealth of independent states,attendees darkthrone for commonwealth of hason hsus,0.4,"The obfuscated text still contains the word 'commonwealth', which is a key term from the original text, indicating some information leakage. However, other key terms like 'formed' and 'independent states' are not present, and 'who' is replaced with 'attendees', which is not a direct match. 'darkthrone' and 'hason hsus' seem unrelated to the original text, suggesting significant obfuscation. Given this, the score should reflect partial information leakage.",llama-3.3-70b-versatile
1103812,who formed the commonwealth of independent states,said apco ’s commonwealth eye independent states,0.7,"The obfuscated text still contains the key phrases 'commonwealth' and 'independent states', which are present in the original text, indicating a significant amount of information leakage. However, the surrounding context and specific details have been altered, reducing the leakage to some extent.",llama-3.3-70b-versatile
1103812,who formed the commonwealth of independent states,held parent divide commonwealth mayor independent duddell,0.7,"The obfuscated text still contains the words 'commonwealth' and 'independent states', which are key components of the original text, indicating significant information leakage.",llama-3.3-70b-versatile
1103812,who formed the commonwealth of independent states,minin formed world commonwealth of independent canada,0.4,"The obfuscated text still contains the key words 'commonwealth' and 'independent', which are present in the original text, indicating some information leakage. However, the context and other words have been changed, reducing the leakage. The score is 0.4, reflecting a moderate level of information leakage.",llama-3.3-70b-versatile
1103812,who formed the commonwealth of independent states,often estonian serious commonwealth sisters 1934-1936 rowbury,0.4,"The obfuscated text still contains the words 'commonwealth' and 'independent', which are key components of the original text, but other words are changed or added, indicating some information leakage. However, the main subject 'who formed' is not preserved, suggesting a significant level of obfuscation.",llama-3.3-70b-versatile
1103812,who formed the commonwealth of independent states,chesimard formed the commonwealth edge independent states,0.7,"The obfuscated text still contains the key phrases 'commonwealth' and 'independent states', which are present in the original text, but the subject 'who' is replaced with 'chesimard', indicating some information leakage. However, the core information about the 'commonwealth of independent states' is preserved, hence a score of 0.7 is assigned.",llama-3.3-70b-versatile
1103812,who formed the commonwealth of independent states,who babangida finished commonwealth of independent states,0.7,"The obfuscated text still contains the key words 'commonwealth of independent states', which is similar to the original text, indicating significant information leakage. However, the subject 'who' is preserved, but the name is not, which reduces the leakage slightly.",llama-3.3-70b-versatile
1103812,who formed the commonwealth of independent states,who formed _ commonwealth ) independent ahmed,0.7,"The obfuscated text still contains the key words 'who', 'formed', 'commonwealth', and 'independent', which are present in the original text, indicating a significant amount of information leakage.",llama-3.3-70b-versatile
1103812,who formed the commonwealth of independent states,who veldhoven opposite volunteer of independent states,0.6,"The obfuscated text still contains the phrase 'independent states' which is present in the original text, but the name of the person who formed the commonwealth is not present. However, the word 'who' is present in both the original and obfuscated text, and 'commonwealth' and 'independent states' are also present, indicating some information leakage.",llama-3.3-70b-versatile
1103812,who formed the commonwealth of independent states,who formed primatech commonwealth issers independent georgia,0.6,"The obfuscated text still contains the phrase 'commonwealth of independent states' which is similar to the original text, but with some changes in the surrounding words, indicating partial information leakage.",llama-3.3-70b-versatile
1037798,who is robert gray,known biography robert nario,0.7,"The obfuscated text still contains the first name 'robert' and a similar last name 'nario' which is close to 'gray', indicating some information leakage",llama-3.3-70b-versatile
1037798,who is robert gray,who is william gray,0.5,"The obfuscated text 'who is william gray' still contains the same question structure as the original text 'who is robert gray', but with a different name, indicating some information leakage. However, the name 'robert' has been replaced with 'william', which reduces the information leakage. Therefore, the score is 0.5.",llama-3.3-70b-versatile
1037798,who is robert gray,lindsey is anzack gray,0.5,"The obfuscated text 'lindsey is anzack gray' has similar structure to the original text 'who is robert gray', but with different names, indicating some information leakage about the sentence structure, but not the specific names, thus a moderate score of 0.5 is given",llama-3.3-70b-versatile
1037798,who is robert gray,who is robert dark,0.7,"The obfuscated text 'who is robert dark' has a similar structure to the original text 'who is robert gray', with the only difference being the last name. This suggests a moderate level of information leakage, as the obfuscated text still reveals the first name and the question being asked, but changes the last name to 'dark'.",llama-3.3-70b-versatile
1037798,who is robert gray,whom aspect allen nzpa,0.1,"The obfuscated text 'whom aspect allen nzpa' has very little resemblance to the original text 'who is robert gray', indicating a low information leakage score of 0.1",llama-3.3-70b-versatile
1037798,who is robert gray,take is edward gray,0.5,"The obfuscated text 'take is edward gray' has some similarity to the original text 'who is robert gray' but with changes in the first word and the name, indicating partial information leakage",llama-3.3-70b-versatile
1037798,who is robert gray,grandfather circumnavigate the gray,0.4,"The obfuscated text still contains the word 'gray' which is present in the original text, but the name 'robert' has been changed to 'grandfather' and 'circumnavigate' has been added, indicating some information leakage, but not complete.",llama-3.3-70b-versatile
1037798,who is robert gray,colchoneros is robert gray,0.8,"The obfuscated text still contains the name 'robert gray' which is similar to the original text 'robert gray', indicating a high level of information leakage",llama-3.3-70b-versatile
1037798,who is robert gray,tarzan .470 1.3673 suhrawardi,0.0,"The obfuscated text 'tarzan .470 1.3673 suhrawardi' does not contain any information from the original text 'who is robert gray', so the score is 0",llama-3.3-70b-versatile
1037798,who is robert gray,gallion because eutin carhartt,0.0,The obfuscated text does not contain any information related to the original text 'who is robert gray'.,llama-3.3-70b-versatile
1063750,why did the us volunterilay enter ww1,bulldogs did the us setha enter 419.3,0.2,"The obfuscated text has changed the original words to unrelated words, but the structure of the sentence remains the same. The score is 0.2 because some information about the sentence structure is preserved, but the meaning is completely lost.",llama-3.3-70b-versatile
1063750,why did the us volunterilay enter ww1,`` hsiao the salita nutritional forestry haft,0.1,"The obfuscated text does not contain any recognizable words or phrases from the original text, indicating a high level of obfuscation.",llama-3.3-70b-versatile
1063750,why did the us volunterilay enter ww1,answering glenn which us more enter barlow,0.4,"The obfuscated text 'answering glenn which us more enter barlow' has some similar words to the original text 'why did the us volunterilay enter ww1', such as 'us' and 'enter', but the meaning and context are completely different, indicating a moderate level of information leakage.",llama-3.3-70b-versatile
1063750,why did the us volunterilay enter ww1,second did classification diplomat varangians eizenberg malfoys,0.1,"The obfuscated text does not contain any recognizable words or phrases from the original text, indicating a high level of obfuscation.",llama-3.3-70b-versatile
1063750,why did the us volunterilay enter ww1,skwy recall late 9.7 redwood ingénue q104,0.1,"The obfuscated text does not retain any significant information from the original text, with completely different words and structure, indicating minimal information leakage.",llama-3.3-70b-versatile
1063750,why did the us volunterilay enter ww1,`` made most us lattakia uzcategui ww1,0.6,"The obfuscated text still contains the keywords 'us' and 'ww1', which are present in the original text, indicating some information leakage.",llama-3.3-70b-versatile
1063750,why did the us volunterilay enter ww1,churches majewski levant weel 13-ounce 1986-97 ww1,0.4,"The obfuscated text still contains the phrase 'ww1' which is present in the original text, indicating some information leakage. However, the context and surrounding words are completely different, suggesting a moderate level of obfuscation.",llama-3.3-70b-versatile
1063750,why did the us volunterilay enter ww1,why somebody baulch u.s. travaligni every transylvania,0.4,"The obfuscated text still contains some recognizable words and phrases from the original text, such as 'why' and 'u.s.', but the meaning and context have been significantly altered, indicating moderate information leakage.",llama-3.3-70b-versatile
1063750,why did the us volunterilay enter ww1,me arrest fx45 us barksdale meaders olivares,0.0,"The obfuscated text does not retain any significant information from the original text, with completely unrelated words and phrases used.",llama-3.3-70b-versatile
1063750,why did the us volunterilay enter ww1,beetle edward the us chips entering castalian,0.2,"The obfuscated text 'beetle edward the us chips entering castalian' still contains the phrase 'the us', which is present in the original text, indicating some information leakage. However, the context and other words have been significantly altered, reducing the overall information leakage. Therefore, a score of 0.2 is assigned.",llama-3.3-70b-versatile
