id,text,obfuscatedText,score,justification,model
16,aaa proteins,aaa proteins,5.0,No change from original text,llama-3.3-70b-versatile
16,aaa proteins,aaa proteins,5.0,No change from original text,llama-3.3-70b-versatile
16,aaa proteins,aaa proteins,5.0,No change from original text,llama-3.3-70b-versatile
16,aaa proteins,aaa proteins,5.0,No change from original text,llama-3.3-70b-versatile
16,aaa proteins,aaa proteins,5.0,No change from original text,llama-3.3-70b-versatile
16,aaa proteins,aaa proteins,5.0,No change from original text,llama-3.3-70b-versatile
16,aaa proteins,andrassy proteins,1.0,Different root word,llama-3.3-70b-versatile
16,aaa proteins,intermountain proteins,1.0,Different root word,llama-3.3-70b-versatile
16,aaa proteins,22000 proteins,1.0,Different root word and numeric value,llama-3.3-70b-versatile
16,aaa proteins,aaa proteins,5.0,No change from original text,llama-3.3-70b-versatile
40,antigens expressed by lung epithelial cells,antigens expressed judgement semiclassical granules cells,2.0,"The word 'judgement' and 'semiclassical granules' are unrelated to the original text, indicating minimal information leakage.",llama-3.3-70b-versatile
40,antigens expressed by lung epithelial cells,antigens olusegun supported lung epithelial calcium,2.0,"The word 'olusegun' and 'calcium' are unrelated to the original text, indicating minimal information leakage.",llama-3.3-70b-versatile
40,antigens expressed by lung epithelial cells,antigens expressed by disparities epithelial cells,3.0,"The word 'disparities' is unrelated to the original text, indicating some information leakage.",llama-3.3-70b-versatile
40,antigens expressed by lung epithelial cells,clench incomes micklethwait lung epithelial activation,1.0,"The words 'clench', 'incomes', 'micklethwait', and 'activation' are unrelated to the original text, indicating minimal information leakage.",llama-3.3-70b-versatile
40,antigens expressed by lung epithelial cells,antigens expressed dewey lung aafl cells,2.0,"The word 'dewey' and 'aafl' are unrelated to the original text, indicating minimal information leakage.",llama-3.3-70b-versatile
40,antigens expressed by lung epithelial cells,expreso intention by lung epithelial cells,3.0,"The word 'expreso' and 'intention' are unrelated to the original text, indicating some information leakage.",llama-3.3-70b-versatile
40,antigens expressed by lung epithelial cells,153.9 voiced by lung underbody cells,1.0,"The numbers '153.9' and the word 'voiced' and 'underbody' are unrelated to the original text, indicating minimal information leakage.",llama-3.3-70b-versatile
40,antigens expressed by lung epithelial cells,antigens expressed by incurable epithelial cells,3.0,"The word 'incurable' is unrelated to the original text, indicating some information leakage.",llama-3.3-70b-versatile
40,antigens expressed by lung epithelial cells,crystallized expressed by lung epithelial cell,3.0,"The word 'crystallized' is unrelated to the original text, indicating some information leakage.",llama-3.3-70b-versatile
40,antigens expressed by lung epithelial cells,antigens vice jantjes lung epithelial cells,2.0,"The word 'vice' and 'jantjes' are unrelated to the original text, indicating minimal information leakage.",llama-3.3-70b-versatile
15,atpase and apoptosis,atpase right apoptosis,4.0,"The word 'and' is replaced with 'right', but the context is still clear",llama-3.3-70b-versatile
15,atpase and apoptosis,atpase three apoptosis,4.0,"The word 'and' is replaced with 'three', but the context is still clear",llama-3.3-70b-versatile
15,atpase and apoptosis,atpase and diachronic,1.0,"The word 'apoptosis' is replaced with 'diachronic', which is unrelated",llama-3.3-70b-versatile
15,atpase and apoptosis,atpase serves apoptosis,4.0,"The word 'and' is replaced with 'serves', but the context is still clear",llama-3.3-70b-versatile
15,atpase and apoptosis,atpase contortionists apoptosis,2.0,"The word 'and' is replaced with 'contortionists', which is unrelated",llama-3.3-70b-versatile
15,atpase and apoptosis,atpase suit d-mi,1.0,"The word 'apoptosis' is replaced with 'd-mi', which is unrelated and 'and' is missing",llama-3.3-70b-versatile
15,atpase and apoptosis,atpase having apoptosis,4.0,"The word 'and' is replaced with 'having', but the context is still clear",llama-3.3-70b-versatile
15,atpase and apoptosis,atpase with apoptosis,4.0,"The word 'and' is replaced with 'with', but the context is still clear",llama-3.3-70b-versatile
15,atpase and apoptosis,atpase methodologies apoptosis,4.0,"The word 'and' is replaced with 'methodologies', but the context is still clear",llama-3.3-70b-versatile
15,atpase and apoptosis,atpase few p53,2.0,"The word 'apoptosis' is replaced with 'p53', which is related but 'and' is replaced with 'few'",llama-3.3-70b-versatile
11,carcinogenesis and hairless mice,carcinogenesis challenged hairless mice,4.0,The word 'challenged' is added but 'carcinogenesis' and 'hairless mice' are still present,llama-3.3-70b-versatile
11,carcinogenesis and hairless mice,computer-mediated british hairless giorno,1.0,The text is completely different from the original,llama-3.3-70b-versatile
11,carcinogenesis and hairless mice,carcinogenesis wedderburn hairless mice,4.0,The word 'wedderburn' is added but 'carcinogenesis' and 'hairless mice' are still present,llama-3.3-70b-versatile
11,carcinogenesis and hairless mice,suppositories silver hairless marneuli,1.0,The text is completely different from the original,llama-3.3-70b-versatile
11,carcinogenesis and hairless mice,1.775 and hairless mice,3.0,The number '1.775' is present instead of 'carcinogenesis' but 'and hairless mice' is still present,llama-3.3-70b-versatile
11,carcinogenesis and hairless mice,carcinogenesis and hairless mice,5.0,The text is identical to the original,llama-3.3-70b-versatile
11,carcinogenesis and hairless mice,carcinogenesis beards hairless mice,4.0,The word 'beards' is added but 'carcinogenesis' and 'hairless mice' are still present,llama-3.3-70b-versatile
11,carcinogenesis and hairless mice,rhoose corner hairless mice,1.0,The text is completely different from the original,llama-3.3-70b-versatile
11,carcinogenesis and hairless mice,sjöström ready hairless rats,1.0,"The text is completely different from the original, also 'rats' is used instead of 'mice'",llama-3.3-70b-versatile
11,carcinogenesis and hairless mice,semi-documentary stars nyit mice,1.0,The text is completely different from the original,llama-3.3-70b-versatile
25,cause of scleroderma,justice 1948 kocher,1.0,justice 1948 kocher: no relation to scleroderma,llama-3.3-70b-versatile
25,cause of scleroderma,advertisement of 9.325,1.0,advertisement of 9.325: unrelated to scleroderma,llama-3.3-70b-versatile
25,cause of scleroderma,causes of deep-rooted,3.0,causes of deep-rooted: partial information leakage,llama-3.3-70b-versatile
25,cause of scleroderma,cause preparedness scleroderma,5.0,cause preparedness scleroderma: high information leakage,llama-3.3-70b-versatile
25,cause of scleroderma,cause disciple jozami,1.0,cause disciple jozami: no relation to scleroderma,llama-3.3-70b-versatile
25,cause of scleroderma,cause of agraphia,1.0,cause of agraphia: no relation to scleroderma,llama-3.3-70b-versatile
25,cause of scleroderma,cause community scleroderma,5.0,cause community scleroderma: high information leakage,llama-3.3-70b-versatile
25,cause of scleroderma,cause cove scleroderma,5.0,cause cove scleroderma: high information leakage,llama-3.3-70b-versatile
25,cause of scleroderma,malfunctions mountain vulvar,1.0,malfunctions mountain vulvar: no relation to scleroderma,llama-3.3-70b-versatile
25,cause of scleroderma,motive scotland untallied,1.0,motive scotland untallied: no relation to scleroderma,llama-3.3-70b-versatile
19,comparison of promoters of gal1 and suc1,comparison athletics promoters pulling luc major lahad,4.0,"The obfuscated text 'comparison athletics promoters pulling luc major lahad' still contains the word 'comparison' and 'promoters', which is similar to the original text, thus it has a score of 4",llama-3.3-70b-versatile
19,comparison of promoters of gal1 and suc1,comparison argentine 33.00 lifestyle manu'a comment cumbrae,2.0,"The obfuscated text 'comparison argentine 33.00 lifestyle manu'a comment cumbrae' contains the word 'comparison' but the context is completely different, thus it has a score of 2",llama-3.3-70b-versatile
19,comparison of promoters of gal1 and suc1,comparison of yangzi usa nnsa patterned pokemon,3.0,"The obfuscated text 'comparison of yangzi usa nnsa patterned pokemon' contains the word 'comparison' and 'of' which is similar to the original text, thus it has a score of 3",llama-3.3-70b-versatile
19,comparison of promoters of gal1 and suc1,comparison increase original protect schaumburg families rovers,2.0,"The obfuscated text 'comparison increase original protect schaumburg families rovers' contains the word 'comparison' but the context is completely different, thus it has a score of 2",llama-3.3-70b-versatile
19,comparison of promoters of gal1 and suc1,i-195 colony faroon of citibank burrell overinflated,1.0,"The obfuscated text 'i-195 colony faroon of citibank burrell overinflated' does not contain any similar words to the original text, thus it has a score of 1",llama-3.3-70b-versatile
19,comparison of promoters of gal1 and suc1,nagaragawa regionalligas choreograph scheme frontrunner concordia consultative,1.0,"The obfuscated text 'nagaragawa regionalligas choreograph scheme frontrunner concordia consultative' does not contain any similar words to the original text, thus it has a score of 1",llama-3.3-70b-versatile
19,comparison of promoters of gal1 and suc1,comparison ajax snowstorm long ellerbe sisters swat,2.0,"The obfuscated text 'comparison ajax snowstorm long ellerbe sisters swat' contains the word 'comparison' but the context is completely different, thus it has a score of 2",llama-3.3-70b-versatile
19,comparison of promoters of gal1 and suc1,comparison of chaperons of mil overseers 50-foot,3.0,"The obfuscated text 'comparison of chaperons of mil overseers 50-foot' contains the word 'comparison' and 'of' which is similar to the original text, thus it has a score of 3",llama-3.3-70b-versatile
19,comparison of promoters of gal1 and suc1,comparing direction promoters of hidden view dalya,4.0,"The obfuscated text 'comparing direction promoters of hidden view dalya' contains the word 'promoters' and 'of' which is similar to the original text, thus it has a score of 4",llama-3.3-70b-versatile
19,comparison of promoters of gal1 and suc1,domestic lord promoters founding masseuses both godfather,3.0,"The obfuscated text 'domestic lord promoters founding masseuses both godfather' contains the word 'promoters' which is similar to the original text, thus it has a score of 3",llama-3.3-70b-versatile
8,correlation between dna repair pathways and skin cancer,khattabi sounds dna gaudapada member-states and detracted cancer,1.0,The obfuscated text 'khattabi sounds dna gaudapada member-states and detracted cancer' has a score of 1 because it does not convey the original meaning.,llama-3.3-70b-versatile
8,correlation between dna repair pathways and skin cancer,correlation between dna pierce autonomic lyrics skin tuberculosis,2.0,The obfuscated text 'correlation between dna pierce autonomic lyrics skin tuberculosis' has a score of 2 because it contains some related keywords but changes the context.,llama-3.3-70b-versatile
8,correlation between dna repair pathways and skin cancer,dependent between dna repair pathway work skin tenderness,3.0,The obfuscated text 'dependent between dna repair pathway work skin tenderness' has a score of 3 because it maintains some of the original keywords but alters the relationship.,llama-3.3-70b-versatile
8,correlation between dna repair pathways and skin cancer,correlation between coiled repair pathways 2005 veld cancer,4.0,The obfuscated text 'correlation between coiled repair pathways 2005 veld cancer' has a score of 4 because it retains most of the original keywords but changes some details.,llama-3.3-70b-versatile
8,correlation between dna repair pathways and skin cancer,hylton two dna repair pathways winners skin cancer,5.0,The obfuscated text 'hylton two dna repair pathways winners skin cancer' has a score of 5 because it conveys the same meaning as the original text with minimal changes.,llama-3.3-70b-versatile
8,correlation between dna repair pathways and skin cancer,explanation other dna scratched velour rounds cloned cancer,1.0,The obfuscated text 'explanation other dna scratched velour rounds cloned cancer' has a score of 1 because it does not convey the original meaning.,llama-3.3-70b-versatile
8,correlation between dna repair pathways and skin cancer,correlation fencing dna repair millikan compulsory skin cancer,4.0,The obfuscated text 'correlation fencing dna repair millikan compulsory skin cancer' has a score of 4 because it retains most of the original keywords but changes some details.,llama-3.3-70b-versatile
8,correlation between dna repair pathways and skin cancer,qualitative end dna repair pathways many baluchi cancer,4.0,The obfuscated text 'qualitative end dna repair pathways many baluchi cancer' has a score of 4 because it retains most of the original keywords but changes some details.,llama-3.3-70b-versatile
8,correlation between dna repair pathways and skin cancer,contrast between dna repair pathways witnesses skin cancer,5.0,The obfuscated text 'contrast between dna repair pathways witnesses skin cancer' has a score of 5 because it conveys the same meaning as the original text with minimal changes.,llama-3.3-70b-versatile
7,dna repair and oxidative stress,analyzing armour i-qula oxidative exhaustion,1.0,"analyzing armour i-qula oxidative exhaustion: 1, as it does not convey the original meaning",llama-3.3-70b-versatile
7,dna repair and oxidative stress,dna repair viet oxidative stress,4.0,"dna repair viet oxidative stress: 4, as it partially conveys the original meaning",llama-3.3-70b-versatile
7,dna repair and oxidative stress,dna repair siblings oxidative stress,4.0,"dna repair siblings oxidative stress: 4, as it partially conveys the original meaning",llama-3.3-70b-versatile
7,dna repair and oxidative stress,dna repair takes oxidative stress,4.0,"dna repair takes oxidative stress: 4, as it partially conveys the original meaning",llama-3.3-70b-versatile
7,dna repair and oxidative stress,dna repair macaroni ready-to-fly sprains,1.0,"dna repair macaroni ready-to-fly sprains: 1, as it does not convey the original meaning",llama-3.3-70b-versatile
7,dna repair and oxidative stress,dna dans such oxidative emotional,3.0,"dna dans such oxidative emotional: 3, as it somewhat conveys the original meaning",llama-3.3-70b-versatile
7,dna repair and oxidative stress,dna repair from oxidative adar,3.0,"dna repair from oxidative adar: 3, as it somewhat conveys the original meaning",llama-3.3-70b-versatile
7,dna repair and oxidative stress,dna repair protohistory upgrading stress,2.0,"dna repair protohistory upgrading stress: 2, as it barely conveys the original meaning",llama-3.3-70b-versatile
7,dna repair and oxidative stress,dna repair sounding appearing foster,1.0,"dna repair sounding appearing foster: 1, as it does not convey the original meaning",llama-3.3-70b-versatile
7,dna repair and oxidative stress,finds repair will oxidative stress,4.0,"finds repair will oxidative stress: 4, as it partially conveys the original meaning",llama-3.3-70b-versatile
17,do1 antibody,waterhouse antibody,2.0,"The word 'antibody' is present in both the original and obfuscated text, but 'waterhouse' is unrelated to 'do1'",llama-3.3-70b-versatile
17,do1 antibody,cio antibody,2.0,"The word 'antibody' is present in both the original and obfuscated text, but 'cio' is unrelated to 'do1'",llama-3.3-70b-versatile
17,do1 antibody,assignments antibody,2.0,"The word 'antibody' is present in both the original and obfuscated text, but 'assignments' is unrelated to 'do1'",llama-3.3-70b-versatile
17,do1 antibody,trakya contamination,1.0,The word 'contamination' is unrelated to 'antibody' and 'trakya' is unrelated to 'do1',llama-3.3-70b-versatile
17,do1 antibody,steeps tunica,1.0,The words 'steeps' and 'tunica' are unrelated to 'do1' and 'antibody',llama-3.3-70b-versatile
17,do1 antibody,programmer antibody,2.0,"The word 'antibody' is present in both the original and obfuscated text, but 'programmer' is unrelated to 'do1'",llama-3.3-70b-versatile
17,do1 antibody,whitest antibody,2.0,"The word 'antibody' is present in both the original and obfuscated text, but 'whitest' is unrelated to 'do1'",llama-3.3-70b-versatile
17,do1 antibody,gregerson antibody,2.0,"The word 'antibody' is present in both the original and obfuscated text, but 'gregerson' is unrelated to 'do1'",llama-3.3-70b-versatile
17,do1 antibody,pilch antibody,2.0,"The word 'antibody' is present in both the original and obfuscated text, but 'pilch' is unrelated to 'do1'",llama-3.3-70b-versatile
17,do1 antibody,rashleigh antibody,2.0,"The word 'antibody' is present in both the original and obfuscated text, but 'rashleigh' is unrelated to 'do1'",llama-3.3-70b-versatile
14,expression or regulation of tgfb in hnscc cancers,expression staines but sight mahala created lorton cancers,2.0,"The obfuscated text 'expression staines but sight mahala created lorton cancers' has a score of 2 because it still contains the word 'expression' and 'cancers' which are present in the original text, but the context is completely changed.",llama-3.3-70b-versatile
14,expression or regulation of tgfb in hnscc cancers,removing let regulation course ciller in elite adolescent,1.0,The obfuscated text 'removing let regulation course ciller in elite adolescent' has a score of 1 because it does not contain any words related to the original text.,llama-3.3-70b-versatile
14,expression or regulation of tgfb in hnscc cancers,legal controversial capitalism covering ugrumov spun olmert cancers,2.0,"The obfuscated text 'legal controversial capitalism covering ugrumov spun olmert cancers' has a score of 2 because it contains the word 'cancers' which is present in the original text, but the context is completely changed.",llama-3.3-70b-versatile
14,expression or regulation of tgfb in hnscc cancers,expression or pena terms 28.86 occur hocus cancers,3.0,"The obfuscated text 'expression or pena terms 28.86 occur hocus cancers' has a score of 3 because it contains the words 'expression' and 'cancers' which are present in the original text, and the word 'or' which is also present in the original text.",llama-3.3-70b-versatile
14,expression or regulation of tgfb in hnscc cancers,"downregulated 3,790 regulatory across fass controls 13:07 cancers",4.0,"The obfuscated text 'downregulated 3,790 regulatory across fass controls 13:07 cancers' has a score of 4 because it contains the word 'regulatory' which is related to 'regulation' in the original text, and the word 'cancers' which is also present in the original text.",llama-3.3-70b-versatile
14,expression or regulation of tgfb in hnscc cancers,expression plot proponents freed networkers os gwot cancers,3.0,The obfuscated text 'expression plot proponents freed networkers os gwot cancers' has a score of 3 because it contains the words 'expression' and 'cancers' which are present in the original text.,llama-3.3-70b-versatile
14,expression or regulation of tgfb in hnscc cancers,sunny insurers epa columbia cip have toured exculpatory,1.0,The obfuscated text 'sunny insurers epa columbia cip have toured exculpatory' has a score of 1 because it does not contain any words related to the original text.,llama-3.3-70b-versatile
14,expression or regulation of tgfb in hnscc cancers,client alone regulation provided nawat looking taxi cancers,4.0,"The obfuscated text 'client alone regulation provided nawat looking taxi cancers' has a score of 4 because it contains the word 'regulation' which is present in the original text, and the word 'cancers' which is also present in the original text.",llama-3.3-70b-versatile
14,expression or regulation of tgfb in hnscc cancers,expression inject regulation of fealac 1996 jianyin phish,5.0,"The obfuscated text 'expression inject regulation of fealac 1996 jianyin phish' has a score of 5 because it contains the words 'expression', 'regulation', and 'of' which are all present in the original text.",llama-3.3-70b-versatile
6,fancd2,endorsee,1.0,"No leakage, completely unrelated",llama-3.3-70b-versatile
6,fancd2,irena,1.0,"No leakage, completely unrelated",llama-3.3-70b-versatile
6,fancd2,skygazers,1.0,"No leakage, completely unrelated",llama-3.3-70b-versatile
6,fancd2,anang,1.0,"No leakage, completely unrelated",llama-3.3-70b-versatile
6,fancd2,lacquered,1.0,"No leakage, completely unrelated",llama-3.3-70b-versatile
6,fancd2,leipzig,1.0,"No leakage, completely unrelated",llama-3.3-70b-versatile
6,fancd2,lamin,1.0,"No leakage, completely unrelated",llama-3.3-70b-versatile
6,fancd2,figini,1.0,"No leakage, completely unrelated",llama-3.3-70b-versatile
6,fancd2,rohman,1.0,"No leakage, completely unrelated",llama-3.3-70b-versatile
6,fancd2,lajolo,1.0,"No leakage, completely unrelated",llama-3.3-70b-versatile
1,ferroportin-1 in humans,landes team roughly,1.0,No mention of ferroportin-1,llama-3.3-70b-versatile
1,ferroportin-1 in humans,wxia hub humans,1.0,No mention of ferroportin-1,llama-3.3-70b-versatile
1,ferroportin-1 in humans,bakersfield in pipo,1.0,No mention of ferroportin-1,llama-3.3-70b-versatile
1,ferroportin-1 in humans,shōgun delisted humans,1.0,No mention of ferroportin-1,llama-3.3-70b-versatile
1,ferroportin-1 in humans,stoel in humans,1.0,No mention of ferroportin-1,llama-3.3-70b-versatile
1,ferroportin-1 in humans,extirpated surplus human,1.0,No mention of ferroportin-1,llama-3.3-70b-versatile
1,ferroportin-1 in humans,insulators instances humans,1.0,No mention of ferroportin-1,llama-3.3-70b-versatile
1,ferroportin-1 in humans,cornea werther humans,1.0,No mention of ferroportin-1,llama-3.3-70b-versatile
1,ferroportin-1 in humans,jenkins united humans,1.0,No mention of ferroportin-1,llama-3.3-70b-versatile
1,ferroportin-1 in humans,masako ditch humans,1.0,No mention of ferroportin-1,llama-3.3-70b-versatile
26,function of bub2/bfa1 in the process of cytokinesis,function internally enrolls peaceful where process than contractures,1.0,"The obfuscated text 'function internally enrolls peaceful where process than contractures' does not contain any information related to the original text, thus it has a score of 1.",llama-3.3-70b-versatile
26,function of bub2/bfa1 in the process of cytokinesis,function customer chenār gypsy seems process written cytokinesis,4.0,"The obfuscated text 'function customer chenār gypsy seems process written cytokinesis' contains the word 'cytokinesis' which is present in the original text, thus it has a score of 4.",llama-3.3-70b-versatile
26,function of bub2/bfa1 in the process of cytokinesis,function of pathognomonic unaccounted six demolition of twayne,1.0,"The obfuscated text 'function of pathognomonic unaccounted six demolition of twayne' does not contain any information related to the original text, thus it has a score of 1.",llama-3.3-70b-versatile
26,function of bub2/bfa1 in the process of cytokinesis,function cccc nantie victory eagerly process of prophase,1.0,"The obfuscated text 'function cccc nantie victory eagerly process of prophase' does not contain any information related to the original text, thus it has a score of 1.",llama-3.3-70b-versatile
26,function of bub2/bfa1 in the process of cytokinesis,function creativity iciss in propelled process lurching cytokinesis,4.0,"The obfuscated text 'function creativity iciss in propelled process lurching cytokinesis' contains the word 'cytokinesis' which is present in the original text, thus it has a score of 4.",llama-3.3-70b-versatile
26,function of bub2/bfa1 in the process of cytokinesis,expression of guy career the process watch cytokinesis,4.0,"The obfuscated text 'expression of guy career the process watch cytokinesis' contains the word 'cytokinesis' which is present in the original text, thus it has a score of 4.",llama-3.3-70b-versatile
26,function of bub2/bfa1 in the process of cytokinesis,function liturgical rayne field the process weekly cytokinesis,4.0,"The obfuscated text 'function liturgical rayne field the process weekly cytokinesis' contains the word 'cytokinesis' which is present in the original text, thus it has a score of 4.",llama-3.3-70b-versatile
26,function of bub2/bfa1 in the process of cytokinesis,function twin fiedler outside active streamlined accusing cytokinesis,4.0,"The obfuscated text 'function twin fiedler outside active streamlined accusing cytokinesis' contains the word 'cytokinesis' which is present in the original text, thus it has a score of 4.",llama-3.3-70b-versatile
26,function of bub2/bfa1 in the process of cytokinesis,function pinnacle hdcp expo announced process of corbyn,1.0,"The obfuscated text 'function pinnacle hdcp expo announced process of corbyn' does not contain any information related to the original text, thus it has a score of 1.",llama-3.3-70b-versatile
26,function of bub2/bfa1 in the process of cytokinesis,function appearance schmalensee in structure process vacationers cytokinesis,4.0,"The obfuscated text 'function appearance schmalensee in structure process vacationers cytokinesis' contains the word 'cytokinesis' which is present in the original text, thus it has a score of 4.",llama-3.3-70b-versatile
4,gene expression profiles for kidney in mice,gene yawn intermediary for kidney in mice,2.0,"The word 'yawn' is unrelated to the original text, thus minimal information leakage",llama-3.3-70b-versatile
4,gene expression profiles for kidney in mice,mosaic borders profiles for vo2 may mice,1.0,"The words 'mosaic borders' and 'vo2 may' are unrelated to the original text, thus minimal information leakage",llama-3.3-70b-versatile
4,gene expression profiles for kidney in mice,altogether expression profiles back-up kidney in mice,2.0,"The word 'altogether' is unrelated to the original text, thus minimal information leakage",llama-3.3-70b-versatile
4,gene expression profiles for kidney in mice,smiley homosexuality profiles platform renal terms mice,1.0,"The words 'smiley homosexuality' are unrelated to the original text, thus minimal information leakage",llama-3.3-70b-versatile
4,gene expression profiles for kidney in mice,gene expressive soulages essentially fistula in mice,2.0,"The words 'expressive soulages' are unrelated to the original text, thus minimal information leakage",llama-3.3-70b-versatile
4,gene expression profiles for kidney in mice,gene vests profiles for kidney died mice,2.0,"The word 'vests' is unrelated to the original text, thus minimal information leakage",llama-3.3-70b-versatile
4,gene expression profiles for kidney in mice,gene expression profiles tussle kidney flanders mice,2.0,"The word 'tussle' is unrelated to the original text, thus minimal information leakage",llama-3.3-70b-versatile
4,gene expression profiles for kidney in mice,gene expression profiles also 48.32 sensenbrenner mice,1.0,"The words 'also 48.32 sensenbrenner' are unrelated to the original text, thus minimal information leakage",llama-3.3-70b-versatile
4,gene expression profiles for kidney in mice,gene expression kovács for kidney teach mice,2.0,"The word 'kovács' is unrelated to the original text, thus minimal information leakage",llama-3.3-70b-versatile
4,gene expression profiles for kidney in mice,gene bioscience profiles public kidney reveled mice,4.0,"The word 'bioscience' is related to the original text, thus significant information leakage",llama-3.3-70b-versatile
34,gene products of cryptococcus important to fungal survival,gene products branch africanization important rah-66 embedding success,1.0,The obfuscated text 'gene products branch africanization important rah-66 embedding success' has no relation to the original text.,llama-3.3-70b-versatile
34,gene products of cryptococcus important to fungal survival,regulating products products tarlo important filmmaker fungal esau,2.0,The obfuscated text 'regulating products products tarlo important filmmaker fungal esau' has some relation to the original text but does not convey the same meaning.,llama-3.3-70b-versatile
34,gene products of cryptococcus important to fungal survival,gene agv hemisphere r.i.c. wine-growing to fungal survival,2.0,The obfuscated text 'gene agv hemisphere r.i.c. wine-growing to fungal survival' has some relation to the original text but does not convey the same meaning.,llama-3.3-70b-versatile
34,gene products of cryptococcus important to fungal survival,graves tzekos of cryptococcus significant keys pathogen survival,4.0,The obfuscated text 'graves tzekos of cryptococcus significant keys pathogen survival' conveys some information about the original text.,llama-3.3-70b-versatile
34,gene products of cryptococcus important to fungal survival,gene foods of cryptococcus collection decided fungal aid,4.0,The obfuscated text 'gene foods of cryptococcus collection decided fungal aid' conveys some information about the original text.,llama-3.3-70b-versatile
34,gene products of cryptococcus important to fungal survival,psp products of amphisbaena infrastructure able fungal impacting,1.0,The obfuscated text 'psp products of amphisbaena infrastructure able fungal impacting' has no relation to the original text.,llama-3.3-70b-versatile
34,gene products of cryptococcus important to fungal survival,gene known rights meherrin important far fungal verrières,2.0,The obfuscated text 'gene known rights meherrin important far fungal verrières' has some relation to the original text but does not convey the same meaning.,llama-3.3-70b-versatile
34,gene products of cryptococcus important to fungal survival,gene products of wollstonecraft major to fungal survival,4.0,The obfuscated text 'gene products of wollstonecraft major to fungal survival' conveys some information about the original text.,llama-3.3-70b-versatile
34,gene products of cryptococcus important to fungal survival,gene laboratories saw overpoweringly occasions exist fungal survival,4.0,The obfuscated text 'gene laboratories saw overpoweringly occasions exist fungal survival' conveys some information about the original text.,llama-3.3-70b-versatile
2,generating transgenic mice,generating 6:13 mice,3.0,"The word 'transgenic' is replaced with a number, indicating some information leakage",llama-3.3-70b-versatile
2,generating transgenic mice,baxendale transgenic large-bodied,4.0,"The word 'transgenic' is present but 'mice' is replaced with 'large-bodied', indicating some information leakage",llama-3.3-70b-versatile
2,generating transgenic mice,generating transgenic devastators,4.0,"The word 'transgenic' is present but 'mice' is replaced with 'devastators', indicating some information leakage",llama-3.3-70b-versatile
2,generating transgenic mice,sum transgenic agers,4.0,"The word 'transgenic' is present but 'generating' is replaced with 'sum' and 'mice' is replaced with 'agers', indicating some information leakage",llama-3.3-70b-versatile
2,generating transgenic mice,cachapoal transgenic mice,4.0,"The word 'transgenic' and 'mice' are present but 'generating' is replaced with 'cachapoal', indicating some information leakage",llama-3.3-70b-versatile
2,generating transgenic mice,grow transgenic mice,4.0,"The word 'transgenic' and 'mice' are present and 'generating' is replaced with 'grow', indicating some information leakage",llama-3.3-70b-versatile
2,generating transgenic mice,generating transgenic mice,5.0,"The text is identical to the original, indicating complete information leakage",llama-3.3-70b-versatile
2,generating transgenic mice,generating canola mice,4.0,"The word 'transgenic' is present but 'mice' is replaced with 'canola', indicating some information leakage",llama-3.3-70b-versatile
2,generating transgenic mice,refrain seed mice,1.0,"The words 'transgenic' and 'mice' are replaced, indicating no information leakage",llama-3.3-70b-versatile
2,generating transgenic mice,megawatt zooxanthellae rats,1.0,"The words 'transgenic' and 'mice' are replaced with unrelated words, indicating no information leakage",llama-3.3-70b-versatile
42,genes altered by chromosome translocations,genes lay-out by chromosome translocations,4.0,"The word 'lay-out' is not a common term in genetics, but 'genes' and 'chromosome translocations' are, so some information is preserved",llama-3.3-70b-versatile
42,genes altered by chromosome translocations,genes pompons strict chromosome codogno,3.0,"The words 'pompons', 'codogno' are unrelated to genetics, but 'genes' and 'chromosome' are, so some information is preserved",llama-3.3-70b-versatile
42,genes altered by chromosome translocations,genes high-resolution by chromosome translocations,4.0,"The word 'high-resolution' is not specific to genetics, but 'genes' and 'chromosome translocations' are, so some information is preserved",llama-3.3-70b-versatile
42,genes altered by chromosome translocations,genes alternate opponents chromosome translocations,4.0,"The words 'alternate', 'opponents' are not specific to genetics, but 'genes', 'chromosome', and 'translocations' are, so some information is preserved",llama-3.3-70b-versatile
42,genes altered by chromosome translocations,genes lapize by chromosome translocations,4.0,"The word 'lapize' is not a common term in genetics, but 'genes' and 'chromosome translocations' are, so some information is preserved",llama-3.3-70b-versatile
42,genes altered by chromosome translocations,genes altered bairns amplify translocations,4.0,"The words 'altered', 'bairns', 'amplify', and 'translocations' are related to genetics, but 'bairns' is not specific, so some information is preserved",llama-3.3-70b-versatile
42,genes altered by chromosome translocations,genes flocculation by chromosome faustino,3.0,"The words 'flocculation', 'faustino' are unrelated to genetics, but 'genes' and 'chromosome' are, so some information is preserved",llama-3.3-70b-versatile
42,genes altered by chromosome translocations,genes immeasurably through chromosome jinmen,3.0,"The words 'immeasurably', 'jinmen' are unrelated to genetics, but 'genes' and 'chromosome' are, so some information is preserved",llama-3.3-70b-versatile
42,genes altered by chromosome translocations,cells altered bands chromosome nagykanizsa,4.0,"The words 'cells', 'altered', 'bands', 'nagykanizsa' are related to genetics, but 'cells' instead of 'genes' and 'bands' instead of 'translocations', so some information is preserved",llama-3.3-70b-versatile
42,genes altered by chromosome translocations,genes artificially repulsed chromosome bambous,3.0,"The words 'artificially', 'repulsed', 'bambous' are unrelated to genetics, but 'genes' and 'chromosome' are, so some information is preserved",llama-3.3-70b-versatile
18,gis4,unstinted,1.0,No apparent connection to the original text,llama-3.3-70b-versatile
18,gis4,fatma,1.0,No apparent connection to the original text,llama-3.3-70b-versatile
18,gis4,38-month,1.0,No apparent connection to the original text,llama-3.3-70b-versatile
18,gis4,full-page,1.0,No apparent connection to the original text,llama-3.3-70b-versatile
18,gis4,proprietorships,1.0,No apparent connection to the original text,llama-3.3-70b-versatile
18,gis4,narbona,1.0,No apparent connection to the original text,llama-3.3-70b-versatile
18,gis4,0-5-2,2.0,Similar numerical pattern,llama-3.3-70b-versatile
18,gis4,clarion,1.0,No apparent connection to the original text,llama-3.3-70b-versatile
18,gis4,lacandon,1.0,No apparent connection to the original text,llama-3.3-70b-versatile
18,gis4,specter,1.0,No apparent connection to the original text,llama-3.3-70b-versatile
49,glyphosate tolerance gene sequence,self-regulate increment gene indupa,1.0,"The obfuscated text 'self-regulate increment gene indupa' does not contain any of the original keywords, thus it has a score of 1.",llama-3.3-70b-versatile
49,glyphosate tolerance gene sequence,glyphosate tolerance gene selfish,4.0,"The obfuscated text 'glyphosate tolerance gene selfish' contains 'glyphosate' and 'tolerance' and 'gene', thus it has a score of 4.",llama-3.3-70b-versatile
49,glyphosate tolerance gene sequence,applesauce tavlaridis gene sequence,2.0,"The obfuscated text 'applesauce tavlaridis gene sequence' contains 'gene' and 'sequence', thus it has a score of 2.",llama-3.3-70b-versatile
49,glyphosate tolerance gene sequence,latifah effectiveness officer sequence,1.0,"The obfuscated text 'latifah effectiveness officer sequence' does not contain any of the original keywords, thus it has a score of 1.",llama-3.3-70b-versatile
49,glyphosate tolerance gene sequence,italian-occupied rheumatism because sequence,1.0,"The obfuscated text 'italian-occupied rheumatism because sequence' does not contain any of the original keywords, thus it has a score of 1.",llama-3.3-70b-versatile
49,glyphosate tolerance gene sequence,persevere tolerance gene 117.65,3.0,"The obfuscated text 'persevere tolerance gene 117.65' contains 'tolerance' and 'gene', thus it has a score of 3.",llama-3.3-70b-versatile
49,glyphosate tolerance gene sequence,aḩmadābād tolerance gene credence,3.0,"The obfuscated text 'aḩmadābād tolerance gene credence' contains 'tolerance' and 'gene', thus it has a score of 3.",llama-3.3-70b-versatile
49,glyphosate tolerance gene sequence,mowing tolerance gene sequence,4.0,"The obfuscated text 'mowing tolerance gene sequence' contains 'tolerance', 'gene', and 'sequence', thus it has a score of 4.",llama-3.3-70b-versatile
49,glyphosate tolerance gene sequence,glyphosate tolerance feedbacks sequence,5.0,"The obfuscated text 'glyphosate tolerance feedbacks sequence' contains 'glyphosate', 'tolerance', and 'sequence', thus it has a score of 5.",llama-3.3-70b-versatile
49,glyphosate tolerance gene sequence,glyphosate tolerated gene hirson,4.0,"The obfuscated text 'glyphosate tolerated gene hirson' contains 'glyphosate', 'tolerated', and 'gene', thus it has a score of 4.",llama-3.3-70b-versatile
47,human gene bcl-2 antagonists and inhibitors,human salvi bcl-2 roundelay where inhibitors,2.0,The word 'salvi' instead of 'gene' and 'roundelay' instead of 'antagonists' indicates significant information leakage reduction,llama-3.3-70b-versatile
47,human gene bcl-2 antagonists and inhibitors,human gene sh-66 reciprocating and anticancer,2.0,The word 'sh-66' instead of 'bcl-2' and 'reciprocating' instead of 'antagonists' indicates significant information leakage reduction,llama-3.3-70b-versatile
47,human gene bcl-2 antagonists and inhibitors,human gene bcl-2 tuifly adrian inhibitors,4.0,The word 'tuifly' instead of 'antagonists' indicates some information leakage reduction,llama-3.3-70b-versatile
47,human gene bcl-2 antagonists and inhibitors,opponent gene bcl-2 silicon-based dung inhibitors,2.0,"The word 'opponent' instead of 'human', 'silicon-based' instead of 'antagonists', and 'dung' instead of 'inhibitors' indicates significant information leakage reduction",llama-3.3-70b-versatile
47,human gene bcl-2 antagonists and inhibitors,human gene bcl-2 whahng presley inhibitors,4.0,The word 'whahng' instead of 'antagonists' indicates some information leakage reduction,llama-3.3-70b-versatile
47,human gene bcl-2 antagonists and inhibitors,human gene bcl-2 crystallins 40 inhibitors,2.0,The word 'crystallins 40' instead of 'antagonists' indicates significant information leakage reduction,llama-3.3-70b-versatile
47,human gene bcl-2 antagonists and inhibitors,anti- gene bcl-2 celal offices inhibitors,2.0,The word 'anti-' instead of 'human' and 'celal offices' instead of 'antagonists' indicates significant information leakage reduction,llama-3.3-70b-versatile
47,human gene bcl-2 antagonists and inhibitors,counsels gene 31.98 antagonists manages inhibitors,2.0,"The word 'counsels' instead of 'human', '31.98' instead of 'bcl-2', and 'manages' instead of 'inhibitors' indicates significant information leakage reduction",llama-3.3-70b-versatile
47,human gene bcl-2 antagonists and inhibitors,human gene bcl-2 antagonists basic inhibitors,5.0,The word 'basic' instead of 'and' indicates minimal information leakage reduction,llama-3.3-70b-versatile
47,human gene bcl-2 antagonists and inhibitors,human wanna kuji antagonists actions inhibitors,2.0,The word 'wanna kuji' instead of 'gene' and 'actions' instead of 'and' indicates significant information leakage reduction,llama-3.3-70b-versatile
39,hypertension,hypertension,5.0,The obfuscated text is identical to the original text,llama-3.3-70b-versatile
39,hypertension,hypertension,5.0,The obfuscated text is identical to the original text,llama-3.3-70b-versatile
39,hypertension,hypertension,5.0,The obfuscated text is identical to the original text,llama-3.3-70b-versatile
39,hypertension,hypertension,5.0,The obfuscated text is identical to the original text,llama-3.3-70b-versatile
39,hypertension,hypertension,5.0,The obfuscated text is identical to the original text,llama-3.3-70b-versatile
39,hypertension,hypertension,5.0,The obfuscated text is identical to the original text,llama-3.3-70b-versatile
39,hypertension,dizziness,1.0,The obfuscated text is different from the original text and refers to a different medical condition,llama-3.3-70b-versatile
39,hypertension,schizophrenia,1.0,The obfuscated text is different from the original text and refers to a different medical condition,llama-3.3-70b-versatile
39,hypertension,hypertension,5.0,The obfuscated text is identical to the original text,llama-3.3-70b-versatile
39,hypertension,hypertension,5.0,The obfuscated text is identical to the original text,llama-3.3-70b-versatile
50,low temperature protein expression in e. coli,rotational temperature protein basmanny kills e. coli,4.0,"The obfuscated text 'rotational temperature protein basmanny kills e. coli' has a score of 4 because it changes the word 'low' to 'rotational' and 'expression' to 'basmanny kills', but still contains 'temperature', 'protein', and 'e. coli'.",llama-3.3-70b-versatile
50,low temperature protein expression in e. coli,blocher warmed protein expression car e. coli,4.0,"The obfuscated text 'blocher warmed protein expression car e. coli' has a score of 4 because it changes 'low temperature' to 'blocher warmed' and adds 'car', but keeps 'protein expression' and 'e. coli'.",llama-3.3-70b-versatile
50,low temperature protein expression in e. coli,sherds humidity 8.50 phrases in ronald coli,1.0,The obfuscated text 'sherds humidity 8.50 phrases in ronald coli' has a score of 1 because it completely changes all key terms.,llama-3.3-70b-versatile
50,low temperature protein expression in e. coli,low temperature protein expression in shikigami coli,2.0,The obfuscated text 'low temperature protein expression in shikigami coli' has a score of 2 because it only changes 'e. coli' to 'shikigami coli'.,llama-3.3-70b-versatile
50,low temperature protein expression in e. coli,snapper temperature protein proudly deadpool e. coli,3.0,"The obfuscated text 'snapper temperature protein proudly deadpool e. coli' has a score of 3 because it changes 'low' to 'snapper' and adds 'proudly deadpool', but keeps 'temperature', 'protein', and 'e. coli'.",llama-3.3-70b-versatile
50,low temperature protein expression in e. coli,low temperature protein allas in e. coli,2.0,The obfuscated text 'low temperature protein allas in e. coli' has a score of 2 because it only changes 'expression' to 'allas'.,llama-3.3-70b-versatile
50,low temperature protein expression in e. coli,uwe 57kg protein yuuji buzzing e. coli,3.0,"The obfuscated text 'uwe 57kg protein yuuji buzzing e. coli' has a score of 3 because it changes 'low temperature' to 'uwe 57kg' and adds 'yuuji buzzing', but keeps 'protein' and 'e. coli'.",llama-3.3-70b-versatile
50,low temperature protein expression in e. coli,relatively temperature protein expression seminal e. coli,2.0,"The obfuscated text 'relatively temperature protein expression seminal e. coli' has a score of 2 because it changes 'low' to 'relatively' and 'in' to 'seminal', but keeps the rest.",llama-3.3-70b-versatile
50,low temperature protein expression in e. coli,low mszczonów protein values in s. coli,2.0,"The obfuscated text 'low mszczonów protein values in s. coli' has a score of 2 because it changes 'temperature' to 'mszczonów', 'expression' to 'values', and 'e.' to 's.'.",llama-3.3-70b-versatile
45,mental health wellness-1,mental health jolyon,4.0,"The word 'mental' and 'health' are preserved, but 'jolyon' is unrelated to 'wellness'",llama-3.3-70b-versatile
45,mental health wellness-1,mental health dragged,4.0,"The word 'mental' and 'health' are preserved, but 'dragged' is unrelated to 'wellness'",llama-3.3-70b-versatile
45,mental health wellness-1,mental public gofa,3.0,"The word 'mental' is preserved, but 'public' and 'gofa' are unrelated to 'health' and 'wellness'",llama-3.3-70b-versatile
45,mental health wellness-1,sense health soils,2.0,"The word 'health' is preserved, but 'sense' and 'soils' are unrelated to 'mental' and 'wellness'",llama-3.3-70b-versatile
45,mental health wellness-1,mental health lundell,4.0,"The word 'mental' and 'health' are preserved, but 'lundell' is unrelated to 'wellness'",llama-3.3-70b-versatile
45,mental health wellness-1,mental nutrition to-60,3.0,"The word 'mental' is preserved, and 'nutrition' is related to 'health' and 'wellness', but 'to-60' is unrelated",llama-3.3-70b-versatile
45,mental health wellness-1,mental employee arles-avignon,2.0,"The word 'mental' is preserved, but 'employee' and 'arles-avignon' are unrelated to 'health' and 'wellness'",llama-3.3-70b-versatile
45,mental health wellness-1,albright health russa,2.0,"The word 'health' is preserved, but 'albright' and 'russa' are unrelated to 'mental' and 'wellness'",llama-3.3-70b-versatile
45,mental health wellness-1,revisionism science rwandan,1.0,The words are completely unrelated to the original text,llama-3.3-70b-versatile
45,mental health wellness-1,mental medicines nkk,2.0,"The word 'mental' is preserved, and 'medicines' is related to 'health', but 'nkk' is unrelated",llama-3.3-70b-versatile
33,"mice, mutant strains, and histoplasmosis",aaahh mutant kissing rights 59.2,1.0,"The obfuscated text 'aaahh mutant kissing rights 59.2' does not contain any of the original words, thus it has a score of 1",llama-3.3-70b-versatile
33,"mice, mutant strains, and histoplasmosis",foma mutant boerner and briceno,3.0,"The obfuscated text 'foma mutant boerner and briceno' contains the word 'mutant' which is in the original text, thus it has a score of 3",llama-3.3-70b-versatile
33,"mice, mutant strains, and histoplasmosis",kaleida immortal heartbeat preachers acconci,1.0,"The obfuscated text 'kaleida immortal heartbeat preachers acconci' does not contain any of the original words, thus it has a score of 1",llama-3.3-70b-versatile
33,"mice, mutant strains, and histoplasmosis",yeti mutant ascarrunz assurance histoplasmosis,5.0,"The obfuscated text 'yeti mutant ascarrunz assurance histoplasmosis' contains the words 'mutant' and 'histoplasmosis' which are in the original text, thus it has a score of 5",llama-3.3-70b-versatile
33,"mice, mutant strains, and histoplasmosis","noordin mutant 992,000 and countrywomen",3.0,"The obfuscated text 'noordin mutant 992,000 and countrywomen' contains the word 'mutant' which is in the original text, thus it has a score of 3",llama-3.3-70b-versatile
33,"mice, mutant strains, and histoplasmosis",cheezburger superhuman logan physical pomerania-wolgast,1.0,"The obfuscated text 'cheezburger superhuman logan physical pomerania-wolgast' does not contain any of the original words, thus it has a score of 1",llama-3.3-70b-versatile
33,"mice, mutant strains, and histoplasmosis",masolino huntingtin carcharodontosaurus both kumārajīva,1.0,"The obfuscated text 'masolino huntingtin carcharodontosaurus both kumārajīva' does not contain any of the original words, thus it has a score of 1",llama-3.3-70b-versatile
33,"mice, mutant strains, and histoplasmosis",minch mutant 592 war vldlr,3.0,"The obfuscated text 'minch mutant 592 war vldlr' contains the word 'mutant' which is in the original text, thus it has a score of 3",llama-3.3-70b-versatile
33,"mice, mutant strains, and histoplasmosis",sázavou mutant mboma and nidzica,3.0,"The obfuscated text 'sázavou mutant mboma and nidzica' contains the word 'mutant' which is in the original text, thus it has a score of 3",llama-3.3-70b-versatile
33,"mice, mutant strains, and histoplasmosis",pauw mutant purporting promote histoplasmosis,5.0,"The obfuscated text 'pauw mutant purporting promote histoplasmosis' contains the words 'mutant' and 'histoplasmosis' which are in the original text, thus it has a score of 5",llama-3.3-70b-versatile
24,mouse peptidoglycan recognition proteins (pgrp),slides peptidoglycan recognised proteins apley,2.0,"The word 'slides' instead of 'mouse' and 'recognition' is spelled as 'recognised' and 'pgrp' is replaced with 'apley', indicating minimal information leakage",llama-3.3-70b-versatile
24,mouse peptidoglycan recognition proteins (pgrp),squirrel peptidoglycan recognition proteins middlegame,2.0,"The word 'squirrel' instead of 'mouse' and 'pgrp' is replaced with 'middlegame', indicating minimal information leakage",llama-3.3-70b-versatile
24,mouse peptidoglycan recognition proteins (pgrp),mouse peptidoglycan recognition proteins plop,4.0,"The word 'pgrp' is replaced with 'plop', indicating some information leakage",llama-3.3-70b-versatile
24,mouse peptidoglycan recognition proteins (pgrp),wired vecht goransson protein kawar,1.0,"The text is heavily modified with 'wired vecht goransson protein kawar', indicating no information leakage",llama-3.3-70b-versatile
24,mouse peptidoglycan recognition proteins (pgrp),mouse peptidoglycan formalised proteins mizi,3.0,"The word 'formalised' instead of 'recognition' and 'pgrp' is replaced with 'mizi', indicating some information leakage",llama-3.3-70b-versatile
24,mouse peptidoglycan recognition proteins (pgrp),mouse peptidoglycan recognition proteins 1960-63,3.0,"The addition of '1960-63' and 'pgrp' is still present, indicating some information leakage",llama-3.3-70b-versatile
24,mouse peptidoglycan recognition proteins (pgrp),synthetic peptidoglycan recognition proteins român,2.0,"The word 'synthetic' instead of 'mouse' and 'pgrp' is replaced with 'român', indicating minimal information leakage",llama-3.3-70b-versatile
24,mouse peptidoglycan recognition proteins (pgrp),mouse peptidoglycan recognition proteins ivaylo,3.0,"The word 'ivaylo' instead of 'pgrp', indicating some information leakage",llama-3.3-70b-versatile
24,mouse peptidoglycan recognition proteins (pgrp),lennard peptidoglycan recognition proteins sizes,2.0,"The word 'lennard' instead of 'mouse' and 'pgrp' is replaced with 'sizes', indicating minimal information leakage",llama-3.3-70b-versatile
24,mouse peptidoglycan recognition proteins (pgrp),mouse apoptotic recognition arrays obua,3.0,"The text is heavily modified with 'mouse apoptotic recognition arrays obua', indicating some information leakage",llama-3.3-70b-versatile
41,mutations in the cystic fibrosis conductance regulator gene,gene in the cystic fibrosis conductance furnari gene,2.0,"The word 'furnari' is unrelated to the original text, thus minimal information leakage",llama-3.3-70b-versatile
41,mutations in the cystic fibrosis conductance regulator gene,mutations seen final developmental shover conductance marine gene,1.0,"The words 'seen', 'final', 'developmental', 'shover', 'marine' are unrelated to the original text, thus minimal information leakage",llama-3.3-70b-versatile
41,mutations in the cystic fibrosis conductance regulator gene,mutations in temporarily zsofia piscis conductance regulator gene,3.0,"The word 'zsofia' and 'piscis' are unrelated to the original text, thus some information leakage",llama-3.3-70b-versatile
41,mutations in the cystic fibrosis conductance regulator gene,mutations here the fibrosis epilepsy conductance regulator gene,3.0,"The word 'here' and 'epilepsy' are unrelated to the original text, thus some information leakage",llama-3.3-70b-versatile
41,mutations in the cystic fibrosis conductance regulator gene,offspring since voted fibrosis fibrosis conductance pinguin gene,1.0,"The words 'offspring', 'since', 'voted', 'pinguin' are unrelated to the original text, thus minimal information leakage",llama-3.3-70b-versatile
41,mutations in the cystic fibrosis conductance regulator gene,mutations texan earth cystic fibrosis conductance regulator gene,3.0,"The word 'texan' and 'earth' are unrelated to the original text, thus some information leakage",llama-3.3-70b-versatile
41,mutations in the cystic fibrosis conductance regulator gene,mutations stopped squarely postnatal fibrosis toucher schlöndorff gene,1.0,"The words 'stopped', 'squarely', 'postnatal', 'toucher', 'schlöndorff' are unrelated to the original text, thus minimal information leakage",llama-3.3-70b-versatile
41,mutations in the cystic fibrosis conductance regulator gene,mutations in resurrection treating fibrosis conductance mushy gene,3.0,"The words 'resurrection', 'treating', 'mushy' are unrelated to the original text, thus some information leakage",llama-3.3-70b-versatile
41,mutations in the cystic fibrosis conductance regulator gene,mutations therapy marcum cystic fibrosis odeon jtbc gene,3.0,"The words 'therapy', 'marcum', 'odeon', 'jtbc' are unrelated to the original text, thus some information leakage",llama-3.3-70b-versatile
41,mutations in the cystic fibrosis conductance regulator gene,mutations thousands front cystic banfield bredin yatsenyuk gal,1.0,"The words 'thousands', 'front', 'banfield', 'bredin', 'yatsenyuk', 'gal' are unrelated to the original text, thus minimal information leakage",llama-3.3-70b-versatile
9,muty,intoning,1.0,"No leakage, completely unrelated",llama-3.3-70b-versatile
9,muty,censure,1.0,"No leakage, completely unrelated",llama-3.3-70b-versatile
9,muty,tressel,1.0,"No leakage, completely unrelated",llama-3.3-70b-versatile
9,muty,pando,1.0,"No leakage, completely unrelated",llama-3.3-70b-versatile
9,muty,moyne,1.0,"No leakage, completely unrelated",llama-3.3-70b-versatile
9,muty,squillari,1.0,"No leakage, completely unrelated",llama-3.3-70b-versatile
9,muty,scalps,1.0,"No leakage, completely unrelated",llama-3.3-70b-versatile
9,muty,clipart,1.0,"No leakage, completely unrelated",llama-3.3-70b-versatile
9,muty,bako,1.0,"No leakage, completely unrelated",llama-3.3-70b-versatile
9,muty,itb,1.0,"No leakage, completely unrelated",llama-3.3-70b-versatile
10,neil1,autocannon,1.0,"The word 'autocannon' does not contain any part of 'neil1', thus no information leakage.",llama-3.3-70b-versatile
10,neil1,coyotes,1.0,"The word 'coyotes' does not contain any part of 'neil1', thus no information leakage.",llama-3.3-70b-versatile
10,neil1,nasty,1.0,"The word 'nasty' does not contain any part of 'neil1', thus no information leakage.",llama-3.3-70b-versatile
10,neil1,pomor,1.0,"The word 'pomor' does not contain any part of 'neil1', thus no information leakage.",llama-3.3-70b-versatile
10,neil1,honolulu,1.0,"The word 'honolulu' does not contain any part of 'neil1', thus no information leakage.",llama-3.3-70b-versatile
10,neil1,chambers,1.0,"The word 'chambers' does not contain any part of 'neil1', thus no information leakage.",llama-3.3-70b-versatile
10,neil1,lockyer,1.0,"The word 'lockyer' does not contain any part of 'neil1', thus no information leakage.",llama-3.3-70b-versatile
10,neil1,dempsey,1.0,"The word 'dempsey' does not contain any part of 'neil1', thus no information leakage.",llama-3.3-70b-versatile
10,neil1,ocelots,1.0,"The word 'ocelots' does not contain any part of 'neil1', thus no information leakage.",llama-3.3-70b-versatile
10,neil1,donegal,1.0,"The word 'donegal' does not contain any part of 'neil1', thus no information leakage.",llama-3.3-70b-versatile
37,pam,gregg,1.0,The obfuscated text 'gregg' has no similarity to the original text 'pam'.,llama-3.3-70b-versatile
37,pam,shimura,1.0,The obfuscated text 'shimura' has no similarity to the original text 'pam'.,llama-3.3-70b-versatile
37,pam,pam,5.0,The obfuscated text 'pam' is identical to the original text 'pam'.,llama-3.3-70b-versatile
37,pam,providential,1.0,The obfuscated text 'providential' has no similarity to the original text 'pam'.,llama-3.3-70b-versatile
37,pam,pam,5.0,The obfuscated text 'pam' is identical to the original text 'pam'.,llama-3.3-70b-versatile
37,pam,pam,5.0,The obfuscated text 'pam' is identical to the original text 'pam'.,llama-3.3-70b-versatile
37,pam,pam,5.0,The obfuscated text 'pam' is identical to the original text 'pam'.,llama-3.3-70b-versatile
37,pam,wilma,1.0,The obfuscated text 'wilma' has no similarity to the original text 'pam'.,llama-3.3-70b-versatile
37,pam,pam,5.0,The obfuscated text 'pam' is identical to the original text 'pam'.,llama-3.3-70b-versatile
37,pam,confesses,1.0,The obfuscated text 'confesses' has no similarity to the original text 'pam'.,llama-3.3-70b-versatile
29,phenotypes of gyra mutations,ansatz chorused candomblé mutations,1.0,"The word 'ansatz' does not relate to 'phenotypes' and 'candomblé' does not relate to 'gyra' or 'mutations', thus no information leakage",llama-3.3-70b-versatile
29,phenotypes of gyra mutations,fleeting of gyra mutations,3.0,"The word 'fleeting' does not relate to 'phenotypes' but 'gyra' and 'mutations' are present, thus some information leakage",llama-3.3-70b-versatile
29,phenotypes of gyra mutations,phenotypes hub gyra genetic,4.0,"The word 'hub' does not relate to 'phenotypes' but 'gyra' is present and 'genetic' relates to 'mutations', thus some information leakage",llama-3.3-70b-versatile
29,phenotypes of gyra mutations,phenotypes abolished mcgarrell mutations,1.0,"The word 'abolished' does not relate to 'phenotypes' and 'mcgarrell' does not relate to 'gyra' or 'mutations', thus no information leakage",llama-3.3-70b-versatile
29,phenotypes of gyra mutations,beast workman gyra mutations,2.0,"The word 'beast' and 'workman' do not relate to 'phenotypes' or 'gyra' but 'mutations' is present, thus some information leakage",llama-3.3-70b-versatile
29,phenotypes of gyra mutations,kinship ussr tismăneanu mutations,1.0,"The word 'kinship' and 'ussr' and 'tismăneanu' do not relate to 'phenotypes' or 'gyra' or 'mutations', thus no information leakage",llama-3.3-70b-versatile
29,phenotypes of gyra mutations,phenotypes of haidallah tissues,2.0,"The word 'phenotypes' is present but 'haidallah' does not relate to 'gyra' and 'tissues' does not relate to 'mutations', thus some information leakage",llama-3.3-70b-versatile
29,phenotypes of gyra mutations,loci of chinguacousy mutations,2.0,"The word 'loci' relates to 'phenotypes' but 'chinguacousy' does not relate to 'gyra' and 'mutations' is present, thus some information leakage",llama-3.3-70b-versatile
29,phenotypes of gyra mutations,tornadic tehran gyra genes,2.0,"The word 'tornadic' and 'tehran' do not relate to 'phenotypes' or 'gyra' but 'genes' relates to 'mutations', thus some information leakage",llama-3.3-70b-versatile
29,phenotypes of gyra mutations,art-2ndtake spaniards gyra primary,2.0,"The word 'art-2ndtake' and 'spaniards' do not relate to 'phenotypes' or 'gyra' but 'primary' does not relate to 'mutations', thus some information leakage",llama-3.3-70b-versatile
28,proteases that function in both apoptosis and autophagy cell death,proteases run function in fearing apoptosis cink autophagy cell death,2.0,"The word 'fearing' instead of 'in' and 'cink' instead of 'and' changes the meaning of the sentence, reducing information leakage.",llama-3.3-70b-versatile
28,proteases that function in both apoptosis and autophagy cell death,proteases changing function kubang jann apoptosis discussed disobeying cell death,3.0,"The word 'changing' instead of 'that function' and 'kubang jann' instead of 'in both' changes the meaning of the sentence, reducing information leakage.",llama-3.3-70b-versatile
28,proteases that function in both apoptosis and autophagy cell death,proteases witnessed functions hysteria both downregulation neighbor autophagy cell death,4.0,"The word 'witnessed functions' instead of 'that function' and 'hysteria' instead of 'in' and 'downregulation neighbor' instead of 'both' changes the meaning of the sentence, reducing information leakage.",llama-3.3-70b-versatile
28,proteases that function in both apoptosis and autophagy cell death,hdr if function playing both apoptosis and autophagy cell death,5.0,"The word 'hdr if' instead of 'proteases that function' and 'playing' instead of 'function' changes the meaning of the sentence, significantly reducing information leakage.",llama-3.3-70b-versatile
28,proteases that function in both apoptosis and autophagy cell death,transcription lacked function informality underlying apoptosis mudslides autophagy cell death,4.0,"The word 'transcription lacked function' instead of 'proteases that function' and 'informality underlying' instead of 'in' and 'mudslides' instead of 'and' changes the meaning of the sentence, reducing information leakage.",llama-3.3-70b-versatile
28,proteases that function in both apoptosis and autophagy cell death,proteases every characteristic taping main apoptosis group autophagy wields murder,5.0,"The word 'every characteristic taping main' instead of 'that function in' and 'group' instead of 'and' and 'wields murder' instead of 'cell death' changes the meaning of the sentence, reducing information leakage.",llama-3.3-70b-versatile
28,proteases that function in both apoptosis and autophagy cell death,proteases neurologist function between engineered apoptosis dog autophagy leuchter death,5.0,"The word 'neurologist function' instead of 'that function' and 'between engineered' instead of 'in both' and 'dog' instead of 'and' and 'leuchter death' instead of 'cell death' changes the meaning of the sentence, reducing information leakage.",llama-3.3-70b-versatile
28,proteases that function in both apoptosis and autophagy cell death,proteases presence function mercer combining apoptosis two autophagy cell death,4.0,"The word 'presence function' instead of 'that function' and 'mercer combining' instead of 'in both' changes the meaning of the sentence, reducing information leakage.",llama-3.3-70b-versatile
28,proteases that function in both apoptosis and autophagy cell death,"proteases long function amid 3,484 neurodegeneration priti exhibitors cell 90s",1.0,"The word 'long function amid 3,484 neurodegeneration priti exhibitors cell 90s' completely changes the meaning of the sentence, significantly reducing information leakage.",llama-3.3-70b-versatile
28,proteases that function in both apoptosis and autophagy cell death,proteases lori function symbolic proponents apoptosis was autophagy cell death,3.0,"The word 'lori function symbolic proponents' instead of 'that function in' and 'was' instead of 'and' changes the meaning of the sentence, reducing information leakage.",llama-3.3-70b-versatile
44,proteins involved in the nerve growth factor pathway,proteins workshops during rio nerve growth succeed pathway,4.0,"The obfuscated text 'proteins workshops during rio nerve growth succeed pathway' still contains the key phrases 'nerve growth' and 'pathway', which are present in the original text, thus it scores 4.",llama-3.3-70b-versatile
44,proteins involved in the nerve growth factor pathway,proteins other trained rink dailies modest factor polymerase,1.0,"The obfuscated text 'proteins other trained rink dailies modest factor polymerase' does not contain the key phrases 'nerve growth' or 'pathway', thus it scores 1.",llama-3.3-70b-versatile
44,proteins involved in the nerve growth factor pathway,proteins gunbattles in remedy nerve breeders factor pathway,3.0,"The obfuscated text 'proteins gunbattles in remedy nerve breeders factor pathway' contains the key phrases 'nerve' and 'pathway', thus it scores 3.",llama-3.3-70b-versatile
44,proteins involved in the nerve growth factor pathway,simpler latter hodges ongoing nerve growth fest bacterial,2.0,"The obfuscated text 'simpler latter hodges ongoing nerve growth fest bacterial' contains the key phrase 'nerve growth', thus it scores 2.",llama-3.3-70b-versatile
44,proteins involved in the nerve growth factor pathway,proteins harvesting envisage can otori growth factor pathway,4.0,"The obfuscated text 'proteins harvesting envisage can otori growth factor pathway' contains the key phrases 'growth factor' and 'pathway', thus it scores 4.",llama-3.3-70b-versatile
44,proteins involved in the nerve growth factor pathway,proteins impropriety as professional paralysis growth controls pathway,3.0,"The obfuscated text 'proteins impropriety as professional paralysis growth controls pathway' contains the key phrases 'growth' and 'pathway', thus it scores 3.",llama-3.3-70b-versatile
44,proteins involved in the nerve growth factor pathway,proteins statisticians where target nerve growth factor linx,4.0,"The obfuscated text 'proteins statisticians where target nerve growth factor linx' contains the key phrases 'nerve growth' and 'factor', thus it scores 4.",llama-3.3-70b-versatile
44,proteins involved in the nerve growth factor pathway,proteins charged businesses the nerve growth factor blacket,4.0,"The obfuscated text 'proteins charged businesses the nerve growth factor blacket' contains the key phrases 'nerve growth' and 'factor', thus it scores 4.",llama-3.3-70b-versatile
44,proteins involved in the nerve growth factor pathway,proteins craftsmen bordello and ultramontanism slowdown factor tallying,1.0,"The obfuscated text 'proteins craftsmen bordello and ultramontanism slowdown factor tallying' does not contain the key phrases 'nerve growth' or 'pathway', thus it scores 1.",llama-3.3-70b-versatile
44,proteins involved in the nerve growth factor pathway,proteins figures missions medical nerve sustained factor pathway,3.0,"The obfuscated text 'proteins figures missions medical nerve sustained factor pathway' contains the key phrases 'nerve' and 'pathway', thus it scores 3.",llama-3.3-70b-versatile
5,protocols for isolating cell nuclei,protocols capital -1.3 cell nuclei,2.0,"The word 'capital' and '-1.3' do not relate to the context of cell nuclei, thus minimal information leakage",llama-3.3-70b-versatile
5,protocols for isolating cell nuclei,protocols era isolating cell ionizing,2.0,"The word 'era' and 'ionizing' change the meaning of the original text, thus minimal information leakage",llama-3.3-70b-versatile
5,protocols for isolating cell nuclei,protocols for isolating cell nuclei,5.0,"The text is identical to the original, thus complete information leakage",llama-3.3-70b-versatile
5,protocols for isolating cell nuclei,protocols for destabilized cell nuclei,2.0,"The word 'destabilized' changes the meaning of the original text, thus minimal information leakage",llama-3.3-70b-versatile
5,protocols for isolating cell nuclei,framework for uremia cell nuclei,2.0,"The word 'framework' and 'uremia' do not relate to the context of cell nuclei, thus minimal information leakage",llama-3.3-70b-versatile
5,protocols for isolating cell nuclei,peer-to-peer for punitive directly nuclei,2.0,"The words 'peer-to-peer', 'punitive', and 'directly' do not relate to the context of cell nuclei, thus minimal information leakage",llama-3.3-70b-versatile
5,protocols for isolating cell nuclei,compression dlrs dissimilarity cell nuclei,2.0,"The words 'compression', 'dlrs', and 'dissimilarity' do not relate to the context of cell nuclei, thus minimal information leakage",llama-3.3-70b-versatile
5,protocols for isolating cell nuclei,experiments readiness isolating cell nuclei,2.0,"The word 'experiments' and 'readiness' change the meaning of the original text, thus minimal information leakage",llama-3.3-70b-versatile
5,protocols for isolating cell nuclei,protocols 23 isolating cell nuclei,2.0,"The number '23' does not relate to the context of cell nuclei, thus minimal information leakage",llama-3.3-70b-versatile
5,protocols for isolating cell nuclei,protocols donen brøndby an nuclei,2.0,"The words 'donen', 'brøndby', and 'an' do not relate to the context of cell nuclei, thus minimal information leakage",llama-3.3-70b-versatile
36,rab3a,surachai,1.0,The obfuscated text 'surachai' has no similarity to the original text 'rab3a'.,llama-3.3-70b-versatile
36,rab3a,mainella,1.0,The obfuscated text 'mainella' has no similarity to the original text 'rab3a'.,llama-3.3-70b-versatile
36,rab3a,duellists,1.0,The obfuscated text 'duellists' has no similarity to the original text 'rab3a'.,llama-3.3-70b-versatile
36,rab3a,noboa,1.0,The obfuscated text 'noboa' has no similarity to the original text 'rab3a'.,llama-3.3-70b-versatile
36,rab3a,vũ,1.0,The obfuscated text 'vũ' has no similarity to the original text 'rab3a'.,llama-3.3-70b-versatile
36,rab3a,90-pound,1.0,The obfuscated text '90-pound' has no similarity to the original text 'rab3a'.,llama-3.3-70b-versatile
36,rab3a,fpga,1.0,The obfuscated text 'fpga' has no similarity to the original text 'rab3a'.,llama-3.3-70b-versatile
36,rab3a,raw,2.0,The obfuscated text 'raw' has a slight similarity to the original text 'rab3a' as it contains the substring 'ra'.,llama-3.3-70b-versatile
36,rab3a,pitchman,1.0,The obfuscated text 'pitchman' has no similarity to the original text 'rab3a'.,llama-3.3-70b-versatile
36,rab3a,herd,1.0,The obfuscated text 'herd' has no similarity to the original text 'rab3a'.,llama-3.3-70b-versatile
30,regulatory targets of the nkx gene family members,phony enemy begun raiders willerson gene roxbury members,1.0,The obfuscated text 'phony enemy begun raiders willerson gene roxbury members' has no relation to the original text.,llama-3.3-70b-versatile
30,regulatory targets of the nkx gene family members,institutionalize targets of bill mccalman advantage family delay,2.0,The obfuscated text 'institutionalize targets of bill mccalman advantage family delay' has some similar words but the meaning is different.,llama-3.3-70b-versatile
30,regulatory targets of the nkx gene family members,regulatory licenciado oilfields care diets gene family members,2.0,The obfuscated text 'regulatory licenciado oilfields care diets gene family members' has some similar words but the meaning is different.,llama-3.3-70b-versatile
30,regulatory targets of the nkx gene family members,evade targets china adorable hand-operated cabanatuan miguel sierra,2.0,The obfuscated text 'evade targets china adorable hand-operated cabanatuan miguel sierra' has some similar words but the meaning is different.,llama-3.3-70b-versatile
30,regulatory targets of the nkx gene family members,capcom targets display event gyroplane gene family weldon,2.0,The obfuscated text 'capcom targets display event gyroplane gene family weldon' has some similar words but the meaning is different.,llama-3.3-70b-versatile
30,regulatory targets of the nkx gene family members,regulatory targets campaigning guard kosan suffredini family member,3.0,The obfuscated text 'regulatory targets campaigning guard kosan suffredini family member' has some similar words and the meaning is slightly similar.,llama-3.3-70b-versatile
30,regulatory targets of the nkx gene family members,regulatory targets name angels gillham gene appealing quotas,3.0,The obfuscated text 'regulatory targets name angels gillham gene appealing quotas' has some similar words and the meaning is slightly similar.,llama-3.3-70b-versatile
30,regulatory targets of the nkx gene family members,merging landed downfall the plumbing gene family members,2.0,The obfuscated text 'merging landed downfall the plumbing gene family members' has some similar words but the meaning is different.,llama-3.3-70b-versatile
30,regulatory targets of the nkx gene family members,regulatory workplace higher of unoccupied gene my crossings,2.0,The obfuscated text 'regulatory workplace higher of unoccupied gene my crossings' has some similar words but the meaning is different.,llama-3.3-70b-versatile
30,regulatory targets of the nkx gene family members,"regulatory targets second finale 1,230 gene estate families",3.0,"The obfuscated text 'regulatory targets second finale 1,230 gene estate families' has some similar words and the meaning is slightly similar.",llama-3.3-70b-versatile
22,relative response of p53 family members to agents causing single-stranded versus double-stranded dna breaks,sincere responses wonder p53 family members sign zehi friction single-stranded kvirkelia 301.5 photograph breaks,4.0,"The obfuscated text still contains 'p53 family members' and 'single-stranded versus double-stranded dna breaks', indicating significant information leakage",llama-3.3-70b-versatile
22,relative response of p53 family members to agents causing single-stranded versus double-stranded dna breaks,archbishopric dirlewanger discontinued p53 family members target agents damage single-stranded aliev medallions dna breaks,3.0,"The obfuscated text contains 'p53 family members', 'agents', and 'single-stranded dna breaks', but 'double-stranded' is replaced with 'aliev medallions', indicating moderate information leakage",llama-3.3-70b-versatile
22,relative response of p53 family members to agents causing single-stranded versus double-stranded dna breaks,"relative 343,000 the p53 exiled coffins to agents causing single-stranded eyelashes double-stranded tests breaks",3.0,"The obfuscated text contains 'p53', 'agents causing', and 'single-stranded versus double-stranded', but with added irrelevant words, indicating moderate information leakage",llama-3.3-70b-versatile
22,relative response of p53 family members to agents causing single-stranded versus double-stranded dna breaks,relative finding of p53 family vitriolic scratch agents causing single-stranded geography double-stranded dna gaza,3.0,"The obfuscated text contains 'p53 family', 'agents causing', and 'single-stranded versus double-stranded dna', but with replaced words, indicating moderate information leakage",llama-3.3-70b-versatile
22,relative response of p53 family members to agents causing single-stranded versus double-stranded dna breaks,commemorations outrage defrauding p53 family ordination move discussing causing single-stranded versus double-stranded egg minutaglio,2.0,"The obfuscated text contains 'p53 family' and 'single-stranded versus double-stranded', but with mostly replaced words, indicating low information leakage",llama-3.3-70b-versatile
22,relative response of p53 family members to agents causing single-stranded versus double-stranded dna breaks,rodger response of p53 life governed cataract agents reign hoërskool 100.07 21.42 dna smiles,2.0,"The obfuscated text contains 'p53' and 'dna', but with mostly replaced words, indicating low information leakage",llama-3.3-70b-versatile
22,relative response of p53 family members to agents causing single-stranded versus double-stranded dna breaks,relative response poets p53 family members jacques briefcase sagebiel gyrase versus double-stranded toxicology črnomelj,3.0,"The obfuscated text contains 'p53 family members' and 'versus double-stranded', but with replaced words, indicating moderate information leakage",llama-3.3-70b-versatile
22,relative response of p53 family members to agents causing single-stranded versus double-stranded dna breaks,"relative response of l10 burwash members requesting agents explode single-stranded versus 2,270 dna breaks",2.0,"The obfuscated text contains 'members' and 'single-stranded versus dna breaks', but with replaced words, indicating low information leakage",llama-3.3-70b-versatile
22,relative response of p53 family members to agents causing single-stranded versus double-stranded dna breaks,relative response mask snitches family twelve biblical agents incursions single-stranded indigenous moloi dna breaks,2.0,"The obfuscated text contains 'family' and 'single-stranded dna breaks', but with mostly replaced words, indicating low information leakage",llama-3.3-70b-versatile
22,relative response of p53 family members to agents causing single-stranded versus double-stranded dna breaks,"relative sparked child p53 scotland members luiz agents backups single-stranded 20,000-a chang-ho dna breaks",2.0,"The obfuscated text contains 'p53' and 'single-stranded dna breaks', but with mostly replaced words, indicating low information leakage",llama-3.3-70b-versatile
38,risk factors for stroke,sovereign ensure tsunami sixers,1.0,The obfuscated text 'sovereign ensure tsunami sixers' does not contain any information related to the original text 'risk factors for stroke'.,llama-3.3-70b-versatile
38,risk factors for stroke,103-101 factors except stroke,2.0,The obfuscated text '103-101 factors except stroke' contains the word 'stroke' but the context is completely different.,llama-3.3-70b-versatile
38,risk factors for stroke,risk factors directed stroke,5.0,The obfuscated text 'risk factors directed stroke' contains both 'risk factors' and 'stroke' and is very similar to the original text.,llama-3.3-70b-versatile
38,risk factors for stroke,risk factors further stroke,5.0,The obfuscated text 'risk factors further stroke' contains both 'risk factors' and 'stroke' and is very similar to the original text.,llama-3.3-70b-versatile
38,risk factors for stroke,spitzer under-23s vying stroke,2.0,The obfuscated text 'spitzer under-23s vying stroke' contains the word 'stroke' but the context is completely different.,llama-3.3-70b-versatile
38,risk factors for stroke,risk disabilities for stroke,4.0,The obfuscated text 'risk disabilities for stroke' contains both 'risk' and 'stroke' and is similar to the original text.,llama-3.3-70b-versatile
38,risk factors for stroke,global factors 29 stroke,3.0,The obfuscated text 'global factors 29 stroke' contains both 'factors' and 'stroke' and is somewhat similar to the original text.,llama-3.3-70b-versatile
38,risk factors for stroke,positive factors replacement stroke,3.0,The obfuscated text 'positive factors replacement stroke' contains both 'factors' and 'stroke' and is somewhat similar to the original text.,llama-3.3-70b-versatile
38,risk factors for stroke,sales factors establishing stroke,3.0,The obfuscated text 'sales factors establishing stroke' contains both 'factors' and 'stroke' and is somewhat similar to the original text.,llama-3.3-70b-versatile
38,risk factors for stroke,mean influencing maintenance eddery,1.0,The obfuscated text 'mean influencing maintenance eddery' does not contain any information related to the original text 'risk factors for stroke'.,llama-3.3-70b-versatile
27,role of autophagy in apoptosis,role lekima autophagy faltering apoptosis,4.0,"The word 'lekima' is unrelated to 'of', and 'faltering' is unrelated to 'in', but 'role', 'autophagy', and 'apoptosis' are preserved",llama-3.3-70b-versatile
27,role of autophagy in apoptosis,american strauss raho problems motif,1.0,The text is completely unrelated to the original,llama-3.3-70b-versatile
27,role of autophagy in apoptosis,role traveled autophagy sections apoptosis,4.0,"The word 'traveled' is unrelated to 'of', and 'sections' is unrelated to 'in', but 'role', 'autophagy', and 'apoptosis' are preserved",llama-3.3-70b-versatile
27,role of autophagy in apoptosis,a birch autophagy 147 apoptosis,3.0,"The word 'a' is unrelated to 'role', 'birch' is unrelated to 'of', and '147' is unrelated to 'in', but 'autophagy' and 'apoptosis' are preserved",llama-3.3-70b-versatile
27,role of autophagy in apoptosis,role deal phyongan this apoptosis,2.0,"The word 'deal' is unrelated to 'role', 'phyongan' is unrelated to 'of', and 'this' is unrelated to 'in', but 'apoptosis' is preserved",llama-3.3-70b-versatile
27,role of autophagy in apoptosis,roles platoon eroglu luxembourg apoptosis,2.0,"The word 'platoon' is unrelated to 'role', 'eroglu' is unrelated to 'of', and 'luxembourg' is unrelated to 'in', but 'apoptosis' is preserved",llama-3.3-70b-versatile
27,role of autophagy in apoptosis,role rohr 205-million regulars apoptosis,2.0,"The word 'rohr' is unrelated to 'role', '205-million' is unrelated to 'of', and 'regulars' is unrelated to 'in', but 'apoptosis' is preserved",llama-3.3-70b-versatile
27,role of autophagy in apoptosis,role some autophagy majestic 33.46,2.0,"The word 'some' is unrelated to 'role', 'majestic' is unrelated to 'in', and '33.46' is unrelated to 'apoptosis', but 'autophagy' is preserved",llama-3.3-70b-versatile
27,role of autophagy in apoptosis,role study autophagy contesting ashkan,2.0,"The word 'study' is unrelated to 'role', 'contest' is unrelated to 'of', and 'ashkan' is unrelated to 'in' or 'apoptosis', but 'autophagy' is preserved",llama-3.3-70b-versatile
27,role of autophagy in apoptosis,plots acting miraculous in apoptosis,1.0,The text is completely unrelated to the original,llama-3.3-70b-versatile
21,role of p63 and p73 in relation to dna damage,protecting lay ogrean land mccowan in vagaries wishing dna damage,1.0,"The obfuscated text 'protecting lay ogrean land mccowan in vagaries wishing dna damage' has no relation to p63 and p73, thus score is 1",llama-3.3-70b-versatile
21,role of p63 and p73 in relation to dna damage,role afflicting nemecek myself chiangs in finitary players herbarium damage,1.0,"The obfuscated text 'role afflicting nemecek myself chiangs in finitary players herbarium damage' has no relation to p63 and p73, thus score is 1",llama-3.3-70b-versatile
21,role of p63 and p73 in relation to dna damage,role achieved callouses a aghor in supporter u.n. dna causing,1.0,"The obfuscated text 'role achieved callouses a aghor in supporter u.n. dna causing' has no relation to p63 and p73, thus score is 1",llama-3.3-70b-versatile
21,role of p63 and p73 in relation to dna damage,role arthur hide-and-seek conformity p73 extensively shoestring invited embryo damage,4.0,"The obfuscated text 'role arthur hide-and-seek conformity p73 extensively shoestring invited embryo damage' contains p73, thus score is 4",llama-3.3-70b-versatile
21,role of p63 and p73 in relation to dna damage,role of henneberger spawned echter in aquarian to dna damage,1.0,"The obfuscated text 'role of henneberger spawned echter in aquarian to dna damage' has no relation to p63 and p73, thus score is 1",llama-3.3-70b-versatile
21,role of p63 and p73 in relation to dna damage,role stavropol 3.5-percent broodmares kunitachi in altercations make dna damage,1.0,"The obfuscated text 'role stavropol 3.5-percent broodmares kunitachi in altercations make dna damage' has no relation to p63 and p73, thus score is 1",llama-3.3-70b-versatile
21,role of p63 and p73 in relation to dna damage,agrees website high-temperature escalated tkr in variables grand dna kdom,1.0,"The obfuscated text 'agrees website high-temperature escalated tkr in variables grand dna kdom' has no relation to p63 and p73, thus score is 1",llama-3.3-70b-versatile
21,role of p63 and p73 in relation to dna damage,role magnets euro2 advise anthophyllite areas 1983-87 pick penchala damage,1.0,"The obfuscated text 'role magnets euro2 advise anthophyllite areas 1983-87 pick penchala damage' has no relation to p63 and p73, thus score is 1",llama-3.3-70b-versatile
21,role of p63 and p73 in relation to dna damage,fast of samudra and burghy full lennert northern sewn damage,1.0,"The obfuscated text 'fast of samudra and burghy full lennert northern sewn damage' has no relation to p63 and p73, thus score is 1",llama-3.3-70b-versatile
21,role of p63 and p73 in relation to dna damage,renger accomplishment venia responsible 8-for-12 quaestor relation sternberg dna damage,1.0,"The obfuscated text 'renger accomplishment venia responsible 8-for-12 quaestor relation sternberg dna damage' has no relation to p63 and p73, thus score is 1",llama-3.3-70b-versatile
13,role of tgfb in angiogenesis in skin,connection science nhs reynolds fgf in light,1.0,"The obfuscated text 'connection science nhs reynolds fgf in light' does not contain any keywords related to the original text, thus it has a score of 1.",llama-3.3-70b-versatile
13,role of tgfb in angiogenesis in skin,role tax informa kent angiogenesis months skin,4.0,"The obfuscated text 'role tax informa kent angiogenesis months skin' contains the keyword 'angiogenesis' and 'skin', thus it has a score of 4.",llama-3.3-70b-versatile
13,role of tgfb in angiogenesis in skin,role oily qun dove angiogenesis posted differences,3.0,"The obfuscated text 'role oily qun dove angiogenesis posted differences' contains the keyword 'angiogenesis', thus it has a score of 3.",llama-3.3-70b-versatile
13,role of tgfb in angiogenesis in skin,actress payment deelkraal intervention angiogenesis time skin,4.0,"The obfuscated text 'actress payment deelkraal intervention angiogenesis time skin' contains the keyword 'angiogenesis' and 'skin', thus it has a score of 4.",llama-3.3-70b-versatile
13,role of tgfb in angiogenesis in skin,role of bellies branch angiogenesis a lines,3.0,"The obfuscated text 'role of bellies branch angiogenesis a lines' contains the keyword 'angiogenesis', thus it has a score of 3.",llama-3.3-70b-versatile
13,role of tgfb in angiogenesis in skin,role 's biodefense britain angiogenesis contours hairs,3.0,"The obfuscated text 'role 's biodefense britain angiogenesis contours hairs' contains the keyword 'angiogenesis', thus it has a score of 3.",llama-3.3-70b-versatile
13,role of tgfb in angiogenesis in skin,role of saint-hyacinthe flush angiogenesis tetrahedron hair,3.0,"The obfuscated text 'role of saint-hyacinthe flush angiogenesis tetrahedron hair' contains the keyword 'angiogenesis', thus it has a score of 3.",llama-3.3-70b-versatile
13,role of tgfb in angiogenesis in skin,performing of brody hockey angiogenesis particularly skin,4.0,"The obfuscated text 'performing of brody hockey angiogenesis particularly skin' contains the keyword 'angiogenesis' and 'skin', thus it has a score of 4.",llama-3.3-70b-versatile
13,role of tgfb in angiogenesis in skin,role reliance polyprotein crucial angiogenesis york charred,3.0,"The obfuscated text 'role reliance polyprotein crucial angiogenesis york charred' contains the keyword 'angiogenesis', thus it has a score of 3.",llama-3.3-70b-versatile
13,role of tgfb in angiogenesis in skin,ceremony internal collegiate in onslaught months skin,1.0,"The obfuscated text 'ceremony internal collegiate in onslaught months skin' does not contain any keywords related to the original text, thus it has a score of 1.",llama-3.3-70b-versatile
46,rsk2,conveyance,1.0,No apparent connection to 'rsk2',llama-3.3-70b-versatile
46,rsk2,bonneville,1.0,No apparent connection to 'rsk2',llama-3.3-70b-versatile
46,rsk2,post-college,1.0,No apparent connection to 'rsk2',llama-3.3-70b-versatile
46,rsk2,bozorg,1.0,No apparent connection to 'rsk2',llama-3.3-70b-versatile
46,rsk2,mejjati,1.0,No apparent connection to 'rsk2',llama-3.3-70b-versatile
46,rsk2,pyramid,1.0,No apparent connection to 'rsk2',llama-3.3-70b-versatile
46,rsk2,feillu,1.0,No apparent connection to 'rsk2',llama-3.3-70b-versatile
46,rsk2,xiaofeng,1.0,No apparent connection to 'rsk2',llama-3.3-70b-versatile
46,rsk2,cabana,1.0,No apparent connection to 'rsk2',llama-3.3-70b-versatile
46,rsk2,pave,1.0,No apparent connection to 'rsk2',llama-3.3-70b-versatile
23,saccharomyces cerevisiae proteins involved in ubiquitin system,saccharomyces cerevisiae proteins involved 1980 ubiquitin system,4.0,The year '1980' is added but the main topic remains the same,llama-3.3-70b-versatile
23,saccharomyces cerevisiae proteins involved in ubiquitin system,saccharomyces pulchra proteins 2000s draft ubiquitin system,3.0,The species name is changed to 'saccharomyces pulchra' and a time period '2000s' is added,llama-3.3-70b-versatile
23,saccharomyces cerevisiae proteins involved in ubiquitin system,saccharomyces saccharomyces proteins involved ghanaian ubiquitin system,2.0,The species name is repeated and 'ghanaian' is added which is unrelated to the topic,llama-3.3-70b-versatile
23,saccharomyces cerevisiae proteins involved in ubiquitin system,saccharomyces cerevisiae proteins notification new ubiquitin system,4.0,The word 'notification' and 'new' are added but the main topic remains the same,llama-3.3-70b-versatile
23,saccharomyces cerevisiae proteins involved in ubiquitin system,saccharomyces kubuabola proteins sway liquids ubiquitin system,1.0,The species name is changed to 'saccharomyces kubuabola' and 'sway liquids' is added which is unrelated to the topic,llama-3.3-70b-versatile
23,saccharomyces cerevisiae proteins involved in ubiquitin system,saccharomyces cerevisiae proteins professors partnership ubiquitin system,4.0,The word 'professors' and 'partnership' are added but the main topic remains the same,llama-3.3-70b-versatile
23,saccharomyces cerevisiae proteins involved in ubiquitin system,saccharomyces armillaria proteins involved utica ubiquitin seasons,1.0,The species name is changed to 'saccharomyces armillaria' and 'utica' and 'ubiquitin seasons' are added which are unrelated to the topic,llama-3.3-70b-versatile
23,saccharomyces cerevisiae proteins involved in ubiquitin system,chika cerevisiae proteins novelists in ubiquitin system,1.0,The genus name is changed to 'chika' which is unrelated to the topic,llama-3.3-70b-versatile
23,saccharomyces cerevisiae proteins involved in ubiquitin system,cerevisiae cerevisiae proteins drogheda in ubiquitin invader,1.0,The genus name is repeated and 'drogheda' and 'ubiquitin invader' are added which are unrelated to the topic,llama-3.3-70b-versatile
23,saccharomyces cerevisiae proteins involved in ubiquitin system,saccharomyces cerevisiae proteins biotech in ubiquitin system,4.0,The word 'biotech' is added but the main topic remains the same,llama-3.3-70b-versatile
43,sleeping beauty,sleeping fashion,1.0,"The word 'fashion' replaces 'beauty', changing the meaning completely, thus no information leakage",llama-3.3-70b-versatile
43,sleeping beauty,sleeping beauty,5.0,"The text is identical to the original, thus complete information leakage",llama-3.3-70b-versatile
43,sleeping beauty,pullman orvin,1.0,"The words 'pullman orvin' are unrelated to 'sleeping beauty', thus no information leakage",llama-3.3-70b-versatile
43,sleeping beauty,sleeping nigc,2.0,"The word 'nigc' replaces 'beauty', changing the meaning completely, thus minimal information leakage",llama-3.3-70b-versatile
43,sleeping beauty,sleeping lover,2.0,"The word 'lover' replaces 'beauty', changing the meaning, thus minimal information leakage",llama-3.3-70b-versatile
43,sleeping beauty,sleeping patsy,2.0,"The word 'patsy' replaces 'beauty', changing the meaning, thus minimal information leakage",llama-3.3-70b-versatile
43,sleeping beauty,stackable soa,1.0,"The words 'stackable soa' are unrelated to 'sleeping beauty', thus no information leakage",llama-3.3-70b-versatile
43,sleeping beauty,sleeping talent,2.0,"The word 'talent' replaces 'beauty', changing the meaning, thus minimal information leakage",llama-3.3-70b-versatile
43,sleeping beauty,sleeping breathtaking,3.0,"The words 'breathtaking' replace 'beauty', changing the meaning slightly, thus some information leakage",llama-3.3-70b-versatile
43,sleeping beauty,sleeping beauty,5.0,"The text is identical to the original, thus complete information leakage",llama-3.3-70b-versatile
20,substrate modification by ubiquitin,substrate modification by ubiquitin,5.0,The obfuscated text is identical to the original text,llama-3.3-70b-versatile
20,substrate modification by ubiquitin,substrate shukhevych gates ubiquitin,1.0,The obfuscated text contains unrelated words and does not convey the original meaning,llama-3.3-70b-versatile
20,substrate modification by ubiquitin,substrate dentsu cruelties ubiquitin,1.0,The obfuscated text contains unrelated words and does not convey the original meaning,llama-3.3-70b-versatile
20,substrate modification by ubiquitin,peuple modification rewarded ubiquitin,1.0,The obfuscated text contains unrelated words and does not convey the original meaning,llama-3.3-70b-versatile
20,substrate modification by ubiquitin,substrate periklis philadelphia cocci,1.0,The obfuscated text contains unrelated words and does not convey the original meaning,llama-3.3-70b-versatile
20,substrate modification by ubiquitin,substrate alteration by ubiquitin,4.0,"The obfuscated text is very similar to the original text, with only a slight modification",llama-3.3-70b-versatile
20,substrate modification by ubiquitin,substrate modification by ubiquitin,5.0,The obfuscated text is identical to the original text,llama-3.3-70b-versatile
20,substrate modification by ubiquitin,mantegazza viviano margie ubiquitin,1.0,The obfuscated text contains unrelated words and does not convey the original meaning,llama-3.3-70b-versatile
20,substrate modification by ubiquitin,substrate modifications by ubiquitin,4.0,"The obfuscated text is very similar to the original text, with only a slight modification",llama-3.3-70b-versatile
20,substrate modification by ubiquitin,hydrated modification part ubiquitin,1.0,The obfuscated text contains unrelated words and does not convey the original meaning,llama-3.3-70b-versatile
3,time course for gene expression in mouse kidney,walkman course prime gene expression hospital mouse kidney,2.0,"The word 'course' and 'gene expression' and 'mouse kidney' are present, but 'walkman' and 'prime' and 'hospital' are unrelated, hence a score of 2",llama-3.3-70b-versatile
3,time course for gene expression in mouse kidney,start vacations hearts gene expression yangtze gene kidney,3.0,"The word 'gene expression' is present, but 'start vacations hearts' and 'yangtze gene' are unrelated, hence a score of 3",llama-3.3-70b-versatile
3,time course for gene expression in mouse kidney,w. course for hallmark expression carte disk kidney,4.0,"The word 'course' and 'expression' and 'kidney' are present, but 'w.' and 'hallmark' and 'carte disk' are unrelated, hence a score of 4",llama-3.3-70b-versatile
3,time course for gene expression in mouse kidney,killings edge brushes 13.33 behaviour southeast furigana kidney,1.0,"The word 'kidney' is present, but 'killings edge brushes' and '13.33 behaviour southeast furigana' are unrelated, hence a score of 1",llama-3.3-70b-versatile
3,time course for gene expression in mouse kidney,became famously citation genomic function olympiad mouse neurologist,1.0,"The word 'mouse' is present, but 'became famously citation genomic function olympiad neurologist' are unrelated, hence a score of 1",llama-3.3-70b-versatile
3,time course for gene expression in mouse kidney,injury courses for gene expression ministerial understates kidney,2.0,"The word 'courses' and 'gene expression' and 'kidney' are present, but 'injury' and 'ministerial understates' are unrelated, hence a score of 2",llama-3.3-70b-versatile
3,time course for gene expression in mouse kidney,no. course involved gene minded double-digit mouse oreskovic,2.0,"The word 'course' and 'gene' and 'mouse' are present, but 'no.' and 'involved' and 'minded double-digit' and 'oreskovic' are unrelated, hence a score of 2",llama-3.3-70b-versatile
3,time course for gene expression in mouse kidney,time polytechnic grasses gene microarrays 4-6 shopper kidney,3.0,"The word 'time' and 'gene' and 'kidney' are present, but 'polytechnic grasses' and 'microarrays 4-6' and 'shopper' are unrelated, hence a score of 3",llama-3.3-70b-versatile
3,time course for gene expression in mouse kidney,time course gird gene observed area mouse kidney,5.0,"The word 'time course' and 'gene' and 'mouse kidney' are present, hence a score of 5",llama-3.3-70b-versatile
3,time course for gene expression in mouse kidney,"bush sermons birthdays gene expression tragedy mouse 9,000",3.0,"The word 'gene expression' and 'mouse' are present, but 'bush sermons birthdays' and 'tragedy' and '9,000' are unrelated, hence a score of 3",llama-3.3-70b-versatile
31,tor signaling in neurofibromatosis,tor slowing in neurofibromatosis,3.0,"The word 'tor' is replaced with 'tor' and 'signaling' is replaced with 'slowing', indicating some information leakage",llama-3.3-70b-versatile
31,tor signaling in neurofibromatosis,william signaling iowa neurofibromatosis,4.0,"The word 'tor' is replaced with 'william' and 'signaling' is replaced with 'signaling', indicating significant information leakage",llama-3.3-70b-versatile
31,tor signaling in neurofibromatosis,evol signaling swedish neurofibromatosis,4.0,"The word 'tor' is replaced with 'evol' and 'signaling' is replaced with 'signaling', indicating significant information leakage",llama-3.3-70b-versatile
31,tor signaling in neurofibromatosis,tor signaling mclaren neurofibromatosis,5.0,"The word 'tor' is replaced with 'tor' and 'signaling' is replaced with 'signaling', indicating complete information leakage",llama-3.3-70b-versatile
31,tor signaling in neurofibromatosis,tor sagebrush claimed neurofibromatosis,3.0,"The word 'tor' is replaced with 'tor' and 'signaling' is replaced with 'sagebrush', indicating some information leakage",llama-3.3-70b-versatile
31,tor signaling in neurofibromatosis,beka byte in neurofibromatosis,1.0,"The word 'tor' is replaced with 'beka' and 'signaling' is replaced with 'byte', indicating no information leakage",llama-3.3-70b-versatile
31,tor signaling in neurofibromatosis,tor somites ending proton-k,3.0,"The word 'tor' is replaced with 'tor' and 'signaling' is replaced with 'somites', indicating some information leakage",llama-3.3-70b-versatile
31,tor signaling in neurofibromatosis,tor cascade fields melick,3.0,"The word 'tor' is replaced with 'tor' and 'signaling' is replaced with 'cascade', indicating some information leakage",llama-3.3-70b-versatile
31,tor signaling in neurofibromatosis,eisen signaling nowogródek neurofibromatosis,4.0,"The word 'tor' is replaced with 'eisen' and 'signaling' is replaced with 'signaling', indicating significant information leakage",llama-3.3-70b-versatile
31,tor signaling in neurofibromatosis,tor condoleezza in tots,3.0,"The word 'tor' is replaced with 'tor' and 'signaling' is replaced with 'condoleezza', indicating some information leakage",llama-3.3-70b-versatile
35,wd40 repeat-containing proteins,sitbon escutcheons proteins,1.0,"sitbon escutcheons proteins: 1, no information leakage as the obfuscated text does not contain any similar words to the original text",llama-3.3-70b-versatile
35,wd40 repeat-containing proteins,wd40 h5n2 peptides,4.0,"wd40 h5n2 peptides: 4, high information leakage as the obfuscated text contains the same prefix as the original text",llama-3.3-70b-versatile
35,wd40 repeat-containing proteins,wd40 oet proteins,4.0,"wd40 oet proteins: 4, high information leakage as the obfuscated text contains the same prefix as the original text",llama-3.3-70b-versatile
35,wd40 repeat-containing proteins,wd40 aschoff proteins,4.0,"wd40 aschoff proteins: 4, high information leakage as the obfuscated text contains the same prefix as the original text",llama-3.3-70b-versatile
35,wd40 repeat-containing proteins,oberdorf tarn-et-garonne proteins,1.0,"oberdorf tarn-et-garonne proteins: 1, no information leakage as the obfuscated text does not contain any similar words to the original text",llama-3.3-70b-versatile
35,wd40 repeat-containing proteins,wd40 repeat-containing proteins,5.0,"wd40 repeat-containing proteins: 5, complete information leakage as the obfuscated text is identical to the original text",llama-3.3-70b-versatile
35,wd40 repeat-containing proteins,wd40 perine proteins,4.0,"wd40 perine proteins: 4, high information leakage as the obfuscated text contains the same prefix as the original text",llama-3.3-70b-versatile
35,wd40 repeat-containing proteins,wd40 repeat-containing proteins,5.0,"wd40 repeat-containing proteins: 5, complete information leakage as the obfuscated text is identical to the original text",llama-3.3-70b-versatile
35,wd40 repeat-containing proteins,couscous pinch-hitter proteins,1.0,"couscous pinch-hitter proteins: 1, no information leakage as the obfuscated text does not contain any similar words to the original text",llama-3.3-70b-versatile
35,wd40 repeat-containing proteins,lectin pattered proteins,1.0,"lectin pattered proteins: 1, no information leakage as the obfuscated text does not contain any similar words to the original text",llama-3.3-70b-versatile
32,xenograft animal models of tumorogenesis,xenograft turner models full uosukainen,4.0,"The word 'xenograft' is preserved, but 'turner' and 'uosukainen' are unrelated to the original text",llama-3.3-70b-versatile
32,xenograft animal models of tumorogenesis,respublica animal theories earl verlaat,2.0,"The word 'animal' is preserved, but 'respublica', 'theories', 'earl', and 'verlaat' are unrelated to the original text",llama-3.3-70b-versatile
32,xenograft animal models of tumorogenesis,u.s.-britain animal models mass lena,3.0,"The phrase 'animal models' is preserved, but 'u.s.-britain', 'mass', and 'lena' are unrelated to the original text",llama-3.3-70b-versatile
32,xenograft animal models of tumorogenesis,backstrom animal demarcating belonging borgwarner,2.0,"The word 'animal' is preserved, but 'backstrom', 'demarcating', 'belonging', and 'borgwarner' are unrelated to the original text",llama-3.3-70b-versatile
32,xenograft animal models of tumorogenesis,enman animal models size novellino,3.0,"The phrase 'animal models' is preserved, but 'enman', 'size', and 'novellino' are unrelated to the original text",llama-3.3-70b-versatile
32,xenograft animal models of tumorogenesis,aukar animal models inbev connects,3.0,"The phrase 'animal models' is preserved, but 'aukar', 'inbev', and 'connects' are unrelated to the original text",llama-3.3-70b-versatile
32,xenograft animal models of tumorogenesis,sixth-most animal models cannock massive,3.0,"The phrase 'animal models' is preserved, but 'sixth-most', 'cannock', and 'massive' are unrelated to the original text",llama-3.3-70b-versatile
32,xenograft animal models of tumorogenesis,aawu prehistoric models of irritable,2.0,"The word 'models' is preserved, but 'aawu', 'prehistoric', 'irritable' are unrelated to the original text",llama-3.3-70b-versatile
32,xenograft animal models of tumorogenesis,xenograft animal models towers suryavanshi,5.0,"The phrase 'xenograft animal models' is preserved, but 'towers' and 'suryavanshi' are unrelated to the original text",llama-3.3-70b-versatile
32,xenograft animal models of tumorogenesis,32.33 animal dorsch kościelny abhijit,2.0,"The word 'animal' is preserved, but '32.33', 'dorsch', 'kościelny', and 'abhijit' are unrelated to the original text",llama-3.3-70b-versatile
