id,text,obfuscatedText,score,justification,model
16,aaa proteins,standings proteins,1.0,"The word 'standings' is unrelated to 'aaa', so there is no information leakage.",llama-3.3-70b-versatile
16,aaa proteins,schork proteins,1.0,"The word 'schork' is unrelated to 'aaa', so there is no information leakage.",llama-3.3-70b-versatile
16,aaa proteins,begrand small,1.0,"The word 'begrand' is unrelated to 'aaa' and 'small' is unrelated to 'proteins', so there is no information leakage.",llama-3.3-70b-versatile
16,aaa proteins,bba proteins,3.0,"The word 'bba' is similar to 'aaa', so there is some information leakage.",llama-3.3-70b-versatile
16,aaa proteins,aaa chromosomal,3.0,"The word 'aaa' is the same, but 'chromosomal' is unrelated to 'proteins', so there is some information leakage.",llama-3.3-70b-versatile
16,aaa proteins,aaa permutations,3.0,"The word 'aaa' is the same, but 'permutations' is unrelated to 'proteins', so there is some information leakage.",llama-3.3-70b-versatile
16,aaa proteins,nichter proteins,1.0,"The word 'nichter' is unrelated to 'aaa', so there is no information leakage.",llama-3.3-70b-versatile
16,aaa proteins,intermountain proteins,1.0,"The word 'intermountain' is unrelated to 'aaa', so there is no information leakage.",llama-3.3-70b-versatile
16,aaa proteins,traci pores,1.0,"The word 'traci' is unrelated to 'aaa' and 'pores' is unrelated to 'proteins', so there is no information leakage.",llama-3.3-70b-versatile
16,aaa proteins,aaa proteins,5.0,"The text is identical, so there is complete information leakage.",llama-3.3-70b-versatile
40,antigens expressed by lung epithelial cells,antigens tantawi judgement semiclassical granules respiration,4.0,The word 'antigens' is present but the rest of the sentence is unrelated to the original text,llama-3.3-70b-versatile
40,antigens expressed by lung epithelial cells,antigens olusegun supported lung epithelial calcium,4.0,The word 'antigens' and 'lung epithelial' are present but 'calcium' is not related to the original text,llama-3.3-70b-versatile
40,antigens expressed by lung epithelial cells,pizango marion by disparities epithelial cells,3.0,The word 'epithelial cells' is present but 'pizango marion' and 'disparities' are not related to the original text,llama-3.3-70b-versatile
40,antigens expressed by lung epithelial cells,chea incomes micklethwait lung epithelial absorption,4.0,The word 'lung epithelial' is present but 'chea incomes' and 'absorption' are not related to the original text,llama-3.3-70b-versatile
40,antigens expressed by lung epithelial cells,antigens italians cbrc lung aafl cells,4.0,The word 'antigens' and 'lung' are present but 'italians cbrc' and 'aafl cells' are not related to the original text,llama-3.3-70b-versatile
40,antigens expressed by lung epithelial cells,expreso allegiance mollison lung epithelial cells,2.0,The word 'lung epithelial cells' is present but 'expreso allegiance' and 'mollison' are not related to the original text,llama-3.3-70b-versatile
40,antigens expressed by lung epithelial cells,153.9 voiced rudolph lung underbody cells,5.0,The word 'lung' and 'cells' are present but '153.9 voiced rudolph' and 'underbody' are not related to the original text,llama-3.3-70b-versatile
40,antigens expressed by lung epithelial cells,antigens link beat incurable donje cells,4.0,The word 'antigens' is present but 'link beat' and 'incurable donje cells' are not related to the original text,llama-3.3-70b-versatile
40,antigens expressed by lung epithelial cells,encephalitis gratitude by lung epithelial rays,4.0,The word 'lung epithelial' is present but 'encephalitis gratitude' and 'rays' are not related to the original text,llama-3.3-70b-versatile
40,antigens expressed by lung epithelial cells,antigens vice jantjes lung khachmaz cells,4.0,The word 'antigens' and 'lung' are present but 'vice jantjes' and 'khachmaz cells' are not related to the original text,llama-3.3-70b-versatile
15,atpase and apoptosis,cominges right rash,1.0,No information leakage as the obfuscated text does not contain any related terms,llama-3.3-70b-versatile
15,atpase and apoptosis,rc5 three badami,1.0,No information leakage as the obfuscated text does not contain any related terms,llama-3.3-70b-versatile
15,atpase and apoptosis,atpase dashboard diachronic,3.0,Partial information leakage as the obfuscated text contains the term 'atpase',llama-3.3-70b-versatile
15,atpase and apoptosis,endowed serves apoptosis,3.0,Partial information leakage as the obfuscated text contains the term 'apoptosis',llama-3.3-70b-versatile
15,atpase and apoptosis,atpase contortionists barq,3.0,Partial information leakage as the obfuscated text contains the term 'atpase',llama-3.3-70b-versatile
15,atpase and apoptosis,atpase suit d-mi,3.0,Partial information leakage as the obfuscated text contains the term 'atpase',llama-3.3-70b-versatile
15,atpase and apoptosis,atpase attendance apoptosis,5.0,Complete information leakage as the obfuscated text contains both terms 'atpase' and 'apoptosis',llama-3.3-70b-versatile
15,atpase and apoptosis,atpase with physiological,3.0,Partial information leakage as the obfuscated text contains the term 'atpase',llama-3.3-70b-versatile
15,atpase and apoptosis,büyük methodologies apoptosis,3.0,Partial information leakage as the obfuscated text contains the term 'apoptosis',llama-3.3-70b-versatile
15,atpase and apoptosis,atpase steam p53,3.0,Partial information leakage as the obfuscated text contains the term 'atpase',llama-3.3-70b-versatile
11,carcinogenesis and hairless mice,carcinogenesis challenged hairless mice,4.0,"The word 'carcinogenesis' is present in the obfuscated text, indicating significant information leakage.",llama-3.3-70b-versatile
11,carcinogenesis and hairless mice,amiata tanzanian bernal giorno,1.0,"The text 'amiata tanzanian bernal giorno' does not contain any relevant information from the original text, indicating no information leakage.",llama-3.3-70b-versatile
11,carcinogenesis and hairless mice,tectonics wedderburn hairless pigs,3.0,"The word 'hairless' is present in the obfuscated text, but 'tectonics' and 'pigs' are unrelated to the original text, indicating some information leakage.",llama-3.3-70b-versatile
11,carcinogenesis and hairless mice,searches mumbi hairless marneuli,3.0,"The word 'hairless' is present in the obfuscated text, but 'searches', 'mumbi', and 'marneuli' are unrelated to the original text, indicating some information leakage.",llama-3.3-70b-versatile
11,carcinogenesis and hairless mice,1.775 our unclothed primates,3.0,"The word 'primates' is related to 'mice', but '1.775' and 'unclothed' are unrelated to the original text, indicating some information leakage.",llama-3.3-70b-versatile
11,carcinogenesis and hairless mice,hammerschmidt and hairless tew,3.0,"The word 'hairless' is present in the obfuscated text, but 'hammerschmidt' and 'tew' are unrelated to the original text, indicating some information leakage.",llama-3.3-70b-versatile
11,carcinogenesis and hairless mice,7.4-acre beards whistling mice,3.0,"The word 'mice' is present in the obfuscated text, but '7.4-acre', 'beards', and 'whistling' are unrelated to the original text, indicating some information leakage.",llama-3.3-70b-versatile
11,carcinogenesis and hairless mice,rhoose corner mccorkle insect,1.0,"The text 'rhoose corner mccorkle insect' does not contain any relevant information from the original text, indicating no information leakage.",llama-3.3-70b-versatile
11,carcinogenesis and hairless mice,sjöström ready hairless freshwater,3.0,"The word 'hairless' is present in the obfuscated text, but 'sjöström', 'ready', and 'freshwater' are unrelated to the original text, indicating some information leakage.",llama-3.3-70b-versatile
11,carcinogenesis and hairless mice,semi-documentary formula_18 whooping mice,3.0,"The text 'semi-documentary formula_18 whooping mice' contains the word 'mice', but 'semi-documentary', 'formula_18', and 'whooping' are unrelated to the original text, indicating some information leakage.",llama-3.3-70b-versatile
25,cause of scleroderma,justice 1948 kocher,1.0,justice 1948 kocher: no relation to scleroderma,llama-3.3-70b-versatile
25,cause of scleroderma,advertisement directorial 9.325,1.0,advertisement directorial 9.325: no relation to scleroderma,llama-3.3-70b-versatile
25,cause of scleroderma,peoples expression huts,1.0,peoples expression huts: no relation to scleroderma,llama-3.3-70b-versatile
25,cause of scleroderma,varejao preparedness scleroderma,4.0,varejao preparedness scleroderma: contains the word scleroderma,llama-3.3-70b-versatile
25,cause of scleroderma,cause heracles jozami,2.0,cause heracles jozami: contains the word cause but not related to scleroderma,llama-3.3-70b-versatile
25,cause of scleroderma,enmity of agraphia,1.0,enmity of agraphia: no relation to scleroderma,llama-3.3-70b-versatile
25,cause of scleroderma,cause community scleroderma,5.0,cause community scleroderma: contains both the word cause and scleroderma,llama-3.3-70b-versatile
25,cause of scleroderma,cause cove shiina,2.0,cause cove shiina: contains the word cause but not related to scleroderma,llama-3.3-70b-versatile
25,cause of scleroderma,bresnahan gns vulvar,1.0,bresnahan gns vulvar: no relation to scleroderma,llama-3.3-70b-versatile
25,cause of scleroderma,motive scotland untallied,1.0,motive scotland untallied: no relation to scleroderma,llama-3.3-70b-versatile
19,comparison of promoters of gal1 and suc1,estimate athletics promoters 26sec jugovic nutmeg lahad,1.0,The obfuscated text 'estimate athletics promoters 26sec jugovic nutmeg lahad' does not contain any information related to the original text.,llama-3.3-70b-versatile
19,comparison of promoters of gal1 and suc1,lefties argentine 33.00 lifestyle manu'a comment cumbrae,1.0,The obfuscated text 'lefties argentine 33.00 lifestyle manu'a comment cumbrae' does not contain any information related to the original text.,llama-3.3-70b-versatile
19,comparison of promoters of gal1 and suc1,shp of yangzi jankulovski nnsa wallpaper pokemon,1.0,The obfuscated text 'shp of yangzi jankulovski nnsa wallpaper pokemon' does not contain any information related to the original text.,llama-3.3-70b-versatile
19,comparison of promoters of gal1 and suc1,comparison increase original protect schaumburg families rovers,2.0,"The obfuscated text 'comparison increase original protect schaumburg families rovers' contains the word 'comparison' which is also present in the original text, indicating some information leakage.",llama-3.3-70b-versatile
19,comparison of promoters of gal1 and suc1,i-195 colony faroon of hafetz burrell economically,1.0,The obfuscated text 'i-195 colony faroon of hafetz burrell economically' does not contain any information related to the original text.,llama-3.3-70b-versatile
19,comparison of promoters of gal1 and suc1,korakuen regionalligas choreograph drosophila frontrunner concordia consultative,1.0,The obfuscated text 'korakuen regionalligas choreograph drosophila frontrunner concordia consultative' does not contain any information related to the original text.,llama-3.3-70b-versatile
19,comparison of promoters of gal1 and suc1,widest ajax snowstorm long ellerbe u-shaped swat,1.0,The obfuscated text 'widest ajax snowstorm long ellerbe u-shaped swat' does not contain any information related to the original text.,llama-3.3-70b-versatile
19,comparison of promoters of gal1 and suc1,"1,607 of chaperons of mil overseers 50-foot",1.0,"The obfuscated text '1,607 of chaperons of mil overseers 50-foot' does not contain any information related to the original text.",llama-3.3-70b-versatile
19,comparison of promoters of gal1 and suc1,comparing destiny beggared of hidden conservatives dalya,2.0,"The obfuscated text 'comparing destiny beggared of hidden conservatives dalya' contains the word 'comparing' which is similar to 'comparison' in the original text, indicating some information leakage.",llama-3.3-70b-versatile
19,comparison of promoters of gal1 and suc1,domestic rotulorum sbsi ultra masseuses both godfather,1.0,The obfuscated text 'domestic rotulorum sbsi ultra masseuses both godfather' does not contain any information related to the original text.,llama-3.3-70b-versatile
8,correlation between dna repair pathways and skin cancer,"khattabi sounds 4.5-5 gaudapada 547,000 develop detracted chronically",1.0,"The obfuscated text 'khattabi sounds 4.5-5 gaudapada 547,000 develop detracted chronically' does not contain any information related to the original text, so the score is 1.",llama-3.3-70b-versatile
8,correlation between dna repair pathways and skin cancer,correlation between dna pierce goin vocals globally tuberculosis,2.0,"The obfuscated text 'correlation between dna pierce goin vocals globally tuberculosis' contains the word 'correlation' and 'dna', but the context is different, so the score is 2.",llama-3.3-70b-versatile
8,correlation between dna repair pathways and skin cancer,interconnect between dna rubiks pathway scene skin tenderness,3.0,"The obfuscated text 'interconnect between dna rubiks pathway scene skin tenderness' contains the words 'dna', 'pathway', and 'skin', but the context is different, so the score is 3.",llama-3.3-70b-versatile
8,correlation between dna repair pathways and skin cancer,correlation between coiled eat twigg 2005 veld cancer,2.0,"The obfuscated text 'correlation between coiled eat twigg 2005 veld cancer' contains the words 'correlation', 'cancer', but the context is different, so the score is 2.",llama-3.3-70b-versatile
8,correlation between dna repair pathways and skin cancer,hylton two mtdna repair roughest winners skin fast,4.0,"The obfuscated text 'hylton two mtdna repair roughest winners skin fast' contains the words 'mtdna', 'repair', 'skin', so the score is 4.",llama-3.3-70b-versatile
8,correlation between dna repair pathways and skin cancer,explanation ticket gene scratched velour rounds cloned cancer,2.0,"The obfuscated text 'explanation ticket gene scratched velour rounds cloned cancer' contains the word 'cancer', but the context is different, so the score is 2.",llama-3.3-70b-versatile
8,correlation between dna repair pathways and skin cancer,correlation fencing dna reorganization millikan moldova skin cancer,5.0,"The obfuscated text 'correlation fencing dna reorganization millikan moldova skin cancer' contains the words 'correlation', 'dna', 'skin', 'cancer', so the score is 5.",llama-3.3-70b-versatile
8,correlation between dna repair pathways and skin cancer,bottom-up end dna $ pathways popular baluchi comparative,3.0,"The obfuscated text 'bottom-up end dna $ pathways popular baluchi comparative' contains the words 'dna', 'pathways', but the context is different, so the score is 3.",llama-3.3-70b-versatile
8,correlation between dna repair pathways and skin cancer,commission between 108.50 retrofit three-year-olds witnesses skin treatment,1.0,"The obfuscated text 'commission between 108.50 retrofit three-year-olds witnesses skin treatment' does not contain any information related to the original text, so the score is 1.",llama-3.3-70b-versatile
8,correlation between dna repair pathways and skin cancer,estriol ignaz dna reduce conduction wireless beached surgery,2.0,"The obfuscated text 'estriol ignaz dna reduce conduction wireless beached surgery' contains the word 'dna', but the context is different, so the score is 2.",llama-3.3-70b-versatile
7,dna repair and oxidative stress,pavic armour liftoff grossfeld exhaustion,1.0,"The obfuscated text 'pavic armour liftoff grossfeld exhaustion' does not contain any related words to the original text, so it gets a score of 1.",llama-3.3-70b-versatile
7,dna repair and oxidative stress,gametes repair viet oxidative freestyler,4.0,"The obfuscated text 'gametes repair viet oxidative freestyler' contains the word 'repair' and 'oxidative', so it gets a score of 4.",llama-3.3-70b-versatile
7,dna repair and oxidative stress,60-page repair siblings oxidative stress,5.0,"The obfuscated text '60-page repair siblings oxidative stress' contains the words 'repair' and 'oxidative stress', so it gets a score of 5.",llama-3.3-70b-versatile
7,dna repair and oxidative stress,totty barge force expositions stress,2.0,"The obfuscated text 'totty barge force expositions stress' contains the word 'stress', so it gets a score of 2.",llama-3.3-70b-versatile
7,dna repair and oxidative stress,dna remodel macaroni ready-to-fly sprains,3.0,"The obfuscated text 'dna remodel macaroni ready-to-fly sprains' contains the word 'dna', so it gets a score of 3.",llama-3.3-70b-versatile
7,dna repair and oxidative stress,molecule dans such oxidative orgasmic,3.0,"The obfuscated text 'molecule dans such oxidative orgasmic' contains the word 'oxidative', so it gets a score of 3.",llama-3.3-70b-versatile
7,dna repair and oxidative stress,dna repairs from oxidative adar,5.0,"The obfuscated text 'dna repairs from oxidative adar' contains the words 'dna', 'repairs', and 'oxidative', so it gets a score of 5.",llama-3.3-70b-versatile
7,dna repair and oxidative stress,nail repair protohistory upgrading milestone,2.0,"The obfuscated text 'nail repair protohistory upgrading milestone' contains the word 'repair', so it gets a score of 2.",llama-3.3-70b-versatile
7,dna repair and oxidative stress,30-man repair sounding appearing foster,2.0,"The obfuscated text '30-man repair sounding appearing foster' contains the word 'repair', so it gets a score of 2.",llama-3.3-70b-versatile
7,dna repair and oxidative stress,finds seven-speed dwelling automorphisms jangmi,1.0,"The obfuscated text 'finds seven-speed dwelling automorphisms jangmi' does not contain any related words to the original text, so it gets a score of 1.",llama-3.3-70b-versatile
17,do1 antibody,waterhouse gene,5.0,"The word 'antibody' is present in the obfuscated text, indicating complete information leakage.",llama-3.3-70b-versatile
17,do1 antibody,cio burghley,1.0,The obfuscated text does not contain any related terms to the original text.,llama-3.3-70b-versatile
17,do1 antibody,midterm antibody,5.0,"The word 'antibody' is present in the obfuscated text, indicating complete information leakage.",llama-3.3-70b-versatile
17,do1 antibody,trakya contamination,1.0,The obfuscated text does not contain any related terms to the original text.,llama-3.3-70b-versatile
17,do1 antibody,pupate tunica,1.0,The obfuscated text does not contain any related terms to the original text.,llama-3.3-70b-versatile
17,do1 antibody,programmer pirg,1.0,The obfuscated text does not contain any related terms to the original text.,llama-3.3-70b-versatile
17,do1 antibody,whitest theodolite,1.0,The obfuscated text does not contain any related terms to the original text.,llama-3.3-70b-versatile
17,do1 antibody,akerlof albumin,1.0,The obfuscated text does not contain any related terms to the original text.,llama-3.3-70b-versatile
17,do1 antibody,tue twinned,1.0,The obfuscated text does not contain any related terms to the original text.,llama-3.3-70b-versatile
17,do1 antibody,rashleigh visas,1.0,The obfuscated text does not contain any related terms to the original text.,llama-3.3-70b-versatile
14,expression or regulation of tgfb in hnscc cancers,settlement staines but wine mahala created patuxent cancers,1.0,No relevant information is present in the text,llama-3.3-70b-versatile
14,expression or regulation of tgfb in hnscc cancers,zeqiri denis regulation evolutionary talabani battles elite adolescent,1.0,No relevant information is present in the text,llama-3.3-70b-versatile
14,expression or regulation of tgfb in hnscc cancers,legal sentence water-based covering ugrumov spun olmert methylated,1.0,No relevant information is present in the text,llama-3.3-70b-versatile
14,expression or regulation of tgfb in hnscc cancers,unacceptable or pena terms 25.87 occur hocus cancers,2.0,"The word 'cancers' is present, but it's not related to 'tgfb' or 'hnscc'",llama-3.3-70b-versatile
14,expression or regulation of tgfb in hnscc cancers,"downregulated 3,790 immunity across handfield controls wauters cancers",3.0,"The word 'cancers' is present, and 'downregulated' could be related to 'regulation'",llama-3.3-70b-versatile
14,expression or regulation of tgfb in hnscc cancers,expression plot proponents freed asma os gwot cancers,4.0,"The words 'expression' and 'cancers' are present, and 'asma' could be related to a medical term",llama-3.3-70b-versatile
14,expression or regulation of tgfb in hnscc cancers,sunny insurers epa columbia cip have toured exculpatory,1.0,No relevant information is present in the text,llama-3.3-70b-versatile
14,expression or regulation of tgfb in hnscc cancers,client spending regulation schoolhouse nawat qualifier taxi sahara,2.0,"The word 'regulation' is present, but it's not related to 'tgfb' or 'hnscc'",llama-3.3-70b-versatile
14,expression or regulation of tgfb in hnscc cancers,expression inject regulation of pmc 1996 jianyin phish,4.0,"The words 'expression', 'regulation', and 'pmc' are present, and 'pmc' could be related to a medical term",llama-3.3-70b-versatile
6,fancd2,endorsee,1.0,"No leakage, completely different",llama-3.3-70b-versatile
6,fancd2,irena,1.0,"No leakage, completely different",llama-3.3-70b-versatile
6,fancd2,skygazers,1.0,"No leakage, completely different",llama-3.3-70b-versatile
6,fancd2,anang,1.0,"No leakage, completely different",llama-3.3-70b-versatile
6,fancd2,starched,1.0,"No leakage, completely different",llama-3.3-70b-versatile
6,fancd2,chemnitz,1.0,"No leakage, completely different",llama-3.3-70b-versatile
6,fancd2,lamin,1.0,"No leakage, completely different",llama-3.3-70b-versatile
6,fancd2,figini,1.0,"No leakage, completely different",llama-3.3-70b-versatile
6,fancd2,rohman,1.0,"No leakage, completely different",llama-3.3-70b-versatile
6,fancd2,pirs,1.0,"No leakage, completely different",llama-3.3-70b-versatile
1,ferroportin-1 in humans,landes team roughly,1.0,The obfuscated text 'landes team roughly' does not contain any information related to the original text 'ferroportin-1 in humans'.,llama-3.3-70b-versatile
1,ferroportin-1 in humans,teachout hub vaishnava,1.0,The obfuscated text 'teachout hub vaishnava' does not contain any information related to the original text 'ferroportin-1 in humans'.,llama-3.3-70b-versatile
1,ferroportin-1 in humans,bakersfield gay pipo,1.0,The obfuscated text 'bakersfield gay pipo' does not contain any information related to the original text 'ferroportin-1 in humans'.,llama-3.3-70b-versatile
1,ferroportin-1 in humans,shōgun delisted humans,2.0,The obfuscated text 'shōgun delisted humans' contains the word 'humans' which is related to the original text 'ferroportin-1 in humans'.,llama-3.3-70b-versatile
1,ferroportin-1 in humans,stoel deposition humans,2.0,The obfuscated text 'stoel deposition humans' contains the word 'humans' which is related to the original text 'ferroportin-1 in humans'.,llama-3.3-70b-versatile
1,ferroportin-1 in humans,extirpated surplus dissolution,1.0,The obfuscated text 'extirpated surplus dissolution' does not contain any information related to the original text 'ferroportin-1 in humans'.,llama-3.3-70b-versatile
1,ferroportin-1 in humans,wherry miyagi humans,2.0,The obfuscated text 'wherry miyagi humans' contains the word 'humans' which is related to the original text 'ferroportin-1 in humans'.,llama-3.3-70b-versatile
1,ferroportin-1 in humans,cornea pyrénées-orientales humans,2.0,The obfuscated text 'cornea pyrénées-orientales humans' contains the word 'humans' which is related to the original text 'ferroportin-1 in humans'.,llama-3.3-70b-versatile
1,ferroportin-1 in humans,shed united co-sanctioned,1.0,The obfuscated text 'shed united co-sanctioned' does not contain any information related to the original text 'ferroportin-1 in humans'.,llama-3.3-70b-versatile
1,ferroportin-1 in humans,masako meech human,2.0,The obfuscated text 'masako meech human' contains the word 'human' which is related to the original text 'ferroportin-1 in humans'.,llama-3.3-70b-versatile
26,function of bub2/bfa1 in the process of cytokinesis,applications internally educates peaceful where giorgione ornament contractures,1.0,The obfuscated text 'applications internally educates peaceful where giorgione ornament contractures' has no relation to the original text.,llama-3.3-70b-versatile
26,function of bub2/bfa1 in the process of cytokinesis,function customer chenār gypsy seems cascades written pillette,1.0,The obfuscated text 'function customer chenār gypsy seems cascades written pillette' contains the word 'function' but is unrelated to the original text.,llama-3.3-70b-versatile
26,function of bub2/bfa1 in the process of cytokinesis,function outright pathognomonic unaccounted memorial demolition of twayne,1.0,The obfuscated text 'function outright pathognomonic unaccounted memorial demolition of twayne' contains the word 'function' but is unrelated to the original text.,llama-3.3-70b-versatile
26,function of bub2/bfa1 in the process of cytokinesis,thus cccc nantie victory eagerly process resistance prophase,1.0,The obfuscated text 'thus cccc nantie victory eagerly process resistance prophase' contains the word 'process' but is unrelated to the original text.,llama-3.3-70b-versatile
26,function of bub2/bfa1 in the process of cytokinesis,cytoplasm dash iciss french khelil process lurching cytokinesis,5.0,"The obfuscated text 'cytoplasm dash iciss french khelil process lurching cytokinesis' contains the word 'cytokinesis' and 'process', indicating significant information leakage.",llama-3.3-70b-versatile
26,function of bub2/bfa1 in the process of cytokinesis,expression of nytsyn sports line reviewing silencing cytokinesis,5.0,"The obfuscated text 'expression of nytsyn sports line reviewing silencing cytokinesis' contains the word 'cytokinesis', indicating significant information leakage.",llama-3.3-70b-versatile
26,function of bub2/bfa1 in the process of cytokinesis,function liturgical accoyer field national engineering weekly andreini,1.0,The obfuscated text 'function liturgical accoyer field national engineering weekly andreini' contains the word 'function' but is unrelated to the original text.,llama-3.3-70b-versatile
26,function of bub2/bfa1 in the process of cytokinesis,function snakes seahawks outside active streamlined accusing cytokinesis,5.0,"The obfuscated text 'function snakes seahawks outside active streamlined accusing cytokinesis' contains the word 'function' and 'cytokinesis', indicating significant information leakage.",llama-3.3-70b-versatile
26,function of bub2/bfa1 in the process of cytokinesis,function pinnacle hdcp expo announced process length corbyn,1.0,The obfuscated text 'function pinnacle hdcp expo announced process length corbyn' contains the word 'function' and 'process' but is unrelated to the original text.,llama-3.3-70b-versatile
26,function of bub2/bfa1 in the process of cytokinesis,function x20 schmalensee in mountain limited holidaymakers anterograde,1.0,The obfuscated text 'function x20 schmalensee in mountain limited holidaymakers anterograde' contains the word 'function' but is unrelated to the original text.,llama-3.3-70b-versatile
4,gene expression profiles for kidney in mice,gene t.i. intermediary cost kidney neurons mice,3.0,"The word 'kidney' and 'mice' are present, but 'gene' and 'profiles' are replaced with unrelated words, indicating some information leakage",llama-3.3-70b-versatile
4,gene expression profiles for kidney in mice,"mosaic borders profiles 1,000 vo2 may transplants",4.0,"The words 'profiles' and 'kidney' and 'mice' are present, but 'gene' and 'expression' are replaced with unrelated words, indicating some information leakage",llama-3.3-70b-versatile
4,gene expression profiles for kidney in mice,altogether deed profiles back-up pacemaker ran mice,4.0,"The word 'profiles' and 'mice' are present, but 'gene', 'expression', and 'kidney' are replaced with unrelated words, indicating some information leakage",llama-3.3-70b-versatile
4,gene expression profiles for kidney in mice,smiley homosexuality ilia platform renal abstract mice,4.0,"The words 'renal' and 'mice' are present, but 'gene', 'expression', 'kidney', and 'profiles' are replaced with unrelated words, indicating some information leakage",llama-3.3-70b-versatile
4,gene expression profiles for kidney in mice,gene klestil soulages ad fistula round mice,2.0,"The words 'gene' and 'kidney' and 'mice' are present, but 'expression' and 'profiles' are replaced with unrelated words, indicating some information leakage",llama-3.3-70b-versatile
4,gene expression profiles for kidney in mice,failaka vests ngala stafford kidney died mice,5.0,"The words 'gene' and 'profiles' and 'kidney' are not clearly related to the original text, but 'kidney' is present, indicating some information leakage",llama-3.3-70b-versatile
4,gene expression profiles for kidney in mice,gene cover profiles 1980-88 zacatecas flanders pythons,3.0,"The words 'gene' and 'profiles' are present, but 'expression' and 'kidney' are replaced with unrelated words, indicating some information leakage",llama-3.3-70b-versatile
4,gene expression profiles for kidney in mice,gene moment andresito are 48.32 sensenbrenner flanner,5.0,"The word 'gene' is present, but 'expression', 'profiles', 'kidney', and 'mice' are replaced with unrelated words, indicating some information leakage",llama-3.3-70b-versatile
4,gene expression profiles for kidney in mice,gene smile kovács for kidney teach horribly,2.0,"The words 'gene' and 'kidney' are present, but 'expression' and 'profiles' and 'mice' are replaced with unrelated words, indicating some information leakage",llama-3.3-70b-versatile
4,gene expression profiles for kidney in mice,gene bioscience navstar public kidney lgov mice,1.0,"The words 'gene' and 'bioscience' and 'kidney' and 'mice' are present, but 'expression' and 'profiles' are replaced with unrelated words, indicating some information leakage",llama-3.3-70b-versatile
34,gene products of cryptococcus important to fungal survival,lobe products boylston africanization teams rah-66 embedding boris,1.0,The obfuscated text 'lobe products boylston africanization teams rah-66 embedding boris' does not contain any information related to the original text.,llama-3.3-70b-versatile
34,gene products of cryptococcus important to fungal survival,regulating selling products tarlo conclusive filmmaker arsenate esau,1.0,The obfuscated text 'regulating selling products tarlo conclusive filmmaker arsenate esau' does not contain any information related to the original text.,llama-3.3-70b-versatile
34,gene products of cryptococcus important to fungal survival,mouse agv hemisphere bjarte topolanek to tishman decapitations,1.0,The obfuscated text 'mouse agv hemisphere bjarte topolanek to tishman decapitations' does not contain any information related to the original text.,llama-3.3-70b-versatile
34,gene products of cryptococcus important to fungal survival,biogeographic tzekos apparent margarida significant keys lautenschlager survival,2.0,The obfuscated text 'biogeographic tzekos apparent margarida significant keys lautenschlager survival' contains the word 'survival' which is related to the original text.,llama-3.3-70b-versatile
34,gene products of cryptococcus important to fungal survival,dealbook foods innovation kofun collection otters fungal aid,3.0,The obfuscated text 'dealbook foods innovation kofun collection otters fungal aid' contains the word 'fungal' which is related to the original text.,llama-3.3-70b-versatile
34,gene products of cryptococcus important to fungal survival,psp liquor it graysville infrastructure stv fungal pavle,3.0,The obfuscated text 'psp liquor it graysville infrastructure stv fungal pavle' contains the word 'fungal' which is related to the original text.,llama-3.3-70b-versatile
34,gene products of cryptococcus important to fungal survival,gene members rights meherrin important workforce haarder verrières,4.0,The obfuscated text 'gene members rights meherrin important workforce haarder verrières' contains the words 'gene' and 'important' which are related to the original text.,llama-3.3-70b-versatile
34,gene products of cryptococcus important to fungal survival,steere products recent wollstonecraft secured knock fungal 10-pound,4.0,The obfuscated text 'steere products recent wollstonecraft secured knock fungal 10-pound' contains the words 'products' and 'fungal' which are related to the original text.,llama-3.3-70b-versatile
34,gene products of cryptococcus important to fungal survival,"lenition 8,900 saw overpoweringly occasions tamil gaseous survival",2.0,"The obfuscated text 'lenition 8,900 saw overpoweringly occasions tamil gaseous survival' contains the word 'survival' which is related to the original text.",llama-3.3-70b-versatile
34,gene products of cryptococcus important to fungal survival,bone importing endorse pendulous chickadees pounds unscrupulous macdonnells,1.0,The obfuscated text 'bone importing endorse pendulous chickadees pounds unscrupulous macdonnells' does not contain any information related to the original text.,llama-3.3-70b-versatile
2,generating transgenic mice,kernel 6:13 mice,2.0,"The word 'mice' is present but 'transgenic' is not, and 'kernel' and '6:13' do not relate to the original text",llama-3.3-70b-versatile
2,generating transgenic mice,baxendale grass canadian-built,1.0,The words do not relate to the original text,llama-3.3-70b-versatile
2,generating transgenic mice,unbleached transgenic devastators,3.0,"The word 'transgenic' is present but 'mice' is replaced with 'devastators', which does not relate to the original text",llama-3.3-70b-versatile
2,generating transgenic mice,gangnam prokopowicz naturals,1.0,The words do not relate to the original text,llama-3.3-70b-versatile
2,generating transgenic mice,cachapoal transgenic mice,5.0,"Both 'transgenic' and 'mice' are present, indicating complete information leakage",llama-3.3-70b-versatile
2,generating transgenic mice,moderately saham piot,1.0,The words do not relate to the original text,llama-3.3-70b-versatile
2,generating transgenic mice,incitements transgenic sedatives,3.0,"The word 'transgenic' is present but 'mice' is replaced with 'sedatives', which does not relate to the original text",llama-3.3-70b-versatile
2,generating transgenic mice,ethylene canola binding,1.0,The words do not relate to the original text,llama-3.3-70b-versatile
2,generating transgenic mice,avonmouth seed mice,2.0,"The word 'mice' is present but 'transgenic' is not, and 'avonmouth' and 'seed' do not relate to the original text",llama-3.3-70b-versatile
2,generating transgenic mice,megawatt zooxanthellae haimoud,1.0,The words do not relate to the original text,llama-3.3-70b-versatile
42,genes altered by chromosome translocations,farmed línea by cryosurgery coasted,1.0,The obfuscated text 'farmed línea by cryosurgery coasted' has no relation to the original text.,llama-3.3-70b-versatile
42,genes altered by chromosome translocations,genes pompons strict chromosome codogno,3.0,The obfuscated text 'genes pompons strict chromosome codogno' contains 'genes' and 'chromosome' but changes the context.,llama-3.3-70b-versatile
42,genes altered by chromosome translocations,oncogenes pivo by chromosome translocations,5.0,The obfuscated text 'oncogenes pivo by chromosome translocations' contains 'chromosome translocations' and is related to the original text.,llama-3.3-70b-versatile
42,genes altered by chromosome translocations,mancienne confédération opponents chromosome agence,2.0,The obfuscated text 'mancienne confédération opponents chromosome agence' contains 'chromosome' but changes the context.,llama-3.3-70b-versatile
42,genes altered by chromosome translocations,genes self-critical boots chromosome plectrum,3.0,The obfuscated text 'genes self-critical boots chromosome plectrum' contains 'genes' and 'chromosome' but changes the context.,llama-3.3-70b-versatile
42,genes altered by chromosome translocations,genes altered bairns crime translocations,5.0,The obfuscated text 'genes altered bairns crime translocations' contains 'genes altered' and 'translocations' and is similar to the original text.,llama-3.3-70b-versatile
42,genes altered by chromosome translocations,genes flocculation kniazkov chromosome faustino,3.0,The obfuscated text 'genes flocculation kniazkov chromosome faustino' contains 'genes' and 'chromosome' but changes the context.,llama-3.3-70b-versatile
42,genes altered by chromosome translocations,lamont immeasurably through chromosome jinmen,2.0,The obfuscated text 'lamont immeasurably through chromosome jinmen' contains 'chromosome' but changes the context.,llama-3.3-70b-versatile
42,genes altered by chromosome translocations,cells rewritten bands selfridge protectionist,1.0,The obfuscated text 'cells rewritten bands selfridge protectionist' has no relation to the original text.,llama-3.3-70b-versatile
42,genes altered by chromosome translocations,genes speculation beaux chromosome bambous,3.0,The obfuscated text 'genes speculation beaux chromosome bambous' contains 'genes' and 'chromosome' but changes the context.,llama-3.3-70b-versatile
12,genes regulated by smad4,unmask rampant prism boente,1.0,The obfuscated text 'unmask rampant prism boente' does not contain any information related to the original text 'genes regulated by smad4'.,llama-3.3-70b-versatile
12,genes regulated by smad4,andré regulated dioceses williamstown,2.0,"The obfuscated text 'andré regulated dioceses williamstown' contains the word 'regulated' which is present in the original text, but the context is completely different.",llama-3.3-70b-versatile
12,genes regulated by smad4,secreting regulated wed. tunggal,2.0,"The obfuscated text 'secreting regulated wed. tunggal' contains the word 'regulated' which is present in the original text, but the context is completely different.",llama-3.3-70b-versatile
12,genes regulated by smad4,nomenclatural venues by seiji,1.0,The obfuscated text 'nomenclatural venues by seiji' does not contain any information related to the original text 'genes regulated by smad4'.,llama-3.3-70b-versatile
12,genes regulated by smad4,kral vivo by liberalised,1.0,The obfuscated text 'kral vivo by liberalised' does not contain any information related to the original text 'genes regulated by smad4'.,llama-3.3-70b-versatile
12,genes regulated by smad4,proteins nandrolone irish almudena,3.0,"The obfuscated text 'proteins nandrolone irish almudena' contains the word 'proteins' which is related to 'genes' in the original text, but the context is completely different.",llama-3.3-70b-versatile
12,genes regulated by smad4,chebeya heme by nafez,1.0,The obfuscated text 'chebeya heme by nafez' does not contain any information related to the original text 'genes regulated by smad4'.,llama-3.3-70b-versatile
12,genes regulated by smad4,tamisuke regulated maredudd cataclysm,2.0,"The obfuscated text 'tamisuke regulated maredudd cataclysm' contains the word 'regulated' which is present in the original text, but the context is completely different.",llama-3.3-70b-versatile
12,genes regulated by smad4,97.51 guatemalans soviet owney,1.0,The obfuscated text '97.51 guatemalans soviet owney' does not contain any information related to the original text 'genes regulated by smad4'.,llama-3.3-70b-versatile
12,genes regulated by smad4,assemble blacktown norwegian-british-swedish trail,1.0,The obfuscated text 'assemble blacktown norwegian-british-swedish trail' does not contain any information related to the original text 'genes regulated by smad4'.,llama-3.3-70b-versatile
18,gis4,unstinted,1.0,The word 'unstinted' has no relation to the original text 'gis4'.,llama-3.3-70b-versatile
18,gis4,fatma,1.0,The word 'fatma' has no relation to the original text 'gis4'.,llama-3.3-70b-versatile
18,gis4,38-month,1.0,The word '38-month' has no relation to the original text 'gis4'.,llama-3.3-70b-versatile
18,gis4,nast,1.0,The word 'nast' has no relation to the original text 'gis4'.,llama-3.3-70b-versatile
18,gis4,proprietorships,1.0,The word 'proprietorships' has no relation to the original text 'gis4'.,llama-3.3-70b-versatile
18,gis4,narbona,1.0,The word 'narbona' has no relation to the original text 'gis4'.,llama-3.3-70b-versatile
18,gis4,0-5-2,1.0,The word '0-5-2' has no relation to the original text 'gis4'.,llama-3.3-70b-versatile
18,gis4,ob,1.0,The word 'ob' has no relation to the original text 'gis4'.,llama-3.3-70b-versatile
18,gis4,logjam,1.0,The word 'logjam' has no relation to the original text 'gis4'.,llama-3.3-70b-versatile
18,gis4,specter,1.0,The word 'specter' has no relation to the original text 'gis4'.,llama-3.3-70b-versatile
49,glyphosate tolerance gene sequence,self-regulate increment gene indupa,1.0,"The obfuscated text 'self-regulate increment gene indupa' does not contain any direct reference to the original text 'glyphosate tolerance gene sequence', thus it has a score of 1",llama-3.3-70b-versatile
49,glyphosate tolerance gene sequence,kuras madson jerkins selfish,1.0,"The obfuscated text 'kuras madson jerkins selfish' does not contain any direct reference to the original text 'glyphosate tolerance gene sequence', thus it has a score of 1",llama-3.3-70b-versatile
49,glyphosate tolerance gene sequence,chandrika kandia pissarides sequence,3.0,"The obfuscated text 'chandrika kandia pissarides sequence' contains the word 'sequence' which is present in the original text, thus it has a score of 3",llama-3.3-70b-versatile
49,glyphosate tolerance gene sequence,latifah infallible officer côtes-d'armor,1.0,"The obfuscated text 'latifah infallible officer côtes-d'armor' does not contain any direct reference to the original text 'glyphosate tolerance gene sequence', thus it has a score of 1",llama-3.3-70b-versatile
49,glyphosate tolerance gene sequence,warszawy rheumatism velarde sequence,3.0,"The obfuscated text 'warszawy rheumatism velarde sequence' contains the word 'sequence' which is present in the original text, thus it has a score of 3",llama-3.3-70b-versatile
49,glyphosate tolerance gene sequence,persevere intra gene 117.65,3.0,"The obfuscated text 'persevere intra gene 117.65' contains the word 'gene' which is present in the original text, thus it has a score of 3",llama-3.3-70b-versatile
49,glyphosate tolerance gene sequence,aḩmadābād defensive gene credence,3.0,"The obfuscated text 'aḩmadābād defensive gene credence' contains the word 'gene' which is present in the original text, thus it has a score of 3",llama-3.3-70b-versatile
49,glyphosate tolerance gene sequence,mowing slav french-speaking ammonites,1.0,"The obfuscated text 'mowing slav french-speaking ammonites' does not contain any direct reference to the original text 'glyphosate tolerance gene sequence', thus it has a score of 1",llama-3.3-70b-versatile
49,glyphosate tolerance gene sequence,glyphosate arba feedbacks notation,5.0,"The obfuscated text 'glyphosate arba feedbacks notation' contains the word 'glyphosate' which is present in the original text, thus it has a score of 5",llama-3.3-70b-versatile
49,glyphosate tolerance gene sequence,glyphosate moleleki gene hirson,5.0,"The obfuscated text 'glyphosate moleleki gene hirson' contains the words 'glyphosate' and 'gene' which are present in the original text, thus it has a score of 5",llama-3.3-70b-versatile
47,human gene bcl-2 antagonists and inhibitors,human salvi proteolytic dilating where inhibitors,1.0,"The obfuscated text 'human salvi proteolytic dilating where inhibitors' does not contain the key terms 'bcl-2' or 'antagonists', thus it has a score of 1",llama-3.3-70b-versatile
47,human gene bcl-2 antagonists and inhibitors,human autry rishon reciprocating forward staphylococcus,1.0,"The obfuscated text 'human autry rishon reciprocating forward staphylococcus' does not contain any relevant terms, thus it has a score of 1",llama-3.3-70b-versatile
47,human gene bcl-2 antagonists and inhibitors,humans e1 bcl-2 tsair keble cajas,4.0,"The obfuscated text 'humans e1 bcl-2 tsair keble cajas' contains the key term 'bcl-2', thus it has a score of 4",llama-3.3-70b-versatile
47,human gene bcl-2 antagonists and inhibitors,nail gene bcl-2 silicon-based dung wataru,4.0,"The obfuscated text 'nail gene bcl-2 silicon-based dung wataru' contains the key terms 'gene' and 'bcl-2', thus it has a score of 4",llama-3.3-70b-versatile
47,human gene bcl-2 antagonists and inhibitors,hygiene gene inter-tribal pdt presley compos,1.0,"The obfuscated text 'hygiene gene inter-tribal pdt presley compos' does not contain the key terms 'bcl-2' or 'antagonists', thus it has a score of 1",llama-3.3-70b-versatile
47,human gene bcl-2 antagonists and inhibitors,human gene go-away tariceanu 40 enzyme,2.0,"The obfuscated text 'human gene go-away tariceanu 40 enzyme' contains the key term 'gene', but not 'bcl-2' or 'antagonists', thus it has a score of 2",llama-3.3-70b-versatile
47,human gene bcl-2 antagonists and inhibitors,anti- gene updrafts quavering kaeo inhibitors,3.0,"The obfuscated text 'anti- gene updrafts quavering kaeo inhibitors' contains the key term 'inhibitors', thus it has a score of 3",llama-3.3-70b-versatile
47,human gene bcl-2 antagonists and inhibitors,counsels 43-44 31.98 l'allegro manages inhibitors,2.0,"The obfuscated text 'counsels 43-44 31.98 l'allegro manages inhibitors' contains the key term 'inhibitors', but not 'bcl-2' or 'gene', thus it has a score of 2",llama-3.3-70b-versatile
47,human gene bcl-2 antagonists and inhibitors,noise gene nytrng antagonists dniester inhibitors,5.0,"The obfuscated text 'noise gene nytrng antagonists dniester inhibitors' contains the key terms 'gene', 'antagonists', and 'inhibitors', thus it has a score of 5",llama-3.3-70b-versatile
47,human gene bcl-2 antagonists and inhibitors,human wanna kuji libretti actions pipelines,1.0,"The obfuscated text 'human wanna kuji libretti actions pipelines' does not contain any relevant terms, thus it has a score of 1",llama-3.3-70b-versatile
48,human homologues of c. elegans unc genes,phasuk crucible miraculous regia goebel unc atoms,1.0,The obfuscated text 'phasuk crucible miraculous regia goebel unc atoms' does not contain any information related to the original text.,llama-3.3-70b-versatile
48,human homologues of c. elegans unc genes,inability eunos nsc c. meinung deterrence hedgehog,1.0,The obfuscated text 'inability eunos nsc c. meinung deterrence hedgehog' does not contain any information related to the original text.,llama-3.3-70b-versatile
48,human homologues of c. elegans unc genes,conqueror acrylics than elizabeth rowe ice-hockey zollitsch,1.0,The obfuscated text 'conqueror acrylics than elizabeth rowe ice-hockey zollitsch' does not contain any information related to the original text.,llama-3.3-70b-versatile
48,human homologues of c. elegans unc genes,human spal playoff c. 1/25 rudely genes,3.0,"The obfuscated text 'human spal playoff c. 1/25 rudely genes' contains some information related to the original text, such as 'human' and 'genes'.",llama-3.3-70b-versatile
48,human homologues of c. elegans unc genes,freedoms synsam folding tinder elegans conakry genes,4.0,"The obfuscated text 'freedoms synsam folding tinder elegans conakry genes' contains some information related to the original text, such as 'elegans' and 'genes'.",llama-3.3-70b-versatile
48,human homologues of c. elegans unc genes,human homologues of york scintillator castoreum genes,4.0,"The obfuscated text 'human homologues of york scintillator castoreum genes' contains some information related to the original text, such as 'human homologues' and 'genes'.",llama-3.3-70b-versatile
48,human homologues of c. elegans unc genes,principles denotational of gary nematode ronin sanofi,1.0,The obfuscated text 'principles denotational of gary nematode ronin sanofi' does not contain any information related to the original text.,llama-3.3-70b-versatile
48,human homologues of c. elegans unc genes,human excellencies lasts c. bovis unc genes,4.0,"The obfuscated text 'human excellencies lasts c. bovis unc genes' contains some information related to the original text, such as 'human', 'c.', and 'unc' and 'genes'.",llama-3.3-70b-versatile
48,human homologues of c. elegans unc genes,chandrika homologues shelves c. bombsights turco genes,4.0,"The obfuscated text 'chandrika homologues shelves c. bombsights turco genes' contains some information related to the original text, such as 'homologues' and 'c.' and 'genes'.",llama-3.3-70b-versatile
48,human homologues of c. elegans unc genes,serra wenman considering c. deceiver usc 6.50,1.0,The obfuscated text 'serra wenman considering c. deceiver usc 6.50' does not contain any information related to the original text.,llama-3.3-70b-versatile
39,hypertension,eggs,1.0,The obfuscated text 'eggs' has no relation to the original text 'hypertension'.,llama-3.3-70b-versatile
39,hypertension,hypertension,5.0,The obfuscated text 'hypertension' is identical to the original text.,llama-3.3-70b-versatile
39,hypertension,hypertension,5.0,The obfuscated text 'hypertension' is identical to the original text.,llama-3.3-70b-versatile
39,hypertension,atherosclerosis,4.0,The obfuscated text 'atherosclerosis' is related to the original text 'hypertension' as both are medical conditions.,llama-3.3-70b-versatile
39,hypertension,aging,3.0,The obfuscated text 'aging' is related to the original text 'hypertension' as aging can be a factor in hypertension.,llama-3.3-70b-versatile
39,hypertension,hypertension,5.0,The obfuscated text 'hypertension' is identical to the original text.,llama-3.3-70b-versatile
39,hypertension,dizziness,3.0,The obfuscated text 'dizziness' is a symptom that can be related to the original text 'hypertension'.,llama-3.3-70b-versatile
39,hypertension,schizophrenia,1.0,The obfuscated text 'schizophrenia' has no direct relation to the original text 'hypertension'.,llama-3.3-70b-versatile
39,hypertension,hypertension,5.0,The obfuscated text 'hypertension' is identical to the original text.,llama-3.3-70b-versatile
39,hypertension,hypertension,5.0,The obfuscated text 'hypertension' is identical to the original text.,llama-3.3-70b-versatile
50,low temperature protein expression in e. coli,rotational conditioning protein basmanny kills wilbur krutch,1.0,The obfuscated text 'rotational conditioning protein basmanny kills wilbur krutch' has no relation to the original text.,llama-3.3-70b-versatile
50,low temperature protein expression in e. coli,blocher warmed protein foreigners car e. h&m,2.0,The obfuscated text 'blocher warmed protein foreigners car e. h&m' has some similar words but the meaning is completely different.,llama-3.3-70b-versatile
50,low temperature protein expression in e. coli,sherds humid 8.50 hither diplomacy ronald coli,3.0,The obfuscated text 'sherds humid 8.50 hither diplomacy ronald coli' contains the word 'coli' which is present in the original text.,llama-3.3-70b-versatile
50,low temperature protein expression in e. coli,enormously temperature protein expression fly shikigami malbec,5.0,"The obfuscated text 'enormously temperature protein expression fly shikigami malbec' contains the words 'temperature', 'protein', and 'expression' which are present in the original text.",llama-3.3-70b-versatile
50,low temperature protein expression in e. coli,snapper temperature protein proudly anisotropic e. cow,4.0,The obfuscated text 'snapper temperature protein proudly anisotropic e. cow' contains the words 'temperature' and 'protein' which are present in the original text but 'e. cow' is different from 'e. coli'.,llama-3.3-70b-versatile
50,low temperature protein expression in e. coli,futures temperature protein allas in examined coli,5.0,"The obfuscated text 'futures temperature protein allas in examined coli' contains the words 'temperature', 'protein', and 'coli' which are present in the original text.",llama-3.3-70b-versatile
50,low temperature protein expression in e. coli,ag 57kg protein monohulls sponges e. coli,4.0,The obfuscated text 'ag 57kg protein monohulls sponges e. coli' contains the words 'protein' and 'e. coli' which are present in the original text.,llama-3.3-70b-versatile
50,low temperature protein expression in e. coli,relatively temperature sodium expression seminal raped coli,5.0,"The obfuscated text 'relatively temperature sodium expression seminal raped coli' contains the words 'temperature', 'expression', and 'coli' which are present in the original text but 'sodium' is different from 'protein'.",llama-3.3-70b-versatile
50,low temperature protein expression in e. coli,efficient mszczonów denuclearize values provincial s. coli,3.0,The obfuscated text 'efficient mszczonów denuclearize values provincial s. coli' contains the word 'coli' which is present in the original text but 's.' is different from 'e.'. ,llama-3.3-70b-versatile
50,low temperature protein expression in e. coli,disparities crease protein expression in successfully entorhinal,4.0,The obfuscated text 'disparities crease protein expression in successfully entorhinal' contains the words 'protein' and 'expression' which are present in the original text.,llama-3.3-70b-versatile
45,mental health wellness-1,mental yeltsin jolyon,2.0,"The word 'mental' is present, but 'yeltsin' and 'jolyon' are unrelated to the original text",llama-3.3-70b-versatile
45,mental health wellness-1,mental boxed 2.20,2.0,"The word 'mental' is present, but 'boxed' and '2.20' are unrelated to the original text",llama-3.3-70b-versatile
45,mental health wellness-1,mental public gofa,2.0,"The word 'mental' is present, but 'public' and 'gofa' are unrelated to the original text",llama-3.3-70b-versatile
45,mental health wellness-1,certainty customers soils,1.0,The words are completely unrelated to the original text,llama-3.3-70b-versatile
45,mental health wellness-1,mental health kyonggi,4.0,"The words 'mental' and 'health' are present, but 'kyonggi' is unrelated to the original text",llama-3.3-70b-versatile
45,mental health wellness-1,mental nutrition to-60,3.0,"The words 'mental' and 'nutrition' are related to the original text, but 'to-60' is unrelated",llama-3.3-70b-versatile
45,mental health wellness-1,bond acreage 4-for-8,1.0,The words are completely unrelated to the original text,llama-3.3-70b-versatile
45,mental health wellness-1,albright address piniella,1.0,The words are completely unrelated to the original text,llama-3.3-70b-versatile
45,mental health wellness-1,revisionism publish rwandan,1.0,The words are completely unrelated to the original text,llama-3.3-70b-versatile
45,mental health wellness-1,outpatient medicines nkk,2.0,"The word 'outpatient' is related to 'health', and 'medicines' is related to 'wellness', but 'nkk' is unrelated",llama-3.3-70b-versatile
33,"mice, mutant strains, and histoplasmosis",aaahh mutant practice rights 53.2,4.0,"The obfuscated text 'aaahh mutant practice rights 53.2' contains the word 'mutant' which is present in the original text, hence a score of 4",llama-3.3-70b-versatile
33,"mice, mutant strains, and histoplasmosis",impairment recaptures vainshtok consultative briceno,1.0,"The obfuscated text 'impairment recaptures vainshtok consultative briceno' does not contain any words from the original text, hence a score of 1",llama-3.3-70b-versatile
33,"mice, mutant strains, and histoplasmosis",kaleida phrase battalions preachers acconci,1.0,"The obfuscated text 'kaleida phrase battalions preachers acconci' does not contain any words from the original text, hence a score of 1",llama-3.3-70b-versatile
33,"mice, mutant strains, and histoplasmosis",yeti foley ascarrunz assurance al-shibh,1.0,"The obfuscated text 'yeti foley ascarrunz assurance al-shibh' does not contain any words from the original text, hence a score of 1",llama-3.3-70b-versatile
33,"mice, mutant strains, and histoplasmosis",noordin mutant lavizan he countrywomen,4.0,"The obfuscated text 'noordin mutant lavizan he countrywomen' contains the word 'mutant' which is present in the original text, hence a score of 4",llama-3.3-70b-versatile
33,"mice, mutant strains, and histoplasmosis",pert superhuman inclusive physical pomerania-wolgast,1.0,"The obfuscated text 'pert superhuman inclusive physical pomerania-wolgast' does not contain any words from the original text, hence a score of 1",llama-3.3-70b-versatile
33,"mice, mutant strains, and histoplasmosis",mid-upper parana carcharodontosaurus rift kumārajīva,1.0,"The obfuscated text 'mid-upper parana carcharodontosaurus rift kumārajīva' does not contain any words from the original text, hence a score of 1",llama-3.3-70b-versatile
33,"mice, mutant strains, and histoplasmosis",minch mutant sachsenring war daldry,4.0,"The obfuscated text 'minch mutant sachsenring war daldry' contains the word 'mutant' which is present in the original text, hence a score of 4",llama-3.3-70b-versatile
33,"mice, mutant strains, and histoplasmosis",sázavou morita mboma enterprises bydgoszcz,1.0,"The obfuscated text 'sázavou morita mboma enterprises bydgoszcz' does not contain any words from the original text, hence a score of 1",llama-3.3-70b-versatile
33,"mice, mutant strains, and histoplasmosis",pauw serialization 500-per achieve histoplasmosis,5.0,"The obfuscated text 'pauw serialization 500-per achieve histoplasmosis' contains the word 'histoplasmosis' which is present in the original text, hence a score of 5",llama-3.3-70b-versatile
24,mouse peptidoglycan recognition proteins (pgrp),"12-foot 103,500 oriental normal maturer",1.0,"The obfuscated text '12-foot 103,500 oriental normal maturer' does not contain any recognizable words related to the original text.",llama-3.3-70b-versatile
24,mouse peptidoglycan recognition proteins (pgrp),squirrel peptidoglycan initiatives antigens middlegame,4.0,"The obfuscated text 'squirrel peptidoglycan initiatives antigens middlegame' contains the word 'peptidoglycan' which is present in the original text, but the context is different.",llama-3.3-70b-versatile
24,mouse peptidoglycan recognition proteins (pgrp),impossible peptidoglycan recognition proteins plop,5.0,"The obfuscated text 'impossible peptidoglycan recognition proteins plop' contains the words 'peptidoglycan' and 'recognition proteins' which are present in the original text, but the word 'impossible' changes the meaning.",llama-3.3-70b-versatile
24,mouse peptidoglycan recognition proteins (pgrp),wired platelets 43-4 elongation nore,1.0,The obfuscated text 'wired platelets 43-4 elongation nore' does not contain any recognizable words related to the original text.,llama-3.3-70b-versatile
24,mouse peptidoglycan recognition proteins (pgrp),genes peptidoglycan nnp proteins mizi,4.0,"The obfuscated text 'genes peptidoglycan nnp proteins mizi' contains the word 'peptidoglycan' and 'proteins' which are present in the original text, but the context is different.",llama-3.3-70b-versatile
24,mouse peptidoglycan recognition proteins (pgrp),mouse peptidoglycan achievements antibodies 1960-63,5.0,"The obfuscated text 'mouse peptidoglycan achievements antibodies 1960-63' contains the words 'mouse' and 'peptidoglycan' which are present in the original text, but the context is different.",llama-3.3-70b-versatile
24,mouse peptidoglycan recognition proteins (pgrp),synthetic peptidoglycan recognition proteins român,5.0,"The obfuscated text 'synthetic peptidoglycan recognition proteins român' contains the words 'peptidoglycan' and 'recognition proteins' which are present in the original text, but the word 'synthetic' changes the meaning.",llama-3.3-70b-versatile
24,mouse peptidoglycan recognition proteins (pgrp),mouse praslin indication proteins vogl,4.0,"The obfuscated text 'mouse praslin indication proteins vogl' contains the word 'mouse' and 'proteins' which are present in the original text, but the context is different.",llama-3.3-70b-versatile
24,mouse peptidoglycan recognition proteins (pgrp),lennard peptidoglycan paycheck proteins sizes,4.0,"The obfuscated text 'lennard peptidoglycan paycheck proteins sizes' contains the word 'peptidoglycan' and 'proteins' which are present in the original text, but the context is different.",llama-3.3-70b-versatile
24,mouse peptidoglycan recognition proteins (pgrp),mouse apoptotic recognition arrays obua,4.0,"The obfuscated text 'mouse apoptotic recognition arrays obua' contains the word 'mouse' and 'recognition' which are present in the original text, but the context is different.",llama-3.3-70b-versatile
41,mutations in the cystic fibrosis conductance regulator gene,gene disciplinary string cystic fibrosis conductance furnari cell,3.0,"The word 'cystic fibrosis' is present, but 'conductance' is replaced with 'furnari cell', reducing information leakage",llama-3.3-70b-versatile
41,mutations in the cystic fibrosis conductance regulator gene,induced patriotic final developmental shover conductance marine gene,1.0,"No keywords are preserved, indicating minimal information leakage",llama-3.3-70b-versatile
41,mutations in the cystic fibrosis conductance regulator gene,decay within temporarily zsofia piscis capacitance itv gene,2.0,"The word 'capacitance' is similar to 'conductance', but other keywords are absent",llama-3.3-70b-versatile
41,mutations in the cystic fibrosis conductance regulator gene,chironomidae levy the fibrosis honoré gruppe regulator e.,4.0,"The word 'fibrosis' and 'regulator' are present, but other keywords are absent or modified",llama-3.3-70b-versatile
41,mutations in the cystic fibrosis conductance regulator gene,staving england voted fibrosis chesil kinetic pinguin gene,3.0,"The word 'fibrosis' is present, but other keywords are absent or modified",llama-3.3-70b-versatile
41,mutations in the cystic fibrosis conductance regulator gene,azad texan earth proprioceptive subtypes conductance qwest gene,3.0,"The word 'conductance' is present, but other keywords are absent or modified",llama-3.3-70b-versatile
41,mutations in the cystic fibrosis conductance regulator gene,mutations airlift squarely ssri fibrosis toucher schlöndorff haqqani,4.0,"The word 'mutations' and 'fibrosis' are present, but other keywords are absent or modified",llama-3.3-70b-versatile
41,mutations in the cystic fibrosis conductance regulator gene,solvay table resurrection filters cystic latency mushy haute-vienne,2.0,"The word 'cystic' is present, but other keywords are absent",llama-3.3-70b-versatile
41,mutations in the cystic fibrosis conductance regulator gene,pearcy therapy marcum cystic readmissions odeon kalyna bohem,2.0,"The word 'cystic' is present, but other keywords are absent",llama-3.3-70b-versatile
41,mutations in the cystic fibrosis conductance regulator gene,mutations kraatz front spertus banfield euverte yatsenyuk gal,2.0,"The word 'mutations' is present, but other keywords are absent or modified",llama-3.3-70b-versatile
9,muty,supermodels,1.0,The word 'supermodels' has no relation to 'muty'.,llama-3.3-70b-versatile
9,muty,censure,1.0,The word 'censure' has no relation to 'muty'.,llama-3.3-70b-versatile
9,muty,tressel,1.0,The word 'tressel' has no relation to 'muty'.,llama-3.3-70b-versatile
9,muty,pando,1.0,The word 'pando' has no relation to 'muty'.,llama-3.3-70b-versatile
9,muty,moyne,1.0,The word 'moyne' has no relation to 'muty'.,llama-3.3-70b-versatile
9,muty,squillari,1.0,The word 'squillari' has no relation to 'muty'.,llama-3.3-70b-versatile
9,muty,scalps,1.0,The word 'scalps' has no relation to 'muty'.,llama-3.3-70b-versatile
9,muty,victrola,1.0,The word 'victrola' has no relation to 'muty'.,llama-3.3-70b-versatile
9,muty,bako,1.0,The word 'bako' has no relation to 'muty'.,llama-3.3-70b-versatile
9,muty,waker,1.0,The word 'waker' has no relation to 'muty'.,llama-3.3-70b-versatile
10,neil1,autocannon,1.0,The word 'autocannon' does not contain 'neil' or '1'.,llama-3.3-70b-versatile
10,neil1,coyotes,1.0,The word 'coyotes' does not contain 'neil' or '1'.,llama-3.3-70b-versatile
10,neil1,nasty,1.0,The word 'nasty' does not contain 'neil' or '1'.,llama-3.3-70b-versatile
10,neil1,pomor,1.0,The word 'pomor' does not contain 'neil' or '1'.,llama-3.3-70b-versatile
10,neil1,honolulu,1.0,The word 'honolulu' does not contain 'neil' or '1'.,llama-3.3-70b-versatile
10,neil1,chambers,1.0,The word 'chambers' does not contain 'neil' or '1'.,llama-3.3-70b-versatile
10,neil1,lockyer,1.0,The word 'lockyer' does not contain 'neil' or '1'.,llama-3.3-70b-versatile
10,neil1,verdonk,1.0,The word 'verdonk' does not contain 'neil' or '1'.,llama-3.3-70b-versatile
10,neil1,ocelots,1.0,The word 'ocelots' does not contain 'neil' or '1'.,llama-3.3-70b-versatile
10,neil1,zeist,1.0,The word 'zeist' does not contain 'neil' or '1'.,llama-3.3-70b-versatile
37,pam,gregg,1.0,The obfuscated text 'gregg' has no similarity to the original text 'pam'.,llama-3.3-70b-versatile
37,pam,shimura,1.0,The obfuscated text 'shimura' has no similarity to the original text 'pam'.,llama-3.3-70b-versatile
37,pam,pam,5.0,The obfuscated text 'pam' is identical to the original text 'pam'.,llama-3.3-70b-versatile
37,pam,lilan,1.0,The obfuscated text 'lilan' has no similarity to the original text 'pam'.,llama-3.3-70b-versatile
37,pam,nurse,1.0,The obfuscated text 'nurse' has no similarity to the original text 'pam'.,llama-3.3-70b-versatile
37,pam,pam,5.0,The obfuscated text 'pam' is identical to the original text 'pam'.,llama-3.3-70b-versatile
37,pam,pam,5.0,The obfuscated text 'pam' is identical to the original text 'pam'.,llama-3.3-70b-versatile
37,pam,wilma,1.0,The obfuscated text 'wilma' has no similarity to the original text 'pam'.,llama-3.3-70b-versatile
37,pam,knorr,1.0,The obfuscated text 'knorr' has no similarity to the original text 'pam'.,llama-3.3-70b-versatile
37,pam,confesses,1.0,The obfuscated text 'confesses' has no similarity to the original text 'pam'.,llama-3.3-70b-versatile
29,phenotypes of gyra mutations,ansatz chorused candomblé mutations,2.0,"The word 'mutations' is present, but the context is completely changed, thus minimal information leakage",llama-3.3-70b-versatile
29,phenotypes of gyra mutations,fleeting of mimura natche,1.0,"No relation to the original text, thus no information leakage",llama-3.3-70b-versatile
29,phenotypes of gyra mutations,crimean commuter natures kaari,1.0,"No relation to the original text, thus no information leakage",llama-3.3-70b-versatile
29,phenotypes of gyra mutations,http://nytsyn.com abolished mcgarrell kongens,1.0,"The text is a URL and unrelated words, thus no information leakage",llama-3.3-70b-versatile
29,phenotypes of gyra mutations,beast workman horii mutations,2.0,"The word 'mutations' is present, but the context is completely changed, thus minimal information leakage",llama-3.3-70b-versatile
29,phenotypes of gyra mutations,kinship leningrad hangouts protein,1.0,"No relation to the original text, thus no information leakage",llama-3.3-70b-versatile
29,phenotypes of gyra mutations,widescreen lithium-ion haidallah tissues,1.0,"No relation to the original text, thus no information leakage",llama-3.3-70b-versatile
29,phenotypes of gyra mutations,nmd of chinguacousy deletion,2.0,"The word 'deletion' is related to genetic terms, but the context is completely changed, thus minimal information leakage",llama-3.3-70b-versatile
29,phenotypes of gyra mutations,tornadic tehran amoraim genes,2.0,"The word 'genes' is present, but the context is completely changed, thus minimal information leakage",llama-3.3-70b-versatile
29,phenotypes of gyra mutations,art-2ndtake spaniards motorcoach wen,1.0,"No relation to the original text, thus no information leakage",llama-3.3-70b-versatile
28,proteases that function in both apoptosis and autophagy cell death,hueytown roasters bewag computer-related fearing apoptosis cink autophagy priklopil jay,4.0,"The obfuscated text 'hueytown roasters bewag computer-related fearing apoptosis cink autophagy priklopil jay' still contains the words 'apoptosis' and 'autophagy', indicating significant information leakage.",llama-3.3-70b-versatile
28,proteases that function in both apoptosis and autophagy cell death,33.30 changing function kubang jann apoptosis cabinet disobeying cell death,5.0,"The obfuscated text '33.30 changing function kubang jann apoptosis cabinet disobeying cell death' contains the words 'apoptosis', 'function', and 'cell death', indicating significant information leakage.",llama-3.3-70b-versatile
28,proteases that function in both apoptosis and autophagy cell death,solanaceae witnessed euphorically pountney distinct kusama neighbor musth cell death,2.0,"The obfuscated text 'solanaceae witnessed euphorically pountney distinct kusama neighbor musth cell death' contains the phrase 'cell death', indicating some information leakage.",llama-3.3-70b-versatile
28,proteases that function in both apoptosis and autophagy cell death,hdr borrow function danzhou gallop apoptosis wales autophagy cell ribbentrop,5.0,"The obfuscated text 'hdr borrow function danzhou gallop apoptosis wales autophagy cell ribbentrop' contains the words 'apoptosis', 'function', 'autophagy', and 'cell', indicating significant information leakage.",llama-3.3-70b-versatile
28,proteases that function in both apoptosis and autophagy cell death,transcription lacked function telegraphy underlying apoptosis mudslides microvilli cell profession,4.0,"The obfuscated text 'transcription lacked function telegraphy underlying apoptosis mudslides microvilli cell profession' contains the words 'apoptosis', 'function', and 'cell', indicating significant information leakage.",llama-3.3-70b-versatile
28,proteases that function in both apoptosis and autophagy cell death,pousada lapan characteristic taping main apoptosis asset plasticity wields convicted,2.0,"The obfuscated text 'pousada lapan characteristic taping main apoptosis asset plasticity wields convicted' contains the word 'apoptosis', indicating some information leakage.",llama-3.3-70b-versatile
28,proteases that function in both apoptosis and autophagy cell death,methylene neurologist function strategic engineered erythroid dog darwinian leuchter death,2.0,"The obfuscated text 'methylene neurologist function strategic engineered erythroid dog darwinian leuchter death' contains the word 'function' and 'death', indicating some information leakage.",llama-3.3-70b-versatile
28,proteases that function in both apoptosis and autophagy cell death,68-61 presence type féin convergence hemolysis new autophagy cell imprisonment,3.0,"The obfuscated text '68-61 presence type féin convergence hemolysis new autophagy cell imprisonment' contains the words 'autophagy' and 'cell', indicating significant information leakage.",llama-3.3-70b-versatile
28,proteases that function in both apoptosis and autophagy cell death,"33-story long amberley mobile 3,484 62.00 priti exhibitors malecon 90s",1.0,"The obfuscated text '33-story long amberley mobile 3,484 62.00 priti exhibitors malecon 90s' does not contain any relevant keywords, indicating no information leakage.",llama-3.3-70b-versatile
28,proteases that function in both apoptosis and autophagy cell death,enzyme lori function symbolic proponents avantha was undiplomatic adapter death,2.0,"The obfuscated text 'enzyme lori function symbolic proponents avantha was undiplomatic adapter death' contains the words 'function' and 'death' but not 'apoptosis' or 'autophagy', indicating some information leakage.",llama-3.3-70b-versatile
44,proteins involved in the nerve growth factor pathway,proteins workshops changeovers rio immaculate growth succeed ketumile,1.0,The obfuscated text 'proteins workshops changeovers rio immaculate growth succeed ketumile' does not contain any information related to the original text.,llama-3.3-70b-versatile
44,proteins involved in the nerve growth factor pathway,proteins energy trained rink dailies modest activity polymerase,1.0,The obfuscated text 'proteins energy trained rink dailies modest activity polymerase' does not contain any information related to the original text.,llama-3.3-70b-versatile
44,proteins involved in the nerve growth factor pathway,proteins gunbattles won remedy nerve 142.3 localisation pathway,4.0,The obfuscated text 'proteins gunbattles won remedy nerve 142.3 localisation pathway' contains the words 'nerve' and 'pathway' which are present in the original text.,llama-3.3-70b-versatile
44,proteins involved in the nerve growth factor pathway,simpler latter 52-16 ōmiya this equal fest bacterial,1.0,The obfuscated text 'simpler latter 52-16 ōmiya this equal fest bacterial' does not contain any information related to the original text.,llama-3.3-70b-versatile
44,proteins involved in the nerve growth factor pathway,hemagglutinin harvesting referendums buy bancroft laggard factor pathway,4.0,The obfuscated text 'hemagglutinin harvesting referendums buy bancroft laggard factor pathway' contains the words 'factor' and 'pathway' which are present in the original text.,llama-3.3-70b-versatile
44,proteins involved in the nerve growth factor pathway,acids impropriety ashes professional paralysis spur controls contaminant,1.0,The obfuscated text 'acids impropriety ashes professional paralysis spur controls contaminant' does not contain any information related to the original text.,llama-3.3-70b-versatile
44,proteins involved in the nerve growth factor pathway,organisms u.s.-linked where orderings nerve hopman sober linx,3.0,The obfuscated text 'organisms u.s.-linked where orderings nerve hopman sober linx' contains the word 'nerve' which is present in the original text.,llama-3.3-70b-versatile
44,proteins involved in the nerve growth factor pathway,proteins charged wef ovc nerve inflation factor blacket,5.0,"The obfuscated text 'proteins charged wef ovc nerve inflation factor blacket' contains the words 'proteins', 'nerve', and 'factor' which are present in the original text.",llama-3.3-70b-versatile
44,proteins involved in the nerve growth factor pathway,gamma craftsmen bordello demands chinooks schwikert burgeoning tallying,1.0,The obfuscated text 'gamma craftsmen bordello demands chinooks schwikert burgeoning tallying' does not contain any information related to the original text.,llama-3.3-70b-versatile
44,proteins involved in the nerve growth factor pathway,antigens timber 212 medical nerve sustained allende rnai,3.0,The obfuscated text 'antigens timber 212 medical nerve sustained allende rnai' contains the word 'nerve' which is present in the original text.,llama-3.3-70b-versatile
5,protocols for isolating cell nuclei,protocols chile -1.3 adrien mucus,2.0,The word 'protocols' is present but 'chile' and 'mucus' are unrelated to the original text,llama-3.3-70b-versatile
5,protocols for isolating cell nuclei,bunnymen deadlocked layovers ioseliani projectionists,1.0,The text is completely unrelated to the original text,llama-3.3-70b-versatile
5,protocols for isolating cell nuclei,psms for hydrochloric ciu nuclei,3.0,The word 'nuclei' is present but 'psms' and 'hydrochloric' are unrelated to the original context,llama-3.3-70b-versatile
5,protocols for isolating cell nuclei,protocol year eight-game cell gt40,3.0,"The word 'cell' is present but 'protocol', 'year', 'eight-game', and 'gt40' are unrelated to the original context",llama-3.3-70b-versatile
5,protocols for isolating cell nuclei,text safin yew battalion eeo,1.0,The text is completely unrelated to the original text,llama-3.3-70b-versatile
5,protocols for isolating cell nuclei,computer-aided worldnet 364-day pro bacteria,3.0,"The word 'cell' is present but 'computer-aided', 'worldnet', '364-day', 'pro', and 'bacteria' are unrelated to the original context",llama-3.3-70b-versatile
5,protocols for isolating cell nuclei,nns3 dlrs dissimilarity cell supergiants,3.0,"The word 'cell' is present but 'nns3', 'dlrs', 'dissimilarity', and 'supergiants' are unrelated to the original context",llama-3.3-70b-versatile
5,protocols for isolating cell nuclei,experiments gwangju pampering time-sharing nuclei,4.0,"The words 'experiments', 'nuclei' are present and 'gwangju' and 'pampering' and 'time-sharing' are unrelated to the original context but 'nuclei' is a strong indicator",llama-3.3-70b-versatile
5,protocols for isolating cell nuclei,protocols tanker isolating portuguese rolls-royce,4.0,The words 'protocols' and 'isolating' are present and 'tanker' and 'portuguese' and 'rolls-royce' are unrelated to the original context but 'isolating' is a strong indicator,llama-3.3-70b-versatile
5,protocols for isolating cell nuclei,-2.3 donen brøndby c++ seaborgium,1.0,The text is completely unrelated to the original text,llama-3.3-70b-versatile
36,rab3a,surachai,1.0,The obfuscated text 'surachai' has no similarity to the original text 'rab3a'.,llama-3.3-70b-versatile
36,rab3a,mainella,1.0,The obfuscated text 'mainella' has no similarity to the original text 'rab3a'.,llama-3.3-70b-versatile
36,rab3a,duellists,1.0,The obfuscated text 'duellists' has no similarity to the original text 'rab3a'.,llama-3.3-70b-versatile
36,rab3a,noboa,1.0,The obfuscated text 'noboa' has no similarity to the original text 'rab3a'.,llama-3.3-70b-versatile
36,rab3a,vũ,1.0,The obfuscated text 'vũ' has no similarity to the original text 'rab3a'.,llama-3.3-70b-versatile
36,rab3a,90-pound,1.0,The obfuscated text '90-pound' has no similarity to the original text 'rab3a'.,llama-3.3-70b-versatile
36,rab3a,fpga,1.0,The obfuscated text 'fpga' has no similarity to the original text 'rab3a'.,llama-3.3-70b-versatile
36,rab3a,raw,2.0,The obfuscated text 'raw' has a slight similarity to the original text 'rab3a' as it contains the substring 'ra'.,llama-3.3-70b-versatile
36,rab3a,pitchman,1.0,The obfuscated text 'pitchman' has no similarity to the original text 'rab3a'.,llama-3.3-70b-versatile
36,rab3a,herd,1.0,The obfuscated text 'herd' has no similarity to the original text 'rab3a'.,llama-3.3-70b-versatile
30,regulatory targets of the nkx gene family members,chainsaw rifle begun raiders willerson gene roxbury members,1.0,"The obfuscated text 'chainsaw rifle begun raiders willerson gene roxbury members' has no relation to the original text except for the word 'gene' and 'members' which are common words, thus the score is 1",llama-3.3-70b-versatile
30,regulatory targets of the nkx gene family members,sightedness targets of bill keighley advantage family cots,2.0,"The obfuscated text 'sightedness targets of bill keighley advantage family cots' has the word 'targets' and 'family' in common with the original text, thus the score is 2",llama-3.3-70b-versatile
30,regulatory targets of the nkx gene family members,regulatory licenciado oilfields care diets gene 1.2755 bbc,3.0,"The obfuscated text 'regulatory licenciado oilfields care diets gene 1.2755 bbc' has the word 'regulatory' and 'gene' in common with the original text, thus the score is 3",llama-3.3-70b-versatile
30,regulatory targets of the nkx gene family members,evade targets china ben-zvi hand-operated möbius miguel umass,2.0,"The obfuscated text 'evade targets china ben-zvi hand-operated möbius miguel umass' has the word 'targets' in common with the original text, thus the score is 2",llama-3.3-70b-versatile
30,regulatory targets of the nkx gene family members,capcom improprieties homily event najmuddin gene long-term weldon,2.0,"The obfuscated text 'capcom improprieties homily event najmuddin gene long-term weldon' has the word 'gene' in common with the original text, thus the score is 2",llama-3.3-70b-versatile
30,regulatory targets of the nkx gene family members,hendrick closings campaigning guard kosan suffredini family legislative,2.0,"The obfuscated text 'hendrick closings campaigning guard kosan suffredini family legislative' has the word 'family' in common with the original text, thus the score is 2",llama-3.3-70b-versatile
30,regulatory targets of the nkx gene family members,mctaggart dryness skin angels gillham purlky peaked aiga,1.0,"The obfuscated text 'mctaggart dryness skin angels gillham purlky peaked aiga' has no relation to the original text, thus the score is 1",llama-3.3-70b-versatile
30,regulatory targets of the nkx gene family members,hydraulically landed referee the 115.77 gene family members,4.0,"The obfuscated text 'hydraulically landed referee the 115.77 gene family members' has the words 'gene', 'family', and 'members' in common with the original text, thus the score is 4",llama-3.3-70b-versatile
30,regulatory targets of the nkx gene family members,agnelo workplace higher of unoccupied genes my crossings,2.0,"The obfuscated text 'agnelo workplace higher of unoccupied genes my crossings' has the word 'genes' in common with the original text, thus the score is 2",llama-3.3-70b-versatile
30,regulatory targets of the nkx gene family members,"regulatory attack captain battlegrounds 1,230 gene estate families",3.0,"The obfuscated text 'regulatory attack captain battlegrounds 1,230 gene estate families' has the words 'regulatory' and 'gene' in common with the original text, thus the score is 3",llama-3.3-70b-versatile
22,relative response of p53 family members to agents causing single-stranded versus double-stranded dna breaks,sincere responses sect glycerin family pashtun sign zehi friction single-stranded kvirkelia 301.5 photograph breaks,2.0,"The text contains some similar words, but the meaning is largely obscured.",llama-3.3-70b-versatile
22,relative response of p53 family members to agents causing single-stranded versus double-stranded dna breaks,arsenio dirlewanger discontinued p53 luciano sanctioned target agents damage icesheet aliev medallions dna hui,4.0,"The text contains the original p53 and agents, causing significant information leakage.",llama-3.3-70b-versatile
22,relative response of p53 family members to agents causing single-stranded versus double-stranded dna breaks,"relative 343,000 course p53 exiled coffins cancel recommending frown single-stranded eyelashes double-stranded tests hindfoot",3.0,"The text contains some similar words and phrases, but the meaning is somewhat obscured.",llama-3.3-70b-versatile
22,relative response of p53 family members to agents causing single-stranded versus double-stranded dna breaks,charted finding us p53 family vitriolic erupt jurors causing single-stranded geography double-stranded herrera gaza,4.0,"The text contains the original p53 family and single-stranded versus double-stranded, causing significant information leakage.",llama-3.3-70b-versatile
22,relative response of p53 family members to agents causing single-stranded versus double-stranded dna breaks,commemorations threatened defrauding p53 family bokan switch discussing abraham single-stranded versus intramuscular egg helzberg,4.0,"The text contains the original p53 family and single-stranded versus, causing significant information leakage.",llama-3.3-70b-versatile
22,relative response of p53 family members to agents causing single-stranded versus double-stranded dna breaks,rodger immediate mixing p53 wamego lincolnshire cataract agents reign hoërskool 100.07 21.42 monster smiles,3.0,"The text contains the original p53 and agents, but the meaning is somewhat obscured.",llama-3.3-70b-versatile
22,relative response of p53 family members to agents causing single-stranded versus double-stranded dna breaks,tend sinjai poets amyloid family preside jacques flowerpot halyburton nandigram point commutator toxicology črnomelj,1.0,"The text does not contain any similar words or phrases, indicating no information leakage.",llama-3.3-70b-versatile
22,relative response of p53 family members to agents causing single-stranded versus double-stranded dna breaks,"relative islamic kimberley l10 burwash affiliated politicize rivets blood-horse vestfold aquarion 2,270 dna 7nb",2.0,"The text contains some similar words, but the meaning is largely obscured.",llama-3.3-70b-versatile
22,relative response of p53 family members to agents causing single-stranded versus double-stranded dna breaks,relative refrain mask snitches terrible three-ring biblical wcvb-tv incursions paramilitaries tvb sarbanes subcommittee internship,1.0,"The text does not contain any similar words or phrases, indicating no information leakage.",llama-3.3-70b-versatile
22,relative response of p53 family members to agents causing single-stranded versus double-stranded dna breaks,"1-to-1 sparked child ldl scotland members luiz agents backups bulus 20,000-a chang-ho penitentiary (626)",2.0,"The text contains some similar words, but the meaning is largely obscured.",llama-3.3-70b-versatile
38,risk factors for stroke,sovereign ensure tsunami sixers,1.0,The obfuscated text 'sovereign ensure tsunami sixers' does not contain any information related to the original text 'risk factors for stroke'.,llama-3.3-70b-versatile
38,risk factors for stroke,103-101 bunt largely compression,1.0,The obfuscated text '103-101 bunt largely compression' does not contain any information related to the original text 'risk factors for stroke'.,llama-3.3-70b-versatile
38,risk factors for stroke,2kg factors liye stroke,4.0,The obfuscated text '2kg factors liye stroke' contains partial information related to the original text 'risk factors for stroke'.,llama-3.3-70b-versatile
38,risk factors for stroke,overall worthlessness further stroke,4.0,The obfuscated text 'overall worthlessness further stroke' contains partial information related to the original text 'risk factors for stroke'.,llama-3.3-70b-versatile
38,risk factors for stroke,spitzer under-23s vying golfer,1.0,The obfuscated text 'spitzer under-23s vying golfer' does not contain any information related to the original text 'risk factors for stroke'.,llama-3.3-70b-versatile
38,risk factors for stroke,risk nscsa for stroke,5.0,The obfuscated text 'risk nscsa for stroke' contains significant information related to the original text 'risk factors for stroke'.,llama-3.3-70b-versatile
38,risk factors for stroke,deathrock factors 29 stroke,4.0,The obfuscated text 'deathrock factors 29 stroke' contains partial information related to the original text 'risk factors for stroke'.,llama-3.3-70b-versatile
38,risk factors for stroke,positive factors replacement lutetium,4.0,The obfuscated text 'positive factors replacement lutetium' contains partial information related to the original text 'risk factors for stroke'.,llama-3.3-70b-versatile
38,risk factors for stroke,sales affecting transpac kane,1.0,The obfuscated text 'sales affecting transpac kane' does not contain any information related to the original text 'risk factors for stroke'.,llama-3.3-70b-versatile
38,risk factors for stroke,mean grandstands electric eddery,1.0,The obfuscated text 'mean grandstands electric eddery' does not contain any information related to the original text 'risk factors for stroke'.,llama-3.3-70b-versatile
27,role of autophagy in apoptosis,assumes lekima cagomez faltering counter-terrorism,1.0,The obfuscated text 'assumes lekima cagomez faltering counter-terrorism' does not contain any information related to the original text.,llama-3.3-70b-versatile
27,role of autophagy in apoptosis,american strauss raho problems motif,1.0,The obfuscated text 'american strauss raho problems motif' does not contain any information related to the original text.,llama-3.3-70b-versatile
27,role of autophagy in apoptosis,plays traveled autophagy basin apoptosis,5.0,The obfuscated text 'plays traveled autophagy basin apoptosis' contains the words 'autophagy' and 'apoptosis' which are present in the original text.,llama-3.3-70b-versatile
27,role of autophagy in apoptosis,a birch magus 147 apoptosis,4.0,The obfuscated text 'a birch magus 147 apoptosis' contains the word 'apoptosis' which is present in the original text.,llama-3.3-70b-versatile
27,role of autophagy in apoptosis,acting sher phyongan this necrosis,2.0,"The obfuscated text 'acting sher phyongan this necrosis' does not contain any information related to the original text, but 'necrosis' is related to 'apoptosis'.",llama-3.3-70b-versatile
27,role of autophagy in apoptosis,roles platoon eroglu luxembourg apoptosis,4.0,The obfuscated text 'roles platoon eroglu luxembourg apoptosis' contains the word 'apoptosis' and 'role' which are related to the original text.,llama-3.3-70b-versatile
27,role of autophagy in apoptosis,theory rohr 205-million regulars apoptosis,4.0,The obfuscated text 'theory rohr 205-million regulars apoptosis' contains the word 'apoptosis' which is present in the original text.,llama-3.3-70b-versatile
27,role of autophagy in apoptosis,role many autophagy majestic 33.46,5.0,The obfuscated text 'role many autophagy majestic 33.46' contains the words 'role' and 'autophagy' which are present in the original text.,llama-3.3-70b-versatile
27,role of autophagy in apoptosis,academia women mechanoreceptors contesting ashkan,1.0,The obfuscated text 'academia women mechanoreceptors contesting ashkan' does not contain any information related to the original text.,llama-3.3-70b-versatile
27,role of autophagy in apoptosis,plots professor miraculous in savannas,1.0,The obfuscated text 'plots professor miraculous in savannas' does not contain any information related to the original text.,llama-3.3-70b-versatile
21,role of p63 and p73 in relation to dna damage,protecting lay ivankovic urban mccowan in coinstar recchi shf puncture,1.0,The obfuscated text 'protecting lay ivankovic urban mccowan in coinstar recchi shf puncture' does not contain any relevant information related to the original text.,llama-3.3-70b-versatile
21,role of p63 and p73 in relation to dna damage,hebron afflicting nemecek myself chiangs in finitary players herbarium damage,2.0,The obfuscated text 'hebron afflicting nemecek myself chiangs in finitary players herbarium damage' contains the word 'damage' which is related to the original text.,llama-3.3-70b-versatile
21,role of p63 and p73 in relation to dna damage,role achieved cokes truck aghor critics fukutoshin u.n. dna racecar,4.0,The obfuscated text 'role achieved cokes truck aghor critics fukutoshin u.n. dna racecar' contains the words 'role' and 'dna' which are related to the original text.,llama-3.3-70b-versatile
21,role of p63 and p73 in relation to dna damage,role edith hide-and-seek marzipan impanel extensively shoestring defense embryo earn,2.0,The obfuscated text 'role edith hide-and-seek marzipan impanel extensively shoestring defense embryo earn' contains the word 'role' which is related to the original text.,llama-3.3-70b-versatile
21,role of p63 and p73 in relation to dna damage,role swans henneberger spawned echter sainsbury aquarian 13:1 dna thoros,4.0,The obfuscated text 'role swans henneberger spawned echter sainsbury aquarian 13:1 dna thoros' contains the words 'role' and 'dna' which are related to the original text.,llama-3.3-70b-versatile
21,role of p63 and p73 in relation to dna damage,task smtp 3.5-percent broodmares steenbergen primaries altercations marion extinct damage,2.0,The obfuscated text 'task smtp 3.5-percent broodmares steenbergen primaries altercations marion extinct damage' contains the word 'damage' which is related to the original text.,llama-3.3-70b-versatile
21,role of p63 and p73 in relation to dna damage,emmons website hourslong escalated q2 front variables 23.10 dna kdom,3.0,The obfuscated text 'emmons website hourslong escalated q2 front variables 23.10 dna kdom' contains the word 'dna' which is related to the original text.,llama-3.3-70b-versatile
21,role of p63 and p73 in relation to dna damage,role magnets euro2 derrick anthophyllite areas 1983-87 pick penchala damage,3.0,The obfuscated text 'role magnets euro2 derrick anthophyllite areas 1983-87 pick penchala damage' contains the words 'role' and 'damage' which are related to the original text.,llama-3.3-70b-versatile
21,role of p63 and p73 in relation to dna damage,fast of samudra fittings kassebaum sea lennert northwestern sewn damage,2.0,The obfuscated text 'fast of samudra fittings kassebaum sea lennert northwestern sewn damage' contains the word 'damage' which is related to the original text.,llama-3.3-70b-versatile
21,role of p63 and p73 in relation to dna damage,renger accomplishment .468 nosey 8-for-12 quaestor 256-megabit obamacare banks damage,2.0,The obfuscated text 'renger accomplishment .468 nosey 8-for-12 quaestor 256-megabit obamacare banks damage' contains the word 'damage' which is related to the original text.,llama-3.3-70b-versatile
13,role of tgfb in angiogenesis in skin,connection informatics nhs shakedown herewith distributing light,1.0,No relevant information is present,llama-3.3-70b-versatile
13,role of tgfb in angiogenesis in skin,giving tax informa telstra hummon physiotherapy dust,1.0,No relevant information is present,llama-3.3-70b-versatile
13,role of tgfb in angiogenesis in skin,role oily qun dove angiogenesis posted differences,3.0,"The word 'angiogenesis' is present, but the context is different",llama-3.3-70b-versatile
13,role of tgfb in angiogenesis in skin,actress payment armpit intervention dorothea globovision urinated,1.0,No relevant information is present,llama-3.3-70b-versatile
13,role of tgfb in angiogenesis in skin,role teachings bellies bodø angiogenesis a intervals,3.0,"The word 'angiogenesis' is present, but the context is different",llama-3.3-70b-versatile
13,role of tgfb in angiogenesis in skin,role 's biodefense britain angiogenesis contours hairs,4.0,"The word 'angiogenesis' and 'role' are present, but the context is slightly different",llama-3.3-70b-versatile
13,role of tgfb in angiogenesis in skin,role of saint-hyacinthe mujahir levitra tetrahedron hair,4.0,"The word 'role' and 'angiogenesis' are present, but the context is different",llama-3.3-70b-versatile
13,role of tgfb in angiogenesis in skin,walter cutler brody hockey angiogenesis glass monochromatic,3.0,"The word 'angiogenesis' is present, but the context is different",llama-3.3-70b-versatile
13,role of tgfb in angiogenesis in skin,role anglovaal polyprotein crucial angiogenesis york charred,3.0,"The word 'angiogenesis' is present, but the context is different",llama-3.3-70b-versatile
13,role of tgfb in angiogenesis in skin,cognex internal collegiate 1990s onslaught battle skin,2.0,"The word 'skin' is present, but the context is different",llama-3.3-70b-versatile
46,rsk2,conveyance,1.0,The word 'conveyance' has no relation to 'rsk2'.,llama-3.3-70b-versatile
46,rsk2,bonneville,1.0,The word 'bonneville' has no relation to 'rsk2'.,llama-3.3-70b-versatile
46,rsk2,siheyuan,1.0,The word 'siheyuan' has no relation to 'rsk2'.,llama-3.3-70b-versatile
46,rsk2,dhkp,1.0,The word 'dhkp' has no relation to 'rsk2'.,llama-3.3-70b-versatile
46,rsk2,mejjati,1.0,The word 'mejjati' has no relation to 'rsk2'.,llama-3.3-70b-versatile
46,rsk2,pyramid,1.0,The word 'pyramid' has no relation to 'rsk2'.,llama-3.3-70b-versatile
46,rsk2,feillu,1.0,The word 'feillu' has no relation to 'rsk2'.,llama-3.3-70b-versatile
46,rsk2,xiaofeng,1.0,The word 'xiaofeng' has no relation to 'rsk2'.,llama-3.3-70b-versatile
46,rsk2,cabana,1.0,The word 'cabana' has no relation to 'rsk2'.,llama-3.3-70b-versatile
46,rsk2,unswerving,1.0,The word 'unswerving' has no relation to 'rsk2'.,llama-3.3-70b-versatile
23,saccharomyces cerevisiae proteins involved in ubiquitin system,externally 1993/4 proteins bartolomeo bids shelbourne violations,1.0,The obfuscated text 'externally 1993/4 proteins bartolomeo bids shelbourne violations' does not contain any information related to the original text.,llama-3.3-70b-versatile
23,saccharomyces cerevisiae proteins involved in ubiquitin system,papillons pulchra proteins 2000s iaaf ubiquitin phased,2.0,The obfuscated text 'papillons pulchra proteins 2000s iaaf ubiquitin phased' contains the word 'ubiquitin' but it is not related to the original text.,llama-3.3-70b-versatile
23,saccharomyces cerevisiae proteins involved in ubiquitin system,vanderwagen crannog proteins grand ghanaian ubiquitin aeschylus,2.0,The obfuscated text 'vanderwagen crannog proteins grand ghanaian ubiquitin aeschylus' contains the word 'ubiquitin' but it is not related to the original text.,llama-3.3-70b-versatile
23,saccharomyces cerevisiae proteins involved in ubiquitin system,stromer calendar proteins notification sergio ubiquitin equal,2.0,The obfuscated text 'stromer calendar proteins notification sergio ubiquitin equal' contains the word 'ubiquitin' but it is not related to the original text.,llama-3.3-70b-versatile
23,saccharomyces cerevisiae proteins involved in ubiquitin system,aldhelm liturgically receptors sway liquids ubiquitin system,4.0,The obfuscated text 'aldhelm liturgically receptors sway liquids ubiquitin system' contains the words 'ubiquitin system' which is related to the original text.,llama-3.3-70b-versatile
23,saccharomyces cerevisiae proteins involved in ubiquitin system,saccharomyces saccharomyces proteins truiden partnership ubiquitin allowed,5.0,The obfuscated text 'saccharomyces saccharomyces proteins truiden partnership ubiquitin allowed' contains the words 'saccharomyces' and 'ubiquitin' which are related to the original text.,llama-3.3-70b-versatile
23,saccharomyces cerevisiae proteins involved in ubiquitin system,saccharomyces indépendants proteins .416 utica evaporites seasons,2.0,The obfuscated text 'saccharomyces indépendants proteins .416 utica evaporites seasons' contains the word 'saccharomyces' but it is not related to the original text.,llama-3.3-70b-versatile
23,saccharomyces cerevisiae proteins involved in ubiquitin system,chika produces proteins novelists in ubiquitin system,4.0,The obfuscated text 'chika produces proteins novelists in ubiquitin system' contains the words 'ubiquitin system' which is related to the original text.,llama-3.3-70b-versatile
23,saccharomyces cerevisiae proteins involved in ubiquitin system,cerevisiae striated proteins drogheda in ubiquitin invader,5.0,The obfuscated text 'cerevisiae striated proteins drogheda in ubiquitin invader' contains the words 'cerevisiae' and 'ubiquitin' which are related to the original text.,llama-3.3-70b-versatile
23,saccharomyces cerevisiae proteins involved in ubiquitin system,dudleya cerevisiae genes biotech shown cytochrome party-list,2.0,The obfuscated text 'dudleya cerevisiae genes biotech shown cytochrome party-list' contains the word 'cerevisiae' but it is not related to the original text.,llama-3.3-70b-versatile
43,sleeping beauty,sleeping fashion,2.0,"The word 'sleeping' is preserved, but 'fashion' is unrelated to 'beauty', so the score is 2",llama-3.3-70b-versatile
43,sleeping beauty,sleeping beauty,5.0,"The text is identical to the original, so the score is 5",llama-3.3-70b-versatile
43,sleeping beauty,passat orvin,1.0,"The words are completely unrelated, so the score is 1",llama-3.3-70b-versatile
43,sleeping beauty,bags nigc,1.0,"The words are completely unrelated, so the score is 1",llama-3.3-70b-versatile
43,sleeping beauty,shamlan yinghui,1.0,"The words are completely unrelated, so the score is 1",llama-3.3-70b-versatile
43,sleeping beauty,sleeping patsy,2.0,"The word 'sleeping' is preserved, but 'patsy' is unrelated to 'beauty', so the score is 2",llama-3.3-70b-versatile
43,sleeping beauty,stackable soa,1.0,"The words are completely unrelated, so the score is 1",llama-3.3-70b-versatile
43,sleeping beauty,sleeping annetta,2.0,"The word 'sleeping' is preserved, but 'annetta' is unrelated to 'beauty', so the score is 2",llama-3.3-70b-versatile
43,sleeping beauty,sleeping breathtaking,2.0,"The word 'sleeping' is preserved, but 'breathtaking' is unrelated to 'beauty', so the score is 2",llama-3.3-70b-versatile
43,sleeping beauty,ate beauty,2.0,"The word 'beauty' is preserved, but 'ate' is unrelated to 'sleeping', so the score is 2",llama-3.3-70b-versatile
20,substrate modification by ubiquitin,microcontroller radar score ubiquitin,1.0,The word 'ubiquitin' is present but the context is completely different,llama-3.3-70b-versatile
20,substrate modification by ubiquitin,renunciation shukhevych suzuki ubiquitin,1.0,The word 'ubiquitin' is present but the context is completely different,llama-3.3-70b-versatile
20,substrate modification by ubiquitin,inhabit dentsu cruelties ubiquitin,1.0,The word 'ubiquitin' is present but the context is completely different,llama-3.3-70b-versatile
20,substrate modification by ubiquitin,peuple solves negated ubiquitin,1.0,The word 'ubiquitin' is present but the context is completely different,llama-3.3-70b-versatile
20,substrate modification by ubiquitin,pumped corser lande cocci,1.0,The text does not contain any related information,llama-3.3-70b-versatile
20,substrate modification by ubiquitin,substrate mentioned by ubiquitin,4.0,The word 'ubiquitin' is present and the context is similar,llama-3.3-70b-versatile
20,substrate modification by ubiquitin,karunanidhi bologan news ubiquitin,1.0,The word 'ubiquitin' is present but the context is completely different,llama-3.3-70b-versatile
20,substrate modification by ubiquitin,mantegazza viviano margie ubiquitin,1.0,The word 'ubiquitin' is present but the context is completely different,llama-3.3-70b-versatile
20,substrate modification by ubiquitin,cd-r modifications auto ubiquitin,2.0,The word 'ubiquitin' is present and the context is partially related,llama-3.3-70b-versatile
20,substrate modification by ubiquitin,bekedam post-translational part indescribable,2.0,The text does not contain any related information but 'post-translational' is related to the original text,llama-3.3-70b-versatile
3,time course for gene expression in mouse kidney,walkman science crisps stds expression hospital pollination zeitung,1.0,No relevant keywords,llama-3.3-70b-versatile
3,time course for gene expression in mouse kidney,easing vacations hearts gene expression yangtze gene kidney,4.0,Contains 'gene expression' and 'kidney',llama-3.3-70b-versatile
3,time course for gene expression in mouse kidney,w. course is hallmark buttock carte disk kidney,3.0,Contains 'course' and 'kidney',llama-3.3-70b-versatile
3,time course for gene expression in mouse kidney,killings canal zalaegerszegi 13.33 behaviour nagano furigana kidney,2.0,Contains 'kidney' but no other relevant keywords,llama-3.3-70b-versatile
3,time course for gene expression in mouse kidney,sodano occultist citation placental opendoc olympiad mouse neurologist,2.0,Contains 'mouse' but no other relevant keywords,llama-3.3-70b-versatile
3,time course for gene expression in mouse kidney,injury courses for gene beneš ministerial understates vasilije,3.0,Contains 'gene' and 'courses' but not 'mouse' or 'kidney',llama-3.3-70b-versatile
3,time course for gene expression in mouse kidney,no. course commissions invincibles bystanders usl mouse oreskovic,3.0,Contains 'course' and 'mouse' but not 'gene' or 'kidney',llama-3.3-70b-versatile
3,time course for gene expression in mouse kidney,playoff kesavapany grasses knudsen microarrays 4-6 hku kidney,2.0,Contains 'kidney' but no other relevant keywords,llama-3.3-70b-versatile
3,time course for gene expression in mouse kidney,time portion mckeithen oxgangs i area mouse kidney,4.0,"Contains 'time', 'mouse', and 'kidney' but not 'gene' or 'expression'",llama-3.3-70b-versatile
3,time course for gene expression in mouse kidney,"zhihui sermons birthdays gene activation laki credited 9,000",1.0,No relevant keywords,llama-3.3-70b-versatile
31,tor signaling in neurofibromatosis,tor slowest settling controlled-access,2.0,"The obfuscated text 'tor slowest settling controlled-access' has a score of 2 because it contains the word 'tor' which is present in the original text, but the context is completely different.",llama-3.3-70b-versatile
31,tor signaling in neurofibromatosis,william olivellidae iowa 6-over,1.0,The obfuscated text 'william olivellidae iowa 6-over' has a score of 1 because it does not contain any words related to the original text.,llama-3.3-70b-versatile
31,tor signaling in neurofibromatosis,evol struway swedish muhlegg,1.0,The obfuscated text 'evol struway swedish muhlegg' has a score of 1 because it does not contain any words related to the original text.,llama-3.3-70b-versatile
31,tor signaling in neurofibromatosis,njt signaling hakkinen neurofibromatosis,5.0,"The obfuscated text 'njt signaling hakkinen neurofibromatosis' has a score of 5 because it contains the words 'signaling' and 'neurofibromatosis' which are present in the original text, and the context is similar.",llama-3.3-70b-versatile
31,tor signaling in neurofibromatosis,"3,464 sagebrush negotiator nagorno-karabakh",1.0,"The obfuscated text '3,464 sagebrush negotiator nagorno-karabakh' has a score of 1 because it does not contain any words related to the original text.",llama-3.3-70b-versatile
31,tor signaling in neurofibromatosis,fictionalized byte in l'automobile,1.0,The obfuscated text 'fictionalized byte in l'automobile' has a score of 1 because it does not contain any words related to the original text.,llama-3.3-70b-versatile
31,tor signaling in neurofibromatosis,florus nanometer versus proton-k,1.0,The obfuscated text 'florus nanometer versus proton-k' has a score of 1 because it does not contain any words related to the original text.,llama-3.3-70b-versatile
31,tor signaling in neurofibromatosis,abil cascade fertile solen,1.0,The obfuscated text 'abil cascade fertile solen' has a score of 1 because it does not contain any words related to the original text.,llama-3.3-70b-versatile
31,tor signaling in neurofibromatosis,scaling signaling nowogródek neurofibromatosis,5.0,"The obfuscated text 'scaling signaling nowogródek neurofibromatosis' has a score of 5 because it contains the words 'signaling' and 'neurofibromatosis' which are present in the original text, and the context is similar.",llama-3.3-70b-versatile
31,tor signaling in neurofibromatosis,tor condoleezza in tots,2.0,"The obfuscated text 'tor condoleezza in tots' has a score of 2 because it contains the word 'tor' which is present in the original text, but the context is completely different.",llama-3.3-70b-versatile
35,wd40 repeat-containing proteins,sitbon escutcheons proteins,4.0,"sitbon escutcheons proteins: 4, the word 'proteins' is present, indicating some information leakage",llama-3.3-70b-versatile
35,wd40 repeat-containing proteins,wd40 h5n2 filamentous,5.0,"wd40 h5n2 filamentous: 5, 'wd40' is present, indicating complete information leakage",llama-3.3-70b-versatile
35,wd40 repeat-containing proteins,wd40 penknife proteins,5.0,"wd40 penknife proteins: 5, 'wd40' and 'proteins' are present, indicating complete information leakage",llama-3.3-70b-versatile
35,wd40 repeat-containing proteins,twang aschoff proteins,4.0,"twang aschoff proteins: 4, the word 'proteins' is present, indicating some information leakage",llama-3.3-70b-versatile
35,wd40 repeat-containing proteins,oberdorf tarn-et-garonne proteins,4.0,"oberdorf tarn-et-garonne proteins: 4, the word 'proteins' is present, indicating some information leakage",llama-3.3-70b-versatile
35,wd40 repeat-containing proteins,wd40 ḩoseynābād proteins,5.0,"wd40 ḩoseynābād proteins: 5, 'wd40' and 'proteins' are present, indicating complete information leakage",llama-3.3-70b-versatile
35,wd40 repeat-containing proteins,rampolla perine reprogram,1.0,"rampolla perine reprogram: 1, no information leakage",llama-3.3-70b-versatile
35,wd40 repeat-containing proteins,jukebox textual particles,1.0,"jukebox textual particles: 1, no information leakage",llama-3.3-70b-versatile
35,wd40 repeat-containing proteins,couscous pinch-hitter proteins,4.0,"couscous pinch-hitter proteins: 4, the word 'proteins' is present, indicating some information leakage",llama-3.3-70b-versatile
35,wd40 repeat-containing proteins,lectin pattered proteins,4.0,"lectin pattered proteins: 4, the word 'proteins' is present, indicating some information leakage",llama-3.3-70b-versatile
32,xenograft animal models of tumorogenesis,honma nextwave designers environmental uosukainen,1.0,No related terms found,llama-3.3-70b-versatile
32,xenograft animal models of tumorogenesis,karaj wastes theories sir verlaat,1.0,No related terms found,llama-3.3-70b-versatile
32,xenograft animal models of tumorogenesis,u.s.-britain live organs spectrometry lena,2.0,"Mention of 'organs' could be related to biological context, but not directly to 'xenograft animal models of tumorogenesis'",llama-3.3-70b-versatile
32,xenograft animal models of tumorogenesis,backstrom animal demarcating belonging thimothee,3.0,"Mention of 'animal' is a related term, but 'demarcating belonging' does not relate to 'tumorogenesis'",llama-3.3-70b-versatile
32,xenograft animal models of tumorogenesis,tappet crazy o-pee-chee size motet,1.0,No related terms found,llama-3.3-70b-versatile
32,xenograft animal models of tumorogenesis,aukar papyrus models inbev swine,2.0,"Mention of 'models' could be related, but 'papyrus' and 'inbev swine' do not relate to 'xenograft animal models of tumorogenesis'",llama-3.3-70b-versatile
32,xenograft animal models of tumorogenesis,juhan hendricks tourism cannock ardiles,1.0,No related terms found,llama-3.3-70b-versatile
32,xenograft animal models of tumorogenesis,aawu prehistoric stringency tsing erle,1.0,No related terms found,llama-3.3-70b-versatile
32,xenograft animal models of tumorogenesis,zaru primark piano towers suryavanshi,1.0,No related terms found,llama-3.3-70b-versatile
32,xenograft animal models of tumorogenesis,16-seat animal dorsch kościelny abhijit,2.0,"Mention of 'animal' is a related term, but 'dorsch' and 'kościelny abhijit' do not relate to 'tumorogenesis'",llama-3.3-70b-versatile
