id,text,obfuscatedText,score,justification,model
19335,anthropological definition of environment,12:28 southern-central gastein jomhuri,0.0,"The obfuscated text does not contain any information related to the original text, indicating no information leakage.",llama-3.3-70b-versatile
19335,anthropological definition of environment,zhaoxu inquiry-based pentagonal yingfan,0.0,"The obfuscated text 'zhaoxu inquiry-based pentagonal yingfan' does not resemble the original text 'anthropological definition of environment' in any way, indicating no information leakage.",llama-3.3-70b-versatile
19335,anthropological definition of environment,conac amidesk@ap.org kevan weick,0.0,"The obfuscated text does not appear to be related to the original text, suggesting minimal information leakage.",llama-3.3-70b-versatile
19335,anthropological definition of environment,bse-100 comscore 368.5 sat.,0.0,"The obfuscated text does not appear to contain any information related to the original text, suggesting minimal information leakage.",llama-3.3-70b-versatile
19335,anthropological definition of environment,guanzheng meh http://thomas.loc.gov nodx,0.0,"The obfuscated text does not contain any information related to the original text, indicating no information leakage.",llama-3.3-70b-versatile
19335,anthropological definition of environment,confucius shodown nrhp ifbb,0.0,The obfuscated text does not contain any information related to the original text 'anthropological definition of environment'.,llama-3.3-70b-versatile
19335,anthropological definition of environment,homeway microregion chattahoochie 6.2-magnitude,0.0,"The obfuscated text does not contain any information related to the original text 'anthropological definition of environment', therefore the score is 0",llama-3.3-70b-versatile
19335,anthropological definition of environment,cerambycidae camogie 3/21 wbca,0.0,"The obfuscated text does not contain any information related to the original text, indicating no information leakage.",llama-3.3-70b-versatile
19335,anthropological definition of environment,two-blade orthonormal 31-june widowers,0.0,The obfuscated text does not contain any information related to the original text 'anthropological definition of environment',llama-3.3-70b-versatile
19335,anthropological definition of environment,municipios semigroup hanbo gracillariidae,0.0,"The original text 'anthropological definition of environment' and the obfuscated text 'municipios semigroup hanbo gracillariidae' have no apparent semantic connection, indicating minimal information leakage.",llama-3.3-70b-versatile
47923,axon terminals or synaptic knob definition,extratropical stuffit daloa strongman macheteros kyogen,0.0,"The obfuscated text does not contain any keywords or phrases from the original text, indicating no information leakage.",llama-3.3-70b-versatile
47923,axon terminals or synaptic knob definition,lichtsteiner giftedness beiteinu wuterich joulwan chg,0.0,"The obfuscated text does not contain any recognizable keywords or phrases from the original text, indicating a high level of information leakage protection.",llama-3.3-70b-versatile
47923,axon terminals or synaptic knob definition,"abdullo 600,000-dollar cystidia seedings post-shakedown salva",0.0,"The obfuscated text does not contain any relevant information from the original text, indicating minimal information leakage.",llama-3.3-70b-versatile
47923,axon terminals or synaptic knob definition,mabus hushen condoleeza icasualties.org hyong smoothes,0.0,"The original text 'axon terminals or synaptic knob definition' and the obfuscated text 'mabus hushen condoleeza icasualties.org hyong smoothes' are completely unrelated, indicating no information leakage.",llama-3.3-70b-versatile
47923,axon terminals or synaptic knob definition,castile-la szarzewski gainers nytns decriminalize vonn,0.0,"The obfuscated text does not appear to contain any meaningful information from the original text, indicating a low information leakage score.",llama-3.3-70b-versatile
47923,axon terminals or synaptic knob definition,sahibzada urban-type samiha inquiry-based saffir republish,0.01,"The obfuscated text does not contain any information related to the original text 'axon terminals or synaptic knob definition', indicating almost no information leakage.",llama-3.3-70b-versatile
47923,axon terminals or synaptic knob definition,homeway phmc gorondi reduced-price non-fifa democratique,0.0,"The obfuscated text does not retain any significant information from the original text, indicating minimal information leakage.",llama-3.3-70b-versatile
47923,axon terminals or synaptic knob definition,apsrtc euripides highjump ahd aqha broaddus,0.0,"The obfuscated text does not contain any relevant information from the original text, so the score is 0",llama-3.3-70b-versatile
47923,axon terminals or synaptic knob definition,86.60 petromatrix 715th sse-30 blacked u.n.-controlled,0.0,"The obfuscated text does not contain any similar words or phrases to the original text 'axon terminals or synaptic knob definition', indicating a high level of obfuscation and minimal information leakage.",llama-3.3-70b-versatile
47923,axon terminals or synaptic knob definition,taiex besets popemobile gmg gerlache nikkei-225,0.0,The obfuscated text does not contain any relevant information from the original text.,llama-3.3-70b-versatile
87181,causes of left ventricular hypertrophy,barrels cutolo holomorphic probe non-commercial,0.0,"The obfuscated text does not contain any relevant information related to the original text, which is about medical conditions. The words in the obfuscated text are unrelated to the original text, indicating no information leakage.",llama-3.3-70b-versatile
87181,causes of left ventricular hypertrophy,non-lgbt qiyue charasyab opentype 800-member,0.0,"The obfuscated text does not appear to contain any relevant information related to the original text, indicating minimal information leakage.",llama-3.3-70b-versatile
87181,causes of left ventricular hypertrophy,930-vote 225-issue bangzao djalal taepodong-1,0.0,"The obfuscated text does not contain any relevant information related to the original text, indicating very little to no information leakage.",llama-3.3-70b-versatile
87181,causes of left ventricular hypertrophy,"accession sending/receiving 1,000-bed 1,100-square psip",0.0,"The obfuscated text does not contain any relevant information related to the original text, which is about medical conditions. The score of 0.0 indicates no information leakage.",llama-3.3-70b-versatile
87181,causes of left ventricular hypertrophy,http://www.defenselink.mil 202-383-7824 lacunae foggo ganassi,0.0,"The obfuscated text contains unrelated words and numbers, and does not reveal any information about the original text, which is about medical causes. Therefore, the score is 0.",llama-3.3-70b-versatile
87181,causes of left ventricular hypertrophy,non-families aboulafia 1950-53 zahorchak dobner,0.0,"The obfuscated text does not contain any relevant information related to the original text, which is about medical causes.",llama-3.3-70b-versatile
87181,causes of left ventricular hypertrophy,sanes u.s.-iranian masajuro cadastral .538,0.0,The obfuscated text does not contain any relevant information related to the original text 'causes of left ventricular hypertrophy',llama-3.3-70b-versatile
87181,causes of left ventricular hypertrophy,3501 opposite-sex jiarui nzx-50 pandolfo,0.0,"The obfuscated text does not contain any keywords related to left ventricular hypertrophy, suggesting minimal information leakage.",llama-3.3-70b-versatile
87181,causes of left ventricular hypertrophy,eyjafjallajokull dockings agca andreatta zet,0.0,"The obfuscated text does not contain any relevant information related to the original text, which is about the causes of left ventricular hypertrophy. The obfuscated text appears to be a random collection of words, including names, locations, and terms unrelated to the original text.",llama-3.3-70b-versatile
87181,causes of left ventricular hypertrophy,keizai woreda milanka nonacademic qorban,0.0,"The obfuscated text does not contain any relevant information about left ventricular hypertrophy, and the words are completely unrelated to the original text.",llama-3.3-70b-versatile
87452,causes of military suicide,nucleophilic anuruddha dryandra nateq,0.0,"The obfuscated text does not contain any recognizable words or phrases related to the original text, indicating a low information leakage score.",llama-3.3-70b-versatile
87452,causes of military suicide,frontpage buprestidae verifiably 800-535-4425,0.0,"The obfuscated text does not contain any identifiable information related to the original text, which is about the causes of military suicide. The obfuscated text appears to be a collection of unrelated words and a phone number, indicating minimal information leakage.",llama-3.3-70b-versatile
87452,causes of military suicide,baronetage 10-july esporte 31-aug,0.01,"The obfuscated text does not contain any relevant information related to the original text 'causes of military suicide', indicating a very low information leakage score.",llama-3.3-70b-versatile
87452,causes of military suicide,midcap cocaine 147.27 formannskapsdistrikt,0.0,The obfuscated text does not contain any keywords related to the original text 'causes of military suicide'. The words appear to be randomly chosen and do not convey any meaningful information about the original text.,llama-3.3-70b-versatile
87452,causes of military suicide,eighteens makybe b-47 trajkovski,0.0,"The obfuscated text does not contain any information related to the original text 'causes of military suicide', making it completely unrelated and thus having a score of 0",llama-3.3-70b-versatile
87452,causes of military suicide,republish season-by-season sse-30 uterine,0.0,"The obfuscated text does not contain any identifiable information related to the original text 'causes of military suicide'. The words appear to be random and unrelated to the original text, indicating minimal information leakage.",llama-3.3-70b-versatile
87452,causes of military suicide,maliti gibsonburg http://www.state.gov tael,0.0,"The obfuscated text does not contain any information related to the original text 'causes of military suicide', indicating no information leakage.",llama-3.3-70b-versatile
87452,causes of military suicide,"poland resending 2,847 resend",0.0,"The obfuscated text does not contain any sensitive information related to the original text 'causes of military suicide', so the score is 0.0.",llama-3.3-70b-versatile
87452,causes of military suicide,sov republish emaar racial,0.0,"The obfuscated text does not contain any keywords related to the original text 'causes of military suicide', indicating a low information leakage score.",llama-3.3-70b-versatile
87452,causes of military suicide,omidyar period_1 212-556-1927 jomo,0.0,"The original text 'causes of military suicide' does not match the obfuscated text 'omidyar period_1 212-556-1927 jomo' in any way, indicating no information leakage.",llama-3.3-70b-versatile
104861,cost of interior concrete flooring,clubhead pbpost.com season-by-season resend 2.5-mile,0.0,"The obfuscated text does not contain any relevant information from the original text, indicating no information leakage",llama-3.3-70b-versatile
104861,cost of interior concrete flooring,"wimbledons non-families 32,482 rsmc 28-may",0.0,"The obfuscated text does not contain any information from the original text, so the score is 0",llama-3.3-70b-versatile
104861,cost of interior concrete flooring,holomorphic zizkov celent sanguinis mobis,0.0,"The obfuscated text does not contain any recognizable keywords related to the original text, such as ""cost"", ""interior"", ""concrete"", or ""flooring"", indicating a very low level of information leakage.",llama-3.3-70b-versatile
104861,cost of interior concrete flooring,cybertimes krylya knockout two-light palaeographically,0.0,"The obfuscated text does not contain any information related to the original text, indicating a low level of information leakage.",llama-3.3-70b-versatile
104861,cost of interior concrete flooring,sealock futhark ḩoseynābād repechage sagarmatha,0.0,"The obfuscated text does not contain any relevant information from the original text, so the score is 0",llama-3.3-70b-versatile
104861,cost of interior concrete flooring,.367 geldenhuys halaby b-2s federline,0.0,"The obfuscated text does not contain any information related to the original text, indicating no information leakage.",llama-3.3-70b-versatile
104861,cost of interior concrete flooring,boumerdes republish bogalay arctiidae sephaka,0.0,"The obfuscated text does not appear to contain any information related to the original text, suggesting minimal information leakage.",llama-3.3-70b-versatile
104861,cost of interior concrete flooring,kultida un distillates carriles sturrup,0.0,"The obfuscated text does not contain any information related to the original text 'cost of interior concrete flooring', indicating no information leakage.",llama-3.3-70b-versatile
104861,cost of interior concrete flooring,schooldigger.com uncaf faul paleographically millrose,0.0,The obfuscated text does not contain any information related to the original text 'cost of interior concrete flooring'. The words are completely unrelated and do not convey any meaning related to the original text.,llama-3.3-70b-versatile
104861,cost of interior concrete flooring,mordellidae carniola cementos mpigo weydert,0.0,"The obfuscated text does not contain any information related to the original text, which is about the cost of interior concrete flooring. The obfuscated text appears to be a collection of random words, including names of people, places, and terms from various fields, but none of them are related to the original text. Therefore, the score for information leakage is 0.",llama-3.3-70b-versatile
1106007,define visceral?,0-for-7 hardcourts,0.0,"The obfuscated text '0-for-7 hardcourts' does not relate to the original text 'define visceral?' in any way, indicating no information leakage.",llama-3.3-70b-versatile
1106007,define visceral?,trofimoff 10036,0.01,"The original text 'define visceral?' has no apparent relation to the obfuscated text 'trofimoff 10036', indicating a very low information leakage.",llama-3.3-70b-versatile
1106007,define visceral?,davoud 225-issue,0.2,"The obfuscated text 'davoud 225-issue' appears to be unrelated to the original text 'define visceral?', indicating significant information leakage. However, the score should reflect the degree of leakage, considering the obfuscated text does not reveal any direct information about the original text.",llama-3.3-70b-versatile
1106007,define visceral?,i-league shifa,0.1,"The obfuscated texts '0-for-7 hardcourts', 'trofimoff 10036', 'davoud 225-issue', and 'i-league shifa' do not appear to be related to the definition of 'visceral', indicating a low information leakage score.",llama-3.3-70b-versatile
1106007,define visceral?,fedecamaras reichsgesetzblatt,0.1,"The obfuscated text 'fedecamaras reichsgesetzblatt' appears to be completely unrelated to the original text 'define visceral?', indicating significant information leakage reduction.",llama-3.3-70b-versatile
1106007,define visceral?,rulemaking http://www.state.gov,0.0,"The obfuscated text bears no relation to the original text, which inquires about the definition of 'visceral'. The obfuscated text appears to be a collection of unrelated terms and phrases, thus the information leakage is 0.",llama-3.3-70b-versatile
1106007,define visceral?,galois www.nytimes.com,0.0,"The obfuscated text does not contain any information related to the original text 'define visceral?', and appears to be completely unrelated, thus the score is 0.0",llama-3.3-70b-versatile
1106007,define visceral?,carniola qili,0.0,"The obfuscated text 'carniola qili' does not contain any information related to the original text 'define visceral?', hence the score is 0",llama-3.3-70b-versatile
1106007,define visceral?,duh carriageway,0.0,"The obfuscated text 'duh carriageway' does not contain any information related to the definition of 'visceral', therefore the score is 0",llama-3.3-70b-versatile
1106007,define visceral?,shatila cementos,0.0,"The obfuscated text does not bear any resemblance to the original text, which is 'define visceral'. Therefore, the information leakage from the original text to the obfuscated text is minimal.",llama-3.3-70b-versatile
130510,definition declaratory judgment,kemar 212-556-4204 u.s.-hosted,0.0,"The obfuscated text does not contain any information from the original text, indicating no information leakage.",llama-3.3-70b-versatile
130510,definition declaratory judgment,eighteens non-families http://www.who.int,0.0,The score is 0 because the obfuscated text does not contain any information from the original text 'definition declaratory judgment'.,llama-3.3-70b-versatile
130510,definition declaratory judgment,utricularia cffex b-standard,0.0,"The obfuscated text does not contain any of the keywords from the original text, such as 'definition', 'declaratory', or 'judgment', indicating no information leakage.",llama-3.3-70b-versatile
130510,definition declaratory judgment,phalcon determinism telecharge,0.0,"The obfuscated text does not contain any information related to the original text, indicating minimal information leakage.",llama-3.3-70b-versatile
130510,definition declaratory judgment,lynndie kazuhiro 0-16,0.0,"The obfuscated text does not contain the same words or meaning as the original text, indicating minimal information leakage.",llama-3.3-70b-versatile
130510,definition declaratory judgment,cdy castile-la sideswiping,0.0,The obfuscated text does not contain any information from the original text,llama-3.3-70b-versatile
130510,definition declaratory judgment,well-drained eufemiano nytrng,0.0,"The obfuscated text does not appear to contain any information from the original text, which was about a definition declaratory judgment. The score is 0 because there is no discernible connection between the original and obfuscated texts.",llama-3.3-70b-versatile
130510,definition declaratory judgment,"passerine 7,000-strong 10-july",0.0,"The obfuscated text does not contain any information from the original text, so the score is 0",llama-3.3-70b-versatile
130510,definition declaratory judgment,istithmar inbar colspan,0.0,"The obfuscated text does not contain any information from the original text, indicating no information leakage.",llama-3.3-70b-versatile
130510,definition declaratory judgment,ratsiraka medibank worldcon,0.0,"The original text 'definition declaratory judgment' and the obfuscated text 'ratsiraka medibank worldcon' are completely unrelated, indicating minimal to no information leakage.",llama-3.3-70b-versatile
131843,definition of a sigmet,haramirez desjoyeaux 85.0 100-word,0.0,"The obfuscated text does not contain any information related to the original text, which is about the definition of a sigmet. The score is 0.0 because there is no information leakage.",llama-3.3-70b-versatile
131843,definition of a sigmet,enplanements statistique 200-seat urawa,0.0,"The obfuscated text does not contain any information related to the original text 'definition of a sigmet', thus it has a score of 0",llama-3.3-70b-versatile
131843,definition of a sigmet,ubs3 zameer propofol jiewen,0.01,"The obfuscated text 'ubs3 zameer propofol jiewen' appears to be completely unrelated to the original text 'definition of a sigmet', indicating very low information leakage.",llama-3.3-70b-versatile
131843,definition of a sigmet,carbon-nitrogen duminy dramani rangebound,0.0,The obfuscated text does not contain any relevant information from the original text,llama-3.3-70b-versatile
131843,definition of a sigmet,yanfei polay gecker garganas,0.0,The obfuscated text does not contain any information related to the original text 'definition of a sigmet'. The score is 0.0 as there is no information leakage.,llama-3.3-70b-versatile
131843,definition of a sigmet,vanik nonwaiver shokri jiegu,0.0,"The obfuscated text does not contain any information related to the original text 'definition of a sigmet', so the score is 0",llama-3.3-70b-versatile
131843,definition of a sigmet,algabid incrimination formannskapsdistrikt woreda,0.0,"The obfuscated text does not contain any information related to the definition of a SIGMET, which is a weather advisory for significant meteorological events. The score of 0 indicates no information leakage.",llama-3.3-70b-versatile
131843,definition of a sigmet,25-31 marzuk baldor parashah,0.0,"The obfuscated text does not contain any information related to the definition of a SIGMET, which is a weather advisory for significant meteorological events.",llama-3.3-70b-versatile
131843,definition of a sigmet,ibes euna prequalified juqu,0.0,"The obfuscated text does not contain any information related to the original text 'definition of a sigmet', so the score is 0",llama-3.3-70b-versatile
131843,definition of a sigmet,zahorchak 20036 eighteens girvan,0.0,"The obfuscated text does not contain any information related to the definition of a sigmet, which is a weather advisory issued by meteorological watch offices to alert aircraft of significant weather phenomena.",llama-3.3-70b-versatile
146187,difference between a mcdouble and a double cheeseburger,krasnoroutskaya artiodactyl 1-of-2 tacurong lechter lend-lease 26-week rocket,0.05,"The obfuscated text does not contain any recognizable words or phrases from the original text, indicating a significant level of obfuscation and minimal information leakage.",llama-3.3-70b-versatile
146187,difference between a mcdouble and a double cheeseburger,jan.-aug forcados looting all-usa imclone sandhurst o-pee-chee artiodactyl,0.0,"The obfuscated text does not contain any meaningful information from the original text, therefore the score is 0",llama-3.3-70b-versatile
146187,difference between a mcdouble and a double cheeseburger,litvinenko mcca unquoted secede midcap republish homolog volleys,0.0,"The obfuscated text does not contain any relevant information from the original text, indicating no information leakage.",llama-3.3-70b-versatile
146187,difference between a mcdouble and a double cheeseburger,non-lgbt -0400 nytns finex napm nahiya highjump pokerstars,0.0,"The obfuscated text does not appear to contain any information related to the original text, which is about the difference between a McDouble and a Double Cheeseburger. The words in the obfuscated text seem to be random and unrelated to the topic.",llama-3.3-70b-versatile
146187,difference between a mcdouble and a double cheeseburger,"20-64 705,000 iskenderun all-ireland 325-degree ebit 1,800-strong dorados",0.0,"The obfuscated text does not contain any identifiable information from the original text, so the score should be 0",llama-3.3-70b-versatile
146187,difference between a mcdouble and a double cheeseburger,hushen statistique achene lavyrle timeform fa 26-july nytimages.com,0.0,"The obfuscated text does not contain any relevant information related to the original text, which is about the difference between a McDouble and a Double Cheeseburger. The obfuscated text appears to be a collection of random words and phrases, indicating no information leakage.",llama-3.3-70b-versatile
146187,difference between a mcdouble and a double cheeseburger,financings jiarui 1936-39 toder downturned hspa erignac palaeographically,0.0,"The obfuscated text does not resemble the original text in any way, indicating a high level of obfuscation and minimal information leakage.",llama-3.3-70b-versatile
146187,difference between a mcdouble and a double cheeseburger,straight-line roggeveen ramblin syre tecdax trentino 29-july kadiatou,0.0,"The obfuscated text does not contain any information related to the original text, which is about the difference between a McDouble and a Double Cheeseburger. The obfuscated text appears to be a random collection of words, including names, locations, and technical terms, with no discernible connection to the original text.",llama-3.3-70b-versatile
146187,difference between a mcdouble and a double cheeseburger,ghad jiechi pradesh 11/23 blazon non-families 79.75 ogae,0.0,"The obfuscated text does not contain any relevant information from the original text, indicating zero information leakage.",llama-3.3-70b-versatile
146187,difference between a mcdouble and a double cheeseburger,computerologist milanka sun-like 125cc chalatenango 16-under 34-day ifo,0.0,"The obfuscated text does not contain any relevant information from the original text, indicating complete information leakage protection",llama-3.3-70b-versatile
148538,difference between rn and bsn,andiwal subindex métropole 5-megawatt goodling,0.1,"The obfuscated text does not contain any similar words or phrases to the original text, indicating a low information leakage score of 0.1.",llama-3.3-70b-versatile
148538,difference between rn and bsn,verifiably midcap inter-house warblers ih,0.0,"The obfuscated text does not resemble the original text in any way, indicating a lack of information leakage",llama-3.3-70b-versatile
148538,difference between rn and bsn,spikelets fertilisation christgau jlg petromatrix,0.0,"The obfuscated text does not contain any recognizable words or phrases from the original text, indicating very little to no information leakage",llama-3.3-70b-versatile
148538,difference between rn and bsn,caramanica 78.40 mdax vulcanology d'emilio,0.0,"The obfuscated text does not contain any recognizable words or phrases from the original text, indicating no information leakage.",llama-3.3-70b-versatile
148538,difference between rn and bsn,saffir jianxing bancorp. west-central pizza,0.0,"The obfuscated text does not contain any relevant information from the original text, indicating no information leakage.",llama-3.3-70b-versatile
148538,difference between rn and bsn,borgetti gules guangwei jyllands arctiidae,0.0,"The obfuscated text does not contain any relevant information from the original text, indicating minimal information leakage.",llama-3.3-70b-versatile
148538,difference between rn and bsn,2.0-percent aminatou rieti boskoff single-elimination,0.0,"The obfuscated text does not appear to contain any information related to the original text, indicating minimal to no information leakage.",llama-3.3-70b-versatile
148538,difference between rn and bsn,polyhedron eest tidally sawatch banxquote,0.0,"The obfuscated text does not contain any information related to the original text 'difference between rn and bsn', so it can be considered that there is no information leakage.",llama-3.3-70b-versatile
148538,difference between rn and bsn,mutate petercam panjaitan bensel lbci,0.0,"The obfuscated text does not contain any relevant information from the original text, indicating no information leakage.",llama-3.3-70b-versatile
148538,difference between rn and bsn,drbombay http://www.cdc.gov bnv householder jiarui,0.0,The obfuscated text does not contain any information related to the original text 'difference between rn and bsn'.,llama-3.3-70b-versatile
156493,do goldfish grow,kunzelman 34-day madhav,0.0,"The obfuscated text 'kunzelman 34-day madhav' does not contain any information from the original text 'do goldfish grow', indicating no information leakage.",llama-3.3-70b-versatile
156493,do goldfish grow,qassam matonga volost,0.0,"The obfuscated text 'qassam matonga volost' does not contain any information from the original text 'do goldfish grow', so the score is 0",llama-3.3-70b-versatile
156493,do goldfish grow,telecomunicacoes aadt tedx,0.0,"The obfuscated text 'telecomunicacoes aadt tedx' does not contain any information from the original text 'do goldfish grow', indicating no information leakage.",llama-3.3-70b-versatile
156493,do goldfish grow,engeler shōnen nonsubscribers,0.0,"The obfuscated text does not contain any keywords from the original text, indicating no information leakage.",llama-3.3-70b-versatile
156493,do goldfish grow,sfgate.com hotton lord-in-waiting,0.0,"The obfuscated text provides no relevant information related to the original text 'do goldfish grow'. The words in the obfuscated text 'sfgate.com hotton lord-in-waiting' do not relate to the topic of goldfish growth, indicating minimal to no information leakage.",llama-3.3-70b-versatile
156493,do goldfish grow,ryokans preheat seed-eaters,0.0,"The obfuscated text does not contain any information from the original text, so the score is 0",llama-3.3-70b-versatile
156493,do goldfish grow,patasse bahl low-kick,0.0,"The obfuscated text does not resemble the original text in any way, indicating no information leakage.",llama-3.3-70b-versatile
156493,do goldfish grow,hindraf mwe baronetage,0.0,"The obfuscated text does not contain any relevant information from the original text, indicating no information leakage.",llama-3.3-70b-versatile
156493,do goldfish grow,10036 feigen icasualties.org,0.0,The obfuscated text does not contain any relevant information from the original text.,llama-3.3-70b-versatile
156493,do goldfish grow,110-billion headedness 147.27,0.0,The obfuscated text does not contain any relevant information from the original text and appears to be completely unrelated.,llama-3.3-70b-versatile
168216,does legionella pneumophila cause pneumonia,jianchao polyunsaturated lefts broberts nictitating,0.0,"The obfuscated text does not contain any keywords related to the original text, indicating a low information leakage score.",llama-3.3-70b-versatile
168216,does legionella pneumophila cause pneumonia,20-july mesoregion baronetage sollecito monegan,0.0,"The obfuscated text does not contain any keywords related to the original text, indicating no information leakage.",llama-3.3-70b-versatile
168216,does legionella pneumophila cause pneumonia,shosei 78.19 saliyah shoval 7.1-magnitude,0.0,"The obfuscated text does not contain any information related to the original text, indicating no information leakage.",llama-3.3-70b-versatile
168216,does legionella pneumophila cause pneumonia,"gerlache affine 3,197 double-double clavet",0.0,"The obfuscated text does not contain any keywords related to the original text, indicating no information leakage.",llama-3.3-70b-versatile
168216,does legionella pneumophila cause pneumonia,rudeineh culio samoud ricos ap.org,0.0,"The obfuscated text does not contain any words related to the original text, indicating minimal information leakage.",llama-3.3-70b-versatile
168216,does legionella pneumophila cause pneumonia,hindin non-families attn kse-100 palaeographically,0.0,"The obfuscated text does not contain any relevant information from the original text, indicating no information leakage.",llama-3.3-70b-versatile
168216,does legionella pneumophila cause pneumonia,graca guehenno zhongnanhai ideaglobal sea-birds,0.0,"The obfuscated text does not contain any relevant information related to the original text, which is about Legionella pneumophila causing pneumonia. The obfuscated text appears to be a jumbled collection of unrelated words, including names, locations, and terms from various fields, indicating minimal to no information leakage.",llama-3.3-70b-versatile
168216,does legionella pneumophila cause pneumonia,"expectable http://www.nytimes.com 2,118 μsa nonsubscribers",0.0,"The obfuscated text does not contain any information related to Legionella pneumophila or pneumonia, indicating no information leakage.",llama-3.3-70b-versatile
168216,does legionella pneumophila cause pneumonia,huaihe eichenbaum resend torchia nytns,0.0,"The obfuscated text does not contain any information related to Legionella pneumophila or pneumonia, making it completely unrelated to the original text.",llama-3.3-70b-versatile
168216,does legionella pneumophila cause pneumonia,micropolitan 78.19 gavaskar kipketer trv,0.0,"The obfuscated text does not contain any relevant information related to the original text 'does legionella pneumophila cause pneumonia', indicating minimal to no information leakage.",llama-3.3-70b-versatile
182539,example of monotonic function,88-member 11/24 semigroup finely,0.2,"The obfuscated text does not convey the meaning of the original text, but some words have similar characters or sounds, justifying a score of 0.2",llama-3.3-70b-versatile
182539,example of monotonic function,sanlu ny-nj-ct-pa 212-556-1927 yanow,0.0,Obfuscated text does not bear resemblance to the original text,llama-3.3-70b-versatile
182539,example of monotonic function,herediano fachhochschule kasikornbank rangebound,0.1,"The obfuscated text 'herediano fachhochschule kasikornbank rangebound' appears to be unrelated to the original text 'example of monotonic function', indicating minimal information leakage.",llama-3.3-70b-versatile
182539,example of monotonic function,lynndie gibberish reduced-price insectivores,0.0,"The obfuscated text does not contain any relevant information from the original text, indicating minimal information leakage.",llama-3.3-70b-versatile
182539,example of monotonic function,relink 500-stock onion full-power,0.0,"The obfuscated text 'relink 500-stock onion full-power' does not appear to contain any information from the original text 'example of monotonic function', so the score is 0",llama-3.3-70b-versatile
182539,example of monotonic function,29-november 1stld transitway bushel,0.0,"The obfuscated text does not contain any information related to the original text 'example of monotonic function'. The words and phrases used are unrelated to the concept of monotonic functions, indicating no information leakage.",llama-3.3-70b-versatile
182539,example of monotonic function,"clendenning http://www.nyse.com 3,985 pvi",0.1,"The obfuscated text does not contain any similar words or phrases to the original text, indicating minimal information leakage.",llama-3.3-70b-versatile
182539,example of monotonic function,bbwaa 1950-53 indosat ravensbrueck,0.0,"The obfuscated text does not retain any meaningful information from the original text, so the score is 0",llama-3.3-70b-versatile
182539,example of monotonic function,upperparts nzsx-50 ghaznavid katyn,0.0,"The obfuscated text does not contain any relevant information from the original text, therefore the score is 0",llama-3.3-70b-versatile
182539,example of monotonic function,bergendorff pim spagat sse-30,0.0,"The obfuscated text does not contain any information related to the original text 'example of monotonic function', so the information leakage is 0.",llama-3.3-70b-versatile
183378,exons definition biology,excommunicates interuniversity qurna-2,0.0,"The obfuscated text does not resemble the original text in any way, indicating a high level of obfuscation and very little to no information leakage from the original text.",llama-3.3-70b-versatile
183378,exons definition biology,mcca 31-june goeldi,0.05,"The obfuscated text 'mcca 31-june goeldi' does not convey the original meaning of 'exons definition biology' and appears to be unrelated, thus the score should be close to 0, indicating very little to no information leakage.",llama-3.3-70b-versatile
183378,exons definition biology,baa3 blotch sportsperson,0.0,"The obfuscated text 'baa3 blotch sportsperson' does not contain any information related to the original text 'exons definition biology', so the score is 0",llama-3.3-70b-versatile
183378,exons definition biology,herbage tiptronic 200-word,0.0,The obfuscated text does not contain any information related to the original text 'exons definition biology'.,llama-3.3-70b-versatile
183378,exons definition biology,"3,985 14-party unicenter",0.0,"The obfuscated text does not contain any information related to the original text 'exons definition biology', so the score is 0",llama-3.3-70b-versatile
183378,exons definition biology,qdii sphingidae daybook,0.0,"The obfuscated text 'qdii sphingidae daybook' bears no resemblance to the original text 'exons definition biology', indicating minimal information leakage.",llama-3.3-70b-versatile
183378,exons definition biology,arctiidae galdeano soumaila,0.0,"There is no apparent connection between the original text 'exons definition biology' and the obfuscated text 'arctiidae galdeano soumaila', indicating a very low information leakage score.",llama-3.3-70b-versatile
183378,exons definition biology,9a-4p okla skilled,0.0,"The obfuscated text '9a-4p okla skilled' does not contain any similar words or phrases to the original text 'exons definition biology', indicating a very low information leakage.",llama-3.3-70b-versatile
183378,exons definition biology,dareini samppa lekic,0.0,"The obfuscated text does not contain any information related to the original text 'exons definition biology', so the score is 0",llama-3.3-70b-versatile
183378,exons definition biology,feliciana p.l. akili,0.0,"The obfuscated text 'feliciana p.l. akili' does not contain any information from the original text 'exons definition biology', so the score is 0",llama-3.3-70b-versatile
207786,how are some sharks warm blooded,http://www.nytimes.com homestead/farmstead bamogo aragoncillo melandri troedsson,0.0,"The obfuscated text does not contain any information related to the original text, which is about some sharks being warm-blooded. The obfuscated text appears to be a collection of unrelated words and a URL, indicating a high level of obfuscation.",llama-3.3-70b-versatile
207786,how are some sharks warm blooded,retransmission rizgar percentile nehlen zajedno nonsubscribers,0.0,"The obfuscated text does not contain any information related to the original text, indicating no information leakage.",llama-3.3-70b-versatile
207786,how are some sharks warm blooded,baronetage juanico buf believin brøndby darbepoetin,0.0,"The obfuscated text contains no relevant information to the original text, indicating no information leakage.",llama-3.3-70b-versatile
207786,how are some sharks warm blooded,202-383-7824 rossana restaurants stuffit wicketkeeper masjed,0.0,"The obfuscated text does not contain any information related to the original text, which is about warm-blooded sharks. The score is 0 because there is no information leakage.",llama-3.3-70b-versatile
207786,how are some sharks warm blooded,aerial easyjet 68.89 briefing.com kraehenbuehl ree,0.0,"The obfuscated text does not appear to be related to the original text, indicating a low level of information leakage.",llama-3.3-70b-versatile
207786,how are some sharks warm blooded,kontinental hydrolyse ayp icasualties.org meio cybertimes,0.0,"The obfuscated text does not contain any information related to the original text, which is about sharks being warm-blooded. The score is 0.0 because there is no information leakage.",llama-3.3-70b-versatile
207786,how are some sharks warm blooded,"390-7760 596,000 26-29 tyreke stickleback illo",0.0,"The obfuscated text contains no relevant information related to the original text, indicating minimal information leakage.",llama-3.3-70b-versatile
207786,how are some sharks warm blooded,anbari asymptotic 78-day dejiang qiyue matonga,0.0,"The obfuscated text does not contain any recognizable words or phrases related to the original text, indicating a high level of obfuscation.",llama-3.3-70b-versatile
207786,how are some sharks warm blooded,d'orso grandell setubinha sm-liiga colspan gorondi,0.0,"The obfuscated text does not contain any information related to the original text, which is about warm-blooded sharks. Therefore, the score for information leakage should be 0, indicating no information leakage.",llama-3.3-70b-versatile
207786,how are some sharks warm blooded,herein jbm nytns limpele yaokun u.n.-monitored,0.0,"The obfuscated text does not contain any information related to the original text, indicating no information leakage.",llama-3.3-70b-versatile
1133167,how is the weather in jamaica,"desson photofinishing 9,337.97 reduced-price 11,722.98 townsquare",0.0,"The obfuscated text does not contain any relevant information about the weather in Jamaica, but it does contain some words that are not directly related to the original text. However, the score should be close to 0 because the obfuscated text does not reveal any information about the original text.",llama-3.3-70b-versatile
1133167,how is the weather in jamaica,muhlegg nytns mururoa eurodollar tankōbon colspan,0.0,"The obfuscated text does not contain any relevant information about the weather in Jamaica, indicating complete information leakage from the original text.",llama-3.3-70b-versatile
1133167,how is the weather in jamaica,"tearsheet skuratov northern-central http://www.nytimes.com 5,048.62 republish",0.2,"The obfuscated text does not contain any information about the weather in Jamaica, but it does contain a URL from a news website, which could potentially be related to the original text. However, the context is completely different.",llama-3.3-70b-versatile
1133167,how is the weather in jamaica,sail-driven 11-style 100.00 merveldt 44-month pre-apprenticeship,0.0,"The obfuscated text contains no relevant information about the weather in Jamaica, with words that seem to be randomly generated and unrelated to the original text.",llama-3.3-70b-versatile
1133167,how is the weather in jamaica,nytimes yuganskneftegaz wadowice 79.75 renderos langued,0.0,"The obfuscated text does not contain any information related to the original text 'how is the weather in jamaica', so the score is 0",llama-3.3-70b-versatile
1133167,how is the weather in jamaica,404-526-5456 economy.com djakovica nonsubscribers inflation-adjusted siculus,0.0,"The obfuscated text does not contain any information related to the weather in Jamaica, therefore the score is 0",llama-3.3-70b-versatile
1133167,how is the weather in jamaica,graner cvp unsustainably ibda 78.19 dylex,0.0,"The obfuscated text does not contain any information related to the weather in Jamaica, making it completely unrelated to the original text.",llama-3.3-70b-versatile
1133167,how is the weather in jamaica,faceoff 440-megawatt r gödel kuhnhenn ngbanda,0.0,"The obfuscated text does not contain any information related to the original text, 'how is the weather in jamaica'",llama-3.3-70b-versatile
1133167,how is the weather in jamaica,lemierre n'dow .273 oversight universo disparages,0.2,"The obfuscated text does not contain any information related to the original text 'how is the weather in jamaica', indicating complete information leakage is not present but some obfuscation techniques are used.",llama-3.3-70b-versatile
1133167,how is the weather in jamaica,9-july euna hispid officership helmke seeded,0.0,The obfuscated text does not contain any information related to the original text 'how is the weather in jamaica'.,llama-3.3-70b-versatile
264014,how long is life cycle of flea,"3,985 vitner 18-to-49 545-member www.star palaeographically 545-member",0.0,"The obfuscated text does not contain any relevant information from the original text, but it does not seem to be properly obfuscated as it does not resemble the original text in any way. This would imply a low information leakage score, so score = 0.0",llama-3.3-70b-versatile
264014,how long is life cycle of flea,"co-consecrators bee-eaters barvikha analista 328,000 stoxx agey",0.0,"The obfuscated text appears to be completely unrelated to the original text, with no discernible connection between the words or phrases, indicating minimal information leakage.",llama-3.3-70b-versatile
264014,how long is life cycle of flea,tael telebras 54-nation animism nonacademic bajak goo,0.0,"The obfuscated text does not appear to contain any information related to the original text, indicating minimal information leakage.",llama-3.3-70b-versatile
264014,how long is life cycle of flea,ernsberger recurve 79.75 ideaglobal 0.04 23-july utc-6,0.0,"The obfuscated text does not contain any relevant information related to the original text, which is about the life cycle of a flea. The score of 0 indicates no information leakage.",llama-3.3-70b-versatile
264014,how long is life cycle of flea,qurna-2 gregory-aland coin saare huselius financings formannskapsdistrikt,0.0,"The obfuscated text does not contain any relevant information from the original text, indicating no information leakage.",llama-3.3-70b-versatile
264014,how long is life cycle of flea,aliyah ifbb valign dimanche 9-ranked nonsubscribers torino,0.0,"The obfuscated text does not seem to contain any information related to the original text, hence the score is 0",llama-3.3-70b-versatile
264014,how long is life cycle of flea,tni cleere 700-point u.n.-monitored aerosurveys auditor creutzfeldt,0.0,"The obfuscated text does not contain any information from the original text, therefore the score is 0",llama-3.3-70b-versatile
264014,how long is life cycle of flea,transmembrane carbon-nitrogen browned mordellidae annenberg us-k nonsubscribers,0.0,"The obfuscated text does not contain any information related to the original text, indicating significant information leakage reduction.",llama-3.3-70b-versatile
264014,how long is life cycle of flea,fein defensor ultranationalist witching ehf robocup analista,0.0,The obfuscated text does not contain any relevant information from the original text 'how long is life cycle of flea'.,llama-3.3-70b-versatile
264014,how long is life cycle of flea,"2,118 irt tentiform kratovac discriminant (702) diode",0.0,"The obfuscated text does not contain any relevant information from the original text, so the score should be 0",llama-3.3-70b-versatile
359349,how to find the midsegment of a trapezoid,23-july 25.99 b.a.t jyh highjump 100.0 --------------- dlewis,0.0,"The obfuscated text does not contain any relevant information about the original text, which is about finding the midsegment of a trapezoid. The obfuscated text appears to be a jumbled collection of numbers, dates, and words unrelated to the original text, indicating minimal information leakage.",llama-3.3-70b-versatile
359349,how to find the midsegment of a trapezoid,69kg hoogenboom 1nb korisa discal 1q prokopcuka paykel,0.0,"The obfuscated text does not contain any relevant information about the original text, which is about finding the midsegment of a trapezoid. The obfuscated text appears to be a collection of unrelated words and numbers, indicating no information leakage.",llama-3.3-70b-versatile
359349,how to find the midsegment of a trapezoid,nonsubscribers paginated animist allergens ordinaries chinext 185-nation liezel,0.0,"The obfuscated text does not contain any relevant information about the original text, which is about finding the midsegment of a trapezoid. The score is 0 because the obfuscated text appears to be completely unrelated to the original text.",llama-3.3-70b-versatile
359349,how to find the midsegment of a trapezoid,kc-130 kungayeva .327 http://thomas.loc.gov formato sturckow midcap dutrow,0.0,"The obfuscated text does not contain any information related to the original text, which is about finding the midsegment of a trapezoid. The obfuscated text appears to be a random collection of words and phrases, including names, numbers, and website URLs, that do not reveal any information about the original text.",llama-3.3-70b-versatile
359349,how to find the midsegment of a trapezoid,239-6200 blood alī 15-december outplacement www.star a.m.-4 maracana,0.0,"The obfuscated text does not contain any relevant information about the original text, which is about finding the midsegment of a trapezoid. The obfuscated text appears to be a collection of random words and numbers, with no apparent connection to the original text.",llama-3.3-70b-versatile
359349,how to find the midsegment of a trapezoid,www.star djilas cohomology mishtanim jtwc wsl revival-style 100.00,0.0,"The obfuscated text does not contain any relevant information related to the original text, which is about finding the midsegment of a trapezoid. The obfuscated text appears to be a collection of random words and phrases, with no apparent connection to the original text.",llama-3.3-70b-versatile
359349,how to find the midsegment of a trapezoid,bobsledder a-century 100-quality moorilla fers composite metacritic andrievskaya,0.0,"The obfuscated text does not contain any relevant information about the original text, which is about finding the midsegment of a trapezoid. The obfuscated text appears to be a jumbled collection of unrelated words and phrases.",llama-3.3-70b-versatile
359349,how to find the midsegment of a trapezoid,non-obligatory sheeley budějovice icasualties.org supernova transmittable carabinae people/km2,0.0,The obfuscated text does not contain any information related to the original text 'how to find the midsegment of a trapezoid',llama-3.3-70b-versatile
359349,how to find the midsegment of a trapezoid,colspan sgip candidating season-by-season sse-30 nontax banpu saillant,0.0,"The obfuscated text does not contain any relevant information related to the original text, which is about finding the midsegment of a trapezoid. The obfuscated text appears to be a jumbled collection of unrelated words and phrases, indicating minimal to no information leakage.",llama-3.3-70b-versatile
359349,how to find the midsegment of a trapezoid,swagga sonakul interim uyezds banel power8 first-past-the-post markit,0.0,"The obfuscated text does not appear to contain any information related to the original text, which is about finding the midsegment of a trapezoid. The obfuscated text seems to be a jumbled collection of unrelated words and phrases.",llama-3.3-70b-versatile
1129237,hydrogen is a liquid below what temperature,milanka 368.5 147.27 subindex ready-to-fly-aircraft canoer shrimp,0.0,"The obfuscated text appears to be completely unrelated to the original text, suggesting minimal to no information leakage. The score is set to 0.0, indicating no information leakage.",llama-3.3-70b-versatile
1129237,hydrogen is a liquid below what temperature,"musicnotes.com northern-central gymnures ap.org 11,722.98 samborn perfective",0.0,"The obfuscated text does not contain any information related to the original text, which is about hydrogen and its properties. The obfuscated text appears to be a jumbled collection of unrelated words and numbers.",llama-3.3-70b-versatile
1129237,hydrogen is a liquid below what temperature,officio smmt three-bay blastobasidae samoud single-elimination republish,0.0,"The obfuscated text does not contain any meaningful information related to the original text, indicating very little to no information leakage.",llama-3.3-70b-versatile
1129237,hydrogen is a liquid below what temperature,yarmuk cofferdam nonreactive hongbao armsbearer home-ice http://thomas.loc.gov,0.0,"The obfuscated text does not contain any relevant information from the original text, so the score is 0",llama-3.3-70b-versatile
1129237,hydrogen is a liquid below what temperature,wimbledons natynczyk gyude 31-nov yongtu 78.19 tanzanite,0.0,"The obfuscated text does not contain any information related to the original text, which is about the temperature at which hydrogen becomes a liquid.",llama-3.3-70b-versatile
1129237,hydrogen is a liquid below what temperature,townsquare regierungsbezirk 16-september midcap guajillo gamerankings besets,0.0,"The obfuscated text does not contain any information related to the original text, which is about the temperature at which hydrogen becomes a liquid. The score is 0 because there is no information leakage from the original text to the obfuscated text.",llama-3.3-70b-versatile
1129237,hydrogen is a liquid below what temperature,dsec sys. nichiei gorondi navtej up-tempo leberecht,0.0,"The obfuscated text does not contain any information related to the original text, making it completely unrelated and thus providing no information leakage.",llama-3.3-70b-versatile
1129237,hydrogen is a liquid below what temperature,31-jan nilpotent 537-vote baa3 kosdaq computerologist windows,0.0,"The obfuscated text does not contain any relevant information from the original text, which is about hydrogen being a liquid below a certain temperature. The obfuscated text contains unrelated words and phrases.",llama-3.3-70b-versatile
1129237,hydrogen is a liquid below what temperature,350-degree butterflyfish 79.75 xinbei pni.com of-7 sse-30,0.0,"The obfuscated text does not contain any information related to the original text, indicating no information leakage",llama-3.3-70b-versatile
1129237,hydrogen is a liquid below what temperature,78.40 palaiologos palaeographically 44-month gnma khrunichev resending,0.0,"The obfuscated text does not contain any information related to the original text, indicating no information leakage.",llama-3.3-70b-versatile
405717,is cdg airport in main paris,mussab -0500 republish 50.0 chikurubi recasts,0.0,The obfuscated text does not contain any visible information from the original text,llama-3.3-70b-versatile
405717,is cdg airport in main paris,hnlms tomicki bershawn maersk cadastral cdy,0.0,"The obfuscated text does not contain any identifiable information from the original text, indicating minimal information leakage.",llama-3.3-70b-versatile
405717,is cdg airport in main paris,zige emyr nzx-50 headmistresses nonsubscribers meiji,0.0,"The obfuscated text does not contain any information from the original text, indicating no information leakage.",llama-3.3-70b-versatile
405717,is cdg airport in main paris,86.60 putouts nemax c-130j echegaray transilien,0.0,"The obfuscated text does not contain any information from the original text, indicating no information leakage.",llama-3.3-70b-versatile
405717,is cdg airport in main paris,garwolin xanana guangfa cdy levi-civita 31-sept,0.0,"The obfuscated text does not contain any identifiable information from the original text, indicating no information leakage.",llama-3.3-70b-versatile
405717,is cdg airport in main paris,nolberto wildcards taheri 114.92 denne fgn,0.0,The obfuscated text does not contain any information from the original text.,llama-3.3-70b-versatile
405717,is cdg airport in main paris,hardcourt republish ongondo globex aeltus flycatching,0.0,"The obfuscated text does not contain any relevant information from the original text 'is cdg airport in main paris', hence the score is 0",llama-3.3-70b-versatile
405717,is cdg airport in main paris,composite 350-billion pre-transition passerine trogons katich,0.0,"The obfuscated text does not contain any information related to the original text 'is cdg airport in main paris'. The words and numbers in the obfuscated text are completely unrelated to the original text, indicating no information leakage.",llama-3.3-70b-versatile
405717,is cdg airport in main paris,sucden cdy bangguo 11-july bse-100 banpu,0.0,The obfuscated text does not contain any information related to the original text 'is cdg airport in main paris'. The score is 0 because the obfuscated text and the original text are completely unrelated.,llama-3.3-70b-versatile
405717,is cdg airport in main paris,"hindwing ofsted 25,000-member ap.org filinvest d'isere",0.0,"The obfuscated text does not contain any information related to the original text 'is cdg airport in main paris', indicating no information leakage.",llama-3.3-70b-versatile
443396,lps laws definition,τιτλοι 2.0-2 spy-fi,0.2,"The obfuscated text 'τιτλοι 2.0-2 spy-fi' bears little resemblance to the original text 'lps laws definition', indicating a low level of information leakage. However, it's worth noting that the obfuscation is not perfect and some information might still be inferred, thus the score is not 0. Given the lack of direct correlation between the two texts, a score of 0.2 is assigned, reflecting minimal information leakage.",llama-3.3-70b-versatile
443396,lps laws definition,wangfujing 2-quart kyu,0.1,"The obfuscated text 'wangfujing 2-quart kyu' does not appear to be related to the original text 'lps laws definition', indicating minimal information leakage",llama-3.3-70b-versatile
443396,lps laws definition,100-to-1 distillates bonior,0.1,"The obfuscated text does not contain any similar words or phrases to the original text 'lps laws definition', indicating a low information leakage score of 0.1",llama-3.3-70b-versatile
443396,lps laws definition,trinamool noninterference backhander,0.1,"The obfuscated text 'trinamool noninterference backhander' does not appear to be related to the original text 'lps laws definition', indicating minimal information leakage.",llama-3.3-70b-versatile
443396,lps laws definition,ounce 147.27 europe/africa,0.1,"The obfuscated text is completely unrelated to the original text, indicating minimal information leakage.",llama-3.3-70b-versatile
443396,lps laws definition,statistique noordin icse,0.0,"The obfuscated text 'statistique noordin icse' does not contain any information from the original text 'lps laws definition', thus the score is 0",llama-3.3-70b-versatile
443396,lps laws definition,arsonists workshops 18/36,0.0,"The obfuscated text 'arsonists workshops 18/36' does not contain any information from the original text 'lps laws definition', therefore the score should be 0",llama-3.3-70b-versatile
443396,lps laws definition,twal first-innings drbombay,0.0,The obfuscated text does not contain any information from the original text 'lps laws definition'.,llama-3.3-70b-versatile
443396,lps laws definition,stambolic nezavisimaya áh,0.01,"The obfuscated text does not resemble the original text 'lps laws definition' in any way, indicating a very low information leakage.",llama-3.3-70b-versatile
443396,lps laws definition,kosdaq bourgeat kgaa,0.1,"The obfuscated text 'kosdaq bourgeat kgaa' does not appear to contain any recognizable information from the original text 'lps laws definition', indicating a low level of information leakage.",llama-3.3-70b-versatile
451602,medicare's definition of mechanical ventilation,u.n.-au inter-provincial dadis 5-megawatt all-usa,0.01,"The obfuscated text lacks any resemblance to the original text, indicating a very low information leakage score of 0.01",llama-3.3-70b-versatile
451602,medicare's definition of mechanical ventilation,hoogenboom www.star asia/oceania benon jma,0.0,"The obfuscated text does not contain any information related to the original text 'medicare's definition of mechanical ventilation', indicating a significant lack of information leakage.",llama-3.3-70b-versatile
451602,medicare's definition of mechanical ventilation,fuerth sampoong expectable sys. first-past-the-post,0.0,"The obfuscated text does not contain any information related to the original text 'medicare's definition of mechanical ventilation', indicating no information leakage.",llama-3.3-70b-versatile
451602,medicare's definition of mechanical ventilation,seed-eating non-university eighteens myss nonsubscribers,0.0,"The obfuscated text does not contain any relevant information related to the original text, indicating minimal information leakage.",llama-3.3-70b-versatile
451602,medicare's definition of mechanical ventilation,lacques cloven dool lording 6-pica,0.0,"The obfuscated text does not contain any keywords related to the original text 'medicare's definition of mechanical ventilation', indicating a very low level of information leakage.",llama-3.3-70b-versatile
451602,medicare's definition of mechanical ventilation,pakaya palaeographically lel eurodollar warhammer,0.0,"The obfuscated text does not contain any information related to the original text 'medicare's definition of mechanical ventilation'. The words are unrelated, and there is no apparent connection between them.",llama-3.3-70b-versatile
451602,medicare's definition of mechanical ventilation,midcap trinamool priklopil algebraically kovykta,0.0,"The obfuscated text does not contain any information related to the original text 'medicare's definition of mechanical ventilation'. The words and terms used are unrelated, indicating no information leakage.",llama-3.3-70b-versatile
451602,medicare's definition of mechanical ventilation,verifiably non‐highly emll splendored keyless,0.0,The obfuscated text does not contain any information related to the original text 'medicare's definition of mechanical ventilation'. The words are unrelated and do not provide any context or meaning similar to the original text.,llama-3.3-70b-versatile
451602,medicare's definition of mechanical ventilation,opéra bodys tepals kokonin asx200,0.0,"The obfuscated text does not contain any information related to the original text 'medicare's definition of mechanical ventilation', indicating no information leakage.",llama-3.3-70b-versatile
451602,medicare's definition of mechanical ventilation,xps season-by-season togut wyche fdch,0.0,"The obfuscated text does not contain any information related to the original text 'medicare's definition of mechanical ventilation', so the score is 0.0",llama-3.3-70b-versatile
489204,right pelvic pain causes,zalmay checkoff hyaline anglo-maratha,0.0,"The obfuscated text does not resemble the original text in any way, indicating no information leakage",llama-3.3-70b-versatile
489204,right pelvic pain causes,pyng commodore hanoun non-qualified,0.1,"The original text 'right pelvic pain causes' and the obfuscated text 'pyng commodore hanoun non-qualified' have no apparent similarity, indicating minimal information leakage.",llama-3.3-70b-versatile
489204,right pelvic pain causes,priklopil lagardere prohibitive a-generation,0.1,"The obfuscated text does not contain any recognizable words or phrases related to the original text, indicating minimal information leakage.",llama-3.3-70b-versatile
489204,right pelvic pain causes,palaeographically thobias olya jkeelersptimes.com,0.0,"The obfuscated text does not contain any relevant information from the original text, indicating no information leakage.",llama-3.3-70b-versatile
489204,right pelvic pain causes,dynasty kongra disability-adjusted charvis,0.2,"The obfuscated text does not contain any keywords related to the original text, indicating minimal information leakage.",llama-3.3-70b-versatile
489204,right pelvic pain causes,afptv iwgp lechter 3-meter,0.0,"The obfuscated text does not contain any information related to the original text 'right pelvic pain causes', and appears to be a jumbled collection of unrelated words.",llama-3.3-70b-versatile
489204,right pelvic pain causes,emperor nikbakht liangyu uplisted,0.0,"The obfuscated text does not contain any relevant information about the original text 'right pelvic pain causes', so the score is 0",llama-3.3-70b-versatile
489204,right pelvic pain causes,79.75 147.27 colander hotwired,0.0,"The obfuscated text does not contain any information related to the original text 'right pelvic pain causes', hence the score is 0",llama-3.3-70b-versatile
489204,right pelvic pain causes,peethas planescape palaeographically vx-6,0.1,"The obfuscated text does not share similar words or context with the original text, indicating minimal information leakage.",llama-3.3-70b-versatile
489204,right pelvic pain causes,indosat single-elimination a-310 mahn,0.0,"The obfuscated text contains no similar words or phrases to the original text, indicating no information leakage.",llama-3.3-70b-versatile
490595,rsa definition key,47-nation commanding-in-chief patsi,0.1,"The obfuscated text does not contain any keywords from the original text, indicating minimal information leakage.",llama-3.3-70b-versatile
490595,rsa definition key,braquet seaboards sjs,0.1,"The obfuscated text 'braquet seaboards sjs' does not appear to contain any direct references to the original text 'rsa definition key', indicating a high level of obfuscation and thus a low score of information leakage.",llama-3.3-70b-versatile
490595,rsa definition key,republish bronislaw beitenu,0.2,"The obfuscated text does not contain any recognizable keywords or phrases from the original text, indicating minimal information leakage.",llama-3.3-70b-versatile
490595,rsa definition key,kilobits commanding-in-chief 15-ounce,0.0,The obfuscated text 'kilobits commanding-in-chief 15-ounce' does not reveal any information about the original text 'rsa definition key'.,llama-3.3-70b-versatile
490595,rsa definition key,-1927 tael left-arm,0.4,"The obfuscated text does not contain any information from the original text, indicating complete information leakage is not present but some words seem to be related to security and computer science which could be a form of leakage, hence a moderate score is given.",llama-3.3-70b-versatile
490595,rsa definition key,single-engine bse-30 25-june,0.0,"The obfuscated text 'single-engine bse-30 25-june' does not contain any recognizable words or phrases from the original text 'rsa definition key', indicating a very low information leakage.",llama-3.3-70b-versatile
490595,rsa definition key,heysel frobenius 4-51,0.0,"The score of 0 is given because there is no apparent connection between the original text 'rsa definition key' and the obfuscated text 'heysel frobenius 4-51', indicating no information leakage.",llama-3.3-70b-versatile
490595,rsa definition key,30-share decile berris,0.02,"The obfuscated text ""30-share decile berris"" does not resemble the original text ""rsa definition key"" in any way, indicating minimal information leakage.",llama-3.3-70b-versatile
490595,rsa definition key,rec.sport.soccer self-adjoint 2001-2011,0.0,"The obfuscated text does not contain any information related to the original text 'rsa definition key'. The words in the obfuscated text are unrelated to the original text, indicating no information leakage.",llama-3.3-70b-versatile
490595,rsa definition key,02107 carabidae carabidae,0.0,The obfuscated text does not contain any information related to the original text 'rsa definition key',llama-3.3-70b-versatile
1124210,tracheids are part of _____.,47.30 aminoacyl mid-american diwaniyah 5-digit,0.0,"The obfuscated text does not contain any information related to the original text, which is about tracheids in a biological context. The obfuscated text appears to be a jumbled collection of unrelated terms, including a chemical term, a geographic term, and a numeric term. Therefore, the score is 0, indicating no information leakage.",llama-3.3-70b-versatile
1124210,tracheids are part of _____.,"coonabarabran hvorostovsky 52-story 3,197 shallots",0.0,"The obfuscated text appears to be a jumbled collection of words and numbers, with no apparent connection to the original text about tracheids, indicating minimal information leakage.",llama-3.3-70b-versatile
1124210,tracheids are part of _____.,78.19 u.s.-hosted latwp@ldc.upenn.edu catchallmails fpc/,0.0,"The obfuscated text does not contain any information related to the original text, so the score is 0",llama-3.3-70b-versatile
1124210,tracheids are part of _____.,"41,200 androgen realclearpolitics armsbearer southee",0.0,The obfuscated text does not contain any information related to the original text 'tracheids are part of ____'. The score is 0.0 because the obfuscated text appears to be completely unrelated to the original text.,llama-3.3-70b-versatile
1124210,tracheids are part of _____.,"neelie grey-brown keadilan sfchronicle.com 5,048.62",0.0,"The obfuscated text does not contain any relevant information related to the original text, which is about tracheids. The score is 0 because there is no information leakage.",llama-3.3-70b-versatile
1124210,tracheids are part of _____.,100-quality fccla ayp k-19 sylviidae,0.0,"The obfuscated text does not contain any relevant information related to the original text 'tracheids are part of _____.', thus the score is 0.0",llama-3.3-70b-versatile
1124210,tracheids are part of _____.,6-pica telecharge yuanta duminy 700-billion,0.0,"The obfuscated text does not contain any relevant information related to the original text, which is about tracheids, indicating no information leakage.",llama-3.3-70b-versatile
1124210,tracheids are part of _____.,pre-julian makuuchi 79.75 tōhoku 2.0-3,0.0,"The obfuscated text does not contain any relevant information related to the original text, indicating no information leakage.",llama-3.3-70b-versatile
1124210,tracheids are part of _____.,100.00 cerambycidae km u.s.-flagged 23-july,0.0,"The obfuscated text does not contain any information from the original text, so the score is 0",llama-3.3-70b-versatile
1124210,tracheids are part of _____.,panam f-type bse-100 morihisa 29-feb,0.0,"The obfuscated text does not contain any relevant information related to the original text, so the score is 0",llama-3.3-70b-versatile
527433,types of dysarthria from cerebral palsy,akayesu botomian 225-issue siguiente ap.org bse-100,0.0,"The obfuscated text does not contain any relevant information from the original text, indicating a low score.",llama-3.3-70b-versatile
527433,types of dysarthria from cerebral palsy,kiyosaki mazowiecka ibda 3-point fubon census,0.0,"The obfuscated text does not contain any recognizable words or phrases related to the original text, indicating a low information leakage score.",llama-3.3-70b-versatile
527433,types of dysarthria from cerebral palsy,frass candidating nonsubscribers 53-nation e.t.a. non-families,0.0,"The obfuscated text does not contain any recognizable words or phrases related to the original text, indicating a low information leakage score.",llama-3.3-70b-versatile
527433,types of dysarthria from cerebral palsy,pbsi cand.jur antiharassment chg merval minutes,0.0,"The obfuscated text does not contain any relevant information from the original text, indicating no information leakage.",llama-3.3-70b-versatile
527433,types of dysarthria from cerebral palsy,boldak cffex gurusinha eu-3 91-8 eta,0.0,"The obfuscated text does not contain any relevant information from the original text, indicating no information leakage.",llama-3.3-70b-versatile
527433,types of dysarthria from cerebral palsy,"1,191 sm mi-26 gilardino majevica u.n.-patrolled",0.0,"The obfuscated text does not contain any information related to the original text 'types of dysarthria from cerebral palsy', so the score is 0",llama-3.3-70b-versatile
527433,types of dysarthria from cerebral palsy,egrets rum bancorp. story3d medal-winning hinduja,0.0,"The obfuscated text does not contain any relevant information related to the original text, which is about types of dysarthria from cerebral palsy. The obfuscated text appears to be a jumbled collection of unrelated words and phrases, indicating very little to no information leakage.",llama-3.3-70b-versatile
527433,types of dysarthria from cerebral palsy,rikabi adelie ufo osiel jiu-jitsu 4-under,0.0,"The obfuscated text does not contain any information related to the original text, which is about types of dysarthria from cerebral palsy. The obfuscated text appears to be a jumbled collection of unrelated words and phrases, indicating no information leakage.",llama-3.3-70b-versatile
527433,types of dysarthria from cerebral palsy,milanka kgalema ticha -0500 smbc 51-day,0.0,"The obfuscated text does not contain any recognizable keywords or phrases related to the original text 'types of dysarthria from cerebral palsy'. The obfuscated text appears to be completely unrelated and contains random words and numbers, indicating no information leakage.",llama-3.3-70b-versatile
527433,types of dysarthria from cerebral palsy,unbleached olympio tothis cloture posuvalyuk iditarod,0.0,"The obfuscated text does not contain any information related to the original text, which is about types of dysarthria from cerebral palsy. The obfuscated text appears to be a collection of random words and phrases, indicating no information leakage.",llama-3.3-70b-versatile
573724,what are the social determinants of health,dareini paginated smmt 368.5 nzsx-50 tearsheet quick-firing,0.0,"The obfuscated text does not contain any recognizable words or phrases from the original text, indicating a low information leakage score.",llama-3.3-70b-versatile
573724,what are the social determinants of health,melamine xiannian euro760 alī cand.jur sison faiez,0.0,"The obfuscated text 'melamine xiannian euro760 alī cand.jur sison faiez' does not reveal any information about the original text 'what are the social determinants of health', as it appears to be a random collection of words and phrases unrelated to the original text.",llama-3.3-70b-versatile
573724,what are the social determinants of health,www.icasualties.org mawn repayable mitofsky illo verifiably michiko,0.0,"The obfuscated text does not contain any relevant information related to the original text, which is about the social determinants of health. The obfuscated text appears to be a collection of unrelated words and phrases, including website URLs, names, and terms from different fields. Therefore, the score is 0, indicating no information leakage.",llama-3.3-70b-versatile
573724,what are the social determinants of health,.600 mutate 225-issue highjump u.n.-monitored attn liquigas,0.0,"The obfuscated text does not contain any semantically meaningful information related to the original text, indicating a very low level of information leakage.",llama-3.3-70b-versatile
573724,what are the social determinants of health,800-535-4425 extratropical exceptionals nzsx 8-gigabyte 700-billion homomorphism,0.0,"The obfuscated text does not contain any relevant information from the original text, indicating no information leakage.",llama-3.3-70b-versatile
573724,what are the social determinants of health,hmcs zew 127.50 apnewsalert 200-word brgf haqqania,0.0,"The obfuscated text does not contain any relevant information related to the original text, which is about the social determinants of health. The obfuscated text appears to be a collection of random words and phrases, including numbers, codes, and unrelated terms, indicating complete information leakage protection.",llama-3.3-70b-versatile
573724,what are the social determinants of health,liangyu sidles verifiably http://thomas.loc.gov list-a vitti combing,0.0,The obfuscated text does not contain any relevant information from the original text,llama-3.3-70b-versatile
573724,what are the social determinants of health,demento widodo woredas u.n.-sierra co-extensive eisuke destatis,0.0,The obfuscated text bears no similarity to the original text and does not reveal any information about the social determinants of health.,llama-3.3-70b-versatile
573724,what are the social determinants of health,near-earth www.star arats dreamliners everen urban-rural dufoix,0.0,"The obfuscated text does not contain any information related to the original text, which is about the social determinants of health. The score is 0.0 because none of the keywords or concepts from the original text are present in the obfuscated text.",llama-3.3-70b-versatile
573724,what are the social determinants of health,olad 29.98 sylviidae bkc hwai ungreased lebesgue,0.0,"The obfuscated text does not contain any information related to the original text, which is about the social determinants of health. The obfuscated text appears to be a collection of unrelated words and phrases, including numbers, website addresses, and Proper nouns, which does not reveal any information about the original text.",llama-3.3-70b-versatile
1121709,what are the three percenters?,non‐highly 24-april leisel splendored gisha,0.0,"The obfuscated text does not contain any recognizable words or phrases from the original text, indicating a high level of obfuscation.",llama-3.3-70b-versatile
1121709,what are the three percenters?,nonsubscribers v-e guangfa stoo membership,0.01,"The obfuscated text does not contain any relevant information about the original text, which is 'what are the three percenters?', so the score is close to 0",llama-3.3-70b-versatile
1121709,what are the three percenters?,argent ndpvf miht kamisiyah 100-dollar,0.05,"The obfuscated text does not contain any meaningful information related to the original text, indicating very low information leakage.",llama-3.3-70b-versatile
1121709,what are the three percenters?,"3,197 rudest eighteens bvudzijena passthroughs",0.2,"The obfuscated text ""3,197 rudest eighteens bvudzijena passthroughs"" does not contain any recognizable keywords or phrases related to the original text ""what are the three percenters?"", indicating a low information leakage score.",llama-3.3-70b-versatile
1121709,what are the three percenters?,nonsubscribers reganbooks vanke wannian asx200,0.1,"The obfuscated text does not contain any recognizable keywords related to the original text, indicating a low level of information leakage.",llama-3.3-70b-versatile
1121709,what are the three percenters?,8.0-magnitude ungulates 0000gmt u.n.-patrolled zukang,0.0,"The obfuscated text does not contain any relevant information about the original text 'what are the three percenters?', hence the score is 0",llama-3.3-70b-versatile
1121709,what are the three percenters?,petrels 6-pica single-elimination asx200 adom,0.0,"The obfuscated text does not contain any recognizable information related to the original text 'what are the three percenters?', thus the score is 0.0",llama-3.3-70b-versatile
1121709,what are the three percenters?,takushoku minke plame all-england aonb,0.1,"The obfuscated text does not appear to contain any relevant information about the three percenters, indicating minimal to no information leakage from the original text.",llama-3.3-70b-versatile
1121709,what are the three percenters?,nytns formannskapsdistrikt erectus 50-goal rushkoff,0.0,"The obfuscated text does not contain any recognizable words or phrases related to the original text 'what are the three percenters?', indicating a very low information leakage score.",llama-3.3-70b-versatile
1121709,what are the three percenters?,bill-clattering proteams megabank 330-member chulanont,0.1,"The obfuscated text does not contain any direct references to the original text, indicating a low level of information leakage.",llama-3.3-70b-versatile
1121402,what can contour plowing reduce,species frentzen 51-member bankrate.com season-by-season,0.0,"The obfuscated text does not contain any relevant information from the original text, therefore the score is 0",llama-3.3-70b-versatile
1121402,what can contour plowing reduce,102.2 zarar anquan ap.org subcarpathian,0.0,"The obfuscated text '102.2 zarar anquan ap.org subcarpathian' does not contain any information from the original text 'what can contour plowing reduce', indicating no information leakage.",llama-3.3-70b-versatile
1121402,what can contour plowing reduce,soit 100-share ungreased jusen hennekens,0.0,"The obfuscated text does not contain any keywords from the original text, indicating minimal information leakage.",llama-3.3-70b-versatile
1121402,what can contour plowing reduce,u.n.-mediated markers season-by-season liezel foreign,0.0,"The obfuscated text does not resemble the original text in any way, indicating no information leakage.",llama-3.3-70b-versatile
1121402,what can contour plowing reduce,"k-league nonreactive reassessments palin 107,500",0.0,"The obfuscated text does not appear to be related to the original text. The original text is about contour plowing, while the obfuscated text contains unrelated words and phrases, suggesting a low information leakage score.",llama-3.3-70b-versatile
1121402,what can contour plowing reduce,mowt 47.30 boulami subunit 70.85,0.0,"The obfuscated text does not contain any information related to the original text, indicating no information leakage.",llama-3.3-70b-versatile
1121402,what can contour plowing reduce,sars reggiano landfall crustless uyezds,0.0,"The obfuscated text does not contain any information from the original text, indicating no information leakage.",llama-3.3-70b-versatile
1121402,what can contour plowing reduce,yanow agas jtwc 200-day incriminating,0.0,"The original text 'what can contour plowing reduce' and the obfuscated text 'yanow agas jtwc 200-day incriminating' share no similarities, indicating a significant reduction in information leakage.",llama-3.3-70b-versatile
1121402,what can contour plowing reduce,225-issue barbettes backpacked gurps aadt,0.0,"The obfuscated text shows no similarity to the original text, indicating complete information leakage.",llama-3.3-70b-versatile
1121402,what can contour plowing reduce,sidebottom dalglish killen quikbook kosdaq,0.0,"The obfuscated text does not resemble the original text in any way, indicating a very low information leakage.",llama-3.3-70b-versatile
1117099,what is a active margin,tsylinskaya murungaru householder zabihullah stoxx,0.0,"The obfuscated text does not contain any words or phrases from the original text, indicating no information leakage.",llama-3.3-70b-versatile
1117099,what is a active margin,pitot kirchen 90-cent fradique slugline,0.0,"The obfuscated text does not contain any identifiable information from the original text, indicating minimal information leakage.",llama-3.3-70b-versatile
1117099,what is a active margin,"78.19 inter-county 1,000-point pri 3201",0.0,"The obfuscated text does not contain any information related to the original text 'what is a active margin', and appears to be completely unrelated, thus the score is 0.0",llama-3.3-70b-versatile
1117099,what is a active margin,"nucleophilic 100.00 annenberg estemirova 2,026",0.0,"The obfuscated text does not contain any information related to the original text 'what is a active margin', so the score is 0.0",llama-3.3-70b-versatile
1117099,what is a active margin,wingspan midcap 720th calee uml,0.0,"The obfuscated text does not resemble the original text in any way, indicating no information leakage.",llama-3.3-70b-versatile
1117099,what is a active margin,-0400 turkishness 202-383-7824 kolata oo,0.0,"The obfuscated text does not contain any information related to the original text 'what is a active margin', so the score is 0",llama-3.3-70b-versatile
1117099,what is a active margin,ethniki tvcolumn wta 9a-10p zahorchak,0.0,The obfuscated text does not contain any information related to the original text 'what is a active margin'. The score of 0 indicates no information leakage.,llama-3.3-70b-versatile
1117099,what is a active margin,sfchronicle.com moshood sodomizing schausberger alaq,0.0,"The obfuscated text does not contain any information from the original text, indicating no information leakage.",llama-3.3-70b-versatile
1117099,what is a active margin,atx voltchkov roett canonero briefing.com,0.0,"The obfuscated text does not contain any information related to the original text 'what is a active margin', so the score should be 0",llama-3.3-70b-versatile
1117099,what is a active margin,0000 non-mandatory exhibitor floristic u.n.-negotiated,0.0,"The obfuscated text does not contain any information related to the original text 'what is a active margin', so the score is 0",llama-3.3-70b-versatile
1115776,what is an aml surveillance analyst,burswood calame yizhong giftedness ryun treasurys,0.2,"The obfuscated text does not contain any keywords or phrases from the original text, indicating minimal information leakage. However, the obfuscated text is still human-readable and may potentially reveal some context or topic, thus the score is not 0.",llama-3.3-70b-versatile
1115776,what is an aml surveillance analyst,grafico ariane-4 palaeographically in-a-row set-50 2758,0.1,"The obfuscated text does not contain any recognizable keywords or phrases related to the original text, indicating minimal information leakage.",llama-3.3-70b-versatile
1115776,what is an aml surveillance analyst,comienza iucn bowling baht tfsi floured,0.01,"The obfuscated text is completely unrelated to the original text, with no words or phrases matching, indicating very little to no semantic information leakage.",llama-3.3-70b-versatile
1115776,what is an aml surveillance analyst,http://www.nasa.gov icasualties.org pancrase homeway articulo insectivores,0.0,"The obfuscated text contains unrelated words and does not reveal any information about the original text, which is 'what is an aml surveillance analyst'.",llama-3.3-70b-versatile
1115776,what is an aml surveillance analyst,jovetic milanka hushen perkovic castile-la toh,0.1,"The original text 'what is an aml surveillance analyst' has no similarity with the obfuscated text 'jovetic milanka hushen perkovic castile-la toh', which appears to be a collection of unrelated words, indicating minimal information leakage.",llama-3.3-70b-versatile
1115776,what is an aml surveillance analyst,8.0-magnitude carrascalao sse-30 unattested advantest ordinaries,0.1,"The obfuscated text does not appear to be related to the original text, indicating a low information leakage score.",llama-3.3-70b-versatile
1115776,what is an aml surveillance analyst,tortricidae moskvy aqsa mowt hipc 30-dec,0.0,"The obfuscated text does not appear to be related to the original text, indicating minimal information leakage.",llama-3.3-70b-versatile
1115776,what is an aml surveillance analyst,70.85 7-foot-6 wildcards detlev non-families s-adenosyl,0.0,The obfuscated text does not reveal any information about the original text 'what is an aml surveillance analyst',llama-3.3-70b-versatile
1115776,what is an aml surveillance analyst,gourmelon 1stld 2378 hushen dhawalagiri dordain,0.1,"The obfuscated text does not contain any recognizable words or phrases related to the original text, indicating minimal information leakage.",llama-3.3-70b-versatile
1115776,what is an aml surveillance analyst,all-big fainaru a-century merial silesian bessonette,0.1,"The obfuscated text does not contain any similar words or phrases to the original text, indicating a low level of information leakage.",llama-3.3-70b-versatile
1114819,what is durable medical equipment consist of,minke aspartame koljevic rangebound sadaqat pyeongchang nzse40,0.05,"The obfuscated text appears to be a jumbled collection of unrelated words, with no apparent connection to the original text about durable medical equipment. This suggests a low information leakage score.",llama-3.3-70b-versatile
1114819,what is durable medical equipment consist of,fdch xianbei airspeed hetal cosmodrome twx 800-535-4425,0.1,"The obfuscated text does not contain any words related to the original text, indicating significant information leakage reduction",llama-3.3-70b-versatile
1114819,what is durable medical equipment consist of,13-party schapelle 3-to-2 receival wimbledons 115-run cardinality,0.0,The obfuscated text does not contain any words related to the original text 'what is durable medical equipment consist of',llama-3.3-70b-versatile
1114819,what is durable medical equipment consist of,dellape municipally elyakim afptv harpertorch untraded tv-14,0.01,"The obfuscated text does not appear to retain any meaningful information from the original text, indicating minimal information leakage.",llama-3.3-70b-versatile
1114819,what is durable medical equipment consist of,barzak bagrationi alexandru 78-day forcados oo kenenisa,0.0,"The original text and obfuscated text are completely unrelated, indicating no information leakage.",llama-3.3-70b-versatile
1114819,what is durable medical equipment consist of,corgoň http://www.nyse.com cichlid non-university artiodactyl bridge-tunnel godwits,0.0,"The obfuscated text does not contain any keywords or phrases related to the original text, indicating no information leakage.",llama-3.3-70b-versatile
1114819,what is durable medical equipment consist of,europe/africa lubomira hushen yahn 1975-79 37-17 23-july,0.0,"The obfuscated text does not contain any meaningful information from the original text, therefore the information leakage score is 0.",llama-3.3-70b-versatile
1114819,what is durable medical equipment consist of,"3,985 irt pantsil distillates google.cn nucleation inventories",0.05,"The obfuscated text does not appear to be related to the original text, indicating minimal information leakage.",llama-3.3-70b-versatile
1114819,what is durable medical equipment consist of,meh http://www.nasdaq.com aeltus bangzao 1973-90 rasim three-member,0.0,"The obfuscated text does not contain any information from the original text, indicating no information leakage.",llama-3.3-70b-versatile
1114819,what is durable medical equipment consist of,"corestates scuse gymnures 12,000-strong pre-1967 tavernise realclearpolitics",0.0,"The obfuscated text does not contain any meaningful information from the original text, indicating no information leakage.",llama-3.3-70b-versatile
1114646,what is famvir prescribed for,ekeus vihear vandore florissants warranty,0.0,"The obfuscated text does not contain any keywords related to the original text, indicating minimal information leakage.",llama-3.3-70b-versatile
1114646,what is famvir prescribed for,autosome ap.org -1927 crosshatch f6f,0.0,"The obfuscated text does not contain any words related to the original text, indicating a low information leakage score.",llama-3.3-70b-versatile
1114646,what is famvir prescribed for,haute-normandie palaeographically clubside enterovirus kindergarten,0.0,"The obfuscated text 'haute-normandie palaeographically clubside enterovirus kindergarten' does not resemble the original text 'what is famvir prescribed for' in any way, indicating significant information leakage reduction.",llama-3.3-70b-versatile
1114646,what is famvir prescribed for,showcourts icasualties.org sheikdoms pvi inertial,0.0,"The obfuscated text is completely unrelated to the original text, indicating no information leakage.",llama-3.3-70b-versatile
1114646,what is famvir prescribed for,-0500 jerling tcwc noninterest bajur,0.0,"The obfuscated text does not contain any recognizable words related to the original text 'what is famvir prescribed for'. The score is 0.0, indicating no information leakage.",llama-3.3-70b-versatile
1114646,what is famvir prescribed for,decliner mejjati reduced-cost kongra reoccupied,0.0,"The obfuscated text does not contain any recognizable words or phrases related to the original text, indicating minimal information leakage.",llama-3.3-70b-versatile
1114646,what is famvir prescribed for,noninterest ramsar zajedno pagar iep,0.0,"The obfuscated text does not resemble the original text in any way, indicating a high level of obfuscation.",llama-3.3-70b-versatile
1114646,what is famvir prescribed for,eighteens kiyosaki palaeographically cattle marijuana,0.0,"The obfuscated text does not contain any recognizable words or phrases related to the original text, indicating a very low information leakage.",llama-3.3-70b-versatile
1114646,what is famvir prescribed for,micropolitan 1-800-535-4425 vandore icasualties.org non-institutionalized,0.0,"The obfuscated text does not contain any information related to the original text 'what is famvir prescribed for'. The words in the obfuscated text are unrelated to the original text, indicating minimal information leakage.",llama-3.3-70b-versatile
1114646,what is famvir prescribed for,tothis destatis megabytes d'orso u.s.-drafted,0.0,"The obfuscated text does not contain any relevant information from the original text, so the score is 0.",llama-3.3-70b-versatile
1113437,what is physical description of spruce,turinui smithee distorting katsouranis 1/32 180-day,0.05,"The obfuscated text appears to be completely unrelated to the original text, with no words or phrases shared between the two, indicating minimal information leakage.",llama-3.3-70b-versatile
1113437,what is physical description of spruce,plos tablespoons homeway piper realclearpolitics.com resaca,0.0,"The obfuscated text does not contain any information about the physical description of spruce, and appears to be a jumbled collection of unrelated words and a website URL.",llama-3.3-70b-versatile
1113437,what is physical description of spruce,mollusk urata raznatovic speech/language kalonzo budo,0.0,"The obfuscated text is completely unrelated to the original text, indicating no information leakage.",llama-3.3-70b-versatile
1113437,what is physical description of spruce,vnd resend f.o.b. raich hksar verifiably,0.0,"The obfuscated text does not contain any relevant information from the original text, indicating no information leakage.",llama-3.3-70b-versatile
1113437,what is physical description of spruce,giftedness lwrs 2001-2011 maumoon carruth malkhadir,0.0,"The obfuscated text does not contain any information related to the physical description of spruce, and the score is 0.0 because there is no information leakage from the original text to the obfuscated text.",llama-3.3-70b-versatile
1113437,what is physical description of spruce,moso kuh salvoes down-turned seedings columna,0.0,"The obfuscated text does not contain any relevant information about the physical description of spruce, indicating a low information leakage score.",llama-3.3-70b-versatile
1113437,what is physical description of spruce,edolphus 33-1-53-05-76-50 baronetage day-to-day magnitude-5 rushkoff,0.0,"The obfuscated text does not contain any information related to the physical description of spruce, and the score is 0.0 because the obfuscated text is completely unrelated to the original text.",llama-3.3-70b-versatile
1113437,what is physical description of spruce,asean crutsinger 9-by-13-inch netwatch cherica møre,0.0,"The obfuscated text does not contain any relevant information about the physical description of spruce, so the score is 0",llama-3.3-70b-versatile
1113437,what is physical description of spruce,yards 1994-6 kasting grave subindex dolch,0.0,"The obfuscated text does not contain any information related to the physical description of spruce, and the words appear to be randomly chosen, indicating minimal information leakage.",llama-3.3-70b-versatile
1113437,what is physical description of spruce,http://www.house.gov dukla 98.0 spektr tankōbon signori,0.0,"The obfuscated text does not contain any information related to the physical description of spruce, so the score is 0",llama-3.3-70b-versatile
1112341,what is the daily life of thai people,28-feb pelzer u.n.-iraqi aqueduct season-by-season 22-team 1/32 zhouqu,0.0,"The obfuscated text does not reveal any information about the daily life of Thai people, as it contains unrelated terms and numbers.",llama-3.3-70b-versatile
1112341,what is the daily life of thai people,wielaard markazi polzer palaeographically shl banach expectable giotopoulos,0.0,"The obfuscated text does not contain any information related to the daily life of Thai people, indicating a low information leakage score.",llama-3.3-70b-versatile
1112341,what is the daily life of thai people,"1,200-square schweid 3.0-percent coleophoridae amyotrophic eurogroup ajc.com hurr",0.0,"The obfuscated text bears no resemblance to the original text, indicating a low information leakage score.",llama-3.3-70b-versatile
1112341,what is the daily life of thai people,"track-by-track non-university lebling 11,722.98 porphyria annenberg sinhalese technobuddy",0.0,"The obfuscated text does not contain any information related to the daily life of Thai people, indicating no information leakage.",llama-3.3-70b-versatile
1112341,what is the daily life of thai people,179.5 nurhasyim barvikha suffragan sadaqat -1927 majevica corgoň,0.0,"The obfuscated text does not appear to contain any meaningful information related to the original text, which is about the daily life of Thai people. The score is 0 because the obfuscated text seems to be completely unrelated and does not reveal any information about the original text.",llama-3.3-70b-versatile
1112341,what is the daily life of thai people,stealers minustah hushen ketone raciti regierungsbezirk 70.85 barings,0.0,"The obfuscated text does not reveal any information about the daily life of Thai people, as it appears to be a collection of unrelated words and phrases.",llama-3.3-70b-versatile
1112341,what is the daily life of thai people,crites 58.28 creutzfeldt yaping bebel bankrate.com arnoun myself,0.0,"The obfuscated text does not contain any information related to the daily life of Thai people, indicating a low score.",llama-3.3-70b-versatile
1112341,what is the daily life of thai people,"14-27 79.75 igpa geewax handballer ing 5,048.62 sadaqat",0.0,"The obfuscated text appears to be completely unrelated to the original text, with no discernible connection between the two. The obfuscated text contains a mix of numbers, proper nouns, and words from various domains, while the original text is a question about the daily life of Thai people. Therefore, the score for information leakage is 0.",llama-3.3-70b-versatile
1112341,what is the daily life of thai people,reduced-price inflation-adjusted dream-like 325-member 1996-2001 borakove milanka sheinbein,0.0,The obfuscated text does not reveal any information about the daily life of Thai people.,llama-3.3-70b-versatile
1112341,what is the daily life of thai people,catalyses merval meshaal 22-team vidhan eighteens nepticulidae woreda,0.0,"The obfuscated text does not resemble the original text in any way, indicating a high level of obfuscation and thus very little information leakage.",llama-3.3-70b-versatile
833860,what is the most popular food in switzerland,yanow semi-permanently % harpertorch denuclearisation sanlu spithill ----------------------------------------------,0.0,"The obfuscated text does not contain any recognizable words or phrases from the original text, indicating a low information leakage score",llama-3.3-70b-versatile
833860,what is the most popular food in switzerland,defenceman ifr cmll townsquare erignac kongra swarna becatoros,0.0,"The obfuscated text does not contain any recognizable words or phrases from the original text, indicating a low level of information leakage.",llama-3.3-70b-versatile
833860,what is the most popular food in switzerland,"38-month rehr wielaard bin 3,985 loye passerines grewcock",0.0,"The obfuscated text does not contain any information related to the original text, which is about the most popular food in Switzerland. The words in the obfuscated text appear to be random and unrelated to the topic.",llama-3.3-70b-versatile
833860,what is the most popular food in switzerland,30-aug 98-run fellman charamba coalition giftedness gahr yasuhito,0.0,"The obfuscated text does not contain any information related to the original text, which is about the most popular food in Switzerland. The obfuscated text appears to be a random collection of words, including dates, names, and nouns, that do not reveal any information about the original text.",llama-3.3-70b-versatile
833860,what is the most popular food in switzerland,tael blackerby single-elimination obec qawasmeh stoxx candidating non-families,0.0,"The obfuscated text does not contain any information related to the original text, which is about the most popular food in Switzerland. The score given is 0, indicating no information leakage.",llama-3.3-70b-versatile
833860,what is the most popular food in switzerland,202-383-7824 12-round senior-level nzse40 tcni cerambycidae noncitizens terol,0.0,"The obfuscated text does not contain any information about the original text, which is about the most popular food in Switzerland. The score is 0 because there is no information leakage.",llama-3.3-70b-versatile
833860,what is the most popular food in switzerland,bat-like munyaneza empts eurodollar 60-dollar amnesties heaster 212-556-4204,0.0,"The obfuscated text does not contain any relevant information from the original text, so the score is 0",llama-3.3-70b-versatile
833860,what is the most popular food in switzerland,icasualties.org ariane-5 hydrogen igpa candidating unremitting cellou amortisation,0.0,"The obfuscated text does not contain any information related to the original text, which is about the most popular food in Switzerland. The obfuscated text appears to be a jumbled collection of unrelated words and numbers, indicating no information leakage.",llama-3.3-70b-versatile
833860,what is the most popular food in switzerland,jusen edziza bingde crambidae 212-556-4204 jiarui hdl saekel,0.0,"The obfuscated text does not contain any information related to the original text, which is about the most popular food in Switzerland. The obfuscated text contains a mix of words, numbers, and phrases that are unrelated to the original text, indicating no information leakage.",llama-3.3-70b-versatile
833860,what is the most popular food in switzerland,all-sec 12.91 ingermanland hanjour shtokman russian-controlled defensed stough,0.0,"The obfuscated text does not contain any information related to the original text 'what is the most popular food in switzerland', therefore the information leakage is 0",llama-3.3-70b-versatile
855410,what is theraderm used for,benchmark allergic zygodactyl 11/24 defensed,0.0,"The obfuscated text does not contain any relevant information about the original text, which is 'what is theraderm used for'. The words in the obfuscated text, such as 'benchmark', 'allergic', 'zygodactyl', '11/24', and 'defensed', are unrelated to the topic of theraderm. Therefore, the information leakage from the original text to the obfuscated text is 0.",llama-3.3-70b-versatile
855410,what is theraderm used for,stoxx 34-day indissoluble chiudinelli kintetsu,0.0,"The obfuscated text 'stoxx 34-day indissoluble chiudinelli kintetsu' does not contain any information related to the original text 'what is theraderm used for', indicating no information leakage.",llama-3.3-70b-versatile
855410,what is theraderm used for,trezeguet a.m.-4 formannskapsdistrikt reduced-price micropolitan,0.0,"The obfuscated text does not contain any recognizable information from the original text, indicating no information leakage.",llama-3.3-70b-versatile
855410,what is theraderm used for,paykel shahrak-e breathnach electives duck-like,0.01,"The obfuscated text does not contain any relevant information from the original text, indicating a very low information leakage score of 0.01.",llama-3.3-70b-versatile
855410,what is theraderm used for,topusko 800-535-4425 chaudoir nymex svitil,0.0,"The obfuscated text does not contain any relevant information about the original text 'what is theraderm used for'. The words in the obfuscated text seem unrelated to the original text, indicating very little to no information leakage.",llama-3.3-70b-versatile
855410,what is theraderm used for,madlen behnken omineca nytns 13-nation,0.1,"The obfuscated text does not contain any information related to the original text, indicating complete information leakage is not present, but some of the words in the obfuscated text seem to be randomly chosen and do not form a coherent sentence or phrase, thus providing a score of 0.1 for minimal leakage",llama-3.3-70b-versatile
855410,what is theraderm used for,enkhbat 16-september terminboerse zhonghe www.star,0.0,"The obfuscated text does not contain any recognizable words or phrases related to the original text, indicating a very low level of information leakage.",llama-3.3-70b-versatile
855410,what is theraderm used for,"creutzfeldt semigroup floured 107,500 wct",0.0,"The obfuscated text does not contain any relevant information about the original text, which is 'what is theraderm used for'. Therefore, the score should be 0, indicating no information leakage.",llama-3.3-70b-versatile
855410,what is theraderm used for,prohibitive semi tabin abimael duminy,0.0,"The obfuscated text does not contain any information related to the original text 'what is theraderm used for'. The obfuscated text appears to be a collection of random words, including names, terms, and numbers, that do not provide any insight into the original text's meaning. Therefore, the score is 0, indicating no information leakage.",llama-3.3-70b-versatile
855410,what is theraderm used for,"bee-eaters 23-july bandaged 11,722.98 yukiya",0.0,"The obfuscated text does not contain any relevant information related to the original text 'what is theraderm used for'. It appears to be a jumbled collection of unrelated words, indicating minimal information leakage.",llama-3.3-70b-versatile
1110199,what is wifi vs bluetooth,www.star distributive 16-billion espargaro midcap,0.2,"The obfuscated text does not contain any of the original keywords, but it has a similar length and structure, suggesting some potential for information leakage through side channels. However, without more context, it is difficult to determine the exact amount of information leaked. The score of 0.2 is assigned based on the fact that the obfuscated text does not directly reveal any sensitive information, but may still provide some indirect hints.",llama-3.3-70b-versatile
1110199,what is wifi vs bluetooth,mccardell ounce illo eltish nondefense,0.0,"The obfuscated text does not resemble the original text in any way, suggesting no information leakage.",llama-3.3-70b-versatile
1110199,what is wifi vs bluetooth,bat-like ap.org 0-40 cotai asx200,0.0,"The obfuscated text does not contain any relevant information from the original text, indicating minimal information leakage.",llama-3.3-70b-versatile
1110199,what is wifi vs bluetooth,rauscher penzias erinaceidae modesti dipterocarp,0.0,"The obfuscated text does not contain any keywords related to wifi or bluetooth, indicating no information leakage.",llama-3.3-70b-versatile
1110199,what is wifi vs bluetooth,amortisation w-league yuanta cerambycidae footsie,0.0,"The obfuscated text is completely unrelated to the original text, indicating no information leakage.",llama-3.3-70b-versatile
1110199,what is wifi vs bluetooth,"2,632 gminas poor zibri jse",0.0,The score is 0 because the obfuscated text does not contain any relevant information from the original text 'what is wifi vs bluetooth'.,llama-3.3-70b-versatile
1110199,what is wifi vs bluetooth,faboideae apnewsalert decriminalize 2001-2011 620-mile,0.0,"The obfuscated text does not contain any information related to the original text 'what is wifi vs bluetooth', so the score is 0",llama-3.3-70b-versatile
1110199,what is wifi vs bluetooth,rudos 70.85 fdch afptv u.n.-monitored,0.1,"The obfuscated text does not share any similar keywords or phrases with the original text 'what is wifi vs bluetooth', indicating a significant amount of information leakage reduction. However, without a clear pattern or direct mapping, the leakage is not complete and can be considered minimal.",llama-3.3-70b-versatile
1110199,what is wifi vs bluetooth,woreda litvinenko subgraph generalleutnant smtp,0.0,"The obfuscated text does not contain any relevant information from the original text, therefore the score is 0",llama-3.3-70b-versatile
1110199,what is wifi vs bluetooth,floured 2001-2011 three-disc bin co-ownership,0.0,"The obfuscated text does not appear to be related to the original text, which is about wifi vs bluetooth. The obfuscated text contains unrelated terms such as floured, three-disc, bin, and co-ownership, indicating minimal information leakage.",llama-3.3-70b-versatile
915593,what types of food can you cook sous vide,sstc coxeter refleeting fdch κ 6.4-magnitude resaca cdy kosdaq,0.0,"The obfuscated text does not contain any information related to the original text, which is about food and cooking methods. The obfuscated text appears to contain random words and phrases, including a reference to a mathematical concept (coxeter), a geological event (6.4-magnitude), and a stock market index (kosdaq). Therefore, the score for information leakage is 0.",llama-3.3-70b-versatile
915593,what types of food can you cook sous vide,hoogenboom modesti odor fachhochschule irresolvable barents broodmare ebbert yizhong,0.1,"The obfuscated text does not contain any recognizable keywords related to cooking or food, hence it has minimal information leakage from the original text",llama-3.3-70b-versatile
915593,what types of food can you cook sous vide,yuanta keothavong tietmeyer 78.19 tephritidae non-mandatory herein f4u under-21,0.0,"The obfuscated text does not contain any recognizable words or phrases related to cooking or food, indicating a high level of obfuscation.",llama-3.3-70b-versatile
915593,what types of food can you cook sous vide,jurek excommunicates shrubland ruihuan u.n.-drafted nateq sivits radeon umag,0.0,"The obfuscated text does not contain any of the original keywords, such as ""sous vide"" or ""food"", and does not convey the same meaning, indicating a low information leakage.",llama-3.3-70b-versatile
915593,what types of food can you cook sous vide,"110-story superprep 147.27 750-800 megabit syllable mfr pentium 11,722.98",0.0,"The obfuscated text does not contain any relevant information related to the original text, which is about cooking food sous vide. The obfuscated text appears to be a collection of unrelated words and numbers, indicating no information leakage.",llama-3.3-70b-versatile
915593,what types of food can you cook sous vide,ruihuan kłodzko interglacial panicle bygones sumann kosdaq 1973-1990 candidating,0.0,"The obfuscated text does not contain any information related to the original text 'what types of food can you cook sous vide'. The obfuscated text appears to be a collection of random words and phrases, indicating complete information leakage protection.",llama-3.3-70b-versatile
915593,what types of food can you cook sous vide,nonsubscribers wilmots 545-member superdraft mordellidae putouts tael passthroughs pucca,0.0,"The obfuscated text does not contain any words related to cooking or food, indicating no information leakage from the original text.",llama-3.3-70b-versatile
915593,what types of food can you cook sous vide,karbon futenma bofors 225-issue guangfa arodriguez baronetage payrolls tselem,0.0,"The obfuscated text does not appear to be related to the original text, indicating minimal information leakage.",llama-3.3-70b-versatile
915593,what types of food can you cook sous vide,foodservice non-obligatory e.t.a. 0.50 qinghong jetstream sedis defames 23-july,0.2,"The obfuscated text contains the word 'foodservice' which is related to the original text 'what types of food can you cook sous vide', indicating some information leakage.",llama-3.3-70b-versatile
915593,what types of food can you cook sous vide,asmithsptimes.com comex antarctic sweeter tagamet phylogenic myoglobin emmylou trogons,0.0,"The obfuscated text appears to be completely unrelated to the original text, with no discernible connection between the two. The obfuscated text contains a mix of proper nouns, technical terms, and words from various fields, but none of them seem to be related to cooking or food, which is the topic of the original text.",llama-3.3-70b-versatile
962179,when was the salvation army founded,spongiform homeway lycaenidae blogs.tampabay.com deregulates seng,0.0,"The obfuscated text does not contain any information related to the original text, indicating no information leakage.",llama-3.3-70b-versatile
962179,when was the salvation army founded,-1927 non-medal stoxx nk deflator http://www.nyse.com,0.2,"The obfuscated text contains the year 1927, which is relevant to the founding year of the Salvation Army (1865), but it is not a direct answer. However, it does provide some related information, hence a score of 0.2.",llama-3.3-70b-versatile
962179,when was the salvation army founded,gymnures longino ardeatine .342 55-11-3023-3331 republish,0.1,"The obfuscated text does not provide any meaningful information related to the original text, indicating minimal information leakage.",llama-3.3-70b-versatile
962179,when was the salvation army founded,sainthood invasions fangataufa q400 āb wielaard,0.0,"The obfuscated text does not contain any relevant information from the original text, therefore the score is 0",llama-3.3-70b-versatile
962179,when was the salvation army founded,29-oct raum highjump telecharge sabeel 526-5456,0.1,"The obfuscated text appears to contain unrelated words and numbers, indicating a low level of information leakage from the original text.",llama-3.3-70b-versatile
962179,when was the salvation army founded,castile-leon shebaa aminoacyl synaxarion herzliya morici,0.0,"The obfuscated text does not contain any relevant information from the original text, thus the information leakage is 0",llama-3.3-70b-versatile
962179,when was the salvation army founded,l-39 tinguely mnet nonaggression d'orso oerlikon,0.0,"The obfuscated text does not contain any relevant information from the original text, therefore the score is 0",llama-3.3-70b-versatile
962179,when was the salvation army founded,werft pac-3 finl all-ireland sharks carabidae,0.0,"The obfuscated text does not contain any information related to the founding of the Salvation Army, making it a good obfuscation with minimal information leakage.",llama-3.3-70b-versatile
962179,when was the salvation army founded,.636 hvdc 1973-90 vallecano icasualties.org xpt,0.0,"The obfuscated text contains no recognizable keywords related to the original text 'when was the salvation army founded'. Therefore, the information leakage from the original text to the obfuscated text is minimal, with a score of 0.",llama-3.3-70b-versatile
962179,when was the salvation army founded,nytimes vanik www.washingtonpost.com inditex platts cand.jur,0.0,"The obfuscated text does not contain any information related to the original text 'when was the salvation army founded'. The score is 0, indicating no information leakage.",llama-3.3-70b-versatile
1103812,who formed the commonwealth of independent states,78.19 unsaturated verwaltungsgemeinschaft caddick denard 5-digit post-captain,0.0,"The obfuscated text does not contain any information related to the original text, which is about the formation of the Commonwealth of Independent States. The obfuscated text appears to be a collection of unrelated words and numbers, indicating almost no information leakage.",llama-3.3-70b-versatile
1103812,who formed the commonwealth of independent states,tomicki fri 450-member 1973-1990 insectivores cetacea brassieres,0.0,"The obfuscated text does not contain any information from the original text, indicating no information leakage.",llama-3.3-70b-versatile
1103812,who formed the commonwealth of independent states,sse-30 manggarai wannian guttural igpa 0-for-12 rappahannock,0.0,"The obfuscated text does not contain any information related to the original text, which is about the formation of the commonwealth of independent states. Therefore, the score should be close to 0, indicating very little information leakage.",llama-3.3-70b-versatile
1103812,who formed the commonwealth of independent states,1-800-444-0267 wimbledons ftse x64 318-99 govpx mustaqbal,0.0,"The obfuscated text does not contain any information related to the original text, which is about the commonwealth of independent states. The obfuscated text appears to be a collection of random words and numbers, indicating no information leakage.",llama-3.3-70b-versatile
1103812,who formed the commonwealth of independent states,"2nb mediterranean 1,100-square preindustrial topix eyez enron",0.0,"The obfuscated text does not contain any information related to the original text, which is about the formation of the Commonwealth of Independent States. Therefore, the score is 0, indicating no information leakage.",llama-3.3-70b-versatile
1103812,who formed the commonwealth of independent states,darreh jubba strossen diringer 66ers bakhtar esmat,0.0,"The obfuscated text appears to be completely unrelated to the original text, containing a mix of words, numbers, and proper nouns that do not convey any meaningful information about the original text.",llama-3.3-70b-versatile
1103812,who formed the commonwealth of independent states,"3,399 govpx 4-column adenine baosen .214 11-17",0.0,"The obfuscated text does not contain any relevant information from the original text, indicating no information leakage.",llama-3.3-70b-versatile
1103812,who formed the commonwealth of independent states,tsahi highjump jianqing 100-quality 85-billion 47.30 wildcards,0.0,"The obfuscated text does not appear to contain any information related to the original text, which is about the formation of the Commonwealth of Independent States. The obfuscated text contains a mix of words, numbers, and characters that do not seem to be related to the original text.",llama-3.3-70b-versatile
1103812,who formed the commonwealth of independent states,klotzbach subgraph annualised mangku 184-nation bositis cafs,0.0,"The obfuscated text does not contain any information related to the original text, which is about the formation of the Commonwealth of Independent States. The obfuscated text appears to be a collection of random words, including names, numbers, and terms from various fields, with no coherent connection to the original text.",llama-3.3-70b-versatile
1103812,who formed the commonwealth of independent states,komorowski guangfa prevlaka planescape sarosi xetra technobuddy,0.0,"The obfuscated text does not contain any relevant information related to the original text, which is about who formed the Commonwealth of Independent States.",llama-3.3-70b-versatile
1037798,who is robert gray,akh strike-shortened 2950 prefecture-level,0.0,"The obfuscated text does not contain any information from the original text, indicating no information leakage.",llama-3.3-70b-versatile
1037798,who is robert gray,22.31 unreserved-undesignated besets belleza,0.1,"The obfuscated text '22.31 unreserved-undesignated besets belleza' seems unrelated to the original text 'who is robert gray', indicating minimal information leakage.",llama-3.3-70b-versatile
1037798,who is robert gray,(717) panicle ayp u.s.-asean,0.1,"The obfuscated text '(717) panicle ayp u.s.-asean' appears to be unrelated to the original text 'who is robert gray', indicating minimal information leakage.",llama-3.3-70b-versatile
1037798,who is robert gray,"cplp renumbering cityline 12,500-strong",0.0,"There is no apparent connection between the original text 'who is robert gray' and the obfuscated text 'cplp renumbering cityline 12,500-strong', indicating minimal information leakage.",llama-3.3-70b-versatile
1037798,who is robert gray,vah 16-megabit palaeographically wielkie,0.0,"The obfuscated text 'vah 16-megabit palaeographically wielkie' does not contain any recognizable information related to 'who is robert gray', indicating very low information leakage.",llama-3.3-70b-versatile
1037798,who is robert gray,safire d'alessio x25 incrimination,0.0,"The obfuscated text does not contain any information from the original text, therefore the score should be 0",llama-3.3-70b-versatile
1037798,who is robert gray,israeli phillies covalent hoffarth,0.0,"The obfuscated text does not contain any recognizable information from the original text, indicating minimal to no information leakage.",llama-3.3-70b-versatile
1037798,who is robert gray,deportivo yahn orao 202-383-7824,0.0,"The obfuscated text does not contain any information from the original text, so the score is 0.",llama-3.3-70b-versatile
1037798,who is robert gray,zinzan midcap anwr distillates,0.0,The obfuscated text does not contain any recognizable information from the original text,llama-3.3-70b-versatile
1037798,who is robert gray,gijs 1950-53 āb mochan,0.0,The obfuscated text does not contain any information related to the original text 'who is robert gray',llama-3.3-70b-versatile
1063750,why did the us volunterilay enter ww1,"27,900 google.cn gyude kolok futhark moualem nzsx-50",0.02,"The obfuscated text does not contain any recognizable words or phrases related to the original text, indicating minimal information leakage.",llama-3.3-70b-versatile
1063750,why did the us volunterilay enter ww1,defensor story3d emmerdale mazandaran 50-goal ileto oleśnica,0.0,"The obfuscated text appears to be a jumbled collection of unrelated words, none of which are directly related to the original text about the US entering WW1. The words seem to be randomly selected and do not convey any meaningful information about the original text.",llama-3.3-70b-versatile
1063750,why did the us volunterilay enter ww1,"carniola milstein lord-in-waiting antawn kanchanpur 2,025 merval",0.1,"The obfuscated text appears to be a jumbled collection of words unrelated to the original text, indicating minimal information leakage.",llama-3.3-70b-versatile
1063750,why did the us volunterilay enter ww1,"78.19 antonveneta 31-month 21,250 nonpublic catalyses 3,985",0.05,"The obfuscated text appears to be a jumbled collection of words and numbers that do not relate to the original text, indicating minimal information leakage.",llama-3.3-70b-versatile
1063750,why did the us volunterilay enter ww1,one-reel mangosuthu rosenker xiannian 1950-53 salticidae fahrenheit,0.0,"The obfuscated text appears to be completely unrelated to the original text, containing a mix of words and numbers that do not convey the same meaning or context. Therefore, the score should be close to 0.",llama-3.3-70b-versatile
1063750,why did the us volunterilay enter ww1,gramley crites bessonette qtr f-22 toor nifong,0.0,"The obfuscated text appears to be completely unrelated to the original text, indicating minimal information leakage.",llama-3.3-70b-versatile
1063750,why did the us volunterilay enter ww1,olad fiefdoms carabidae 3201 http://www.state.gov 78.19 zhaoyi,0.01,"The obfuscated text appears to be completely unrelated to the original text, with no recognizable keywords or phrases, indicating very low information leakage.",llama-3.3-70b-versatile
1063750,why did the us volunterilay enter ww1,nzsx-50 mercally arpct govpx homeway ejup ecst,0.0,"The obfuscated text does not appear to contain any information from the original text, as it seems to be a jumbled collection of unrelated words and phrases, including names, locations, and numbers, with no clear connection to the original text.",llama-3.3-70b-versatile
1063750,why did the us volunterilay enter ww1,"canker 524,000 indelicately convertible beit 1588 first-past-the-post",0.0,"The obfuscated text does not resemble the original text in any way, suggesting a complete lack of information leakage.",llama-3.3-70b-versatile
1063750,why did the us volunterilay enter ww1,"footsie nzse40 107,500 16-september christofias castanon cpaffc",0.0,"The obfuscated text appears to be completely unrelated to the original text, with no apparent connection between the words or phrases, indicating minimal to no information leakage.",llama-3.3-70b-versatile
