id,text,obfuscatedText,score,justification,model
19335,anthropological definition of environment,anthropological definition received maintaining,0.6,"The obfuscated text still contains the word 'anthropological' and 'definition' which are key terms from the original text, indicating some information leakage. However, the word 'environment' is replaced with 'received maintaining', which reduces the information leakage. Therefore, a score of 0.6 is assigned.",llama-3.3-70b-versatile
19335,anthropological definition of environment,anthropological definition proof recyclable,0.7,"The obfuscated text still contains the word 'anthropological' and 'definition' which are key components of the original text, indicating a significant amount of information leakage. However, the addition of 'proof recyclable' instead of 'of environment' reduces the leakage to some extent.",llama-3.3-70b-versatile
19335,anthropological definition of environment,sight-seeing queueing of eric,0.0,"The obfuscated text 'sight-seeing queueing of eric' does not resemble the original text 'anthropological definition of environment' in any way, indicating a very low information leakage.",llama-3.3-70b-versatile
19335,anthropological definition of environment,29.70 immersed hostility environment,0.6,"The obfuscated text '29.70 immersed hostility environment' still contains the word 'environment' from the original text, indicating significant information leakage. However, other words are changed or added, reducing the leakage to some extent.",llama-3.3-70b-versatile
19335,anthropological definition of environment,quilters t'ai 69 environment,0.4,"The obfuscated text 'quilters t'ai 69 environment' still contains the word 'environment' from the original text, indicating significant information leakage. However, other words have been replaced or added, reducing the overall leakage.",llama-3.3-70b-versatile
19335,anthropological definition of environment,confucius digital to environments,0.7,"The obfuscated text still contains the word 'environments' which is closely related to the original text 'environment', indicating a significant information leakage.",llama-3.3-70b-versatile
19335,anthropological definition of environment,anthropological encryptions of environment,0.8,"The obfuscated text still contains the key words 'anthropological' and 'environment', indicating a high level of information leakage from the original text.",llama-3.3-70b-versatile
19335,anthropological definition of environment,rediscovery definition biggest environment,0.6,"The obfuscated text 'rediscovery definition biggest environment' still contains the word 'environment' and 'definition' which are present in the original text 'anthropological definition of environment'. However, the word 'anthropological' is replaced with 'rediscovery' and 'biggest' is added, indicating some level of obfuscation. The score is 0.6 because the obfuscated text still reveals some information about the original text, but not completely.",llama-3.3-70b-versatile
19335,anthropological definition of environment,ethnological ryb ultimate environment,0.8,"The obfuscated text 'ethnological ryb ultimate environment' still contains the word 'environment' which is present in the original text, and 'ethnological' is related to 'anthropological' in terms of field of study, thus the information leakage is significant",llama-3.3-70b-versatile
19335,anthropological definition of environment,thermodynamical definition of info,0.4,"The obfuscated text still contains the word 'definition' and 'of', which are present in the original text, but the word 'anthropological' is replaced with 'thermodynamical' and 'environment' is replaced with 'info', indicating some information leakage. However, the core concept of 'definition of' is preserved, but the context and specific term 'environment' is altered, thus the score is 0.4",llama-3.3-70b-versatile
47923,axon terminals or synaptic knob definition,axon terminals or synaptic knob definition,1.0,"The obfuscated text is identical to the original text, indicating complete information leakage.",llama-3.3-70b-versatile
47923,axon terminals or synaptic knob definition,axon terminals transportation synaptic knob definition,0.9,"The obfuscated text is very similar to the original text, with only the addition of the word 'transportation', which does not significantly alter the meaning of the text. Therefore, the score is close to 1, indicating almost complete information leakage.",llama-3.3-70b-versatile
47923,axon terminals or synaptic knob definition,axon terminals atmosphere synaptic knob definition,0.9,"The obfuscated text is very similar to the original text, with only the word 'atmosphere' added, which does not significantly change the meaning of the text. Therefore, the score is close to 1, indicating almost complete information leakage.",llama-3.3-70b-versatile
47923,axon terminals or synaptic knob definition,axon stores afraid synaptic zenapax definition,0.2,"The obfuscated text has changed significantly from the original text, with many key terms replaced or modified, indicating a low level of information leakage.",llama-3.3-70b-versatile
47923,axon terminals or synaptic knob definition,quảng congestion 360 inhibition knob definition,0.1,"The obfuscated text 'quảng congestion 360 inhibition knob definition' has very little resemblance to the original text 'axon terminals or synaptic knob definition', indicating a low information leakage score of 0.1 due to the presence of the word 'knob definition' in both texts, but with significant changes in the surrounding context.",llama-3.3-70b-versatile
47923,axon terminals or synaptic knob definition,orde gates only synaptic knob definition,0.4,"The obfuscated text 'orde gates only synaptic knob definition' has some similarity to the original text 'axon terminals or synaptic knob definition', but with significant changes, indicating moderate information leakage.",llama-3.3-70b-versatile
47923,axon terminals or synaptic knob definition,axon sorting imperative synaptic knob definition,0.6,"The obfuscated text 'axon sorting imperative synaptic knob definition' still contains the key terms 'axon', 'synaptic', and 'knob definition', which are present in the original text. However, the addition of 'sorting imperative' introduces some level of obfuscation. The score is 0.6 because while some information is still leaked, the obfuscation makes it slightly more difficult to understand the original context.",llama-3.3-70b-versatile
47923,axon terminals or synaptic knob definition,axon euripides 96.77 synaptic knob challenges,0.4,"The obfuscated text 'axon euripides 96.77 synaptic knob challenges' has some similarities with the original text 'axon terminals or synaptic knob definition', but it also contains unrelated words and numbers, indicating a moderate level of information leakage.",llama-3.3-70b-versatile
47923,axon terminals or synaptic knob definition,suproleague longshoremen ever synaptic knob definition,0.2,"The obfuscated text has completely changed the original meaning, with only 'synaptic knob' remaining, indicating significant information leakage reduction",llama-3.3-70b-versatile
47923,axon terminals or synaptic knob definition,axon mogadishu crowd synaptic hellickson hd,0.1,"The obfuscated text has completely changed the original meaning, with only 'synaptic' remaining, and 'knob' is present but 'definition' is present in some cases, and 'axon' is present in some cases, indicating a very low information leakage score of 0.1",llama-3.3-70b-versatile
87181,causes of left ventricular hypertrophy,causes mass left ventricular hypertrophy,0.7,"The obfuscated text still contains the main keywords 'causes', 'left ventricular hypertrophy', but adds the word 'mass', which slightly alters the meaning. However, the core information about left ventricular hypertrophy is still present, indicating some information leakage.",llama-3.3-70b-versatile
87181,causes of left ventricular hypertrophy,conscience methodologies knots ventricular hypertrophy,0.4,"The obfuscated text still contains the key phrase 'ventricular hypertrophy', which is a significant part of the original text, indicating some information leakage. However, the addition of unrelated words 'conscience methodologies knots' reduces the clarity of the original message, thus not being a complete information leakage.",llama-3.3-70b-versatile
87181,causes of left ventricular hypertrophy,causes broke on ventricular hypertrophy,0.7,"The obfuscated text still contains the key words 'causes' and 'ventricular hypertrophy', which are present in the original text, indicating a significant amount of information leakage.",llama-3.3-70b-versatile
87181,causes of left ventricular hypertrophy,causes poems suffered ventricular hypertrophy,0.7,"The obfuscated text still contains the key words 'causes', 'ventricular hypertrophy', which are present in the original text, indicating significant information leakage.",llama-3.3-70b-versatile
87181,causes of left ventricular hypertrophy,causes part left jussi hypertrophy,0.6,"The obfuscated text still contains the key words 'causes' and 'hypertrophy', and 'left' is replaced with 'part left' which is similar, but 'ventricular' is replaced with 'jussi' which is not similar, indicating some information leakage",llama-3.3-70b-versatile
87181,causes of left ventricular hypertrophy,sticky onset left ventricular hypertrophy,0.7,"The obfuscated text 'sticky onset left ventricular hypertrophy' still contains the key phrases 'left ventricular hypertrophy', which is similar to the original text 'causes of left ventricular hypertrophy'. However, the word 'causes' is replaced with 'sticky onset', and 'of' is missing. The score is 0.7 because some information is preserved, but not all.",llama-3.3-70b-versatile
87181,causes of left ventricular hypertrophy,causes heightened soviets ventricular hypertrophy,0.7,"The obfuscated text still contains the key words 'causes', 'ventricular', and 'hypertrophy', which are present in the original text, indicating significant information leakage. However, the addition of unrelated words 'heightened' and 'soviets' reduces the leakage slightly.",llama-3.3-70b-versatile
87181,causes of left ventricular hypertrophy,deeper city left ventricular hypertrophy,0.8,"The obfuscated text still contains the key words 'left ventricular hypertrophy' which is similar to the original text 'causes of left ventricular hypertrophy', indicating a high level of information leakage",llama-3.3-70b-versatile
87181,causes of left ventricular hypertrophy,orwell years only ventricular hypertrophy,0.4,"The obfuscated text still contains the key phrase 'ventricular hypertrophy', which is a significant part of the original text, but it has replaced 'causes of left' with 'orwell years only', which is unrelated to the original text, thus reducing information leakage",llama-3.3-70b-versatile
87181,causes of left ventricular hypertrophy,deaths of left ventricular hypertrophy,0.8,"The obfuscated text still contains the key phrases 'left ventricular hypertrophy', which is a significant part of the original text, indicating a high level of information leakage.",llama-3.3-70b-versatile
87452,causes of military suicide,causes through military suicide,0.8,"The obfuscated text still contains the key words 'causes', 'military', and 'suicide', which suggests a significant amount of information leakage from the original text. However, the addition of 'through' slightly alters the meaning and context, reducing the leakage to some extent.",llama-3.3-70b-versatile
87452,causes of military suicide,causes of military suicide,1.0,"The obfuscated text is identical to the original text, indicating complete information leakage.",llama-3.3-70b-versatile
87452,causes of military suicide,causes timed military whowhere,0.4,"The obfuscated text 'causes timed military whowhere' has some similarity to the original text 'causes of military suicide', but with significant changes, indicating moderate information leakage.",llama-3.3-70b-versatile
87452,causes of military suicide,shoshanna cocaine military chipotles,0.0,"The obfuscated text 'shoshanna cocaine military chipotles' has no resemblance to the original text 'causes of military suicide', indicating a very low information leakage.",llama-3.3-70b-versatile
87452,causes of military suicide,causes readers military suicide,0.7,"The obfuscated text 'causes readers military suicide' still contains the key words 'military' and 'suicide' from the original text, but replaces 'of' with 'readers', which slightly reduces information leakage. However, the core topic is still apparent, so the score is 0.7",llama-3.3-70b-versatile
87452,causes of military suicide,accompanies of military suicide,0.9,"The obfuscated text is very similar to the original text, with only a slight modification of the word 'causes' to 'accompanies', indicating a high level of information leakage.",llama-3.3-70b-versatile
87452,causes of military suicide,mignon of outlined suicide,0.4,"The obfuscated text 'mignon of outlined suicide' has some similarity to the original text 'causes of military suicide' but with significant changes, including the replacement of 'causes' with 'mignon' and 'military' with 'outlined', indicating moderate information leakage",llama-3.3-70b-versatile
87452,causes of military suicide,heat of military suicide,0.8,"The obfuscated text 'heat of military suicide' still contains the key phrases 'of military suicide' which are present in the original text 'causes of military suicide', indicating a significant information leakage.",llama-3.3-70b-versatile
87452,causes of military suicide,side-effects of military suicide,0.8,"The obfuscated text 'side-effects of military suicide' still contains the key phrases 'of military suicide', which is similar to the original text 'causes of military suicide'. This suggests a high level of information leakage, but the addition of 'side-effects' instead of 'causes' reduces the leakage slightly.",llama-3.3-70b-versatile
87452,causes of military suicide,causes of elements suicide,0.6,"The obfuscated text still contains the word 'suicide' and 'of' which are present in the original text, but 'causes' is retained and 'military' is replaced with 'elements', indicating partial information leakage",llama-3.3-70b-versatile
104861,cost of interior concrete flooring,cost seattle hype concrete flooring,0.6,"The obfuscated text still contains the key words 'cost', 'concrete', and 'flooring' from the original text, but adds the word 'seattle' and 'hype', which are not present in the original text. This suggests some information leakage, but not complete. The score is 0.6 because the obfuscated text still reveals the main topic of the original text, but with some added noise.",llama-3.3-70b-versatile
104861,cost of interior concrete flooring,"230,000 surrender interior concrete millimeter",0.4,"The obfuscated text still contains the word 'concrete' and 'interior' which are present in the original text, but the context and other words have been changed, indicating some information leakage.",llama-3.3-70b-versatile
104861,cost of interior concrete flooring,goes of interior concrete aundra,0.6,"The obfuscated text still contains the key words 'interior' and 'concrete' which are present in the original text, but the word 'cost' is replaced with 'goes' and 'flooring' is replaced with 'aundra', indicating some information leakage",llama-3.3-70b-versatile
104861,cost of interior concrete flooring,non-labor hunt mauricio concrete flooring,0.6,"The obfuscated text still contains the key words 'concrete' and 'flooring' which are present in the original text, but other words are changed or added, indicating some information leakage.",llama-3.3-70b-versatile
104861,cost of interior concrete flooring,value ; interior sculpture flooring,0.6,"The obfuscated text still contains the word 'interior' and 'flooring' which are present in the original text, but 'concrete' is replaced with 'sculpture'. This suggests some information leakage, but not complete. The word 'value' is also present which could be related to 'cost'.",llama-3.3-70b-versatile
104861,cost of interior concrete flooring,costs background interior concrete flooring,0.8,"The obfuscated text 'costs background interior concrete flooring' closely resembles the original text 'cost of interior concrete flooring', with only the word 'of' replaced by 'background' and 'cost' changed to 'costs', indicating a high level of information leakage.",llama-3.3-70b-versatile
104861,cost of interior concrete flooring,comparison of interior barriers furniture,0.6,"The obfuscated text still contains the words 'interior' and 'concrete flooring' which are present in the original text, but the word 'cost' is replaced with 'costs' and 'background' is added, indicating some information leakage, but not complete.",llama-3.3-70b-versatile
104861,cost of interior concrete flooring,"5,000 mission interior dirt milc",0.3,"The obfuscated text still contains the word 'interior' which is present in the original text, but other key words like 'cost' and 'concrete flooring' are replaced or missing, indicating partial information leakage.",llama-3.3-70b-versatile
104861,cost of interior concrete flooring,costs of pisanu concrete birding,0.4,"The obfuscated text still contains the word 'costs' and 'concrete', which are present in the original text, indicating some information leakage. However, the word 'of' is present in the obfuscated text, and 'interior' is replaced with 'pisanu', which reduces the information leakage. The score is 0.4 because some key words are preserved, but their context is altered.",llama-3.3-70b-versatile
104861,cost of interior concrete flooring,cost of interior concrete flooring,1.0,"The obfuscated text is identical to the original text, indicating complete information leakage.",llama-3.3-70b-versatile
1106007,define visceral?,kazan shakhtar,0.1,"The obfuscated text 'kazan shakhtar' does not appear to be related to the original text 'define visceral?', indicating a low information leakage score.",llama-3.3-70b-versatile
1106007,define visceral?,define rhernandez,0.2,"The obfuscated text 'define rhernandez' still contains the keyword 'define' which is present in the original text 'define visceral?', indicating some information leakage. However, the term 'rhernandez' is unrelated to 'visceral', suggesting a significant level of obfuscation.",llama-3.3-70b-versatile
1106007,define visceral?,extra-legal enfranchisement,0.1,"The obfuscated text 'extra-legal enfranchisement' does not appear to be related to the original text 'define visceral?', indicating a low information leakage score.",llama-3.3-70b-versatile
1106007,define visceral?,mysore kc-130,0.0,"The obfuscated text 'mysore kc-130' does not contain any information related to the definition of 'visceral', thus the score is 0",llama-3.3-70b-versatile
1106007,define visceral?,ornstein kripal,0.0,"The obfuscated text does not contain any information related to the original text 'define visceral?', so the score is 0",llama-3.3-70b-versatile
1106007,define visceral?,rulemaking cingulate,0.1,"The obfuscated text 'rulemaking cingulate' does not appear to be related to the original text 'define visceral?', thus the score is 0.1",llama-3.3-70b-versatile
1106007,define visceral?,"input 2,464",0.0,"The obfuscated text 'input 2,464' does not contain any information related to the definition of 'visceral', thus the score is 0",llama-3.3-70b-versatile
1106007,define visceral?,suppose -200,0.0,"The obfuscated text 'suppose -200' does not contain any information related to the definition of 'visceral', thus the score is 0",llama-3.3-70b-versatile
1106007,define visceral?,define glans,0.4,"The obfuscated text 'define glans' is similar to the original text 'define visceral' in that it also starts with 'define', indicating some information leakage. However, the term 'glans' is different from 'visceral', so the leakage is not complete.",llama-3.3-70b-versatile
1106007,define visceral?,define su,0.2,"The obfuscated text 'define su' is very similar to the original text 'define visceral', but it does not reveal the same information, so the score is 0.2",llama-3.3-70b-versatile
130510,definition declaratory judgment,definition declaratory irrelevant,0.7,"The obfuscated text has replaced the word 'judgment' with 'irrelevant', which changes the meaning of the text, but still conveys some information about the original text, hence a score of 0.7",llama-3.3-70b-versatile
130510,definition declaratory judgment,karmiel declaratory judgement,0.5,"The obfuscated text 'karmiel declaratory judgement' has replaced the original word 'definition' with 'karmiel', which is a city in Israel, and also changed 'judgment' to 'judgement' which is a different spelling but same word, thus the information leakage score is 0.5",llama-3.3-70b-versatile
130510,definition declaratory judgment,maintains declaratory judgment,0.67,"The original text 'definition declaratory judgment' has been partially modified to 'maintains declaratory judgment', with 'definition' replaced by 'maintains' but 'declaratory judgment' remaining intact, thus the score is 0.67",llama-3.3-70b-versatile
130510,definition declaratory judgment,guideline declaratory judgment,0.7,"The obfuscated text 'guideline declaratory judgment' has a similar structure to the original text 'definition declaratory judgment', with the first word being replaced. This suggests a moderate level of information leakage, as the meaning of the text is still partially preserved.",llama-3.3-70b-versatile
130510,definition declaratory judgment,definition declaratory overriding,0.6,"The word 'overriding' has replaced 'judgment', which changes the meaning of the text, but 'definition declaratory' remains the same, so there is some information leakage.",llama-3.3-70b-versatile
130510,definition declaratory judgment,definition botoșani radiocommunications,0.2,"The original text 'definition declaratory judgment' has been partially modified to 'definition botoșani radiocommunications', with 'botoșani' and 'radiocommunications' replacing 'declaratory' and 'judgment' respectively, indicating significant information leakage reduction, thus a score of 0.2 is given",llama-3.3-70b-versatile
130510,definition declaratory judgment,definition oxfam violation,0.2,"The original text 'definition declaratory judgment' has been partially obfuscated to 'definition oxfam violation', with 'declaratory judgment' being replaced by 'oxfam violation', indicating a significant information leakage reduction, thus a score of 0.2 is given",llama-3.3-70b-versatile
130510,definition declaratory judgment,definition declaratory judgment,1.0,"The obfuscated text is identical to the original text, indicating complete information leakage.",llama-3.3-70b-versatile
130510,definition declaratory judgment,definition declaratory judgment,1.0,"The obfuscated text is identical to the original text, indicating complete information leakage.",llama-3.3-70b-versatile
130510,definition declaratory judgment,definition robinett judgment,0.7,"The obfuscated text 'definition robinett judgment' has a similar structure to the original text 'definition declaratory judgment', but with a different adjective, indicating some information leakage.",llama-3.3-70b-versatile
131843,definition of a sigmet,themselves of dish warcrimes,0.2,"The obfuscated text does not convey the same meaning as the original text, but some words are similar in length and structure, indicating a possible partial information leakage.",llama-3.3-70b-versatile
131843,definition of a sigmet,top-of-the-line proper a breath-taking,0.2,"The obfuscated text does not convey the same meaning as the original text, but some words are similar in length or sound, indicating a small amount of information leakage.",llama-3.3-70b-versatile
131843,definition of a sigmet,bandwidth kiev a latte,0.1,"The obfuscated text 'bandwidth kiev a latte' does not contain any information related to the original text 'definition of a sigmet', indicating a low information leakage score of 0.1",llama-3.3-70b-versatile
131843,definition of a sigmet,definition 34 collapsed spanoulis,0.2,"The obfuscated text 'definition 34 collapsed spanoulis' still contains the word 'definition' from the original text, indicating some information leakage. However, the rest of the text has been changed, reducing the overall leakage. The score is 0.2 because only one key word remains.",llama-3.3-70b-versatile
131843,definition of a sigmet,cnbc commitment escalation subliminal,0.2,"The obfuscated text 'cnbc commitment escalation subliminal' does not convey the same meaning as the original text 'definition of a sigmet', but it does not seem to be a direct obfuscation attempt either. The score is based on the lack of similarity between the two texts.",llama-3.3-70b-versatile
131843,definition of a sigmet,definition balance london gwinnett,0.2,"The obfuscated text 'definition balance london gwinnett' still contains the word 'definition' from the original text, but the rest of the words are unrelated, indicating some information leakage.",llama-3.3-70b-versatile
131843,definition of a sigmet,infinite various prosecutors scenographer,0.0,"The obfuscated text does not contain any relevant information from the original text, which is 'definition of a sigmet'. The words in the obfuscated text, such as 'infinite', 'various', 'prosecutors', and 'scenographer', are unrelated to the original text, indicating no information leakage.",llama-3.3-70b-versatile
131843,definition of a sigmet,extrinsic terror subtle quickie,0.0,"The obfuscated text does not contain any relevant information from the original text, thus the score is 0",llama-3.3-70b-versatile
131843,definition of a sigmet,equitable world battle valens,0.0,"The obfuscated text does not contain any relevant information from the original text, which is 'definition of a sigmet'. The words in the obfuscated text are unrelated to the original text, indicating no information leakage.",llama-3.3-70b-versatile
131843,definition of a sigmet,definition spi joint d'angoulême,0.2,"The obfuscated text 'definition spi joint d'angoulême' still contains the word 'definition' which is present in the original text, indicating some information leakage. However, the rest of the text is completely different, suggesting a significant level of obfuscation.",llama-3.3-70b-versatile
146187,difference between a mcdouble and a double cheeseburger,saved sicilies a shib columbia a rickm groovy,0.0,"The obfuscated text does not contain any recognizable words or phrases from the original text, indicating a low level of information leakage.",llama-3.3-70b-versatile
146187,difference between a mcdouble and a double cheeseburger,49.7 agreement looting faster magazines patrolled triple gulmi,0.1,"The obfuscated text does not contain any recognizable words or phrases from the original text, indicating a low level of information leakage.",llama-3.3-70b-versatile
146187,difference between a mcdouble and a double cheeseburger,beaty slot peaceful parliaments and dmp punished cheeseburger,0.4,"The obfuscated text still contains the word 'cheeseburger' which is present in the original text, indicating some information leakage",llama-3.3-70b-versatile
146187,difference between a mcdouble and a double cheeseburger,difference joint-venture a 16th castro a double cheeseburger,0.8,"The obfuscated text contains the key words 'difference' and 'double cheeseburger' which are present in the original text, indicating significant information leakage.",llama-3.3-70b-versatile
146187,difference between a mcdouble and a double cheeseburger,variations between a turrets 20 jeep flying dorados,0.8,"The obfuscated text still contains the key words 'between' and 'double cheeseburger' which are present in the original text, indicating significant information leakage.",llama-3.3-70b-versatile
146187,difference between a mcdouble and a double cheeseburger,bare between leg jowkar twists a single eternity,0.2,"The obfuscated text still contains the word 'between' and 'a' which are present in the original text, but the rest of the words are completely different, indicating some information leakage.",llama-3.3-70b-versatile
146187,difference between a mcdouble and a double cheeseburger,versus floor employers .5 and triggering fellow a16,0.0,"The obfuscated text does not contain any relevant information from the original text, so the score is 0",llama-3.3-70b-versatile
146187,difference between a mcdouble and a double cheeseburger,straight-line plourd cab jesdanun bite rome warmed subways,0.0,"The obfuscated text does not contain any relevant information from the original text, indicating minimal information leakage.",llama-3.3-70b-versatile
146187,difference between a mcdouble and a double cheeseburger,starts between a allgaier greene a double cheeseburger,0.8,"The obfuscated text 'starts between a allgaier greene a double cheeseburger' still contains the key phrases 'between' and 'double cheeseburger' which are present in the original text 'difference between a mcdouble and a double cheeseburger', indicating significant information leakage.",llama-3.3-70b-versatile
146187,difference between a mcdouble and a double cheeseburger,difference outside a 14:26 patron a double recipe,0.6,"The obfuscated text still contains the key words 'difference' and 'double', which are present in the original text, indicating some information leakage.",llama-3.3-70b-versatile
148538,difference between rn and bsn,opposite between kliment civilian bsn,0.4,"The obfuscated text still contains the term 'bsn' which is present in the original text, indicating some information leakage. However, the context and other terms have been altered, reducing the overall leakage.",llama-3.3-70b-versatile
148538,difference between rn and bsn,worthwhile between rn stone bsn,0.7,"The obfuscated text still contains the key terms 'rn' and 'bsn', indicating a significant amount of information leakage from the original text.",llama-3.3-70b-versatile
148538,difference between rn and bsn,inferior between rn and bsn,0.8,"The obfuscated text still contains the original keywords 'rn' and 'bsn', indicating a high level of information leakage. However, the word 'difference' is replaced with 'inferior', which slightly reduces the information leakage.",llama-3.3-70b-versatile
148538,difference between rn and bsn,puzzle between rn georgia lewinter,0.8,"The obfuscated text still contains the key phrases 'rn' and 'bsn', indicating a significant information leakage from the original text.",llama-3.3-70b-versatile
148538,difference between rn and bsn,saving dispute algol greater bsn,0.4,"The obfuscated text still contains the key phrase 'bsn' which is present in the original text, indicating some information leakage. However, the context and other words have been changed, reducing the leakage. The word 'rn' is also present, but its meaning is not clearly related to the original text, thus reducing the leakage further.",llama-3.3-70b-versatile
148538,difference between rn and bsn,difference divided spier norway fortis,0.4,"The obfuscated text still contains the word 'difference' and 'bsn' which are present in the original text, indicating some information leakage, but the context and other words are changed, so the score is 0.4",llama-3.3-70b-versatile
148538,difference between rn and bsn,successes central portogruaro and bsn,0.4,"The obfuscated text still contains the key phrase 'bsn' which is present in the original text, but the context and other words have been changed, indicating some information leakage. However, the word 'difference' has been replaced with 'successes' and 'rn' is not present, indicating significant obfuscation.",llama-3.3-70b-versatile
148538,difference between rn and bsn,algebra between rn tackles bsn,0.8,"The obfuscated text still contains the key phrases 'between', 'rn', and 'bsn', which are present in the original text, indicating a significant amount of information leakage.",llama-3.3-70b-versatile
148538,difference between rn and bsn,difference lessons 22-room leader comperes,0.4,"The obfuscated text still contains the word 'difference' and 'bsn' is replaced by 'comperes' but 'rn' is not present, however some of the original words are not present and some new words are introduced, so the information leakage score is 0.4",llama-3.3-70b-versatile
148538,difference between rn and bsn,peripheral between 12.11 accused bsn,0.4,"The obfuscated text still contains the key phrase 'between' and 'bsn', which are present in the original text, indicating some information leakage. However, the context and surrounding words have been altered, reducing the leakage. The score is 0.4, reflecting a moderate level of information leakage.",llama-3.3-70b-versatile
156493,do goldfish grow,ca stereoscopic growth,0.4,"The obfuscated text 'ca stereoscopic growth' does not clearly convey the original message 'do goldfish grow', but it contains some related words, thus the score is 0.4",llama-3.3-70b-versatile
156493,do goldfish grow,'re goldfish playground,0.5,"The obfuscated text 're goldfish playground still contains the word 'goldfish' which is present in the original text, indicating some information leakage. However, the context and meaning of the original text 'do goldfish grow' is not fully preserved, as 'playground' does not relate to growth. Therefore, a moderate score of 0.5 is assigned.",llama-3.3-70b-versatile
156493,do goldfish grow,do devitto grow,0.8,"The obfuscated text 'do devitto grow' still contains the original phrase 'do grow' and only replaces 'goldfish' with 'devitto', which is a significant information leakage, so the score is 0.8",llama-3.3-70b-versatile
156493,do goldfish grow,do comedy-variety grow,0.4,"The obfuscated text 'do comedy-variety grow' still contains the original phrase 'do grow' and has a similar structure, but replaces 'goldfish' with 'comedy-variety', which is a significant change, thus the score is 0.4",llama-3.3-70b-versatile
156493,do goldfish grow,supplementary blankley flushes,0.0,"The obfuscated text 'supplementary blankley flushes' does not contain any information from the original text 'do goldfish grow', so the score is 0",llama-3.3-70b-versatile
156493,do goldfish grow,do goldfish grow,1.0,"The obfuscated text is identical to the original text, indicating complete information leakage.",llama-3.3-70b-versatile
156493,do goldfish grow,"do tans 1,591",0.4,"The obfuscated text 'do tans 1,591' still contains the original phrase 'do' and has a similar structure, but the key word 'goldfish' is replaced with 'tans' and 'grow' is replaced with '1,591', indicating some information leakage, but not complete.",llama-3.3-70b-versatile
156493,do goldfish grow,do flinch l'italia,0.4,"The obfuscated text 'do flinch l'italia' still contains the original word 'do' and has a similar structure, but the main subject 'goldfish' and the verb 'grow' are replaced with unrelated words, indicating some information leakage, but not complete.",llama-3.3-70b-versatile
156493,do goldfish grow,extent goldfish cropland,0.5,"The obfuscated text 'extent goldfish cropland' still contains the word 'goldfish' from the original text, indicating some information leakage. However, the word 'grow' is replaced with 'cropland', which reduces the information leakage. Therefore, the score is 0.5.",llama-3.3-70b-versatile
156493,do goldfish grow,will goldfish production,0.4,"The obfuscated text 'will goldfish production' still contains the word 'goldfish' which is present in the original text, indicating some information leakage. However, the context and meaning have been altered, so it's not a complete leakage.",llama-3.3-70b-versatile
168216,does legionella pneumophila cause pneumonia,anybody polyunsaturated pneumophila cause pneumonia,0.6,"The obfuscated text still contains the key terms 'pneumophila' and 'pneumonia', which are crucial to understanding the original text. However, the replacement of 'legionella' with 'anybody' and 'does' with no word reduces the information leakage. The score is 0.6 because the obfuscated text still conveys the main idea of the original text, but with some reduction in specificity.",llama-3.3-70b-versatile
168216,does legionella pneumophila cause pneumonia,sky legionella pneumophila cause pneumonia,0.8,"The obfuscated text 'sky legionella pneumophila cause pneumonia' still contains the key terms 'legionella pneumophila' and 'pneumonia', which are present in the original text 'does legionella pneumophila cause pneumonia'. This suggests a high level of information leakage, as the obfuscated text still conveys the same meaning as the original text. However, the replacement of 'does' with 'sky' introduces some level of obfuscation. Therefore, the score is 0.8.",llama-3.3-70b-versatile
168216,does legionella pneumophila cause pneumonia,accomplish legionella pneumophila irreparable pneumonia,0.8,"The obfuscated text still contains the key terms 'legionella pneumophila' and 'pneumonia', which are present in the original text, indicating significant information leakage.",llama-3.3-70b-versatile
168216,does legionella pneumophila cause pneumonia,solicit legionella pourzand dedication pneumonia,0.7,"The obfuscated text 'solicit legionella pourzand dedication pneumonia' still contains the key phrase 'legionella pneumophila' which is partially preserved as 'legionella', and 'pneumophila' is replaced with 'pourzand', and 'pneumonia' is preserved, indicating significant information leakage from the original text 'does legionella pneumophila cause pneumonia'.",llama-3.3-70b-versatile
168216,does legionella pneumophila cause pneumonia,taking culio pneumophila cause pneumonia,0.6,"The obfuscated text still contains the key terms 'pneumophila' and 'pneumonia', which are present in the original text, but 'legionella' is replaced with 'culio'. This suggests some information leakage, but not complete, as the context is partially preserved. The score is 0.6.",llama-3.3-70b-versatile
168216,does legionella pneumophila cause pneumonia,operations legionella pneumophila cause milder,0.8,"The obfuscated text 'operations legionella pneumophila cause milder' still contains the key terms 'legionella pneumophila' and 'cause', which are present in the original text 'does legionella pneumophila cause pneumonia'. However, the word 'milder' replaces 'pneumonia', reducing the information leakage. The score is 0.8 because the obfuscated text still reveals the relationship between legionella pneumophila and a health condition, but with less specificity.",llama-3.3-70b-versatile
168216,does legionella pneumophila cause pneumonia,does legionella zhongnanhai strain pneumonia,0.8,"The obfuscated text still contains the original words 'legionella' and 'pneumonia', indicating significant information leakage, but 'zhongnanhai strain' is different from 'pneumophila', reducing the leakage slightly",llama-3.3-70b-versatile
168216,does legionella pneumophila cause pneumonia,desk ioannou aventuras causes pneumonia,0.2,"The obfuscated text 'desk ioannou aventuras causes pneumonia' does not contain the word 'legionella' or 'pneumophila', which are key terms in the original text, indicating significant information leakage reduction.",llama-3.3-70b-versatile
168216,does legionella pneumophila cause pneumonia,"rottenberg legionella boyard sent 6,200",0.4,"The obfuscated text still contains the word 'legionella', which is a key term in the original text, but the context and other words have been changed, indicating some information leakage.",llama-3.3-70b-versatile
168216,does legionella pneumophila cause pneumonia,geez legionella pneumophila liver germs,0.6,"The obfuscated text still contains the key terms 'legionella pneumophila', which is the main subject of the original text, but it has replaced 'cause pneumonia' with 'liver germs', reducing the information leakage to 0.6",llama-3.3-70b-versatile
182539,example of monotonic function,spinoza tax monotonic function,0.7,"The obfuscated text still contains the key phrase 'monotonic function', which is the main information from the original text. However, it adds 'spinoza tax' which seems unrelated, thus not a perfect obfuscation but still leaking significant information.",llama-3.3-70b-versatile
182539,example of monotonic function,cd of monotonic function,0.8,"The obfuscated text still contains the key phrase 'monotonic function', which is the main information from the original text, thus the score is 0.8",llama-3.3-70b-versatile
182539,example of monotonic function,victoria education monotonic function,0.8,"The obfuscated text still contains the key phrase 'monotonic function', which is the main information from the original text, thus the score is high",llama-3.3-70b-versatile
182539,example of monotonic function,historically tosk monotonic eat,0.7,"The obfuscated text still contains the key phrase 'monotonic function' and 'eat' which is similar to the original text 'example of monotonic function', indicating a significant information leakage",llama-3.3-70b-versatile
182539,example of monotonic function,behavior remission monotonic compiler,0.4,"The obfuscated text still contains the key phrase 'monotonic', which is present in the original text, indicating some information leakage. However, other words have been changed or added, reducing the overall similarity between the two texts. The score is 0.4 because 'monotonic' is a distinctive word that carries significant meaning from the original text, but the context has been altered.",llama-3.3-70b-versatile
182539,example of monotonic function,murders economic monotonic supplement,0.6,"The obfuscated text still contains the key phrase 'monotonic function' or 'monotonic' which is present in the original text, indicating some information leakage",llama-3.3-70b-versatile
182539,example of monotonic function,purporting cathay stressors defined,0.2,"The obfuscated text does not contain the key phrase 'monotonic function' from the original text, but it seems unrelated to the original text.",llama-3.3-70b-versatile
182539,example of monotonic function,space armoured monotonic function,0.8,"The obfuscated text still contains the key phrase 'monotonic function', which is the core information from the original text, thus the score is high.",llama-3.3-70b-versatile
182539,example of monotonic function,e.g. roughly monotonic occurring,0.8,"The obfuscated text still contains the key phrase 'monotonic function' or related terms, indicating significant information leakage.",llama-3.3-70b-versatile
182539,example of monotonic function,hottest of monotonic function,0.8,"The obfuscated text still contains the key phrase 'monotonic function', which is the core information from the original text, thus the score is high.",llama-3.3-70b-versatile
183378,exons definition biology,exons definition genetics,0.7,"The obfuscated text is similar to the original text, with only the field of study changed from 'biology' to 'genetics', which are related fields. This suggests a moderate level of information leakage.",llama-3.3-70b-versatile
183378,exons definition biology,exons definition berenson,0.4,"The obfuscated text 'exons definition berenson' has changed the word 'biology' to 'berenson', which is a proper noun and not related to the field of study, thus reducing information leakage. However, the core terms 'exons' and 'definition' remain intact, indicating some residual information leakage.",llama-3.3-70b-versatile
183378,exons definition biology,exons a biology,0.6,"The obfuscated text 'exons a biology' still contains the key terms 'exons' and 'biology', which are present in the original text 'exons definition biology'. However, the word 'definition' is missing and replaced with 'a', which reduces the information leakage. The score is 0.6 because some information is still preserved, but not all of it.",llama-3.3-70b-versatile
183378,exons definition biology,exons tiptronic biology,0.6,"The obfuscated text 'exons tiptronic biology' still contains the key terms 'exons' and 'biology' from the original text, but 'tiptronic' is unrelated to the original context, thus reducing information leakage",llama-3.3-70b-versatile
183378,exons definition biology,exons definition biology,1.0,"The obfuscated text is identical to the original text, indicating complete information leakage.",llama-3.3-70b-versatile
183378,exons definition biology,top-level route biology,0.0,"The obfuscated text 'top-level route biology' has no similarity to the original text 'exons definition biology', indicating a high level of obfuscation and minimal information leakage.",llama-3.3-70b-versatile
183378,exons definition biology,exons phyllida comparative,0.5,"The obfuscated text 'exons phyllida comparative' has some similarity to the original text 'exons definition biology' but with changes in the second and third words, indicating partial information leakage.",llama-3.3-70b-versatile
183378,exons definition biology,exons definition biology,1.0,"The obfuscated text is identical to the original text, indicating complete information leakage.",llama-3.3-70b-versatile
183378,exons definition biology,exons evolution tactics,0.4,"The obfuscated text 'exons evolution tactics' still contains the word 'exons' from the original text, but replaces 'definition biology' with 'evolution tactics', which is a significant change, indicating moderate information leakage.",llama-3.3-70b-versatile
183378,exons definition biology,exons definition biology,1.0,The obfuscated text is identical to the original text,llama-3.3-70b-versatile
207786,how are some sharks warm blooded,calls special bamogo sharks warm blooded,0.7,"The obfuscated text still contains the key phrases 'sharks' and 'warm blooded', which are present in the original text, indicating a significant amount of information leakage. However, some words have been replaced or modified, reducing the leakage to some extent.",llama-3.3-70b-versatile
207786,how are some sharks warm blooded,settling fast number sharks pleasantly refashioning,0.4,"The obfuscated text still contains the word 'sharks' which is present in the original text, indicating some information leakage. However, the context and other words have been changed, reducing the leakage. The score is 0.4 because 'sharks' is a key word in the original text and its presence in the obfuscated text reveals some information, but the rest of the text has been sufficiently altered.",llama-3.3-70b-versatile
207786,how are some sharks warm blooded,large are eliminate rock-hewn kilowatt-hour blooded,0.4,"The obfuscated text still contains the key words 'sharks' and 'blooded' which are present in the original text, indicating some information leakage",llama-3.3-70b-versatile
207786,how are some sharks warm blooded,learned are restaurants sharks warm blooded,0.8,"The obfuscated text 'learned are restaurants sharks warm blooded' still contains the key phrases 'sharks' and 'warm blooded' from the original text 'how are some sharks warm blooded', indicating significant information leakage.",llama-3.3-70b-versatile
207786,how are some sharks warm blooded,using are accidentally sharks funky blooded,0.8,"The obfuscated text still contains the key words 'are', 'sharks', and 'blooded', which are present in the original text, indicating a significant amount of information leakage.",llama-3.3-70b-versatile
207786,how are some sharks warm blooded,wants those some sharks letters afterburning,0.4,"The obfuscated text still contains the key words 'sharks' and 'blooded', which are present in the original text, indicating some information leakage. However, the context and other words have been changed, reducing the leakage. The score is 0.4 because 'sharks' and 'blooded' are preserved but the sentence structure and other words are altered.",llama-3.3-70b-versatile
207786,how are some sharks warm blooded,exclusivity truly some sharks buddies blooded,0.7,"The obfuscated text still contains the key words 'some', 'sharks', and 'blooded', which are present in the original text, indicating a significant amount of information leakage.",llama-3.3-70b-versatile
207786,how are some sharks warm blooded,worker is dozens bench pleasant celebrators,0.1,"The obfuscated text 'worker is dozens bench pleasant celebrators' does not contain any of the key words from the original text 'how are some sharks warm blooded', thus the information leakage is minimal.",llama-3.3-70b-versatile
207786,how are some sharks warm blooded,really amount 61.5 sharks warm blooded,0.8,"The obfuscated text still contains the key words 'sharks', 'warm', and 'blooded', which are present in the original text, indicating significant information leakage.",llama-3.3-70b-versatile
207786,how are some sharks warm blooded,privately are businesses populations warm blooded,0.7,"The obfuscated text still contains the key phrases 'warm blooded' and 'sharks' which are present in the original text, indicating significant information leakage.",llama-3.3-70b-versatile
1133167,how is the weather in jamaica,feels endor settler weather 14 jamaica,0.6,"The obfuscated text still contains the name of the location 'jamaica' and a number '14' which could be related to the weather, indicating some information leakage.",llama-3.3-70b-versatile
1133167,how is the weather in jamaica,positively is 1930s weather died ecuador,0.2,"The obfuscated text does not contain any information about the weather in Jamaica, but it does mention weather and a location, indicating some information leakage, however the location is different and the context is not related to the original text.",llama-3.3-70b-versatile
1133167,how is the weather in jamaica,scramble interpreted companion weather in pro,0.4,"The obfuscated text 'scramble interpreted companion weather in pro' still contains the word 'weather' and the preposition 'in', which are present in the original text 'how is the weather in jamaica'. However, the other words are completely different, indicating some information leakage. The score is 0.4 because about 40% of the original text's meaning is preserved.",llama-3.3-70b-versatile
1133167,how is the weather in jamaica,count andorran the weather convictions jamaica,0.6,"The obfuscated text still contains the word 'jamaica' and 'weather', which are present in the original text, indicating some information leakage.",llama-3.3-70b-versatile
1133167,how is the weather in jamaica,questions sharia flies weather effort jamaica,0.4,"The obfuscated text still contains the word 'jamaica' and 'weather', which are present in the original text, indicating some information leakage. However, the context and other words are changed, reducing the leakage.",llama-3.3-70b-versatile
1133167,how is the weather in jamaica,how forrest prizren weather in tzatziki,0.4,"The obfuscated text still contains the word 'weather' and 'in', which are present in the original text, but the location 'jamaica' is replaced with 'tzatziki', and the phrase 'how is the' is replaced with 'how forrest', indicating some information leakage, but not complete.",llama-3.3-70b-versatile
1133167,how is the weather in jamaica,how 33.5 glorious ais greater jamaica,0.4,"The obfuscated text still contains the word 'jamaica' and the phrase 'how', which are present in the original text, indicating some information leakage. However, the context and other words have been changed, reducing the leakage. The score is 0.4, reflecting a moderate level of information leakage.",llama-3.3-70b-versatile
1133167,how is the weather in jamaica,faceoff conserved bill weather in rudyard,0.0,"The obfuscated text 'faceoff conserved bill weather in rudyard' does not contain any information about the original text 'how is the weather in jamaica', so the score is 0",llama-3.3-70b-versatile
1133167,how is the weather in jamaica,very amateurs flat weather score jamaica,0.7,"The obfuscated text still contains the word 'jamaica' and 'weather', which are key components of the original text, indicating significant information leakage.",llama-3.3-70b-versatile
1133167,how is the weather in jamaica,know miss wait quantifies in jamaica,0.2,"The obfuscated text still contains the word 'jamaica' which is present in the original text, but the context and other words are completely different, indicating some information leakage.",llama-3.3-70b-versatile
264014,how long is life cycle of flea,dealt union is 450-member stops fraternity flea,0.2,"The obfuscated text still contains the word 'flea' which is present in the original text, indicating some information leakage. However, the context and other words are completely changed, reducing the information leakage. Therefore, a score of 0.2 is assigned.",llama-3.3-70b-versatile
264014,how long is life cycle of flea,complexity grudge country real survive mainly calthorpe,0.2,"The obfuscated text does not contain any direct information about the life cycle of a flea, but it does contain the word 'flea' and 'survive' which could be related to the life cycle, thus the score is 0.2",llama-3.3-70b-versatile
264014,how long is life cycle of flea,rescued bet is life cycle saltburn flea,0.8,"The obfuscated text contains the words 'life cycle' and 'flea', which are present in the original text, indicating significant information leakage.",llama-3.3-70b-versatile
264014,how long is life cycle of flea,cap recurve is life orchid debating plentiful,0.4,"The obfuscated text contains the word 'life' which is present in the original text, but the context is completely different. However, the word 'flea' is also present in the original text and is missing in the obfuscated text, but 'flea' is present in another obfuscated text. The word 'cycle' is also present in the original text and in one of the obfuscated texts. Therefore, the information leakage score is 0.4.",llama-3.3-70b-versatile
264014,how long is life cycle of flea,how awash coin life gelinas of flea,0.8,"The obfuscated text still contains the key words 'life' and 'flea', which are present in the original text, indicating a significant information leakage.",llama-3.3-70b-versatile
264014,how long is life cycle of flea,tolerate long live life 9-ranked childish flea,0.8,"The obfuscated text still contains the key words 'long', 'live', 'life', and 'flea', which are present in the original text, indicating a significant information leakage.",llama-3.3-70b-versatile
264014,how long is life cycle of flea,amazed . valley life coca-cola of funky,0.4,"The obfuscated text still contains the word 'life' and 'flea' or related words, but with added unrelated words, indicating some information leakage",llama-3.3-70b-versatile
264014,how long is life cycle of flea,how long is oratory fenian joyful yong-ho,0.4,"The obfuscated text still contains some of the original words, such as 'how' and 'long', but the context and meaning have been altered significantly, indicating moderate information leakage.",llama-3.3-70b-versatile
264014,how long is life cycle of flea,what long who 20th cycle curatorial flea,0.8,"The obfuscated text still contains the word 'flea' and 'cycle', which are present in the original text, and also the word 'long' which is also in the original text, indicating a significant information leakage.",llama-3.3-70b-versatile
264014,how long is life cycle of flea,eats library same feat cycle order electrolytes,0.4,"The obfuscated text still contains the word 'cycle' and 'flea' which are present in the original text, but the context and other words are different, indicating some information leakage.",llama-3.3-70b-versatile
359349,how to find the midsegment of a trapezoid,learn courtesy b.a.t took besserglik heel a trapezoid,0.2,"The obfuscated text still contains the word 'trapezoid' which is present in the original text, indicating some information leakage. However, the rest of the text is completely obfuscated, resulting in a partial information leakage.",llama-3.3-70b-versatile
359349,how to find the midsegment of a trapezoid,anything to opposition the marines establishment a trapezoid,0.2,"The obfuscated text still contains the word 'trapezoid' which is present in the original text, indicating some information leakage. However, the context and other words are completely different, suggesting a low to moderate level of information leakage.",llama-3.3-70b-versatile
359349,how to find the midsegment of a trapezoid,how reunited something can smirnov theory a redemptoris,0.2,"The obfuscated text still contains the word 'trapezoid' which is present in the original text, but other key words are missing or replaced, indicating partial information leakage.",llama-3.3-70b-versatile
359349,how to find the midsegment of a trapezoid,tricky to deliver america conoco needed no comforter,0.1,"The obfuscated text does not contain any relevant information about the original text, which is about finding the midsegment of a trapezoid. The words in the obfuscated text are unrelated to the original text, indicating a low information leakage score.",llama-3.3-70b-versatile
359349,how to find the midsegment of a trapezoid,how to hell arms wicker according rare maracana,0.4,"The obfuscated text still contains the phrase 'how to' which is present in the original text, and also contains the word 'trapezoid' which is also present in the original text, but other words are changed or missing, so the information leakage score is 0.4",llama-3.3-70b-versatile
359349,how to find the midsegment of a trapezoid,programs to reid issue sprinkler affected a trapezoid,0.2,"The obfuscated text still contains the word 'trapezoid' which is present in the original text, indicating some information leakage. However, the context and other words are completely different, indicating significant obfuscation.",llama-3.3-70b-versatile
359349,how to find the midsegment of a trapezoid,understanding support mounting hilton neutrogena of remains andrievskaya,0.2,"The obfuscated text still contains the word 'trapezoid' which is present in the original text, but other key words are missing or replaced, indicating some information leakage.",llama-3.3-70b-versatile
359349,how to find the midsegment of a trapezoid,threat to distinguish kept supernova malahide a autobiographer,0.2,"The obfuscated text still contains the word 'a trapezoid' which is present in the original text, but other words are completely different, indicating some information leakage.",llama-3.3-70b-versatile
359349,how to find the midsegment of a trapezoid,review to little bouncers stanhope bloomberg a deansgate,0.2,"The obfuscated text still contains the word 'a trapezoid' which is present in the original text, but other words are completely different, indicating some information leakage.",llama-3.3-70b-versatile
359349,how to find the midsegment of a trapezoid,how plans step crack hypnotists maximise a trapezoid,0.2,"The obfuscated text still contains the word 'trapezoid' which is present in the original text, indicating some information leakage. However, the context and other words have been changed, reducing the leakage. The score is 0.2 because 'trapezoid' is a key term in the original text and its presence in the obfuscated text provides some information about the original text.",llama-3.3-70b-versatile
1129237,hydrogen is a liquid below what temperature,hydrogen is first liquid below surprising temperature,0.7,"The obfuscated text still conveys the same general information as the original text, but with some changes in wording, such as 'first' and 'surprising', which do not significantly alter the meaning. However, the core concept of hydrogen being a liquid below a certain temperature is preserved, indicating a moderate level of information leakage.",llama-3.3-70b-versatile
1129237,hydrogen is a liquid below what temperature,concentrations instrumental slim liquid below explain temperature,0.4,"The obfuscated text still conveys the core idea of the original text, which is that hydrogen is a liquid below a certain temperature. However, the obfuscated text uses more vague language, such as 'concentrations instrumental slim' and 'explain temperature', which reduces the information leakage. The score is 0.4 because the obfuscated text still contains some information about the original text, but it is more difficult to understand the specific details.",llama-3.3-70b-versatile
1129237,hydrogen is a liquid below what temperature,hydrogen specified a liquid below suppose 84.9,0.8,"The obfuscated text still contains the original word 'hydrogen' and the phrase 'a liquid below', which indicates a significant amount of information leakage. However, the temperature value is now specified, which could be considered a slight reduction in information leakage. Therefore, the score is 0.8.",llama-3.3-70b-versatile
1129237,hydrogen is a liquid below what temperature,hydrogen almost credible liquid pratts flexibility temperature,0.6,"The obfuscated text still contains the word 'hydrogen' and 'liquid' and 'temperature', which are key components of the original text, but the addition of 'almost credible' and 'pratts flexibility' reduces the information leakage. However, the word 'temperature' is still present, indicating some information leakage.",llama-3.3-70b-versatile
1129237,hydrogen is a liquid below what temperature,hydrogen 'm a liquid below defined temperature,0.6,"The obfuscated text still contains the word 'hydrogen' and 'liquid' and 'below' and 'temperature', which are key components of the original text, but the word 'defined' replaces the word 'what', reducing information leakage",llama-3.3-70b-versatile
1129237,hydrogen is a liquid below what temperature,oxygen is correspondence liquid ranges pokey temperature,0.4,"The obfuscated text still conveys the idea of an element being a liquid below a certain temperature, but the element has been changed from hydrogen to oxygen, which reduces the information leakage.",llama-3.3-70b-versatile
1129237,hydrogen is a liquid below what temperature,hydrogen enjoys group liquids below what temperature,0.6,"The obfuscated text still contains the word 'hydrogen' and the phrase 'below what temperature', which are present in the original text, indicating some information leakage. However, the word 'enjoys' and 'group liquids' are added, which are not present in the original text, reducing the information leakage. The score is 0.6 because the obfuscated text still conveys some information about the original text, but with some modifications.",llama-3.3-70b-versatile
1129237,hydrogen is a liquid below what temperature,hydrogen is nice flask below but degrees,0.4,"The obfuscated text still contains the word 'hydrogen' and the phrase 'below', which are present in the original text, indicating some information leakage. However, the word 'nice flask' and 'but degrees' do not provide any meaningful information related to the original text, thus reducing the information leakage. The score is 0.4 because about 40% of the original information is preserved.",llama-3.3-70b-versatile
1129237,hydrogen is a liquid below what temperature,"enriched is bookings liquid 6,600 consistently temperature",0.6,"The obfuscated text still contains the word 'hydrogen' and 'liquid' and 'temperature', but the word 'below' is present and 'what' is missing, the score should be 0.6 because some information is preserved but not all",llama-3.3-70b-versatile
1129237,hydrogen is a liquid below what temperature,hydrogen anders a liquid below wrong temperature,0.6,"The obfuscated text still contains the word 'hydrogen' and 'liquid below', which are key phrases from the original text, but 'wrong temperature' does not reveal the actual temperature, thus the information leakage is partial",llama-3.3-70b-versatile
405717,is cdg airport in main paris,endemic ijg airport debuts mann paris,0.6,"The obfuscated text still contains the word 'paris' and 'airport', which are key pieces of information from the original text, but other words are replaced with similar-sounding words, indicating some information leakage.",llama-3.3-70b-versatile
405717,is cdg airport in main paris,new noach ut line main henri,0.4,"The obfuscated text 'new noach ut line main henri' does not closely resemble the original text 'is cdg airport in main paris', but some key words like 'main' and 'paris' are still present, indicating partial information leakage.",llama-3.3-70b-versatile
405717,is cdg airport in main paris,is wentzel atoll in main project,0.4,"The obfuscated text 'is wentzel atoll in main project' still contains the word 'in' and 'main' which are present in the original text 'is cdg airport in main paris', indicating some information leakage. However, the words 'wentzel', 'atoll', and 'project' do not reveal the original meaning, thus the leakage is partial.",llama-3.3-70b-versatile
405717,is cdg airport in main paris,aroma hydrology airport in main haussmann,0.4,"The obfuscated text 'aroma hydrology airport in main haussmann' still contains the word 'airport' and 'in main', which are present in the original text 'is cdg airport in main paris'. However, the proper nouns 'cdg' and 'paris' have been replaced with 'aroma hydrology' and 'haussmann' respectively, indicating some level of obfuscation. The score is 0.4, indicating moderate information leakage.",llama-3.3-70b-versatile
405717,is cdg airport in main paris,is taccola airport primate main tank,0.6,"The obfuscated text 'is taccola airport primate main tank' still contains the word 'is' and 'airport' and 'main' which are present in the original text 'is cdg airport in main paris', indicating some information leakage. However, the words 'taccola', 'primate', and 'tank' do not provide any direct information about the original text, thus the leakage is not complete.",llama-3.3-70b-versatile
405717,is cdg airport in main paris,become lindau airport counterproposals road breaching,0.2,"The obfuscated text does not convey the same meaning as the original text, but some words are similar, indicating partial information leakage.",llama-3.3-70b-versatile
405717,is cdg airport in main paris,turnaround cdg thammarat designed main cambridge,0.6,"The obfuscated text 'turnaround cdg thammarat designed main cambridge' still contains the airport code 'cdg' and the word 'main', which are present in the original text 'is cdg airport in main paris'. This suggests a significant information leakage, but the other words are different, so it's not complete. Therefore, the score is 0.6.",llama-3.3-70b-versatile
405717,is cdg airport in main paris,likely kaminska tocumen south main paris,0.4,"The obfuscated text 'likely kaminska tocumen south main paris' still contains the word 'paris' which is present in the original text, and 'main' which is also present in the original text. However, 'cdg' is replaced with 'kaminska' and 'airport' is replaced with 'tocumen', indicating some level of obfuscation. The score is 0.4 because while some information is still leaked, key details like 'cdg' and 'airport' are obscured.",llama-3.3-70b-versatile
405717,is cdg airport in main paris,squad cdg trang aftermath main paris,0.8,"The obfuscated text still contains the original airport code 'cdg' and the word 'paris', indicating significant information leakage.",llama-3.3-70b-versatile
405717,is cdg airport in main paris,is isc airport 2.0-litre main d'isere,0.4,"The obfuscated text 'isc airport 2.0-litre main d'isere' still contains some similar words to the original text 'is cdg airport in main paris', such as 'airport' and 'main', but with significant changes, indicating partial information leakage.",llama-3.3-70b-versatile
443396,lps laws definition,lps laws discretization,0.7,"The obfuscated text 'lps laws discretization' still contains the core terms 'lps' and 'laws' from the original text 'lps laws definition', indicating a significant amount of information leakage. However, the term 'definition' has been replaced with 'discretization', which alters the meaning and context of the text. Therefore, the score is 0.7.",llama-3.3-70b-versatile
443396,lps laws definition,lps laws definition,1.0,"The obfuscated text is identical to the original text, indicating complete information leakage.",llama-3.3-70b-versatile
443396,lps laws definition,lps customs levitt,0.4,"The obfuscated text 'lps customs levitt' has some similarity to the original text 'lps laws definition', but with significant changes, indicating moderate information leakage.",llama-3.3-70b-versatile
443396,lps laws definition,lps constitutions bare,0.4,"The obfuscated text 'lps constitutions bare' has some similarity to the original text 'lps laws definition' but with significant changes, indicating moderate information leakage",llama-3.3-70b-versatile
443396,lps laws definition,oleanna laws definition,0.6,"The obfuscated text 'oleanna laws definition' has a similar structure to the original text 'lps laws definition', but with some changes in the words, indicating a moderate level of information leakage.",llama-3.3-70b-versatile
443396,lps laws definition,foetus p4 definition,0.2,"The obfuscated text 'foetus p4 definition' has some similarity to the original text 'lps laws definition', but the key terms 'lps' and 'laws' have been replaced with 'foetus' and 'p4', indicating a significant level of obfuscation. However, the word 'definition' remains the same, suggesting some residual information leakage.",llama-3.3-70b-versatile
443396,lps laws definition,lps workshops definition,0.8,"The obfuscated text is very similar to the original text, with only a slight modification, indicating a high level of information leakage.",llama-3.3-70b-versatile
443396,lps laws definition,lps laws definition,1.0,"The obfuscated text is identical to the original text, indicating complete information leakage.",llama-3.3-70b-versatile
443396,lps laws definition,re-merged laws definition,1.0,The obfuscated text is identical to the original text,llama-3.3-70b-versatile
443396,lps laws definition,shc laws definition,0.9,"The obfuscated text is very similar to the original text, with the same meaning and content, only the first word has been changed from 'lps' to 'shc', which indicates a high level of information leakage",llama-3.3-70b-versatile
451602,medicare's definition of mechanical ventilation,β relax playing mechanical ventilation,0.7,"The obfuscated text still contains the key phrase 'mechanical ventilation', which is a crucial part of the original text. However, the addition of 'β relax playing' seems unrelated to the original text, suggesting some level of obfuscation. The score is 0.7 because the obfuscated text partially preserves the original meaning, but with added unrelated content.",llama-3.3-70b-versatile
451602,medicare's definition of mechanical ventilation,donahoe generalisation likes equipment implicitly,0.2,"The obfuscated text does not contain any direct reference to the original text, but it does mention 'equipment' which could be related to mechanical ventilation. However, the context is completely different and the words are not directly related, so the information leakage is low.",llama-3.3-70b-versatile
451602,medicare's definition of mechanical ventilation,kanezo meaningless makeover attachment ventilation,0.2,"The obfuscated text 'kanezo meaningless makeover attachment ventilation' still contains the word 'ventilation' which is present in the original text 'medicare's definition of mechanical ventilation'. This indicates some information leakage, but the context and other words are completely changed, so the leakage is not complete.",llama-3.3-70b-versatile
451602,medicare's definition of mechanical ventilation,rifts definition ridicule mechanical display,0.7,"The obfuscated text 'rifts definition ridicule mechanical display' still contains the key phrase 'mechanical' and 'definition' which are present in the original text 'medicare's definition of mechanical ventilation', indicating a significant information leakage.",llama-3.3-70b-versatile
451602,medicare's definition of mechanical ventilation,http://www.imf.org parables seen mechanical chatter,0.2,"The obfuscated text contains the word 'mechanical' which is also present in the original text, but the context and surrounding words are completely different, indicating some information leakage but not complete.",llama-3.3-70b-versatile
451602,medicare's definition of mechanical ventilation,zeiler miss of mechanical ventilation,0.8,"The obfuscated text still contains the key phrase 'mechanical ventilation' which is present in the original text, indicating significant information leakage.",llama-3.3-70b-versatile
451602,medicare's definition of mechanical ventilation,social-scientific definition serving mechanical ventilation,0.8,"The obfuscated text still contains the key phrases 'definition', 'mechanical', and 'ventilation', which are present in the original text, indicating a significant amount of information leakage.",llama-3.3-70b-versatile
451602,medicare's definition of mechanical ventilation,coco statutory mango mechanical ventilation,0.8,"The obfuscated text still contains the key phrase 'mechanical ventilation' which is present in the original text, indicating significant information leakage.",llama-3.3-70b-versatile
451602,medicare's definition of mechanical ventilation,opéra clause wrapping mechanical seventy-eighth,0.7,"The obfuscated text still contains the phrase 'mechanical ventilation' which is present in the original text, indicating significant information leakage.",llama-3.3-70b-versatile
451602,medicare's definition of mechanical ventilation,self-critical fibonacci of mechanical ventilation,0.8,"The obfuscated text still contains the key phrase 'mechanical ventilation', which is a crucial part of the original text, thus indicating significant information leakage.",llama-3.3-70b-versatile
489204,right pelvic pain causes,move pelvic pain causes,0.8,"The obfuscated text 'move pelvic pain causes' still contains the key phrases 'pelvic pain causes', which is similar to the original text 'right pelvic pain causes'. The word 'right' is missing, but the main topic of 'pelvic pain causes' is still present, indicating some information leakage. The score is 0.8 because the obfuscated text still conveys the main idea of the original text, but with a slight modification.",llama-3.3-70b-versatile
489204,right pelvic pain causes,right joysticks bloodletting cause,0.1,"The obfuscated text 'right joysticks bloodletting cause' has completely different meaning and words compared to the original text 'right pelvic pain causes', indicating very little information leakage.",llama-3.3-70b-versatile
489204,right pelvic pain causes,right pelvic pain agenda,0.6,"The obfuscated text 'right pelvic pain agenda' still contains the word 'right' and 'pelvic pain' which are present in the original text 'right pelvic pain causes', indicating some information leakage. However, the word 'agenda' does not convey the same meaning as 'causes', thus the leakage is not complete.",llama-3.3-70b-versatile
489204,right pelvic pain causes,right am3 pain goodnight,0.1,"The obfuscated text 'right am3 pain goodnight' has very little resemblance to the original text 'right pelvic pain causes', with changes in key words such as 'pelvic' to 'am3' and 'causes' to 'goodnight', indicating minimal information leakage.",llama-3.3-70b-versatile
489204,right pelvic pain causes,which pelvic pain inevitable,0.6,"The obfuscated text still contains the key phrase 'pelvic pain', which is present in the original text, but the word 'right' is replaced with 'which', and 'causes' is replaced with 'inevitable', indicating some information leakage, but not complete.",llama-3.3-70b-versatile
489204,right pelvic pain causes,body plagiarists pain causing,0.2,"The obfuscated text 'body plagiarists pain causing' has completely different words and meaning compared to the original text 'right pelvic pain causes', indicating significant information leakage reduction.",llama-3.3-70b-versatile
489204,right pelvic pain causes,right pelvic pains produces,0.8,"The obfuscated text 'right pelvic pains produces' still contains the key words 'right pelvic pains' which are present in the original text 'right pelvic pain causes', indicating a high level of information leakage. However, the word 'produces' instead of 'causes' reduces the leakage slightly.",llama-3.3-70b-versatile
489204,right pelvic pain causes,right pelvic pain trust,0.8,"The obfuscated text 'right pelvic pain trust' still contains the key words 'right pelvic pain' which are present in the original text, indicating a high level of information leakage.",llama-3.3-70b-versatile
489204,right pelvic pain causes,right pelvic feel causes,0.8,"The word 'pain' is preserved, but 'pelvic' is preserved as well, and 'right' is also preserved. However, the word 'causes' is preserved, which indicates a high level of information leakage.",llama-3.3-70b-versatile
489204,right pelvic pain causes,tip pelvic inlet causes,0.6,"The obfuscated text 'tip pelvic inlet causes' still contains the word 'pelvic' and 'causes' which are present in the original text, but 'tip' is different from 'right' and 'inlet' is different from 'pain', indicating some information leakage but not complete.",llama-3.3-70b-versatile
490595,rsa definition key,rsa definition updraft,0.7,"The obfuscated text 'rsa definition updraft' still contains the term 'rsa definition', which is a significant part of the original text 'rsa definition key'. This suggests a high level of information leakage, as the obfuscated text still reveals the main topic of the original text. However, the replacement of 'key' with 'updraft' reduces the information leakage to some extent. Therefore, a score of 0.7 is assigned, indicating a moderate to high level of information leakage.",llama-3.3-70b-versatile
490595,rsa definition key,rsa tirumurai reference,0.5,"The obfuscated text 'rsa tirumurai reference' has some similarity to the original text 'rsa definition key', with 'rsa' being the same, but 'tirumurai reference' is quite different from 'definition key', indicating partial information leakage.",llama-3.3-70b-versatile
490595,rsa definition key,rsa definition key,1.0,"The obfuscated text 'rsa definition key' is almost identical to the original text 'rsa definition key', with only no changes, indicating complete information leakage.",llama-3.3-70b-versatile
490595,rsa definition key,littman politician point,0.2,"The obfuscated text 'littman politician point' has no similarity to the original text 'rsa definition key', indicating a low information leakage score of 0.2",llama-3.3-70b-versatile
490595,rsa definition key,rsa decurrent key,0.8,"The obfuscated text 'rsa decurrent key' still contains the original term 'rsa' and 'key', which indicates a significant information leakage from the original text 'rsa definition key'. The score is 0.8 because the term 'definition' is replaced with 'decurrent', but the other two key terms remain the same.",llama-3.3-70b-versatile
490595,rsa definition key,rsa definition lumpur,0.7,"The obfuscated text 'rsa definition lumpur' still contains the original phrase 'rsa definition', which indicates a significant amount of information leakage. However, the word 'lumpur' is different from the original word 'key', which reduces the information leakage to some extent. Therefore, the score is 0.7.",llama-3.3-70b-versatile
490595,rsa definition key,rsa definition subjects,0.7,"The obfuscated text 'rsa definition subjects' still contains the original phrase 'rsa definition', which indicates a significant information leakage. However, the word 'subjects' is different from the original word 'key', which reduces the information leakage to some extent.",llama-3.3-70b-versatile
490595,rsa definition key,rsa chiefs markers,0.4,"The obfuscated text 'rsa chiefs markers' has some similarity to the original text 'rsa definition key', but the words 'chiefs', 'markers' are quite different from 'definition', 'key', indicating moderate information leakage",llama-3.3-70b-versatile
490595,rsa definition key,rsa latgalian democratic,0.3,"The obfuscated text 'rsa latgalian democratic' has some similarity to the original text 'rsa definition key' in that it retains the 'rsa' prefix, but the rest of the words are different, indicating moderate information leakage.",llama-3.3-70b-versatile
490595,rsa definition key,rsa clear pivotal,0.6,"The obfuscated text 'rsa clear pivotal' has some similarity to the original text 'rsa definition key' but with changes in the last two words, indicating partial information leakage.",llama-3.3-70b-versatile
1124210,tracheids are part of _____.,maajid border surprise of builds,0.1,"The obfuscated text does not contain any relevant information from the original text, indicating a low information leakage score.",llama-3.3-70b-versatile
1124210,tracheids are part of _____.,tracheids seem aspect of southwood,0.6,"The obfuscated text 'tracheids seem aspect of southwood' still contains the word 'tracheids' which is present in the original text, indicating some information leakage. However, the context and meaning have been altered, suggesting partial information leakage.",llama-3.3-70b-versatile
1124210,tracheids are part of _____.,96.95 fanatics broadcast increases collectively,0.0,"The obfuscated text '96.95 fanatics broadcast increases collectively' does not resemble the original text 'tracheids are part of _____' in any way, indicating a very low information leakage.",llama-3.3-70b-versatile
1124210,tracheids are part of _____.,djafar are within view starved,0.1,"The obfuscated text 'djafar are within view starved' does not resemble the original text 'tracheids are part of _____' in any way, indicating a high level of obfuscation and very little information leakage.",llama-3.3-70b-versatile
1124210,tracheids are part of _____.,raef usually part sites sumptuous,0.2,"The obfuscated text 'raef usually part sites sumptuous' does not reveal any information about the original text 'tracheids are part of _____.', but 'part' is present in both, so there is a slight information leakage",llama-3.3-70b-versatile
1124210,tracheids are part of _____.,tracheids gjøvik part describes linense,0.8,"The obfuscated text still contains the word 'tracheids' and the word 'part', which are present in the original text, indicating a significant information leakage.",llama-3.3-70b-versatile
1124210,tracheids are part of _____.,schlocky are deeply palace 97.62,0.8,"The obfuscated text 'tracheids gjøvik part describes linense' still contains the word 'tracheids' which is present in the original text, indicating significant information leakage.",llama-3.3-70b-versatile
1124210,tracheids are part of _____.,fresco doctrine debt serving cordeliers,0.0,"The obfuscated text does not contain any relevant information from the original text, so the score is 0",llama-3.3-70b-versatile
1124210,tracheids are part of _____.,reiki are event ming nickelodeon,0.8,"The obfuscated text 'tracheids gjøvik part describes linense' still contains the word 'tracheids' and the word 'part', which are present in the original text, indicating a significant information leakage.",llama-3.3-70b-versatile
1124210,tracheids are part of _____.,bergama see own great lisbonne,0.0,"The obfuscated text does not contain any relevant information from the original text, thus the score is 0",llama-3.3-70b-versatile
527433,types of dysarthria from cerebral palsy,represent of dysarthria liza cerebral palsy,0.8,"The obfuscated text still contains the core terms 'dysarthria' and 'cerebral palsy', indicating significant information leakage, but with some minor modifications, such as 'represent of' instead of 'types of' and 'liza' which seems to be a typo or obfuscation of a word, thus the score is not 1, but close to it, around 0.8",llama-3.3-70b-versatile
527433,types of dysarthria from cerebral palsy,ethical accuracy krassner beyond linage obliterans,0.0,"The obfuscated text 'ethical accuracy krassner beyond linage obliterans' does not resemble the original text 'types of dysarthria from cerebral palsy' in any way, indicating a very low information leakage score.",llama-3.3-70b-versatile
527433,types of dysarthria from cerebral palsy,amcor of oxoglutarate from 1593 palsy,0.4,"The obfuscated text 'amcor of oxoglutarate from 1593 palsy' has some similarity to the original text 'types of dysarthria from cerebral palsy' in that it retains the word 'from' and 'palsy', but the other words are completely different, indicating a moderate level of information leakage.",llama-3.3-70b-versatile
527433,types of dysarthria from cerebral palsy,types of wxx from cerebral fouling,0.4,"The obfuscated text 'types of wxx from cerebral fouling' still contains the phrase 'types of' and 'cerebral', which are present in the original text 'types of dysarthria from cerebral palsy'. However, 'wxx' and 'fouling' do not match 'dysarthria' and 'palsy', indicating some level of obfuscation. The score is 0.4, indicating moderate information leakage.",llama-3.3-70b-versatile
527433,types of dysarthria from cerebral palsy,equivalents of gurusinha from cerebral epilepsy,0.4,"The obfuscated text 'equivalents of gurusinha from cerebral epilepsy' has some similarity to the original text 'types of dysarthria from cerebral palsy' in that it retains the phrase 'from cerebral', but it replaces 'types' with 'equivalents', 'dysarthria' with 'gurusinha', and 'palsy' with 'epilepsy', indicating a moderate level of information leakage.",llama-3.3-70b-versatile
527433,types of dysarthria from cerebral palsy,"chases of sported toronto 8,810 epilepsy",0.0,"The obfuscated text has completely changed the original meaning, with no relation to the original text 'types of dysarthria from cerebral palsy'. The words are completely different and do not convey any information from the original text.",llama-3.3-70b-versatile
527433,types of dysarthria from cerebral palsy,types rum elion from cerebral traina,0.3,"The obfuscated text still contains the word 'cerebral' and 'types' which are present in the original text, but other key words like 'dysarthria' and 'palsy' have been replaced with unrelated words, indicating some information leakage.",llama-3.3-70b-versatile
527433,types of dysarthria from cerebral palsy,distinctions every maunsel produced claremont endo,0.1,"The obfuscated text has completely changed the original meaning and content, with no recognizable words or phrases remaining, indicating a very low information leakage score of 0.1",llama-3.3-70b-versatile
527433,types of dysarthria from cerebral palsy,forehead of socialis strain cerebral disabilities,0.2,"The obfuscated text 'forehead of socialis strain cerebral disabilities' still contains the word 'cerebral' which is present in the original text, but the context and other words are completely different, indicating a low information leakage score of 0.2",llama-3.3-70b-versatile
527433,types of dysarthria from cerebral palsy,types of lymphadenopathy nonspecific firefighter unc,0.1,"The obfuscated text has completely changed the meaning and content of the original text, with no recognizable words or phrases remaining, indicating a very low information leakage score of 0.1",llama-3.3-70b-versatile
573724,what are the social determinants of health,we are constantinople mathematicians pahs of health,0.4,"The obfuscated text still contains the phrase 'of health' which is present in the original text, indicating some information leakage. However, the context and meaning have been altered significantly, reducing the overall information leakage.",llama-3.3-70b-versatile
573724,what are the social determinants of health,sometimes perceptions the social skrepenak unrest health,0.7,"The obfuscated text still contains the words 'social' and 'health', which are key components of the original text, indicating a significant amount of information leakage.",llama-3.3-70b-versatile
573724,what are the social determinants of health,opinion were 10-year social determinants purdue hygiene,0.8,"The obfuscated text still contains the phrase 'social determinants', which is a key part of the original text, indicating significant information leakage.",llama-3.3-70b-versatile
573724,what are the social determinants of health,petitioner are leaders academic seeps commemorative health,0.8,"The obfuscated text still contains the phrase 'social determinants', which is a key part of the original text, indicating significant information leakage.",llama-3.3-70b-versatile
573724,what are the social determinants of health,what only the social functionals virtuoso health,0.4,"The obfuscated text still contains the key phrase 'social' and 'health', which are present in the original text, indicating some information leakage. However, the surrounding words have been changed, reducing the overall information leakage.",llama-3.3-70b-versatile
573724,what are the social determinants of health,what laying end social 9th-12th route background,0.4,"The obfuscated text still contains the word 'social' which is a key term in the original text, and also contains the word 'health' or related terms, indicating some information leakage. However, other key terms are missing or replaced, reducing the leakage.",llama-3.3-70b-versatile
573724,what are the social determinants of health,more convincing fourth social determinants integration health,0.8,"The obfuscated text still contains the key phrase 'social determinants', which is a significant part of the original text, indicating a high level of information leakage.",llama-3.3-70b-versatile
573724,what are the social determinants of health,accurate sovereigns the negative co-extensive trading health,0.7,"The obfuscated text still contains the phrase 'social determinants', which is a key part of the original text, indicating significant information leakage.",llama-3.3-70b-versatile
573724,what are the social determinants of health,strength end discussion embryonic determinants of hagi,0.7,"The obfuscated text still contains the word 'determinants' and 'health', which are key components of the original text, indicating a significant amount of information leakage.",llama-3.3-70b-versatile
573724,what are the social determinants of health,sometimes episodes only organizes ballsy to health,0.4,"The obfuscated text still contains some of the original keywords, such as 'social' and 'health', but the context and meaning have been altered, indicating some information leakage.",llama-3.3-70b-versatile
1121709,what are the three percenters?,blame linked arrest four globalist,0.2,"The obfuscated text does not clearly convey the meaning of the original text, but some keywords like 'arrest' might be related to the Three Percenters, a militant anti-government group. However, the connection is vague and requires significant interpretation, thus the score is not high.",llama-3.3-70b-versatile
1121709,what are the three percenters?,vouchers are electrical autonomous sixty-ninth,0.2,"The obfuscated text does not convey the same meaning as the original text, but some words may be related to the topic of the Three Percenters, such as 'arrest' or 'globalist', however in this case the obfuscated text 'vouchers are electrical autonomous sixty-ninth' seems unrelated to the original text 'what are the three percenters?', thus the score is 0.2",llama-3.3-70b-versatile
1121709,what are the three percenters?,important exist the five strimple,0.4,"The obfuscated text does not convey the same meaning as the original text, but some words may be vaguely related, thus a moderate score of 0.4 is given",llama-3.3-70b-versatile
1121709,what are the three percenters?,staubach few water named publishing,0.0,"The obfuscated text does not contain any relevant information about the original text, which is 'what are the three percenters?', so the score is 0",llama-3.3-70b-versatile
1121709,what are the three percenters?,thing need contentious three counsels,0.2,"The obfuscated text does not convey the same meaning as the original text, but some words like 'three' might be related to the topic, thus a small information leakage is present",llama-3.3-70b-versatile
1121709,what are the three percenters?,given are opened 1972 embe,0.2,"The obfuscated text does not convey the same meaning as the original text, but some words may be related to the topic of the Three Percenters, a right-wing militia group. However, the obfuscated text does not provide any direct information about the group.",llama-3.3-70b-versatile
1121709,what are the three percenters?,true italians gate added laman,0.0,"The obfuscated text does not contain any relevant information about the original text, which is 'what are the three percenters?', so the score is 0",llama-3.3-70b-versatile
1121709,what are the three percenters?,clients are the twice cessation,0.0,"The obfuscated text does not contain any relevant information about the three percenters, and the words seem unrelated to the original text.",llama-3.3-70b-versatile
1121709,what are the three percenters?,precisely equally fallen three nuggets,0.2,"The obfuscated text does not contain any direct references to the original text, but some words may be vaguely related, such as 'three' which could be related to 'three percenters'. However, the overall meaning and context are completely different.",llama-3.3-70b-versatile
1121709,what are the three percenters?,chronicles are rear eventually warsame,0.1,"The obfuscated text does not contain any direct references to the original text, which is 'what are the three percenters?', but it does contain the word 'three' which could be related to the original text. However, the context is completely different, so the information leakage is minimal.",llama-3.3-70b-versatile
1121402,what can contour plowing reduce,harm can contour plowing 7/7,0.6,"The obfuscated text still contains the key words 'contour plowing' which is the main subject of the original text, but some words are replaced or added, indicating partial information leakage.",llama-3.3-70b-versatile
1121402,what can contour plowing reduce,make kids contour six-figure reduce,0.4,"The obfuscated text 'make kids contour six-figure reduce' still contains the word 'contour' from the original text 'what can contour plowing reduce', indicating some information leakage. However, the context and other words have been changed, reducing the leakage. The score is 0.4, reflecting a moderate level of information leakage.",llama-3.3-70b-versatile
1121402,what can contour plowing reduce,benefactor use contour ploughing reduce,0.7,"The obfuscated text 'benefactor use contour ploughing reduce' still contains the key words 'contour' and 'reduce' from the original text 'what can contour plowing reduce', indicating significant information leakage. However, the addition of 'benefactor use' and 'ploughing' instead of 'plowing' introduces some level of obfuscation. The score is 0.7 because while the main concepts are preserved, the changes provide a moderate level of obscurity.",llama-3.3-70b-versatile
1121402,what can contour plowing reduce,respond markers contour ninomaru some,0.4,"The obfuscated text still contains the word 'contour' which is present in the original text, but the context and other words have been changed, indicating some information leakage.",llama-3.3-70b-versatile
1121402,what can contour plowing reduce,what accurate contour ashcraft reduce,0.6,"The obfuscated text 'what accurate contour ashcraft reduce' still contains the key words 'contour' and 'reduce' from the original text 'what can contour plowing reduce', indicating some information leakage. However, the addition of 'accurate' and 'ashcraft' introduces some level of obfuscation, reducing the direct connection to the original text.",llama-3.3-70b-versatile
1121402,what can contour plowing reduce,valuable can huet ammonium reduce,0.4,"The obfuscated text 'valuable can huet ammonium reduce' has some similarity to the original text 'what can contour plowing reduce' in that it retains the word 'can' and 'reduce', but the meaning is altered by replacing 'what' with 'valuable', 'contour plowing' with 'huet ammonium', thus the score is 0.4",llama-3.3-70b-versatile
1121402,what can contour plowing reduce,details negotiate contour consuming reduce,0.4,"The obfuscated text still contains the word 'contour' and 'reduce' which are present in the original text, indicating some information leakage. However, the context and other words have been changed, reducing the information leakage.",llama-3.3-70b-versatile
1121402,what can contour plowing reduce,what can contour minimum eliminate,0.6,"The obfuscated text 'what can contour minimum eliminate' still contains the key words 'what', 'can', 'contour' from the original text, but changes 'plowing' to 'minimum' and 'reduce' to 'eliminate', indicating some information leakage. The score is 0.6 because it partially preserves the original meaning.",llama-3.3-70b-versatile
1121402,what can contour plowing reduce,tumour pathways electron-rich jock reduce,0.4,"The obfuscated text still contains the word 'contour' and 'reduce' which are present in the original text, but other words are changed or missing, indicating some information leakage.",llama-3.3-70b-versatile
1121402,what can contour plowing reduce,clearly or killen refrained pursue,0.6,"The obfuscated text still contains the word 'contour' and 'reduce' which are present in the original text, but other words are changed or missing, indicating some information leakage.",llama-3.3-70b-versatile
1117099,what is a active margin,coverage is fight continue margin,0.4,"The obfuscated text 'coverage is fight continue margin' still contains the word 'margin' which is present in the original text 'what is a active margin'. This suggests that some information has been leaked from the original text to the obfuscated text. However, the context and other words have been changed, indicating partial information leakage. Therefore, a score of 0.4 is assigned.",llama-3.3-70b-versatile
1117099,what is a active margin,nomination czech a largest margin,0.4,"The obfuscated text 'nomination czech a largest margin' still contains the word 'margin' which is present in the original text 'what is a active margin'. This suggests some information leakage, but the context and other words are completely different, indicating a moderate level of obfuscation.",llama-3.3-70b-versatile
1117099,what is a active margin,know is a spending increments,0.2,"The obfuscated text 'know is a spending increments' does not convey the same meaning as the original text 'what is a active margin'. However, the word 'margin' is not present in the obfuscated text, but 'increments' could be related to 'margin' in certain contexts, thus the score is 0.2",llama-3.3-70b-versatile
1117099,what is a active margin,advocate divergence dislodge active margin,0.7,The obfuscated text 'advocate divergence dislodge active margin' still contains the word 'active' and 'margin' which are present in the original text 'what is a active margin'. This suggests a significant information leakage.,llama-3.3-70b-versatile
1117099,what is a active margin,azusa just bedouin active seats,0.4,"The obfuscated text 'azusa just bedouin active seats' still contains the word 'active' from the original text 'what is a active margin', indicating some information leakage. However, the context and other words have been changed, reducing the leakage. The score is 0.4 because 'active' is a key word in the original text, but its meaning is altered in the obfuscated text.",llama-3.3-70b-versatile
1117099,what is a active margin,addition currently starter clone margin,0.4,"The obfuscated text 'addition currently starter clone margin' still contains the word 'margin' which is present in the original text 'what is a active margin', indicating some information leakage. However, the context and other words have been changed, reducing the leakage. Therefore, a score of 0.4 is assigned.",llama-3.3-70b-versatile
1117099,what is a active margin,volcano is four-year partnerships invalidated,0.0,"The obfuscated text 'volcano is four-year partnerships invalidated' does not contain any information related to the original text 'what is a active margin', thus the score is 0",llama-3.3-70b-versatile
1117099,what is a active margin,looking programmer a collaborative margin,0.4,"The obfuscated text 'looking programmer a collaborative margin' still contains the word 'margin' which is present in the original text 'what is a active margin', indicating some information leakage. However, the context and other words have been changed, reducing the leakage. Therefore, a score of 0.4 is assigned.",llama-3.3-70b-versatile
1117099,what is a active margin,cameras fischer milosevic active margin,0.7,"The obfuscated text still contains the word 'active margin' which is similar to the original text 'what is a active margin', indicating some information leakage",llama-3.3-70b-versatile
1117099,what is a active margin,what pathological a active margin,0.8,"The obfuscated text 'what pathological a active margin' still contains the key phrase 'active margin' which is present in the original text, indicating a significant information leakage.",llama-3.3-70b-versatile
1115776,what is an aml surveillance analyst,scholars whose an beefing ryun analyst,0.2,"The obfuscated text has some similar words to the original text, such as 'analyst', but the meaning is completely changed, indicating some information leakage. However, the core information about 'aml surveillance' is lost, so the score is not 1.",llama-3.3-70b-versatile
1115776,what is an aml surveillance analyst,afterward minor domingo aml wiretapping analyst,0.4,"The obfuscated text still contains the key phrase 'aml', which is present in the original text, indicating some information leakage. However, other key words like 'surveillance' are replaced with 'wiretapping', which is a related but distinct concept. The score is 0.4 because while some information is preserved, the meaning is partially altered.",llama-3.3-70b-versatile
1115776,what is an aml surveillance analyst,spectacle ’ an republics surveillance briefing,0.4,"The obfuscated text still contains the word 'surveillance' which is present in the original text, indicating some information leakage. However, other key words like 'aml' and 'analyst' are not present or are modified, reducing the leakage. The score is 0.4 because about 40% of the original information is leaked.",llama-3.3-70b-versatile
1115776,what is an aml surveillance analyst,how skier an aml circumstances analyst,0.7,"The obfuscated text still contains the key phrases 'aml' and 'analyst', which are present in the original text, indicating a significant information leakage.",llama-3.3-70b-versatile
1115776,what is an aml surveillance analyst,boys is an querns surveillance analyst,0.7,"The obfuscated text still contains the key words 'surveillance' and 'analyst', which are present in the original text, indicating a significant information leakage.",llama-3.3-70b-versatile
1115776,what is an aml surveillance analyst,happened bashing mass. aml surveillance analyst,0.8,"The obfuscated text still contains the key phrases 'aml surveillance analyst' which is similar to the original text 'what is an aml surveillance analyst', indicating a high level of information leakage.",llama-3.3-70b-versatile
1115776,what is an aml surveillance analyst,commotion is an aml surveillance analyst,0.8,"The obfuscated text still contains the key phrases 'aml surveillance analyst' which is similar to the original text 'what is an aml surveillance analyst', indicating a high level of information leakage.",llama-3.3-70b-versatile
1115776,what is an aml surveillance analyst,proof is an haldenstein surveillance analyst,0.7,"The obfuscated text still contains the key phrases 'is an' and 'surveillance analyst', which are present in the original text, indicating a significant amount of information leakage. However, the name and some other details have been changed, reducing the leakage to some extent.",llama-3.3-70b-versatile
1115776,what is an aml surveillance analyst,hostetler is an aml surveillance analyst,0.8,"The obfuscated text still contains the key phrases 'aml surveillance analyst' which is similar to the original text 'what is an aml surveillance analyst', indicating a high level of information leakage.",llama-3.3-70b-versatile
1115776,what is an aml surveillance analyst,caliphs is an aml surveillance analyst,0.8,"The obfuscated text still contains the key phrases 'aml surveillance analyst', which is very similar to the original text 'what is an aml surveillance analyst'. This suggests a high level of information leakage.",llama-3.3-70b-versatile
1114819,what is durable medical equipment consist of,humpback is durable medical equipment consist object,0.7,"The obfuscated text still contains the key phrase 'durable medical equipment', which indicates a significant amount of information leakage from the original text. However, some words have been replaced or added, such as 'humpback' and 'object', which reduces the information leakage to some extent. Therefore, a score of 0.7 is assigned, indicating a moderate to high level of information leakage.",llama-3.3-70b-versatile
1114819,what is durable medical equipment consist of,seen woman durable hetal equipment twx hospitalization,0.7,The obfuscated text still contains the key phrase 'durable medical equipment' which indicates a significant information leakage from the original text.,llama-3.3-70b-versatile
1114819,what is durable medical equipment consist of,associated now durable medical posted kalayaan proportion,0.7,"The obfuscated text still contains the key phrase 'durable medical', which is a significant part of the original text, indicating a high level of information leakage.",llama-3.3-70b-versatile
1114819,what is durable medical equipment consist of,price is definitely medical equipment engineering century,0.6,"The obfuscated text still contains the phrase 'medical equipment' which is a key part of the original text, indicating some information leakage.",llama-3.3-70b-versatile
1114819,what is durable medical equipment consist of,assumes is alexandru sinai equipment entities demonstrated,0.4,"The obfuscated text still contains the word 'equipment' and 'medical', which are key terms from the original text, but other words are changed or added, indicating some information leakage.",llama-3.3-70b-versatile
1114819,what is durable medical equipment consist of,accidental dealing durable medical equipment accomplished suggested,0.8,"The obfuscated text still contains the key phrases 'durable medical equipment', which indicates a significant information leakage from the original text.",llama-3.3-70b-versatile
1114819,what is durable medical equipment consist of,people hall durable medical plants 26-25 ocean,0.4,"The obfuscated text still contains the phrase 'durable medical', which is a key part of the original text, indicating some information leakage.",llama-3.3-70b-versatile
1114819,what is durable medical equipment consist of,setup eating durable transport site nucleation historical,0.4,"The obfuscated text still contains the phrase 'durable medical', which is a key part of the original text, indicating some information leakage.",llama-3.3-70b-versatile
1114819,what is durable medical equipment consist of,focus incredible durable medical equipment consist of,0.8,"The obfuscated text still contains the key phrases 'durable medical equipment' and 'consist of', which are present in the original text, indicating a high level of information leakage.",llama-3.3-70b-versatile
1114819,what is durable medical equipment consist of,discussions is durable science equipment 1956-1957 resistance,0.8,"The obfuscated text still contains the key phrase 'durable medical equipment', which is a significant part of the original text, indicating a high level of information leakage.",llama-3.3-70b-versatile
1114646,what is famvir prescribed for,redstone vision crestwood furtwaengler loss,0.0,"The obfuscated text does not contain any information related to the original text, which is about the prescription of Famvir. The words in the obfuscated text seem to be randomly chosen and do not reveal any details about the original text.",llama-3.3-70b-versatile
1114646,what is famvir prescribed for,now pangloss famvir prescribed for,0.8,"The obfuscated text contains the word 'famvir' and 'prescribed for' which are present in the original text, indicating significant information leakage.",llama-3.3-70b-versatile
1114646,what is famvir prescribed for,prominently sail gosford epilepsy for,0.8,"The obfuscated text still contains the word 'famvir' and 'prescribed for' which are present in the original text, indicating significant information leakage.",llama-3.3-70b-versatile
1114646,what is famvir prescribed for,say piece raveena deminers significant,0.0,"The obfuscated text does not contain any relevant information from the original text, indicating minimal information leakage.",llama-3.3-70b-versatile
1114646,what is famvir prescribed for,santa is bhagwandas permissable weekend,0.0,"The obfuscated text does not contain any relevant information from the original text, indicating minimal information leakage.",llama-3.3-70b-versatile
1114646,what is famvir prescribed for,peace visit usdan prescribed practicing,0.2,"The obfuscated text does not contain the original text, but it does contain the word 'prescribed', which is a key word from the original text. However, the context is completely different, suggesting minimal information leakage.",llama-3.3-70b-versatile
1114646,what is famvir prescribed for,wilson is cup-shaped prescribed mind,0.2,"The obfuscated text contains the word 'prescribed' which is also present in the original text, indicating some information leakage. However, the context and other words are completely different, suggesting minimal information leakage.",llama-3.3-70b-versatile
1114646,what is famvir prescribed for,precise land arbeiderblad prescribed teachers,0.4,"The obfuscated text still contains the word 'prescribed', which is a key word from the original text, indicating some information leakage.",llama-3.3-70b-versatile
1114646,what is famvir prescribed for,did experience carless apa intervene,0.0,The obfuscated text does not contain any relevant information about the original text 'what is famvir prescribed for'.,llama-3.3-70b-versatile
1114646,what is famvir prescribed for,always is ikaros mcclune texas,0.0,The obfuscated text does not contain any relevant information about the original text 'what is famvir prescribed for'.,llama-3.3-70b-versatile
1113437,what is physical description of spruce,enforcement is physical trivial per spruce,0.7,"The obfuscated text still contains the word 'spruce' and the phrase 'physical', which are key components of the original text, indicating a significant amount of information leakage.",llama-3.3-70b-versatile
1113437,what is physical description of spruce,melissa improves physical piper incarcerated spruce,0.4,"The obfuscated text still contains the word 'physical' and 'spruce' from the original text, indicating some information leakage, but the context and meaning are altered, so the score is not 1. The score is 0.4 because some key words are preserved, but the sentence structure and additional words obscure the original meaning.",llama-3.3-70b-versatile
1113437,what is physical description of spruce,final pugliese rita word here budo,0.0,"The obfuscated text does not contain any information related to the physical description of spruce, and the words are completely unrelated to the original text.",llama-3.3-70b-versatile
1113437,what is physical description of spruce,fate remote transitory description residents spruce,0.4,"The obfuscated text still contains the word 'spruce' and 'description', which are present in the original text, indicating some information leakage. However, the context and other words have been changed, reducing the leakage. The score is 0.4 because 'description' and 'spruce' are key words in the original text and are still present in the obfuscated text, but their context has been altered.",llama-3.3-70b-versatile
1113437,what is physical description of spruce,important is physical boarman of spruce,0.8,"The obfuscated text still contains the key words 'physical' and 'spruce', which are present in the original text, indicating a significant information leakage.",llama-3.3-70b-versatile
1113437,what is physical description of spruce,terribly hunter physical surprisingly of spruce,0.6,"The obfuscated text still contains the word 'physical' and 'spruce', which are present in the original text, indicating some information leakage.",llama-3.3-70b-versatile
1113437,what is physical description of spruce,wondering push physical function right spruce,0.6,"The obfuscated text still contains the word 'physical' and 'spruce', which are present in the original text, indicating some information leakage.",llama-3.3-70b-versatile
1113437,what is physical description of spruce,just makes physical lipopolysaccharide part spruce,0.6,"The obfuscated text still contains the word 'physical' and 'spruce', which are present in the original text, indicating some information leakage.",llama-3.3-70b-versatile
1113437,what is physical description of spruce,just enjoys physical grave top-flight xbiz,0.4,"The obfuscated text still contains the word 'physical' and 'spruce' is replaced with 'xbiz', but 'physical' is present in the original text, so there is some information leakage",llama-3.3-70b-versatile
1113437,what is physical description of spruce,yes is modest demarchelier story spruce,0.4,"The obfuscated text still contains the word 'spruce' and some related words like 'physical' and 'description' are missing, but 'physical' is present in some cases and 'description' is present in one case, so the information leakage score is 0.4",llama-3.3-70b-versatile
1112341,what is the daily life of thai people,touched sense sides daily messiah hardships thai people,0.7,"The obfuscated text still contains the key phrase 'thai people', which is a significant part of the original text, indicating a high level of information leakage. However, some words are changed or added, which reduces the leakage to some extent.",llama-3.3-70b-versatile
1112341,what is the daily life of thai people,everyone alternative employed daily life non-interacting companies russians,0.2,"The obfuscated text still contains the word 'daily' and 'life' which are present in the original text, but the context and other words are completely different, indicating some information leakage.",llama-3.3-70b-versatile
1112341,what is the daily life of thai people,gal interbk breakers daily life 13 thai worried,0.6,"The obfuscated text still contains the phrase 'daily life' and 'thai', which are present in the original text, indicating some information leakage.",llama-3.3-70b-versatile
1112341,what is the daily life of thai people,end another protect daily life of mai dead,0.7,"The obfuscated text still contains the phrase 'daily life', which is a key part of the original text, and also mentions 'thai' or related words in some cases, indicating a significant information leakage.",llama-3.3-70b-versatile
1112341,what is the daily life of thai people,understand see adelphi daily life account thai purtell,0.7,"The obfuscated text still contains the key phrase 'daily life' and 'thai', which are present in the original text, indicating a significant information leakage.",llama-3.3-70b-versatile
1112341,what is the daily life of thai people,thought is release daily escaped monday thai three,0.6,"The obfuscated text still contains the keywords 'daily' and 'thai', which are present in the original text, indicating some information leakage.",llama-3.3-70b-versatile
1112341,what is the daily life of thai people,minot ... man daily everything griffith thai i,0.4,"The obfuscated text still contains the keyword 'thai' and 'daily life', which are present in the original text, indicating some information leakage. However, the context and other words have been changed, reducing the leakage. The score is 0.4, reflecting a moderate level of information leakage.",llama-3.3-70b-versatile
1112341,what is the daily life of thai people,brings is death sentinel aggressor of thai after,0.4,"The obfuscated text still contains the word 'thai' which is present in the original text, indicating some information leakage. However, the context and other words have been changed, reducing the leakage. The score is 0.4 because 'thai' is a key word in the original text and its presence in the obfuscated text reveals some information.",llama-3.3-70b-versatile
1112341,what is the daily life of thai people,answer discharge tears daily almost consumer thai citizens,0.4,"The obfuscated text still contains the keyword 'thai' and 'daily', which are present in the original text, indicating some information leakage. However, the context and other words have been changed, reducing the leakage. The score is 0.4, reflecting a moderate level of information leakage.",llama-3.3-70b-versatile
1112341,what is the daily life of thai people,reaction is referring clemon distant barrier myawaddy people,0.4,"The obfuscated text still contains the word 'people' and 'myawaddy' which is a region in Thailand, indicating some information leakage",llama-3.3-70b-versatile
833860,what is the most popular food in switzerland,would guantánamo total most decisive food early switzerland,0.4,"The obfuscated text still contains the key words 'most', 'food', and 'switzerland', which are present in the original text, indicating some information leakage. However, the context and meaning of the original text are not fully preserved, as the obfuscated text includes unrelated words like 'guantánamo' and 'decisive' and changes the word order. Therefore, the score is 0.4, reflecting a moderate level of information leakage.",llama-3.3-70b-versatile
833860,what is the most popular food in switzerland,player conform cmll reservations popular food emerged switzerland,0.7,"The obfuscated text still contains the key words 'popular', 'food', and 'switzerland', which are present in the original text, indicating a significant amount of information leakage.",llama-3.3-70b-versatile
833860,what is the most popular food in switzerland,prognoses flies blue most popular food location bruno,0.7,"The obfuscated text still contains the key phrases 'most popular food' and 'switzerland', which are present in the original text, indicating a significant information leakage.",llama-3.3-70b-versatile
833860,what is the most popular food in switzerland,orange holmes imagine armament popular 2015 school switzerland,0.7,"The obfuscated text still contains the key words 'popular', 'food', and 'switzerland', which are present in the original text, indicating a significant information leakage.",llama-3.3-70b-versatile
833860,what is the most popular food in switzerland,see boasts image taken popular food twists switzerland,0.8,"The obfuscated text still contains the key words 'popular food' and 'switzerland', which are present in the original text, indicating a significant amount of information leakage.",llama-3.3-70b-versatile
833860,what is the most popular food in switzerland,be schedule power highly hotel emus united switzerland,0.7,"The obfuscated text still contains the word 'switzerland' and 'popular food', which are key components of the original text, indicating a significant amount of information leakage.",llama-3.3-70b-versatile
833860,what is the most popular food in switzerland,girl is turning frauds variety canned 1989 switzerland,0.7,"The obfuscated text still contains the word 'switzerland' and 'popular food', which are key components of the original text, indicating a significant amount of information leakage.",llama-3.3-70b-versatile
833860,what is the most popular food in switzerland,inevitably definition hydrogen avoided stereos food crisis switzerland,0.4,"The obfuscated text still contains the words 'food' and 'switzerland', which are present in the original text, indicating some information leakage. However, the context and other words have been changed, reducing the leakage. Therefore, a score of 0.4 is assigned.",llama-3.3-70b-versatile
833860,what is the most popular food in switzerland,smiley is which more gypsy food competitions visit,0.4,"The obfuscated text still contains the word 'food' and 'switzerland', which are present in the original text, but the context and other words are different, indicating some information leakage.",llama-3.3-70b-versatile
833860,what is the most popular food in switzerland,balderstone shutdown park hanjour popular halff scene urbanized,0.2,"The obfuscated text still contains the word 'popular' and 'switzerland' is not present but 'urbanized' could imply a connection to a country or place, however 'food' is missing",llama-3.3-70b-versatile
855410,what is theraderm used for,how is kastle distinguish its,0.0,"The obfuscated text does not contain any information related to the original text, indicating no information leakage.",llama-3.3-70b-versatile
855410,what is theraderm used for,think definable isolationism paul excess,0.2,"The obfuscated text 'think definable isolationism paul excess' does not convey the same meaning as the original text 'what is theraderm used for', indicating significant information leakage. However, some words like 'think' and 'is' are similar in structure to the original text, but the meaning is completely different. Therefore, the score is 0.2",llama-3.3-70b-versatile
855410,what is theraderm used for,knight michigan 3-month use kidnapping,0.1,"The obfuscated text 'knight michigan 3-month use kidnapping' does not resemble the original text 'what is theraderm used for' in any way, indicating a high level of obfuscation and very little information leakage.",llama-3.3-70b-versatile
855410,what is theraderm used for,what is grotberg order vice-dean,0.0,"The obfuscated text 'what is grotberg order vice-dean' does not reveal any information about the original text 'what is theraderm used for', as the words are completely different and do not provide any hints about the original text's meaning.",llama-3.3-70b-versatile
855410,what is theraderm used for,occurred employs speyer content lesbian,0.1,"The obfuscated text does not contain any relevant information about the original text, which is about the use of Theraderm. The words in the obfuscated text are unrelated to the original text, indicating a low information leakage.",llama-3.3-70b-versatile
855410,what is theraderm used for,maxwell maples omineca used garrido,0.1,"The obfuscated text does not contain any relevant information related to the original text, indicating minimal information leakage.",llama-3.3-70b-versatile
855410,what is theraderm used for,paper julian callao melodies for,0.0,The obfuscated text does not contain any relevant information about the original text 'what is theraderm used for'. The words are completely different and do not provide any context or meaning related to the original text.,llama-3.3-70b-versatile
855410,what is theraderm used for,sending guaranteed reprinted indirect velvet,0.0,The obfuscated text does not contain any relevant information about the original text 'what is theraderm used for'. The words are completely different and do not provide any context or meaning related to the original text.,llama-3.3-70b-versatile
855410,what is theraderm used for,scary west pays used upgrades,0.0,The obfuscated text does not contain any relevant information about the original text 'what is theraderm used for'. The words are completely different and do not provide any hint about the original text.,llama-3.3-70b-versatile
855410,what is theraderm used for,ownership does eaks quechua for,0.1,"The obfuscated text does not contain any relevant information from the original text, indicating minimal information leakage.",llama-3.3-70b-versatile
1110199,what is wifi vs bluetooth,experts symbolic wifi vs bluetooth,0.8,"The obfuscated text still contains the key terms 'wifi' and 'bluetooth', indicating a significant amount of information leakage from the original text.",llama-3.3-70b-versatile
1110199,what is wifi vs bluetooth,guess fine bidgood vs bluetooth,0.5,"The obfuscated text still contains the word 'bluetooth' which is present in the original text, indicating some information leakage. However, the original text 'wifi' has been replaced with 'guess fine bidgood' which does not convey the same meaning, reducing the information leakage. The score is 0.5 as it is a moderate level of information leakage.",llama-3.3-70b-versatile
1110199,what is wifi vs bluetooth,called is wifi vs 7.83,0.4,"The obfuscated text still contains the term 'wifi' and 'vs' which are present in the original text, but 'bluetooth' has been replaced with '7.83' which is not related to the original term, indicating some information leakage. However, the core comparison 'vs' remains, hence a moderate score of 0.4 is assigned.",llama-3.3-70b-versatile
1110199,what is wifi vs bluetooth,at life gprs heller bluetooth,0.4,"The obfuscated text still contains the word 'bluetooth' which is present in the original text, but 'wifi' is replaced with 'gprs' and other unrelated words are added, indicating some information leakage but not complete.",llama-3.3-70b-versatile
1110199,what is wifi vs bluetooth,appreciate crystal wifi pucca attines,0.6,"The obfuscated text still contains the word 'wifi' and 'bluetooth' which are present in the original text, but other words are changed or added, indicating some information leakage",llama-3.3-70b-versatile
1110199,what is wifi vs bluetooth,mason is wifi vs bluetooth,0.8,"The obfuscated text 'mason is wifi vs bluetooth' still contains the key terms 'wifi' and 'bluetooth', which are present in the original text, indicating a significant amount of information leakage.",llama-3.3-70b-versatile
1110199,what is wifi vs bluetooth,see indicates penetration vs bluetooth,0.7,"The obfuscated text still contains the word 'bluetooth' and 'wifi' or related terms, indicating some information leakage",llama-3.3-70b-versatile
1110199,what is wifi vs bluetooth,believed amount wifi ganaha bluetooth,0.8,"The obfuscated text still contains the keywords 'wifi' and 'bluetooth', indicating a significant amount of information leakage from the original text.",llama-3.3-70b-versatile
1110199,what is wifi vs bluetooth,hallmark stone wifi generaloberst bluetooth,0.8,"The obfuscated text still contains the keywords 'wifi' and 'bluetooth', indicating a significant amount of information leakage from the original text.",llama-3.3-70b-versatile
1110199,what is wifi vs bluetooth,going karol wifi inaugural bluetooth,0.8,"The obfuscated text still contains the keywords 'wifi' and 'bluetooth', indicating a significant information leakage from the original text.",llama-3.3-70b-versatile
915593,what types of food can you cook sous vide,erroneous types of food can your cook ing d/a,0.4,"The obfuscated text still contains some recognizable words and phrases, such as 'types of food' and 'cook', which suggests some information leakage. However, the text has been significantly altered with errors and typos, reducing the overall information leakage.",llama-3.3-70b-versatile
915593,what types of food can you cook sous vide,happening 23-30 there unloaded potential you engines sous vide,0.6,"The obfuscated text still contains the key phrase 'sous vide', which is a significant part of the original text, indicating a high level of information leakage. However, other parts of the original text are not present or are heavily distorted, reducing the overall leakage.",llama-3.3-70b-versatile
915593,what types of food can you cook sous vide,hardly smellie reminder food click should water sous vide,0.7,"The obfuscated text still contains the key phrase 'sous vide' and some related words like 'food' and 'water', indicating a significant information leakage.",llama-3.3-70b-versatile
915593,what types of food can you cook sous vide,green tangata severe emergent helps ask cook sous vide,0.7,"The obfuscated text still contains the key phrase 'sous vide' and some related words like 'cook', indicating a significant information leakage.",llama-3.3-70b-versatile
915593,what types of food can you cook sous vide,when packaging of food 'll you cook sous mahatama,0.7,"The obfuscated text still contains the key phrase 'sous vide' and some related words like 'cook' and 'food', indicating a significant information leakage.",llama-3.3-70b-versatile
915593,what types of food can you cook sous vide,parishioners organizational players food can 'll cook bolado vide,0.7,"The obfuscated text still contains the key phrase 'food can cook' and 'sous vide', which indicates a significant information leakage from the original text.",llama-3.3-70b-versatile
915593,what types of food can you cook sous vide,what diversified of food whole you cook sous vide,0.8,"The obfuscated text 'what diversified of food whole you cook sous vide' closely resembles the original text 'what types of food can you cook sous vide', with only minor changes in wording, indicating a high level of information leakage.",llama-3.3-70b-versatile
915593,what types of food can you cook sous vide,what types hartford food wishes rent remind scissurellidae vide,0.7,"The obfuscated text still contains the key phrases 'what', 'types', 'of food', 'you', 'cook', and 'sous vide', which are present in the original text, indicating a significant amount of information leakage.",llama-3.3-70b-versatile
915593,what types of food can you cook sous vide,business types helical food team jetstream cook sous aerobatic,0.7,"The obfuscated text still contains the key phrases 'types', 'food', 'cook', and 'sous vide', which are present in the original text, indicating a significant amount of information leakage.",llama-3.3-70b-versatile
915593,what types of food can you cook sous vide,hearings putamen due meals they maybe cook sous european-based,0.6,"The obfuscated text still contains the key phrases 'sous vide' and 'cook', which are present in the original text, indicating a significant information leakage. However, other parts of the original text are obfuscated, reducing the overall leakage.",llama-3.3-70b-versatile
962179,when was the salvation army founded,explain was editors poised floors richards,0.0,"The obfuscated text does not contain any information from the original text, so the score is 0",llama-3.3-70b-versatile
962179,when was the salvation army founded,never skilful the salvation pla 1972,0.7,"The obfuscated text still contains the words 'salvation' and a possible year '1972' which are present in the original text, indicating some information leakage",llama-3.3-70b-versatile
962179,when was the salvation army founded,him playing parade salvation army founded,0.8,"The obfuscated text contains the key words 'salvation army founded' which are present in the original text, indicating significant information leakage.",llama-3.3-70b-versatile
962179,when was the salvation army founded,if during offices salvation army charter,0.8,"The obfuscated text still contains the key phrases 'salvation army', which is present in the original text, indicating significant information leakage.",llama-3.3-70b-versatile
962179,when was the salvation army founded,gives 1981 the salvation army covington,0.4,"The obfuscated text still contains the key phrase 'the salvation army' which is present in the original text, but the context and other words are different, indicating some information leakage.",llama-3.3-70b-versatile
962179,when was the salvation army founded,shortly huxley losing salvation iraqi owner,0.2,"The obfuscated text still contains the key phrase 'salvation', which is present in the original text, but the context and other words are completely different, indicating some information leakage.",llama-3.3-70b-versatile
962179,when was the salvation army founded,stormed renta canal salvation army houses,0.7,"The obfuscated text still contains the phrase 'salvation army', which is a key part of the original text, indicating significant information leakage.",llama-3.3-70b-versatile
962179,when was the salvation army founded,1948 4s branch tooth army founded,0.6,"The obfuscated text still contains the key words 'army' and 'founded', which are present in the original text, indicating some information leakage.",llama-3.3-70b-versatile
962179,when was the salvation army founded,whether o'brien created sundays army manitoba,0.4,"The obfuscated text still contains the words 'salvation' and 'army', which are key components of the original text, but the context and surrounding words are completely different, indicating a moderate level of information leakage.",llama-3.3-70b-versatile
962179,when was the salvation army founded,first founded increased salvation army educator,0.4,"The obfuscated text still contains the key phrase 'salvation army', which is present in the original text, indicating some information leakage. However, the context and other details are altered, reducing the leakage. The score is 0.4, reflecting partial information leakage.",llama-3.3-70b-versatile
1103812,who formed the commonwealth of independent states,booted unsaturated guy commonwealth sapwood persuade engagement,0.4,"The obfuscated text does not clearly convey the original message, but some key words like 'commonwealth' are still present, indicating partial information leakage.",llama-3.3-70b-versatile
1103812,who formed the commonwealth of independent states,who whitney the tiruppur of commands provide,0.6,"The obfuscated text still contains the original word 'who' and 'commonwealth' which indicates a significant information leakage, but the context and other words are changed, so it's not complete leakage",llama-3.3-70b-versatile
1103812,who formed the commonwealth of independent states,promotes manggarai practice guttural north independent mississippi,0.2,"The obfuscated text 'promotes manggarai practice guttural north independent mississippi' still contains the word 'independent' which is present in the original text, indicating some information leakage. However, the context and other words are completely changed, reducing the leakage. Therefore, a score of 0.2 is assigned.",llama-3.3-70b-versatile
1103812,who formed the commonwealth of independent states,great categories the bireun buildings giulianis minnesota,0.0,"The obfuscated text does not contain any information about the original text, which is 'who formed the commonwealth of independent states'. The obfuscated text 'great categories the bireun buildings giulianis minnesota' seems to be completely unrelated to the original text, indicating no information leakage.",llama-3.3-70b-versatile
1103812,who formed the commonwealth of independent states,who formed from commonwealth of independent states,0.9,"The obfuscated text is very similar to the original text, with only minor changes, indicating a high level of information leakage.",llama-3.3-70b-versatile
1103812,who formed the commonwealth of independent states,eyed lowell ducks terribly breakaway independent states,0.7,"The obfuscated text still contains the key words 'independent states' which is a significant part of the original text, indicating a high level of information leakage.",llama-3.3-70b-versatile
1103812,who formed the commonwealth of independent states,bryant formed unnamed commonwealth drill zlin participation,0.7,"The obfuscated text still contains the words 'formed', 'commonwealth', and 'independent states' which are present in the original text, indicating significant information leakage.",llama-3.3-70b-versatile
1103812,who formed the commonwealth of independent states,who dismembered inside commonwealth forms independent united,0.7,"The obfuscated text still contains the words 'who', 'commonwealth', 'independent', which are present in the original text, indicating a significant amount of information leakage.",llama-3.3-70b-versatile
1103812,who formed the commonwealth of independent states,rivas formed kitchens commonwealth of democratic states,0.7,"The obfuscated text still contains the key words 'formed', 'commonwealth', and 'states', which are present in the original text, indicating a significant amount of information leakage.",llama-3.3-70b-versatile
1103812,who formed the commonwealth of independent states,who formed manet commonwealth of independent support,0.8,"The obfuscated text still contains the key words 'who', 'formed', 'commonwealth', and 'independent', which are present in the original text, indicating significant information leakage.",llama-3.3-70b-versatile
1037798,who is robert gray,reluctantly is robert gray,0.8,"The obfuscated text 'reluctantly is robert gray' still contains the name 'robert gray' which is the main information from the original text 'who is robert gray'. This indicates a high level of information leakage, but since the context and the question 'who is' are missing, it's not complete leakage. Therefore, a score of 0.8 is justified.",llama-3.3-70b-versatile
1037798,who is robert gray,doctor named robert blond,0.5,"The obfuscated text still contains the name 'robert', which is present in the original text, but the profession and last name have been changed, indicating some information leakage.",llama-3.3-70b-versatile
1037798,who is robert gray,conner possibly robert blowing,0.4,"The obfuscated text still contains the name 'robert', which is a significant part of the original text, but the context and other details have been altered, indicating some information leakage.",llama-3.3-70b-versatile
1037798,who is robert gray,who is robert pollution,0.7,"The obfuscated text still contains the name 'robert' and the phrase 'who is', which is similar to the original text, indicating some information leakage.",llama-3.3-70b-versatile
1037798,who is robert gray,who currently robert gray,0.9,"The obfuscated text 'who currently robert gray' has a similar structure to the original text 'who is robert gray', with the only difference being the replacement of 'is' with 'currently', which still conveys the same meaning. Therefore, the score is 0.9",llama-3.3-70b-versatile
1037798,who is robert gray,who loyalty x25 gray,0.4,"The obfuscated text still contains the name 'robert' and 'gray', which are present in the original text, indicating some information leakage. However, the context and other words have been changed, reducing the leakage. The score is 0.4 because 'robert' and 'gray' are still present, but the rest of the text has been altered.",llama-3.3-70b-versatile
1037798,who is robert gray,who is robert brown,0.5,"The obfuscated text still contains the name 'robert' and the phrase 'who is', which is similar to the original text, but the last name has been changed to 'brown', indicating some information leakage.",llama-3.3-70b-versatile
1037798,who is robert gray,playing means robert gray,0.0,"The obfuscated text 'hernandez groesbeek woodrow sheep' does not contain any information from the original text 'who is robert gray', so the score is 0",llama-3.3-70b-versatile
1037798,who is robert gray,hernandez groesbeek woodrow sheep,0.0,"The obfuscated text 'encounters law mcmaster harshly' does not contain any information from the original text 'who is robert gray', so the score is 0",llama-3.3-70b-versatile
1037798,who is robert gray,embezzling law mcmaster harshly,0.0,The obfuscated text does not contain any information related to the original text 'who is robert gray'.,llama-3.3-70b-versatile
1063750,why did the us volunterilay enter ww1,behind confirm william us radians enter chamb,0.4,"The obfuscated text does not clearly convey the original message, but some key words like 'us' and 'enter' are still present, indicating partial information leakage.",llama-3.3-70b-versatile
1063750,why did the us volunterilay enter ww1,let repeating the debuts discoverers nabbed stankevicius,0.1,"The obfuscated text 'let repeating the debuts discoverers nabbed stankevicius' does not resemble the original text 'why did the us volunterilay enter ww1' in any way, indicating a very low information leakage.",llama-3.3-70b-versatile
1063750,why did the us volunterilay enter ww1,opposed hall there us daron enter ww1,0.7,"The obfuscated text still contains the key phrases 'us' and 'enter ww1', which are present in the original text, indicating a significant amount of information leakage.",llama-3.3-70b-versatile
1063750,why did the us volunterilay enter ww1,remember my cosmopolitanism us uncovered hassoun ponferrada,0.4,"The obfuscated text still contains the keywords 'us' and 'ww1' which are present in the original text, indicating some information leakage. However, the context and other words have been changed, reducing the leakage. Therefore, a score of 0.4 is assigned.",llama-3.3-70b-versatile
1063750,why did the us volunterilay enter ww1,surprised did board us bystander biodiesel fahrenheit,0.4,"The obfuscated text still contains the phrase 'us' which is present in the original text, and also the word 'did' which is also in the original text, indicating some information leakage. However, the context and other words are completely different, indicating significant obfuscation. Therefore, a moderate score of 0.4 is assigned.",llama-3.3-70b-versatile
1063750,why did the us volunterilay enter ww1,gramley demotion great states i-93 anyone ww1,0.4,"The obfuscated text still contains the phrase 'us' and 'ww1' which are present in the original text, indicating some information leakage. However, the context and meaning of the original text are not preserved, suggesting partial information leakage.",llama-3.3-70b-versatile
1063750,why did the us volunterilay enter ww1,detailing could stewardson us chapra ultimately cahuachi,0.4,"The obfuscated text still contains the keywords 'us' and 'ww1', which are present in the original text, indicating some information leakage.",llama-3.3-70b-versatile
1063750,why did the us volunterilay enter ww1,ins motivation the p. aasho enter kupası,0.4,"The obfuscated text still contains some key words from the original text, such as 'us' and 'enter', but the context and meaning are significantly altered, indicating moderate information leakage.",llama-3.3-70b-versatile
1063750,why did the us volunterilay enter ww1,canker pursued briefly us neighboring enter rfe,0.4,"The obfuscated text still contains the key words 'us' and 'enter', which are present in the original text, indicating some information leakage. However, the context and other words are completely different, suggesting a moderate level of obfuscation.",llama-3.3-70b-versatile
1063750,why did the us volunterilay enter ww1,jokingly greatest expanded breaking tantrik opened nase,0.0,"The obfuscated text does not retain any significant information from the original text, with completely different words and no apparent connection to the original meaning.",llama-3.3-70b-versatile
