id,text,obfuscatedText,score,justification,model
19335,anthropological definition of environment,osh ille-et-vilaine peace maintaining,0.2,"The obfuscated text does not convey the same meaning as the original text, but some words are similar in length and structure, indicating a small amount of information leakage.",llama-3.3-70b-versatile
19335,anthropological definition of environment,vitalogy regimentation e/i yingfan,0.2,"The obfuscated text 'vitalogy regimentation e/i yingfan' does not convey the same meaning as the original text 'anthropological definition of environment'. However, the word 'vitalogy' is related to the study of life, which is somewhat connected to the concept of environment. Therefore, the score is 0.2.",llama-3.3-70b-versatile
19335,anthropological definition of environment,self-paced amidesk@ap.org kevan johan,0.0,"The obfuscated text does not contain any information related to the original text 'anthropological definition of environment'. The words in the obfuscated text are unrelated to the original text, indicating no information leakage.",llama-3.3-70b-versatile
19335,anthropological definition of environment,29.70 comscore mahmoudiyah brodhead,0.0,"The obfuscated text does not contain any information related to the original text 'anthropological definition of environment'. The words in the obfuscated text are unrelated to the original text, indicating no information leakage.",llama-3.3-70b-versatile
19335,anthropological definition of environment,cosmonauts meh wahidullah wap,0.0,"The obfuscated text does not contain any information related to the original text 'anthropological definition of environment'. The words in the obfuscated text are unrelated to the original text, indicating no information leakage.",llama-3.3-70b-versatile
19335,anthropological definition of environment,confucius digital reconstruct ifbb,0.0,"The obfuscated text does not contain any information related to the original text 'anthropological definition of environment'. The words in the obfuscated text are unrelated to the original text, indicating no information leakage.",llama-3.3-70b-versatile
19335,anthropological definition of environment,fleiss microregion consorcio 6.2-magnitude,0.0,The obfuscated text does not contain any information related to the original text 'anthropological definition of environment'.,llama-3.3-70b-versatile
19335,anthropological definition of environment,nebriinae camogie telecom harassment,0.0,The obfuscated text does not contain any information related to the original text 'anthropological definition of environment'.,llama-3.3-70b-versatile
19335,anthropological definition of environment,",250 orthonormal untag liability",0.0,The obfuscated text does not contain any information related to the original text 'anthropological definition of environment'.,llama-3.3-70b-versatile
19335,anthropological definition of environment,municipios pneumococcal hanbo adoptees,0.0,The obfuscated text does not contain any information related to the original text 'anthropological definition of environment'.,llama-3.3-70b-versatile
47923,axon terminals or synaptic knob definition,burrow g-77 preston strongman macheteros prothrombin,0.0,"The obfuscated text does not contain any information related to the original text, which is about axon terminals or synaptic knob definition. The obfuscated text appears to be a collection of unrelated words, indicating no information leakage.",llama-3.3-70b-versatile
47923,axon terminals or synaptic knob definition,hipaa stringed transportation linnean compressive thirty-sixth,0.1,"The obfuscated text does not contain any keywords related to the original text, indicating minimal information leakage.",llama-3.3-70b-versatile
47923,axon terminals or synaptic knob definition,"abdullo 8-inch 1,004 preorder 6,500-apartment salva",0.0,"The obfuscated text does not contain any relevant information from the original text, indicating minimal information leakage.",llama-3.3-70b-versatile
47923,axon terminals or synaptic knob definition,mabus stores afraid limes hyong vhf,0.0,"The obfuscated text does not contain any relevant information from the original text, indicating no information leakage.",llama-3.3-70b-versatile
47923,axon terminals or synaptic knob definition,lorestan szarzewski gainers nytns decriminalize vonn,0.0,"The obfuscated text does not contain any keywords related to the original text, indicating minimal information leakage.",llama-3.3-70b-versatile
47923,axon terminals or synaptic knob definition,orde pristina timber 34-19 wellhead meaning,0.0,"The obfuscated text does not contain any relevant information from the original text, indicating minimal information leakage.",llama-3.3-70b-versatile
47923,axon terminals or synaptic knob definition,"koong 8,920 scorecards nystad sofyan democratique",0.0,"The obfuscated text does not contain any relevant information from the original text, indicating minimal information leakage.",llama-3.3-70b-versatile
47923,axon terminals or synaptic knob definition,apsrtc euripides 96.77 takfir aqha asali,0.0,"The obfuscated text does not contain any relevant information from the original text, indicating no information leakage.",llama-3.3-70b-versatile
47923,axon terminals or synaptic knob definition,justiciar undiagnosed 50-billion crater blacked medawar,0.0,"The obfuscated text does not contain any relevant information from the original text, indicating no information leakage.",llama-3.3-70b-versatile
47923,axon terminals or synaptic knob definition,axonal mogadishu popemobile gmg hellickson affi,0.2,"The obfuscated text does not contain any relevant information from the original text, indicating minimal information leakage.",llama-3.3-70b-versatile
87181,causes of left ventricular hypertrophy,barrels cutolo holomorphic probe non-commercial,0.0,"The obfuscated text does not contain any relevant information related to the original text, indicating minimal information leakage.",llama-3.3-70b-versatile
87181,causes of left ventricular hypertrophy,sat1 casert knots opentype dulmatin,0.0,"The obfuscated text does not contain any relevant information related to the original text, which is about medical causes of left ventricular hypertrophy. The obfuscated text appears to be a jumbled collection of unrelated words, including proper nouns and technical terms from different fields. Therefore, the score should be close to 0, indicating minimal to no information leakage.",llama-3.3-70b-versatile
87181,causes of left ventricular hypertrophy,frail neisse strobe djalal jerko,0.0,"The obfuscated text does not contain any relevant information related to the original text, which is about medical causes. The words in the obfuscated text seem unrelated to the topic of left ventricular hypertrophy.",llama-3.3-70b-versatile
87181,causes of left ventricular hypertrophy,applicant stravinsky castle-like eritrea psip,0.0,"The obfuscated text does not contain any relevant information related to the original text, which is about medical causes. The words in the obfuscated text seem unrelated to the original text, indicating minimal information leakage.",llama-3.3-70b-versatile
87181,causes of left ventricular hypertrophy,draba shomali lacunae foggo ganassi,0.0,"The obfuscated text does not contain any relevant information related to the original text, which is about medical causes. The words in the obfuscated text seem unrelated to the original text, indicating minimal information leakage.",llama-3.3-70b-versatile
87181,causes of left ventricular hypertrophy,sticky aboulafia knights county-level dobner,0.0,"The obfuscated text does not contain any relevant information related to the original text, which is about medical causes. The words in the obfuscated text seem unrelated to the topic of left ventricular hypertrophy.",llama-3.3-70b-versatile
87181,causes of left ventricular hypertrophy,sanes u.s.-iranian masajuro output rosseler,0.0,"The obfuscated text does not contain any relevant information related to the original text, which is about medical causes. The words in the obfuscated text seem unrelated to the original text, indicating minimal information leakage.",llama-3.3-70b-versatile
87181,causes of left ventricular hypertrophy,norddeutscher 1664 crasher nzx-50 pandolfo,0.0,"The obfuscated text does not contain any relevant information related to the original text, which is about medical causes. The words in the obfuscated text seem unrelated to the original text, indicating minimal information leakage.",llama-3.3-70b-versatile
87181,causes of left ventricular hypertrophy,eyjafjallajokull 1/2 agca andreatta zet,0.0,"The obfuscated text does not contain any relevant information related to the original text 'causes of left ventricular hypertrophy', so the score is 0",llama-3.3-70b-versatile
87181,causes of left ventricular hypertrophy,keizai moscone guoqin at-grade dita,0.0,The obfuscated text does not contain any relevant information related to the original text 'causes of left ventricular hypertrophy'.,llama-3.3-70b-versatile
87452,causes of military suicide,nucleophilic county coconut ali,0.0,"The obfuscated text does not contain any keywords related to the original text, indicating minimal information leakage.",llama-3.3-70b-versatile
87452,causes of military suicide,intestinal buprestidae sarajevo p.o.v.,0.0,"The obfuscated text does not contain any keywords related to the original text, indicating minimal information leakage.",llama-3.3-70b-versatile
87452,causes of military suicide,bases-loaded teaspoon esporte 10017,0.0,"The obfuscated text does not contain any relevant information related to the original text, indicating minimal information leakage.",llama-3.3-70b-versatile
87452,causes of military suicide,1973-1990 cocaine war chipotles,0.0,"The obfuscated text does not contain any relevant information related to the original text, which is about the causes of military suicide. The obfuscated text appears to be a collection of unrelated words, including a time period, a substance, and a type of food.",llama-3.3-70b-versatile
87452,causes of military suicide,eighteens makybe b-47 car,0.0,"The obfuscated text does not contain any relevant information related to the original text, which is about the causes of military suicide. The words in the obfuscated text seem unrelated to the topic, indicating minimal information leakage.",llama-3.3-70b-versatile
87452,causes of military suicide,tirana tears gorris uterine,0.0,"The obfuscated text does not contain any relevant information related to the original text, which is about the causes of military suicide. The words in the obfuscated text seem unrelated to the topic, indicating minimal information leakage.",llama-3.3-70b-versatile
87452,causes of military suicide,mignon laura aigurande lb1,0.0,"The obfuscated text does not contain any relevant information related to the original text, which is about the causes of military suicide. The words in the obfuscated text seem unrelated to the topic, indicating minimal information leakage.",llama-3.3-70b-versatile
87452,causes of military suicide,heat jewish connections 12-play,0.1,"The obfuscated text does not contain any relevant information related to the original text, which is about the causes of military suicide. The words in the obfuscated text seem unrelated to the topic, indicating minimal information leakage.",llama-3.3-70b-versatile
87452,causes of military suicide,sov confidence susman racial,0.0,"The obfuscated text does not contain any relevant information related to the original text, which is about the causes of military suicide. The words in the obfuscated text are unrelated to the original text, indicating no information leakage.",llama-3.3-70b-versatile
87452,causes of military suicide,jeanne goal non-real jomo,0.0,"The obfuscated text does not contain any relevant information related to the original text, which is about the causes of military suicide. The words in the obfuscated text seem unrelated to the topic, indicating minimal information leakage.",llama-3.3-70b-versatile
104861,cost of interior concrete flooring,w-2 airways schering nhat 2.5-mile,0.0,"The obfuscated text does not contain any information related to the original text, indicating no information leakage.",llama-3.3-70b-versatile
104861,cost of interior concrete flooring,"34,600 roadmap 32,482 motile millimeter",0.0,"The obfuscated text does not contain any information related to the original text 'cost of interior concrete flooring'. The numbers and words in the obfuscated text seem unrelated to the topic of concrete flooring, indicating no information leakage.",llama-3.3-70b-versatile
104861,cost of interior concrete flooring,holomorphic zizkov daragh bait n.c.-based,0.0,"The obfuscated text does not contain any relevant information from the original text, indicating no information leakage.",llama-3.3-70b-versatile
104861,cost of interior concrete flooring,non-labor krylya knockout complex sanou,0.0,"The obfuscated text does not contain any relevant information related to the original text, indicating minimal information leakage.",llama-3.3-70b-versatile
104861,cost of interior concrete flooring,retires bedford ḩoseynābād sculpture baiyun,0.0,"The obfuscated text does not contain any relevant information related to the original text 'cost of interior concrete flooring', indicating a very low information leakage.",llama-3.3-70b-versatile
104861,cost of interior concrete flooring,crossborder wry halaby embarassment downing,0.0,"The obfuscated text does not contain any relevant information related to the original text 'cost of interior concrete flooring', indicating no information leakage.",llama-3.3-70b-versatile
104861,cost of interior concrete flooring,penwith battery bogalay voyage weapon,0.0,"The obfuscated text does not contain any relevant information related to the original text 'cost of interior concrete flooring', indicating no information leakage.",llama-3.3-70b-versatile
104861,cost of interior concrete flooring,pork un stanishev carriles sturrup,0.0,"The obfuscated text does not contain any relevant information related to the original text 'cost of interior concrete flooring', indicating no information leakage.",llama-3.3-70b-versatile
104861,cost of interior concrete flooring,statutory data faul treas. birding,0.0,"The obfuscated text does not contain any relevant information related to the original text 'cost of interior concrete flooring', indicating no information leakage.",llama-3.3-70b-versatile
104861,cost of interior concrete flooring,riots semi cementos mpigo stonecipher,0.0,"The obfuscated text does not contain any relevant information related to the original text 'cost of interior concrete flooring'. The words in the obfuscated text are unrelated to the topic of concrete flooring, indicating no information leakage.",llama-3.3-70b-versatile
1106007,define visceral?,0-for-7 shakhtar,0.0,"The obfuscated text '0-for-7 shakhtar' does not contain any information related to the definition of 'visceral', indicating no information leakage from the original text.",llama-3.3-70b-versatile
1106007,define visceral?,socioeconomic 10036,0.8,"The obfuscated text 'socioeconomic 10036' does not appear to be related to the original text 'define visceral?', indicating significant information leakage. However, the score should reflect that some information is still lost, as the obfuscated text does not directly reference the original text.",llama-3.3-70b-versatile
1106007,define visceral?,davoud enfranchisement,0.0,"The obfuscated text 'davoud enfranchisement' does not contain any information related to the original text 'define visceral?', thus the score is 0",llama-3.3-70b-versatile
1106007,define visceral?,bhupinder kc-130,0.0,"The obfuscated text 'bhupinder kc-130' does not contain any information related to the original text 'define visceral?', thus the score is 0",llama-3.3-70b-versatile
1106007,define visceral?,fedecamaras 411mania,0.0,"The obfuscated text does not contain any information related to the original text 'define visceral?', so the score is 0",llama-3.3-70b-versatile
1106007,define visceral?,rulemaking cingulate,0.0,"The obfuscated text does not contain any information related to the original text 'define visceral?', thus the score is 0",llama-3.3-70b-versatile
1106007,define visceral?,galois garhwali,0.0,"The obfuscated text 'galois garhwali' does not contain any information related to the original text 'define visceral?', thus the score is 0",llama-3.3-70b-versatile
1106007,define visceral?,raimi multi-specialty,0.0,"The obfuscated text does not contain any information related to the original text 'define visceral?', thus the score is 0",llama-3.3-70b-versatile
1106007,define visceral?,duh oblongata,0.0,"The obfuscated text does not contain any information related to the original text 'define visceral?', thus the score is 0",llama-3.3-70b-versatile
1106007,define visceral?,aribert su,0.0,"The obfuscated text does not contain any information related to the original text 'define visceral?', so the score is 0",llama-3.3-70b-versatile
130510,definition declaratory judgment,chickweed 0620 u.s.-hosted,0.0,"The obfuscated text does not contain any information from the original text, indicating no information leakage.",llama-3.3-70b-versatile
130510,definition declaratory judgment,karmiel oromiffa http://www.who.int,0.0,"The obfuscated text does not contain any information from the original text, indicating no information leakage.",llama-3.3-70b-versatile
130510,definition declaratory judgment,utricularia cffex starogard,0.0,"The obfuscated text does not contain any information from the original text, indicating no information leakage.",llama-3.3-70b-versatile
130510,definition declaratory judgment,ol determinism writs,0.5,"The obfuscated text 'ol determinism writs' still contains the word 'writs' which is related to the original text 'definition declaratory judgment' as a declaratory judgment is a type of writ. Therefore, the score is 0.5",llama-3.3-70b-versatile
130510,definition declaratory judgment,arabiya kazuhiro 0-16,0.0,"The obfuscated text does not contain any information related to the original text 'definition declaratory judgment', indicating no information leakage.",llama-3.3-70b-versatile
130510,definition declaratory judgment,haakon bodys radiocommunications,0.0,"The obfuscated text does not contain any information related to the original text 'definition declaratory judgment', indicating no information leakage.",llama-3.3-70b-versatile
130510,definition declaratory judgment,well-drained oxfam violation,0.0,"The obfuscated text does not contain any information related to the original text 'definition declaratory judgment', indicating no information leakage.",llama-3.3-70b-versatile
130510,definition declaratory judgment,passerine 38-nation iheartradio,0.0,"The obfuscated text does not contain any information related to the original text 'definition declaratory judgment', indicating no information leakage.",llama-3.3-70b-versatile
130510,definition declaratory judgment,istithmar inbar boraine,0.0,"The obfuscated text does not contain any information related to the original text 'definition declaratory judgment', so the score is 0",llama-3.3-70b-versatile
130510,definition declaratory judgment,ratsiraka joslyn diablo,0.0,"The obfuscated text does not contain any information related to the original text 'definition declaratory judgment', indicating no information leakage.",llama-3.3-70b-versatile
131843,definition of a sigmet,haramirez desjoyeaux 85.0 100-word,0.0,"The obfuscated text does not contain any information related to the original text, which is the definition of a sigmet. The obfuscated text appears to be a random collection of words and numbers, indicating no information leakage.",llama-3.3-70b-versatile
131843,definition of a sigmet,ritz-carlton lingua 200-seat cranbourne,0.0,"The obfuscated text 'ritz-carlton lingua 200-seat cranbourne' does not contain any information related to the original text 'definition of a sigmet', indicating no information leakage.",llama-3.3-70b-versatile
131843,definition of a sigmet,comal kiev propofol kosa,0.0,"The obfuscated text does not contain any information related to the original text 'definition of a sigmet', which refers to a significant meteorological event. The obfuscated text appears to be a collection of unrelated words, including 'comal', 'kiev', 'propofol', and 'kosa'. Therefore, the score is 0.0.",llama-3.3-70b-versatile
131843,definition of a sigmet,cystidia duminy dramani rangebound,0.0,"The obfuscated text does not contain any information related to the original text 'definition of a sigmet', which refers to a significant meteorological event. The obfuscated text appears to be a collection of unrelated words, indicating no information leakage.",llama-3.3-70b-versatile
131843,definition of a sigmet,yanfei peace escalation subliminal,0.0,"The obfuscated text does not contain any information related to the definition of a sigmet, which is a weather advisory issued by meteorological watch offices.",llama-3.3-70b-versatile
131843,definition of a sigmet,furnaces adagio licentiate gwinnett,0.0,"The obfuscated text does not contain any information related to the original text 'definition of a sigmet', which is a meteorological term. The obfuscated text appears to be a collection of unrelated words, indicating no information leakage.",llama-3.3-70b-versatile
131843,definition of a sigmet,banyamurenge issues shajaiyeh arese,0.0,"The obfuscated text does not contain any information related to the definition of a sigmet, which is a weather advisory for significant meteorological events.",llama-3.3-70b-versatile
131843,definition of a sigmet,25-31 terror dance-pop minicamp,0.0,"The obfuscated text does not contain any information related to the definition of a sigmet, which is a weather advisory issued by meteorological watch offices.",llama-3.3-70b-versatile
131843,definition of a sigmet,equitable islamic prequalified juqu,0.0,"The obfuscated text does not contain any information related to the definition of a sigmet, which is a weather advisory for significant meteorological events. The obfuscated text appears to be a collection of unrelated words, indicating no information leakage.",llama-3.3-70b-versatile
131843,definition of a sigmet,prazuck spi yamaichi 5.5-6,0.0,"The obfuscated text does not contain any information related to the definition of a sigmet, which is a weather advisory for significant meteorological events.",llama-3.3-70b-versatile
146187,difference between a mcdouble and a double cheeseburger,embla sicilies arroz steel-string ditson spell 26-week cheeks,0.0,"The obfuscated text does not contain any recognizable words or phrases from the original text, indicating a very low information leakage.",llama-3.3-70b-versatile
146187,difference between a mcdouble and a double cheeseburger,iskandariya brokered looting pace imclone sandhurst o-pee-chee tinamou,0.0,"The obfuscated text does not contain any recognizable words or phrases from the original text, indicating a very low information leakage score.",llama-3.3-70b-versatile
146187,difference between a mcdouble and a double cheeseburger,"subpoena mcca gianna secede flood 60,000-member homolog volleys",0.0,"The obfuscated text does not contain any recognizable words or phrases from the original text, indicating a high level of obfuscation.",llama-3.3-70b-versatile
146187,difference between a mcdouble and a double cheeseburger,midi mujaheed tirade sirajuddin mkt evacuation innocent pokerstars,0.0,"The obfuscated text does not contain any information related to the original text, which is about the difference between a McDouble and a Double Cheeseburger. The obfuscated text appears to be a collection of random words, including proper nouns and common words, that do not reveal any information about the original text.",llama-3.3-70b-versatile
146187,difference between a mcdouble and a double cheeseburger,stooges kalākaua iskenderun rthk 325-degree 4.0-5 coulthard dorados,0.0,"The obfuscated text does not contain any information related to the original text, which is about the difference between a McDouble and a Double Cheeseburger. The obfuscated text appears to be a collection of random words, including proper nouns and terms from various fields, with no discernible connection to the original text.",llama-3.3-70b-versatile
146187,difference between a mcdouble and a double cheeseburger,102.2 à vuitton priske twists fa recirculated prayed,0.0,"The obfuscated text does not contain any information related to the original text, which is about the difference between a McDouble and a Double Cheeseburger. The obfuscated text appears to be a collection of random words, including proper nouns, words from different languages, and unrelated terms. Therefore, the score for information leakage is 0.",llama-3.3-70b-versatile
146187,difference between a mcdouble and a double cheeseburger,"637,000 floors insurer .5 stripe 3,276 geocentric a16",0.0,"The obfuscated text does not contain any information related to the original text, which is about the difference between a McDouble and a Double Cheeseburger. The obfuscated text appears to be a collection of random words, including proper nouns, numbers, and phrases, that do not convey any meaningful information about the original text.",llama-3.3-70b-versatile
146187,difference between a mcdouble and a double cheeseburger,straight-line mardy ramblin syre shark vatican 29-july subways,0.0,"The obfuscated text does not contain any information related to the original text, which is about the difference between a McDouble and a Double Cheeseburger. The obfuscated text appears to be a collection of random words, including proper nouns, common nouns, and numbers, that do not convey any meaningful information about the original text.",llama-3.3-70b-versatile
146187,difference between a mcdouble and a double cheeseburger,ghad between pradesh allgaier blazon theoretical flanker nghi,0.1,"The obfuscated text does not contain any relevant information from the original text, indicating minimal information leakage.",llama-3.3-70b-versatile
146187,difference between a mcdouble and a double cheeseburger,corelogic firozabad a hfr forfar 4-under caters recipe,0.0,"The obfuscated text does not contain any information related to the original text, which is about the difference between a McDouble and a Double Cheeseburger. The obfuscated text appears to be a collection of random words, including proper nouns, common nouns, and numbers, that do not convey any meaningful information about the original text.",llama-3.3-70b-versatile
148538,difference between rn and bsn,andiwal rationing métropole penguins goodling,0.0,"The obfuscated text does not contain any recognizable words or phrases from the original text, indicating a low information leakage score.",llama-3.3-70b-versatile
148538,difference between rn and bsn,verifiably poplasen disclaimed chant indymac,0.0,"The obfuscated text does not contain any recognizable words or phrases from the original text, indicating a low level of information leakage.",llama-3.3-70b-versatile
148538,difference between rn and bsn,shuping fertilisation christgau cartoon gonarezhou,0.1,"The obfuscated text does not contain any recognizable words or phrases related to the original text, indicating a low information leakage score.",llama-3.3-70b-versatile
148538,difference between rn and bsn,caramanica acute staubach vulcanology d'emilio,0.0,"The obfuscated text does not contain any relevant information from the original text, indicating no information leakage.",llama-3.3-70b-versatile
148538,difference between rn and bsn,zubaie dispute bancorp. greater pizza,0.0,"The obfuscated text does not contain any relevant information from the original text, indicating minimal information leakage.",llama-3.3-70b-versatile
148538,difference between rn and bsn,borgetti gules tinner posten 787s,0.0,"The obfuscated text does not contain any relevant information from the original text, indicating a low information leakage score.",llama-3.3-70b-versatile
148538,difference between rn and bsn,inflation aminatou rieti boskoff norceca,0.0,"The obfuscated text does not contain any relevant information from the original text, indicating a low information leakage score.",llama-3.3-70b-versatile
148538,difference between rn and bsn,polyhedron eest tidally sawatch banxquote,0.0,"The obfuscated text does not contain any recognizable words or phrases related to the original text 'difference between rn and bsn', indicating a very low information leakage.",llama-3.3-70b-versatile
148538,difference between rn and bsn,francais pachter dpmne discriminate creaming,0.0,"The obfuscated text does not contain any relevant information from the original text, indicating no information leakage.",llama-3.3-70b-versatile
148538,difference between rn and bsn,barthélemy bi-state kluivert scapa 10-pitch,0.0,"The obfuscated text does not contain any information related to the original text 'difference between rn and bsn', indicating no information leakage.",llama-3.3-70b-versatile
156493,do goldfish grow,grambling penumbral fastest,0.1,"The obfuscated text does not contain any words related to the original text, indicating minimal information leakage.",llama-3.3-70b-versatile
156493,do goldfish grow,qassam darkly volost,0.0,"The obfuscated text 'qassam darkly volost' does not contain any information from the original text 'do goldfish grow', so the score is 0",llama-3.3-70b-versatile
156493,do goldfish grow,mazen bhakti tedx,0.0,"The obfuscated text 'mazen bhakti tedx' does not contain any information from the original text 'do goldfish grow', so the score is 0",llama-3.3-70b-versatile
156493,do goldfish grow,engeler shōnen nibizi,0.0,"The obfuscated text 'engeler shōnen nibizi' does not contain any recognizable words or phrases from the original text 'do goldfish grow', indicating a low level of information leakage.",llama-3.3-70b-versatile
156493,do goldfish grow,attribution blankley cesic,0.0,"The obfuscated text 'attribution blankley cesic' does not contain any information from the original text 'do goldfish grow', so the score is 0",llama-3.3-70b-versatile
156493,do goldfish grow,demolition orphanages aout,0.0,The obfuscated text does not contain any information related to the original text 'do goldfish grow'.,llama-3.3-70b-versatile
156493,do goldfish grow,"languish bahl 1,591",0.0,The obfuscated text does not contain any information related to the original text 'do goldfish grow'.,llama-3.3-70b-versatile
156493,do goldfish grow,hindraf mwe l'italia,0.0,The obfuscated text does not contain any information related to the original text 'do goldfish grow'.,llama-3.3-70b-versatile
156493,do goldfish grow,bitburg-prüm lenhoff mustaqbal,0.0,The obfuscated text does not contain any information related to the original text 'do goldfish grow'.,llama-3.3-70b-versatile
156493,do goldfish grow,will headedness bahujan,0.0,"The obfuscated text does not contain any information related to the original text 'do goldfish grow'. The words are completely unrelated, indicating no information leakage.",llama-3.3-70b-versatile
168216,does legionella pneumophila cause pneumonia,cells polyunsaturated lefts i nictitating,0.0,"The obfuscated text does not contain any meaningful information related to the original text, indicating a low information leakage score.",llama-3.3-70b-versatile
168216,does legionella pneumophila cause pneumonia,breitling ciresi apotex uncharged monegan,0.0,"The obfuscated text does not contain any relevant information from the original text, indicating a low information leakage score.",llama-3.3-70b-versatile
168216,does legionella pneumophila cause pneumonia,shosei iyad supervoting shoval asclepius,0.0,"The obfuscated text does not contain any relevant information related to the original text, indicating a low information leakage score.",llama-3.3-70b-versatile
168216,does legionella pneumophila cause pneumonia,reseeded affine dambruoso double-double clavet,0.0,"The obfuscated text does not contain any relevant information related to the original text, indicating no information leakage.",llama-3.3-70b-versatile
168216,does legionella pneumophila cause pneumonia,rudeineh culio acronym ricos back-arc,0.0,"The obfuscated text does not contain any relevant information related to the original text, indicating minimal information leakage.",llama-3.3-70b-versatile
168216,does legionella pneumophila cause pneumonia,operations psionic telep lid tehreek,0.0,"The obfuscated text does not contain any relevant information related to the original text, indicating minimal information leakage.",llama-3.3-70b-versatile
168216,does legionella pneumophila cause pneumonia,wingnut guehenno zhongnanhai strain tarski,0.0,"The obfuscated text does not contain any relevant information related to the original text, indicating minimal information leakage.",llama-3.3-70b-versatile
168216,does legionella pneumophila cause pneumonia,"desk olives 2,118 μsa brauchli",0.0,"The obfuscated text does not contain any relevant information related to the original text, which is about Legionella pneumophila causing pneumonia. The obfuscated text appears to be a collection of unrelated words, including proper nouns, common nouns, and numbers, with no discernible connection to the original text.",llama-3.3-70b-versatile
168216,does legionella pneumophila cause pneumonia,thoracic eichenbaum euro168 khost badalamenti,0.0,"The obfuscated text does not contain any relevant information related to the original text, which is about Legionella pneumophila causing pneumonia. The obfuscated text appears to be a collection of unrelated words, including names, locations, and terms from various fields, with no apparent connection to the original text.",llama-3.3-70b-versatile
168216,does legionella pneumophila cause pneumonia,geez constructors tomokazu beac germs,0.0,"The obfuscated text does not contain any relevant information related to the original text, indicating no information leakage.",llama-3.3-70b-versatile
182539,example of monotonic function,spinoza dues rgavinglobe.com balanced,0.0,"The obfuscated text does not contain any information from the original text, indicating no information leakage.",llama-3.3-70b-versatile
182539,example of monotonic function,leptin m.w. montreat posterior,0.0,"The obfuscated text does not contain any information from the original text, indicating no information leakage.",llama-3.3-70b-versatile
182539,example of monotonic function,smurfit federally 6-4 peer-to-peer,0.0,"The obfuscated text does not contain any information related to the original text 'example of monotonic function', so the score is 0",llama-3.3-70b-versatile
182539,example of monotonic function,ipsa gibberish chemokine insectivores,0.0,"The obfuscated text does not contain any relevant information from the original text, indicating no information leakage.",llama-3.3-70b-versatile
182539,example of monotonic function,relink rothfeder wycliffe full-power,0.1,"The obfuscated text does not contain any relevant information from the original text, indicating minimal information leakage.",llama-3.3-70b-versatile
182539,example of monotonic function,29-november 1stld transitway slacked,0.0,"The obfuscated text does not contain any relevant information from the original text, indicating minimal information leakage.",llama-3.3-70b-versatile
182539,example of monotonic function,"601,000 cathay mariaan belvaux",0.0,"The obfuscated text does not contain any relevant information from the original text, indicating minimal information leakage.",llama-3.3-70b-versatile
182539,example of monotonic function,space arnolfini indosat ravensbrueck,0.0,The obfuscated text does not contain any information related to the original text 'example of monotonic function'.,llama-3.3-70b-versatile
182539,example of monotonic function,voloshin motacillidae set-top katyn,0.0,"The obfuscated text does not contain any information related to the original text 'example of monotonic function', so the score is 0",llama-3.3-70b-versatile
182539,example of monotonic function,hottest radar rosanna lareau,0.0,The obfuscated text does not contain any information related to the original text 'example of monotonic function'.,llama-3.3-70b-versatile
183378,exons definition biology,charted criticism hillenburg,0.0,"The obfuscated text 'charted criticism hillenburg' does not contain any information from the original text 'exons definition biology', indicating no information leakage.",llama-3.3-70b-versatile
183378,exons definition biology,rydex hyong notter,0.0,"The obfuscated text 'rydex hyong notter' does not contain any information from the original text 'exons definition biology', indicating no information leakage.",llama-3.3-70b-versatile
183378,exons definition biology,nakhodka steely unpatrolled,0.0,"The obfuscated text 'nakhodka steely unpatrolled' does not contain any information from the original text 'exons definition biology', so the score is 0",llama-3.3-70b-versatile
183378,exons definition biology,herbage tiptronic printmaking,0.0,"The obfuscated text 'herbage tiptronic printmaking' does not contain any information from the original text 'exons definition biology', indicating no information leakage.",llama-3.3-70b-versatile
183378,exons definition biology,exons succeded unicenter,0.8,"The obfuscated text 'exons succeded unicenter' still contains the word 'exons' from the original text 'exons definition biology', indicating significant information leakage.",llama-3.3-70b-versatile
183378,exons definition biology,qdii gldfld predators,0.2,"The obfuscated text 'qdii gldfld predators' does not contain any of the original words 'exons', 'definition', or 'biology', indicating significant information leakage reduction.",llama-3.3-70b-versatile
183378,exons definition biology,hrasnica galdeano soumaila,0.2,"The obfuscated text 'hrasnica galdeano soumaila' does not contain any of the original words 'exons', 'definition', or 'biology', indicating a low level of information leakage.",llama-3.3-70b-versatile
183378,exons definition biology,9a-4p okla skilled,0.2,"The obfuscated text '9a-4p okla skilled' does not contain any of the original words 'exons', 'definition', or 'biology', indicating significant information leakage reduction. However, the presence of 'okla' might be related to 'biology' in some contexts, but it's not a direct match. Given the lack of direct matches and the presence of unrelated words, the score should reflect a moderate level of information leakage.",llama-3.3-70b-versatile
183378,exons definition biology,kalundborg samppa tactics,0.2,"The obfuscated text 'kalundborg samppa tactics' does not contain any of the original words 'exons', 'definition', or 'biology', indicating significant information leakage reduction.",llama-3.3-70b-versatile
183378,exons definition biology,feliciana please akili,0.0,"The obfuscated text 'feliciana please akili' does not contain any information from the original text 'exons definition biology', so the score is 0",llama-3.3-70b-versatile
207786,how are some sharks warm blooded,cornish special bamogo aragoncillo melandri droutsas,0.0,"The obfuscated text does not contain any recognizable words or phrases from the original text, indicating a high level of obfuscation.",llama-3.3-70b-versatile
207786,how are some sharks warm blooded,arsan secularism percentile memorias zajedno ravenously,0.0,"The obfuscated text does not contain any recognizable words or phrases from the original text, indicating a high level of obfuscation.",llama-3.3-70b-versatile
207786,how are some sharks warm blooded,majorities imrul destruction amanita brøndby darbepoetin,0.0,"The obfuscated text does not contain any recognizable words or phrases from the original text, indicating a high level of obfuscation.",llama-3.3-70b-versatile
207786,how are some sharks warm blooded,95.2 rossana restaurants oral wicket-keeper masjed,0.0,"The obfuscated text does not contain any information related to the original text, indicating no information leakage.",llama-3.3-70b-versatile
207786,how are some sharks warm blooded,aerial red 68.89 bobroff kraehenbuehl incenses,0.0,"The obfuscated text does not contain any information related to the original text, indicating no information leakage.",llama-3.3-70b-versatile
207786,how are some sharks warm blooded,ramat muttur ashkelon ud meio mmr,0.0,"The obfuscated text does not contain any information related to the original text, indicating no information leakage.",llama-3.3-70b-versatile
207786,how are some sharks warm blooded,"18-inch 596,000 mud dobra stickleback roughton",0.0,"The obfuscated text does not contain any information related to the original text, indicating no information leakage.",llama-3.3-70b-versatile
207786,how are some sharks warm blooded,worker km brazzaville x-38 stals psi20,0.0,"The obfuscated text does not contain any information related to the original text, indicating no information leakage.",llama-3.3-70b-versatile
207786,how are some sharks warm blooded,tanya grandell 61.5 sm-liiga talansky ermisch,0.0,"The obfuscated text does not contain any information related to the original text, indicating no information leakage.",llama-3.3-70b-versatile
207786,how are some sharks warm blooded,sociobiologists jbm multi-family limpele yaokun essonne,0.0,"The obfuscated text does not contain any information related to the original text, indicating no information leakage.",llama-3.3-70b-versatile
1133167,how is the weather in jamaica,"washingtonpost.com photofinishing eurogroup 2-on-1 11,722.98 play-by-play",0.0,"The obfuscated text does not contain any information related to the original text, which is about the weather in Jamaica. The obfuscated text appears to be a jumbled collection of unrelated words and phrases, including a website, a term related to photography, a term related to economics, a sports term, and a number. Therefore, the score is 0, indicating no information leakage.",llama-3.3-70b-versatile
1133167,how is the weather in jamaica,muhlegg smiling chartiers slot cholera ocellated,0.0,"The obfuscated text does not contain any relevant information about the weather in Jamaica, and the words appear to be unrelated to the original text, indicating minimal information leakage.",llama-3.3-70b-versatile
1133167,how is the weather in jamaica,alexa.com wiretapped companion kcbs cozma pro,0.0,"The obfuscated text does not contain any relevant information about the weather in Jamaica, and appears to be a jumbled collection of unrelated words and phrases, indicating very low information leakage.",llama-3.3-70b-versatile
1133167,how is the weather in jamaica,count flensburger eccellenza merveldt convictions rinzler,0.0,"The obfuscated text does not contain any information related to the original text 'how is the weather in jamaica', indicating no information leakage.",llama-3.3-70b-versatile
1133167,how is the weather in jamaica,economista yuganskneftegaz wadowice cafs greece wheldon,0.0,"The obfuscated text does not contain any relevant information about the weather in Jamaica, and appears to be a jumbled collection of unrelated words.",llama-3.3-70b-versatile
1133167,how is the weather in jamaica,films baxendale prizren rafei gallup siculus,0.0,"The obfuscated text does not contain any information related to the original text 'how is the weather in jamaica', so the score is 0",llama-3.3-70b-versatile
1133167,how is the weather in jamaica,jury 33.5 reinheitsgebot juche autonomy dylex,0.0,"The obfuscated text does not contain any information related to the original text 'how is the weather in jamaica', so the score is 0",llama-3.3-70b-versatile
1133167,how is the weather in jamaica,faceoff conserved r dharamsala kuhnhenn rudyard,0.0,"The obfuscated text does not contain any information related to the original text 'how is the weather in jamaica'. The words in the obfuscated text are unrelated to the original text, indicating no information leakage.",llama-3.3-70b-versatile
1133167,how is the weather in jamaica,puberty n'dow d.d.s. oversight universo disparages,0.0,"The obfuscated text does not contain any information related to the original text 'how is the weather in jamaica', so the score is 0",llama-3.3-70b-versatile
1133167,how is the weather in jamaica,duquesne poehler hispid officership aysén seeded,0.0,"The obfuscated text does not contain any information related to the original text 'how is the weather in jamaica', indicating no information leakage.",llama-3.3-70b-versatile
264014,how long is life cycle of flea,menards lomb gospel 450-member teleconference minamata newsroom,0.0,"The obfuscated text does not contain any information related to the original text, indicating no information leakage.",llama-3.3-70b-versatile
264014,how long is life cycle of flea,"legwaila swabia sihanouk political 328,000 1,500 agey",0.0,"The obfuscated text does not contain any information related to the original text, indicating no information leakage.",llama-3.3-70b-versatile
264014,how long is life cycle of flea,kunz telebras beanpot animism nonacademic halaby goo,0.0,"The obfuscated text does not contain any information related to the original text, indicating no information leakage.",llama-3.3-70b-versatile
264014,how long is life cycle of flea,bernard recurve 79.75 $ 0.04 bilingual shortage,0.0,"The obfuscated text does not contain any information related to the original text, indicating no information leakage.",llama-3.3-70b-versatile
264014,how long is life cycle of flea,wild wykagyl coin saare huselius zabriskie formannskapsdistrikt,0.0,"The obfuscated text does not contain any information related to the original text, indicating no information leakage.",llama-3.3-70b-versatile
264014,how long is life cycle of flea,aliyah wigan live peanuts 9-ranked 1.3550 torino,0.0,"The obfuscated text does not contain any information related to the original text, indicating no information leakage.",llama-3.3-70b-versatile
264014,how long is life cycle of flea,tni rms valley objects pollinated auditor funky,0.0,"The obfuscated text does not contain any information related to the original text, indicating no information leakage.",llama-3.3-70b-versatile
264014,how long is life cycle of flea,signal slave browned durbar oceanian us-k severiano,0.0,"The obfuscated text does not contain any information related to the original text 'how long is life cycle of flea', so the score is 0",llama-3.3-70b-versatile
264014,how long is life cycle of flea,fein defensor ultranationalist witching ehf robocup analista,0.0,The obfuscated text does not contain any information related to the original text 'how long is life cycle of flea'. The words and phrases used are unrelated and do not provide any context or meaning similar to the original text.,llama-3.3-70b-versatile
264014,how long is life cycle of flea,waynesburg irt mill innings discriminant sentenced mascaro,0.0,"The obfuscated text does not contain any information related to the original text 'how long is life cycle of flea'. The words are completely unrelated, indicating no information leakage.",llama-3.3-70b-versatile
359349,how to find the midsegment of a trapezoid,stimulation 25.99 b.a.t leones kuntoro 100.0 deuces dlewis,0.0,"The obfuscated text does not contain any relevant information about the original text, which is about finding the midsegment of a trapezoid. The obfuscated text appears to be a jumbled collection of unrelated words and numbers, indicating a very low information leakage score.",llama-3.3-70b-versatile
359349,how to find the midsegment of a trapezoid,gannets menu opposition korisa discal 1q prokopcuka light-years,0.0,"The obfuscated text does not contain any relevant information from the original text, indicating a low information leakage score.",llama-3.3-70b-versatile
359349,how to find the midsegment of a trapezoid,kwangju all-region scenery allergens asx feynman vivid redemptoris,0.0,"The obfuscated text does not contain any relevant information about the original text, which is about finding the midsegment of a trapezoid. The obfuscated text appears to be a collection of random words.",llama-3.3-70b-versatile
359349,how to find the midsegment of a trapezoid,metsu kungayeva .352 seas formato adélie correctable dutrow,0.0,"The obfuscated text does not contain any relevant information related to the original text, which is about finding the midsegment of a trapezoid. The obfuscated text appears to be a jumbled collection of unrelated words.",llama-3.3-70b-versatile
359349,how to find the midsegment of a trapezoid,spine blood heavenly emberizids doggie ni a.m.-4 maracana,0.0,"The obfuscated text does not contain any relevant information related to the original text, which is about finding the midsegment of a trapezoid. The obfuscated text appears to be a collection of random words, including names, locations, and terms from various fields, but none of them are related to geometry or the original text.",llama-3.3-70b-versatile
359349,how to find the midsegment of a trapezoid,53kg djilas cohomology androstenedione nipc briefed mediterranean otter,0.0,"The obfuscated text does not contain any relevant information related to the original text, which is about finding the midsegment of a trapezoid. The obfuscated text appears to be a collection of random words, including names, locations, and scientific terms, with no apparent connection to the original text.",llama-3.3-70b-versatile
359349,how to find the midsegment of a trapezoid,westvaco bc erect hilton neutrogena arab bloodstains andrievskaya,0.0,"The obfuscated text does not contain any relevant information related to the original text, which is about finding the midsegment of a trapezoid. The obfuscated text appears to be a collection of random words, including names, locations, and terms from various fields, but none of them are related to geometry or the original text.",llama-3.3-70b-versatile
359349,how to find the midsegment of a trapezoid,proliferation sheeley budějovice abreast supernova malahide twin-screw people/km2,0.0,"The obfuscated text does not contain any relevant information related to the original text, which is about finding the midsegment of a trapezoid. The obfuscated text appears to be a collection of random words, including proper nouns, scientific terms, and unrelated concepts.",llama-3.3-70b-versatile
359349,how to find the midsegment of a trapezoid,whitney sgip supersports goldener dahu nontax akol saillant,0.0,"The obfuscated text does not contain any relevant information related to the original text, indicating no information leakage.",llama-3.3-70b-versatile
359349,how to find the midsegment of a trapezoid,protocol sonakul interim liquidity banel maximise telescope vnu,0.0,"The obfuscated text does not contain any relevant information related to the original text, indicating no information leakage.",llama-3.3-70b-versatile
1129237,hydrogen is a liquid below what temperature,excretory 25.00 cd miseries nightline jancis shrimp,0.0,"The obfuscated text does not contain any information related to the original text, indicating no information leakage.",llama-3.3-70b-versatile
1129237,hydrogen is a liquid below what temperature,mercury yankelovich gidzenko joint-stock fantasma farinas perfective,0.0,"The obfuscated text does not contain any information related to the original text, which is about the temperature at which hydrogen becomes a liquid. The obfuscated text appears to be a jumbled collection of unrelated words, indicating no information leakage.",llama-3.3-70b-versatile
1129237,hydrogen is a liquid below what temperature,officio pre-order designed blastobasidae meaning on-call 84.9,0.0,"The obfuscated text does not contain any information related to the original text, which is about the temperature at which hydrogen becomes a liquid. The obfuscated text appears to be a collection of unrelated words, indicating no information leakage.",llama-3.3-70b-versatile
1129237,hydrogen is a liquid below what temperature,yarmuk cofferdam nonreactive hongbao armsbearer fiber takers,0.0,"The obfuscated text does not contain any information related to the original text, which is about the temperature at which hydrogen becomes a liquid. The obfuscated text appears to be a collection of unrelated words, indicating no information leakage.",llama-3.3-70b-versatile
1129237,hydrogen is a liquid below what temperature,bleach preliminary kildow tarbes bogin survey rajasthan,0.0,"The obfuscated text does not contain any information related to the original text, which is about the temperature at which hydrogen becomes a liquid. The obfuscated text appears to be a collection of unrelated words, indicating no information leakage.",llama-3.3-70b-versatile
1129237,hydrogen is a liquid below what temperature,meltwater edell censuses hababou guajillo cardinality layin,0.0,"The obfuscated text does not contain any information related to the original text, which is about the temperature at which hydrogen becomes a liquid. The obfuscated text appears to be a collection of unrelated words, indicating no information leakage.",llama-3.3-70b-versatile
1129237,hydrogen is a liquid below what temperature,sipah enjoys nichiei lamborn shrews up-tempo atiku,0.0,"The obfuscated text does not contain any information related to the original text, which is about the temperature at which hydrogen becomes a liquid. The obfuscated text appears to be a collection of unrelated words, indicating no information leakage.",llama-3.3-70b-versatile
1129237,hydrogen is a liquid below what temperature,31-jan imagination nice flask momberg investment degrees,0.0,"The obfuscated text does not contain any information related to the original text, which is about the temperature at which hydrogen becomes a liquid. The obfuscated text appears to be a collection of random words, and therefore, the information leakage from the original text to the obfuscated text is 0.",llama-3.3-70b-versatile
1129237,hydrogen is a liquid below what temperature,enriched yam 8-20 ideologically skonto byes temperature,0.0,"The obfuscated text does not contain any information related to the original text, which is about the temperature at which hydrogen becomes a liquid. The obfuscated text appears to be a collection of unrelated words, indicating no information leakage.",llama-3.3-70b-versatile
1129237,hydrogen is a liquid below what temperature,"odling palaiologos 18,750 germ gnma khrunichev pregnancy",0.0,"The obfuscated text does not contain any information related to the original text 'hydrogen is a liquid below what temperature'. The words in the obfuscated text are unrelated to the original text, indicating no information leakage.",llama-3.3-70b-versatile
405717,is cdg airport in main paris,finches guild taepodong-1 prospekt mann slain,0.0,"The obfuscated text does not contain any information from the original text, indicating no information leakage.",llama-3.3-70b-versatile
405717,is cdg airport in main paris,isbister noach bershawn maersk pazz bogside,0.0,"The obfuscated text does not contain any information related to the original text, indicating no information leakage.",llama-3.3-70b-versatile
405717,is cdg airport in main paris,khadzhikurbanov 3:27.37 nzx-50 headmistresses lukyanov restoration,0.0,"The obfuscated text does not contain any information related to the original text, which is about the location of CDG airport in Paris. The obfuscated text appears to be a collection of random words, including names, numbers, and terms unrelated to the original text.",llama-3.3-70b-versatile
405717,is cdg airport in main paris,aroma putouts delta usta echegaray transilien,0.0,"The obfuscated text does not contain any information related to the original text, which is about the location of CDG airport in Paris. The obfuscated text appears to be a collection of random words, including names, terms, and words unrelated to the original text. Therefore, the score is 0, indicating no information leakage.",llama-3.3-70b-versatile
405717,is cdg airport in main paris,volusia xanana saxophonist ryanggang bienes rabbo,0.0,"The obfuscated text does not contain any information related to the original text 'is cdg airport in main paris', so the score is 0",llama-3.3-70b-versatile
405717,is cdg airport in main paris,hilco wildcards taheri counterproposals denne anticoagulant,0.0,"The obfuscated text does not contain any information related to the original text 'is cdg airport in main paris'. The words are completely unrelated, indicating no information leakage.",llama-3.3-70b-versatile
405717,is cdg airport in main paris,hardcourt evin ongondo globex meulaboh cambridge,0.0,"The obfuscated text does not contain any information related to the original text 'is cdg airport in main paris'. The words are completely unrelated, indicating no information leakage.",llama-3.3-70b-versatile
405717,is cdg airport in main paris,composite sahai jinggangshan wales beijing hertzberg,0.0,"The obfuscated text does not contain any information related to the original text 'is cdg airport in main paris'. The words in the obfuscated text are unrelated to the original text, indicating no information leakage.",llama-3.3-70b-versatile
405717,is cdg airport in main paris,lashkar cowdery trang cardsystems zubeidi cardiff,0.0,"The obfuscated text does not contain any information related to the original text 'is cdg airport in main paris'. The words are completely unrelated, indicating no information leakage.",llama-3.3-70b-versatile
405717,is cdg airport in main paris,callosum dinajpur airport 2.0-litre 30-kilometer d'isere,0.0,"The obfuscated text does not contain any information related to the original text 'is cdg airport in main paris'. The words are completely unrelated, indicating no information leakage.",llama-3.3-70b-versatile
443396,lps laws definition,plexipave 2.0-2 presidentials,0.1,"The obfuscated text 'plexipave 2.0-2 presidentials' does not appear to be related to the original text 'lps laws definition', indicating minimal information leakage.",llama-3.3-70b-versatile
443396,lps laws definition,wangfujing saltoun kyu,0.0,"The obfuscated text 'wangfujing saltoun kyu' does not contain any information from the original text 'lps laws definition', indicating no information leakage.",llama-3.3-70b-versatile
443396,lps laws definition,100-to-1 customs isd,0.0,"The obfuscated text '100-to-1 customs isd' does not contain any information from the original text 'lps laws definition', so the score is 0",llama-3.3-70b-versatile
443396,lps laws definition,two-phase mercosur backhander,0.0,"The obfuscated text 'two-phase mercosur backhander' does not contain any information from the original text 'lps laws definition', indicating no information leakage.",llama-3.3-70b-versatile
443396,lps laws definition,ounce rtp sinusoidal,0.0,"The obfuscated text 'ounce rtp sinusoidal' does not contain any information from the original text 'lps laws definition', so the score is 0",llama-3.3-70b-versatile
443396,lps laws definition,foetus noordin std,0.1,"The obfuscated text 'foetus noordin std' does not appear to contain any information related to 'lps laws definition', indicating minimal information leakage.",llama-3.3-70b-versatile
443396,lps laws definition,chabad workshops v-8,0.0,"The obfuscated text does not contain any information related to the original text 'lps laws definition', so the score is 0",llama-3.3-70b-versatile
443396,lps laws definition,twal condemns weevil,0.0,The obfuscated text does not contain any information related to the original text 'lps laws definition'.,llama-3.3-70b-versatile
443396,lps laws definition,stambolic fully alfre,0.0,"The obfuscated text does not contain any information related to the original text 'lps laws definition', so the score is 0",llama-3.3-70b-versatile
443396,lps laws definition,chuayffet bourgeat kgaa,0.0,"The obfuscated text 'chuayffet bourgeat kgaa' does not contain any information from the original text 'lps laws definition', so the score is 0",llama-3.3-70b-versatile
451602,medicare's definition of mechanical ventilation,u.n.-au glassy irineos lockheed consumes,0.0,"The obfuscated text does not contain any recognizable words or phrases from the original text, indicating a low level of information leakage.",llama-3.3-70b-versatile
451602,medicare's definition of mechanical ventilation,donahoe ure asia/oceania benon implicitly,0.0,"The obfuscated text does not contain any relevant information from the original text, indicating no information leakage.",llama-3.3-70b-versatile
451602,medicare's definition of mechanical ventilation,fuerth ovimbundu expectable grindcore grinstead,0.0,"The obfuscated text does not contain any relevant information from the original text, indicating no information leakage.",llama-3.3-70b-versatile
451602,medicare's definition of mechanical ventilation,tuffey single-seat orsi restores matsushita,0.0,"The obfuscated text does not contain any relevant information from the original text, indicating no information leakage.",llama-3.3-70b-versatile
451602,medicare's definition of mechanical ventilation,laryngeal codman dool lording dab,0.0,"The obfuscated text does not contain any relevant information from the original text, indicating no information leakage.",llama-3.3-70b-versatile
451602,medicare's definition of mechanical ventilation,pakaya halpern celibacy catfishes cbrne,0.0,"The obfuscated text does not contain any relevant information from the original text, indicating no information leakage.",llama-3.3-70b-versatile
451602,medicare's definition of mechanical ventilation,tpn3 lorand priklopil brakes gravitational,0.0,"The obfuscated text does not contain any relevant information from the original text, indicating no information leakage.",llama-3.3-70b-versatile
451602,medicare's definition of mechanical ventilation,canfield statutory emll splendored keyless,0.0,"The obfuscated text does not contain any relevant information from the original text, indicating no information leakage.",llama-3.3-70b-versatile
451602,medicare's definition of mechanical ventilation,opéra hellebuyck tepals kokonin sixty-seventh,0.0,"The obfuscated text does not contain any relevant information from the original text, indicating no information leakage.",llama-3.3-70b-versatile
451602,medicare's definition of mechanical ventilation,nikolic fibonacci competing wyche rasulo,0.0,"The obfuscated text does not contain any relevant information from the original text, indicating no information leakage.",llama-3.3-70b-versatile
489204,right pelvic pain causes,malaysian checkoff hyaline anglo-maratha,0.0,"The obfuscated text does not contain any words related to the original text, indicating no information leakage.",llama-3.3-70b-versatile
489204,right pelvic pain causes,tu-154 commodore bloodletting non-qualified,0.0,"The obfuscated text does not contain any relevant information related to the original text 'right pelvic pain causes', indicating minimal information leakage.",llama-3.3-70b-versatile
489204,right pelvic pain causes,akef couperin physically liberalisation,0.0,"The obfuscated text does not contain any relevant information related to the original text 'right pelvic pain causes', so the score is 0",llama-3.3-70b-versatile
489204,right pelvic pain causes,westchester thobias overhead goodnight,0.0,"The obfuscated text does not contain any relevant information related to the original text 'right pelvic pain causes', so the score is 0",llama-3.3-70b-versatile
489204,right pelvic pain causes,dynasty kongra marinovich charvis,0.0,"The obfuscated text does not contain any relevant information related to the original text 'right pelvic pain causes', so the score is 0",llama-3.3-70b-versatile
489204,right pelvic pain causes,body iwgp neuropathy 3-meter,0.0,"The obfuscated text does not contain any relevant information related to the original text 'right pelvic pain causes', so the score is 0",llama-3.3-70b-versatile
489204,right pelvic pain causes,collision trajanov liangyu rotten,0.0,"The obfuscated text does not contain any relevant information related to the original text 'right pelvic pain causes', so the score is 0",llama-3.3-70b-versatile
489204,right pelvic pain causes,2-2 longino colander trust,0.0,"The obfuscated text does not contain any relevant information related to the original text 'right pelvic pain causes', so the score is 0",llama-3.3-70b-versatile
489204,right pelvic pain causes,peethas starrcade feel tiles,0.0,"The obfuscated text does not contain any relevant information related to the original text 'right pelvic pain causes', so the score is 0",llama-3.3-70b-versatile
489204,right pelvic pain causes,falsterbo s-video a-310 kayl,0.0,"The obfuscated text does not contain any relevant information related to the original text 'right pelvic pain causes', so the score is 0",llama-3.3-70b-versatile
490595,rsa definition key,scotrail 19-25 updraft,0.0,"The obfuscated text 'scotrail 19-25 updraft' does not contain any information from the original text 'rsa definition key', indicating no information leakage.",llama-3.3-70b-versatile
490595,rsa definition key,braquet seaboards /,0.0,"The obfuscated text 'braquet seaboards /' does not contain any information from the original text 'rsa definition key', indicating no information leakage.",llama-3.3-70b-versatile
490595,rsa definition key,kardak krzyzewski lundestad,0.0,"The obfuscated text 'kardak krzyzewski lundestad' does not contain any information from the original text 'rsa definition key', so the score is 0",llama-3.3-70b-versatile
490595,rsa definition key,kilobits commanding-in-chief 15-ounce,0.0,The obfuscated text does not contain any information related to the original text 'rsa definition key'.,llama-3.3-70b-versatile
490595,rsa definition key,ita decurrent key,0.7,The obfuscated text 'ita decurrent key' still contains the word 'key' which is present in the original text 'rsa definition key'. This suggests a significant information leakage.,llama-3.3-70b-versatile
490595,rsa definition key,single-engine innocent lumpur,0.0,"The obfuscated text 'single-engine innocent lumpur' does not contain any information from the original text 'rsa definition key', so the score is 0",llama-3.3-70b-versatile
490595,rsa definition key,mānoa frobenius 4-51,0.0,"The obfuscated text 'mānoa frobenius 4-51' does not contain any information from the original text 'rsa definition key', so the score is 0",llama-3.3-70b-versatile
490595,rsa definition key,leganes a.q. bacharuddin,0.0,The obfuscated text does not contain any information related to the original text 'rsa definition key'.,llama-3.3-70b-versatile
490595,rsa definition key,coverag self-adjoint democratic,0.0,"The obfuscated text 'coverag self-adjoint democratic' does not contain any information from the original text 'rsa definition key', so the score is 0",llama-3.3-70b-versatile
490595,rsa definition key,qaen index.html ronin,0.0,"The obfuscated text 'qaen index.html ronin' does not contain any information from the original text 'rsa definition key', so the score is 0",llama-3.3-70b-versatile
1124210,tracheids are part of _____.,dowie border mid-american diwaniyah builds,0.0,"The obfuscated text does not contain any information related to the original text, which is about tracheids in biology. The score is 0 because there is no information leakage from the original text to the obfuscated text.",llama-3.3-70b-versatile
1124210,tracheids are part of _____.,coonabarabran hvorostovsky raghunathpur poet shallots,0.0,"The obfuscated text does not contain any relevant information from the original text, indicating minimal information leakage.",llama-3.3-70b-versatile
1124210,tracheids are part of _____.,96.95 plumage latwp@ldc.upenn.edu colonies fpc/,0.0,"The obfuscated text does not contain any relevant information from the original text, indicating minimal information leakage.",llama-3.3-70b-versatile
1124210,tracheids are part of _____.,djafar nonbank derleth co. starved,0.0,"The obfuscated text does not contain any relevant information from the original text, indicating minimal information leakage.",llama-3.3-70b-versatile
1124210,tracheids are part of _____.,raef grey-brown lok intaglio sumptuous,0.0,"The obfuscated text does not contain any relevant information related to the original text, which is about tracheids. The words in the obfuscated text are unrelated to the topic of tracheids, indicating no information leakage.",llama-3.3-70b-versatile
1124210,tracheids are part of _____.,ruggie gjøvik amide k-19 a-sun,0.0,"The obfuscated text does not contain any relevant information related to the original text, which is about tracheids. The score is 0 because there is no information leakage from the original text to the obfuscated text.",llama-3.3-70b-versatile
1124210,tracheids are part of _____.,uranium-235 zimbabwe yuanta duminy 55-11-30233331,0.0,"The obfuscated text does not contain any information related to the original text 'tracheids are part of _____.', so the score is 0",llama-3.3-70b-versatile
1124210,tracheids are part of _____.,fresco doctrine mohs deterrent 2.0-3,0.0,"The obfuscated text does not contain any relevant information related to the original text 'tracheids are part of _____.', so the score is 0",llama-3.3-70b-versatile
1124210,tracheids are part of _____.,reiki niger event joseon hitzlsperger,0.0,"The obfuscated text does not contain any relevant information related to the original text 'tracheids are part of _____.', so the score is 0",llama-3.3-70b-versatile
1124210,tracheids are part of _____.,panam f-type refugee troutbeck lukyanenko,0.0,"The obfuscated text does not contain any relevant information related to the original text 'tracheids are part of _____.', so the score is 0",llama-3.3-70b-versatile
527433,types of dysarthria from cerebral palsy,subsistence hezbollah judeo skoch nerve ismm,0.0,"The obfuscated text does not contain any information related to the original text, indicating no information leakage.",llama-3.3-70b-versatile
527433,types of dysarthria from cerebral palsy,hower accuracy ibda 3-point operculum census,0.0,"The obfuscated text does not contain any relevant information from the original text, indicating no information leakage.",llama-3.3-70b-versatile
527433,types of dysarthria from cerebral palsy,defra trillion oxoglutarate lucile kholodov adena,0.0,"The obfuscated text does not contain any relevant information related to the original text, which is about types of dysarthria from cerebral palsy. The obfuscated text appears to be a collection of unrelated words, indicating minimal information leakage.",llama-3.3-70b-versatile
527433,types of dysarthria from cerebral palsy,g14 boycotted u.s.-taiwan 81-day phenomena minutes,0.0,"The obfuscated text does not contain any relevant information related to the original text, which is about types of dysarthria from cerebral palsy. The score is 0 because there is no information leakage.",llama-3.3-70b-versatile
527433,types of dysarthria from cerebral palsy,boldak taqwa gurusinha romantic bhaktivedanta eta,0.0,"The obfuscated text does not contain any relevant information from the original text, indicating no information leakage.",llama-3.3-70b-versatile
527433,types of dysarthria from cerebral palsy,chases sm mi-26 gilardino tomskneft antonin,0.0,"The obfuscated text does not contain any relevant information from the original text, indicating no information leakage.",llama-3.3-70b-versatile
527433,types of dysarthria from cerebral palsy,egrets rum bancorp. story3d medal-winning hinduja,0.0,"The obfuscated text does not contain any relevant information from the original text, indicating no information leakage.",llama-3.3-70b-versatile
527433,types of dysarthria from cerebral palsy,rikabi thickest ufo osiel claremont endo,0.0,"The obfuscated text does not contain any relevant information from the original text, indicating no information leakage.",llama-3.3-70b-versatile
527433,types of dysarthria from cerebral palsy,forehead trường ticha -0500 smbc antismoking,0.0,"The obfuscated text does not contain any relevant information from the original text, indicating no information leakage.",llama-3.3-70b-versatile
527433,types of dysarthria from cerebral palsy,unbleached olympio lymphadenopathy arthritic tsim iditarod,0.0,"The obfuscated text does not contain any relevant information from the original text, indicating no information leakage.",llama-3.3-70b-versatile
573724,what are the social determinants of health,digvijay paginated vespasian 368.5 reuptake province quick-firing,0.0,"The obfuscated text does not contain any recognizable words or phrases from the original text, indicating a high level of obfuscation.",llama-3.3-70b-versatile
573724,what are the social determinants of health,melamine semiofficial euro760 gameday cand.jur sison faiez,0.1,"The obfuscated text does not contain any recognizable words or phrases related to the original text, indicating a low level of information leakage.",llama-3.3-70b-versatile
573724,what are the social determinants of health,www.icasualties.org bastille 10-year mitofsky illo purdue hygiene,0.0,"The obfuscated text does not contain any relevant information related to the original text, which is about the social determinants of health. The obfuscated text appears to be a collection of unrelated words and phrases, including a website URL, a historical reference, and a university name. Therefore, the score is 0, indicating no information leakage.",llama-3.3-70b-versatile
573724,what are the social determinants of health,celexa vaccination bomber base seeps attn golkar,0.0,"The obfuscated text does not contain any relevant information related to the original text, which is about the social determinants of health. The obfuscated text appears to be a collection of unrelated words, including names, locations, and terms from various fields, making it difficult to discern any connection to the original text.",llama-3.3-70b-versatile
573724,what are the social determinants of health,calipari railway petropavlovsk nation 8-gigabyte powerpc seekers,0.0,"The obfuscated text does not contain any relevant information related to the original text, which is about the social determinants of health. The obfuscated text appears to be a collection of unrelated words, including names, locations, and technical terms, which do not provide any meaningful connection to the original text.",llama-3.3-70b-versatile
573724,what are the social determinants of health,hmcs zoid 40-month super-g buraas route accompanies,0.0,"The obfuscated text does not contain any relevant information related to the original text, which is about the social determinants of health. The obfuscated text appears to be a collection of unrelated words, including names, locations, and technical terms, which do not provide any meaningful connection to the original text.",llama-3.3-70b-versatile
573724,what are the social determinants of health,cheeks khuzami nebraska 2-26 state-designated vitti sensitive,0.0,"The obfuscated text does not contain any relevant information related to the original text, which is about the social determinants of health. The obfuscated text appears to be a collection of random words, including names, locations, and technical terms, that do not convey any meaningful information about the original text.",llama-3.3-70b-versatile
573724,what are the social determinants of health,demento chiara script tomato co-extensive non-coding gayda,0.0,"The obfuscated text does not contain any relevant information related to the original text, which is about the social determinants of health. The obfuscated text appears to be a collection of random words, including names, locations, and technical terms, that do not convey any meaningful information about the original text.",llama-3.3-70b-versatile
573724,what are the social determinants of health,buffy doping causation dreamliners rivasseau urban-rural hagi,0.0,"The obfuscated text does not contain any relevant information related to the social determinants of health, indicating minimal to no information leakage.",llama-3.3-70b-versatile
573724,what are the social determinants of health,olad 29.98 khural coly hwai goal radon,0.0,"The obfuscated text does not contain any relevant information related to the original text, which is about the social determinants of health. The obfuscated text appears to be a collection of random words, including proper nouns, numbers, and technical terms, that do not convey any meaningful information about the original text.",llama-3.3-70b-versatile
1121709,what are the three percenters?,geraghty koreas leisel splendored globalist,0.0,"The obfuscated text does not contain any recognizable words or phrases from the original text, indicating a low information leakage score.",llama-3.3-70b-versatile
1121709,what are the three percenters?,vouchers acyclic guangfa s-adenosylhomocysteine membership,0.1,"The obfuscated text does not contain any recognizable words or phrases related to the original text, indicating a low information leakage score.",llama-3.3-70b-versatile
1121709,what are the three percenters?,vans heraldo miht options strimple,0.1,"The obfuscated text does not contain any recognizable words or phrases related to the original text, indicating a low information leakage score.",llama-3.3-70b-versatile
1121709,what are the three percenters?,broz rudest mekong home/away tellefsen,0.1,"The obfuscated text does not contain any recognizable words or phrases related to the original text, indicating a low information leakage score.",llama-3.3-70b-versatile
1121709,what are the three percenters?,brad yisheng loggerheads hits asx200,0.1,"The obfuscated text does not contain any recognizable keywords or phrases related to the original text, indicating minimal information leakage.",llama-3.3-70b-versatile
1121709,what are the three percenters?,nxd4 ungulates 0000gmt cornerback zukang,0.1,"The obfuscated text does not contain any recognizable words or phrases related to the original text, indicating a low information leakage score.",llama-3.3-70b-versatile
1121709,what are the three percenters?,petrels inter park spaces laman,0.0,"The obfuscated text does not contain any recognizable words or phrases related to the original text, indicating minimal information leakage.",llama-3.3-70b-versatile
1121709,what are the three percenters?,brokerages minke scarlett wolesi pageexpress,0.0,"The obfuscated text does not contain any recognizable words or phrases related to the original text 'what are the three percenters?', indicating a very low information leakage.",llama-3.3-70b-versatile
1121709,what are the three percenters?,sabaneta ghz erectus 50-goal chrysostomos,0.0,"The obfuscated text does not contain any information related to the original text 'what are the three percenters?', so the score is 0",llama-3.3-70b-versatile
1121709,what are the three percenters?,chronicles competed rear maa chulanont,0.0,"The obfuscated text does not contain any information related to the original text 'what are the three percenters?', so the score is 0",llama-3.3-70b-versatile
1121402,what can contour plowing reduce,species frentzen 51-member abierto 7/7,0.0,"The obfuscated text does not contain any information from the original text, so the score is 0",llama-3.3-70b-versatile
1121402,what can contour plowing reduce,bamboo gifted anquan six-figure quadoval,0.0,"The obfuscated text does not contain any information from the original text, indicating no information leakage.",llama-3.3-70b-versatile
1121402,what can contour plowing reduce,benefactor 33-30 ungreased jusen tabasco,0.0,"The obfuscated text does not contain any relevant information from the original text, indicating minimal information leakage.",llama-3.3-70b-versatile
1121402,what can contour plowing reduce,u.n.-mediated markers kruis liezel foreign,0.0,"The obfuscated text does not contain any relevant information from the original text, indicating minimal information leakage.",llama-3.3-70b-versatile
1121402,what can contour plowing reduce,"wtcc accurate ethnikos palin 107,500",0.0,"The obfuscated text does not contain any relevant information from the original text, indicating minimal information leakage.",llama-3.3-70b-versatile
1121402,what can contour plowing reduce,pdi former kiprusoff estemirova mortgage,0.0,"The obfuscated text does not contain any relevant information from the original text, indicating minimal information leakage.",llama-3.3-70b-versatile
1121402,what can contour plowing reduce,details helds landfall crustless zinzan,0.0,"The obfuscated text does not contain any relevant information from the original text, indicating no information leakage.",llama-3.3-70b-versatile
1121402,what can contour plowing reduce,feudalism agas huot 200-day incriminating,0.0,"The obfuscated text does not contain any relevant information from the original text, indicating no information leakage.",llama-3.3-70b-versatile
1121402,what can contour plowing reduce,placental bandpass backpacked jock ldl,0.0,"The obfuscated text does not contain any relevant information from the original text, indicating no information leakage.",llama-3.3-70b-versatile
1121402,what can contour plowing reduce,impliedly dalglish killen quikbook matsch,0.0,"The obfuscated text does not contain any relevant information from the original text, indicating no information leakage.",llama-3.3-70b-versatile
1117099,what is a active margin,pavlos brass erupted zabihullah fiduciary,0.0,"The obfuscated text does not contain any words related to the original text, indicating a low information leakage score.",llama-3.3-70b-versatile
1117099,what is a active margin,nomination paço 90-cent triple slugline,0.0,"The obfuscated text 'nomination paço 90-cent triple slugline' does not contain any information from the original text 'what is a active margin', so the score is 0",llama-3.3-70b-versatile
1117099,what is a active margin,serotonin footballers sharia spending inflationary,0.1,"The obfuscated text does not contain any keywords related to the original text, indicating a low information leakage score.",llama-3.3-70b-versatile
1117099,what is a active margin,"nucleophilic theorem annenberg estemirova 2,026",0.0,"The obfuscated text does not contain any information related to the original text 'what is a active margin'. The words in the obfuscated text are unrelated to the original text, indicating no information leakage.",llama-3.3-70b-versatile
1117099,what is a active margin,wingspan thrashers carso active uml,0.2,"The obfuscated text contains the word 'active', which is also present in the original text, indicating some information leakage.",llama-3.3-70b-versatile
1117099,what is a active margin,mutilating vysočina buddie kolata ivester,0.0,"The obfuscated text does not contain any information related to the original text 'what is a active margin', so the score is 0",llama-3.3-70b-versatile
1117099,what is a active margin,volcano anti- wta 9a-10p exarchate,0.0,"The obfuscated text does not contain any information related to the original text 'what is a active margin'. The words in the obfuscated text are unrelated to the original text, indicating no information leakage.",llama-3.3-70b-versatile
1117099,what is a active margin,sfchronicle.com programmer drunken schausberger alaq,0.0,"The obfuscated text does not contain any information related to the original text 'what is a active margin', so the score is 0",llama-3.3-70b-versatile
1117099,what is a active margin,"cameras voltchkov krayzelburg stanislavsky 5,000-meter",0.0,"The obfuscated text does not contain any information related to the original text 'what is a active margin', so the score is 0",llama-3.3-70b-versatile
1117099,what is a active margin,0000 pathological exhibitor floristic kardak,0.0,"The obfuscated text does not contain any information related to the original text 'what is a active margin', so the score is 0",llama-3.3-70b-versatile
1115776,what is an aml surveillance analyst,burswood flamboyant amniocentesis giftedness ryun treasurys,0.0,"The obfuscated text does not contain any keywords or phrases related to the original text, indicating minimal information leakage.",llama-3.3-70b-versatile
1115776,what is an aml surveillance analyst,rzeszów minor 800-444-0267 in-a-row merina smedvig,0.0,"The obfuscated text does not contain any relevant information from the original text, indicating minimal information leakage.",llama-3.3-70b-versatile
1115776,what is an aml surveillance analyst,comienza iucn bowling republics menuhin stanzel,0.0,"The obfuscated text does not contain any relevant information from the original text, indicating minimal information leakage.",llama-3.3-70b-versatile
1115776,what is an aml surveillance analyst,lenders fiemme schlumberger toxics extenuating dynasties,0.0,"The obfuscated text does not contain any relevant information from the original text, indicating minimal information leakage.",llama-3.3-70b-versatile
1115776,what is an aml surveillance analyst,jovetic nc3 | fellers corks toh,0.0,"The obfuscated text does not contain any relevant information from the original text, indicating minimal information leakage.",llama-3.3-70b-versatile
1115776,what is an aml surveillance analyst,stepnogorsk taibi poznań unattested electronics mai,0.0,"The obfuscated text does not contain any relevant information from the original text, indicating minimal information leakage.",llama-3.3-70b-versatile
1115776,what is an aml surveillance analyst,tortricidae moskvy aqsa adsense blimp 30-dec,0.0,"The obfuscated text does not contain any relevant information from the original text, indicating no information leakage.",llama-3.3-70b-versatile
1115776,what is an aml surveillance analyst,nonpermanent cefn powerful detlev 4.4-liter zappei,0.0,"The obfuscated text does not contain any relevant information from the original text, indicating no information leakage.",llama-3.3-70b-versatile
1115776,what is an aml surveillance analyst,car-free 9/11 2037 scoil park analyst,0.2,"The obfuscated text contains the word 'analyst' which is also present in the original text, indicating some information leakage.",llama-3.3-70b-versatile
1115776,what is an aml surveillance analyst,all-freshman astronomy yuh tomtom świdnica sevugan,0.1,"The obfuscated text does not contain any relevant information from the original text, indicating minimal information leakage.",llama-3.3-70b-versatile
1114819,what is durable medical equipment consist of,wuornos aspartame koljevic similac humaines 700-megawatt svo,0.0,"The obfuscated text does not contain any information related to the original text, indicating no information leakage.",llama-3.3-70b-versatile
1114819,what is durable medical equipment consist of,xenophobia twins anosmia hetal ergo twx 800-535-4425,0.0,"The obfuscated text does not contain any relevant information from the original text, indicating no information leakage.",llama-3.3-70b-versatile
1114819,what is durable medical equipment consist of,13-party schapelle 3-to-2 ghana 3407 shikotan cardinality,0.0,"The obfuscated text does not contain any relevant information from the original text, indicating no information leakage.",llama-3.3-70b-versatile
1114819,what is durable medical equipment consist of,mourino municipally dimensionality bioethics novellus vulcanologist defrayed,0.0,"The obfuscated text does not contain any relevant information from the original text, indicating no information leakage.",llama-3.3-70b-versatile
1114819,what is durable medical equipment consist of,brembo pulses alexandru 78-day riviresa oo gebrselassie,0.0,"The obfuscated text does not contain any relevant information from the original text, indicating no information leakage.",llama-3.3-70b-versatile
1114819,what is durable medical equipment consist of,accidental combating 0.68 ferez olczyk bridge-tunnel scampi,0.0,"The obfuscated text does not contain any relevant information from the original text, indicating no information leakage.",llama-3.3-70b-versatile
1114819,what is durable medical equipment consist of,kilometres iupui peripherals securitas shareholders 26-25 bronzes,0.0,"The obfuscated text does not contain any information related to the original text 'what is durable medical equipment consist of'. The words in the obfuscated text are unrelated to medical equipment, indicating no information leakage.",llama-3.3-70b-versatile
1114819,what is durable medical equipment consist of,tieghem beef pantsil piya google.cn nucleation historical,0.0,"The obfuscated text does not contain any information related to the original text 'what is durable medical equipment consist of'. The words in the obfuscated text are unrelated to medical equipment, indicating no information leakage.",llama-3.3-70b-versatile
1114819,what is durable medical equipment consist of,meh http://www.nasdaq.com pq andym firmest rasim constant,0.0,"The obfuscated text does not contain any information related to the original text, indicating no information leakage.",llama-3.3-70b-versatile
1114819,what is durable medical equipment consist of,"messin scuse transistors 12,000-strong angop corleonesi staunch",0.0,"The obfuscated text does not contain any information related to the original text 'what is durable medical equipment consist of'. The words in the obfuscated text are unrelated to medical equipment, indicating no information leakage.",llama-3.3-70b-versatile
1114646,what is famvir prescribed for,redstone lasik crestwood florissants warranty,0.0,"The obfuscated text does not contain any information related to the original text, which is about the prescription of Famvir. The obfuscated text appears to be a collection of unrelated words, including a location (Crestwood Florissants) and a medical procedure (Lasik), but does not reveal any information about the original text.",llama-3.3-70b-versatile
1114646,what is famvir prescribed for,autosome pangloss -1927 underage stealth,0.0,"The obfuscated text does not contain any relevant information related to the original text, which is about the prescription of Famvir. The words in the obfuscated text are unrelated to the original text, indicating no information leakage.",llama-3.3-70b-versatile
1114646,what is famvir prescribed for,haute-normandie 56-seat gosford cercla kindergarten,0.0,"The obfuscated text does not contain any relevant information related to the original text, which is about the prescription of Famvir. The obfuscated text appears to be a collection of unrelated words, including geographical locations, numbers, and terms unrelated to medicine or health.",llama-3.3-70b-versatile
1114646,what is famvir prescribed for,showcourts symphony avonex dornier achieving,0.0,"The obfuscated text does not contain any relevant information related to the original text, which is about the prescription of Famvir. The obfuscated text appears to be a collection of unrelated words, including proper nouns and terms from various fields, indicating no information leakage.",llama-3.3-70b-versatile
1114646,what is famvir prescribed for,santa homburg bhagwandas delifrance bajur,0.0,"The obfuscated text does not contain any relevant information related to the original text, which is about the prescription of Famvir. The obfuscated text appears to be a collection of unrelated words, including names, locations, and terms from various fields, indicating no information leakage.",llama-3.3-70b-versatile
1114646,what is famvir prescribed for,decliner faisal lomaia kongra reoccupied,0.0,"The obfuscated text does not contain any relevant information related to the original text, which is about the prescription of Famvir. The obfuscated text appears to be a collection of unrelated words, including names and locations, which do not provide any insight into the original text.",llama-3.3-70b-versatile
1114646,what is famvir prescribed for,taiyuan currently cup-shaped pagar moritz,0.0,"The obfuscated text does not contain any relevant information related to the original text, which is about the prescription of Famvir. The words in the obfuscated text are unrelated to the original text, indicating no information leakage.",llama-3.3-70b-versatile
1114646,what is famvir prescribed for,postcranial plantation rodong antibiotics marijuana,0.0,"The obfuscated text does not contain any relevant information related to the original text, which is about the prescription of Famvir. The obfuscated text appears to be a collection of unrelated words, including medical terms, geographical locations, and other phrases, with no clear connection to the original text.",llama-3.3-70b-versatile
1114646,what is famvir prescribed for,epiphanius hospital vandore apa 50-28,0.0,"The obfuscated text does not contain any relevant information related to the original text 'what is famvir prescribed for'. The words in the obfuscated text are unrelated to the original text, indicating no information leakage.",llama-3.3-70b-versatile
1114646,what is famvir prescribed for,allahu capitalization retinal iveta berendt,0.0,"The obfuscated text does not contain any information related to the original text 'what is famvir prescribed for'. The words in the obfuscated text are unrelated to the original text, indicating no information leakage.",llama-3.3-70b-versatile
1113437,what is physical description of spruce,homi smithee distorting katsouranis tolerable 180-day,0.0,"The obfuscated text does not contain any information related to the physical description of spruce, indicating a low information leakage score.",llama-3.3-70b-versatile
1113437,what is physical description of spruce,chubu picnicking feat piper danzon resaca,0.0,"The obfuscated text does not contain any information related to the physical description of spruce, indicating no information leakage.",llama-3.3-70b-versatile
1113437,what is physical description of spruce,saifur société karadayi word fair budo,0.0,"The obfuscated text does not contain any information related to the physical description of spruce, indicating no information leakage.",llama-3.3-70b-versatile
1113437,what is physical description of spruce,konkola ontology singleness raich sar dubrovka,0.0,"The obfuscated text does not contain any information related to the physical description of spruce, indicating no information leakage.",llama-3.3-70b-versatile
1113437,what is physical description of spruce,water lwrs trivial maumoon ontario malkhadir,0.0,"The obfuscated text does not contain any information related to the physical description of spruce, indicating no information leakage.",llama-3.3-70b-versatile
1113437,what is physical description of spruce,tenor kuh salvoes liangxing coca columna,0.0,"The obfuscated text does not contain any information related to the physical description of spruce, indicating no information leakage.",llama-3.3-70b-versatile
1113437,what is physical description of spruce,coot push boleyn day-to-day magnitude-5 muzik,0.0,"The obfuscated text does not contain any information related to the physical description of spruce, indicating no information leakage.",llama-3.3-70b-versatile
1113437,what is physical description of spruce,asean dáil smis netwatch cherica coastal,0.0,"The obfuscated text does not contain any information related to the physical description of spruce, so the score is 0",llama-3.3-70b-versatile
1113437,what is physical description of spruce,yards 1994-6 kasting grave top-flight shian,0.0,"The obfuscated text does not contain any information related to the physical description of spruce, indicating no information leakage.",llama-3.3-70b-versatile
1113437,what is physical description of spruce,gyanendra dukla 14-over spektr prose mites,0.0,"The obfuscated text does not contain any information related to the physical description of spruce, indicating no information leakage.",llama-3.3-70b-versatile
1112341,what is the daily life of thai people,shiu lightening stufflebeem o pntr hardships inventories zhouqu,0.1,"The obfuscated text does not resemble the original text in any way, indicating a high level of obfuscation and minimal information leakage.",llama-3.3-70b-versatile
1112341,what is the daily life of thai people,fpa markazi polzer machinists swims bipartite prices giotopoulos,0.0,"The obfuscated text does not contain any recognizable words or phrases from the original text, indicating a high level of obfuscation.",llama-3.3-70b-versatile
1112341,what is the daily life of thai people,"1,200-square nonproliferation lincoln-douglas administering amyotrophic eurogroup ajc.com stangassinger",0.0,"The obfuscated text does not contain any information related to the daily life of Thai people, indicating a low information leakage score.",llama-3.3-70b-versatile
1112341,what is the daily life of thai people,track-by-track ovenproof concerted basking porphyria annenberg sinhalese omed,0.0,"The obfuscated text does not contain any recognizable words or phrases related to the daily life of Thai people, indicating a low information leakage score.",llama-3.3-70b-versatile
1112341,what is the daily life of thai people,australian dulko barvikha adjusted sightseeing deposits cabral purtell,0.0,"The obfuscated text does not contain any recognizable words or phrases related to the daily life of Thai people, indicating a very low information leakage.",llama-3.3-70b-versatile
1112341,what is the daily life of thai people,stealers staff releases autonomous concubines hanssen kuwana barings,0.0,"The obfuscated text does not contain any recognizable words or phrases related to the original text, indicating a high level of obfuscation.",llama-3.3-70b-versatile
1112341,what is the daily life of thai people,crites 58.28 creutzfeldt yaping bebel adgonzalez arnoun i,0.0,"The obfuscated text does not contain any information related to the daily life of Thai people, indicating a very low information leakage.",llama-3.3-70b-versatile
1112341,what is the daily life of thai people,14-27 sentence remitting geewax handballer ing forces crisis,0.0,"The obfuscated text does not contain any information related to the daily life of Thai people, indicating a very low information leakage.",llama-3.3-70b-versatile
1112341,what is the daily life of thai people,22-episode discharge rawdon 342-member 1996-2001 consumer photosynthesis ponce,0.0,"The obfuscated text does not contain any information related to the daily life of Thai people, indicating a very low information leakage.",llama-3.3-70b-versatile
1112341,what is the daily life of thai people,-07 signed-on meshaal 22-team on-the-field seaboards myawaddy persons,0.0,"The obfuscated text does not contain any information related to the daily life of Thai people, indicating a low information leakage score.",llama-3.3-70b-versatile
833860,what is the most popular food in switzerland,ozawa semi-permanently total bogalay denuclearisation sanlu spithill greco-italian,0.0,"The obfuscated text does not contain any information related to the original text, indicating no information leakage.",llama-3.3-70b-versatile
833860,what is the most popular food in switzerland,"defenceman shoshi cmll reservations 25m 131,000 swarna becatoros",0.0,"The obfuscated text does not contain any information related to the original text, which is about the most popular food in Switzerland. The obfuscated text appears to be a jumbled collection of unrelated words, including names, terms, and numbers, indicating no information leakage.",llama-3.3-70b-versatile
833860,what is the most popular food in switzerland,inquisitions cataract blue bin bookstores whisky passerines le,0.0,"The obfuscated text does not contain any relevant information about the original text, which is 'what is the most popular food in switzerland'. The words in the obfuscated text are unrelated to the original text, indicating no information leakage.",llama-3.3-70b-versatile
833860,what is the most popular food in switzerland,orange 98-run fellman armament coalition 2015 gahr yasuhito,0.0,"The obfuscated text does not contain any relevant information from the original text, indicating no information leakage.",llama-3.3-70b-versatile
833860,what is the most popular food in switzerland,eoe blackerby single-elimination peacekeepers dullah thai twists liens,0.0,"The obfuscated text does not contain any information related to the original text, which is about the most popular food in Switzerland. The obfuscated text appears to be a collection of random words, including names, terms, and phrases that are unrelated to the original text.",llama-3.3-70b-versatile
833860,what is the most popular food in switzerland,tower mayshark electricity highly 3-of-10 vegetatively noncitizens terol,0.0,"The obfuscated text does not contain any relevant information from the original text, indicating no information leakage.",llama-3.3-70b-versatile
833860,what is the most popular food in switzerland,girl munyaneza toward liens 60-dollar maiming kulatunga latvia,0.0,"The obfuscated text does not contain any information related to the original text, which is about the most popular food in Switzerland. The obfuscated text appears to be a collection of random words, including names, locations, and concepts, that do not reveal any information about the original text.",llama-3.3-70b-versatile
833860,what is the most popular food in switzerland,nonpartisan ariane-5 hydrogen 189-nation meyaneh hard catoctin chantiers,0.0,"The obfuscated text does not contain any information related to the original text, which is about the most popular food in Switzerland. The obfuscated text appears to be a collection of random words, including names, locations, and terms from various fields, with no connection to the original text.",llama-3.3-70b-versatile
833860,what is the most popular food in switzerland,smiley edziza bingde haitians orang banknorth november-december saekel,0.0,"The obfuscated text does not contain any information related to the original text, which is about the most popular food in Switzerland. The obfuscated text appears to be a collection of random words, including names, locations, and terms from various fields, with no connection to the original text.",llama-3.3-70b-versatile
833860,what is the most popular food in switzerland,all-sec caulkins deer hanjour tiso halff svensktoppen nfz,0.0,"The obfuscated text does not contain any information related to the original text, which is about the most popular food in Switzerland. The obfuscated text appears to be a collection of random words, including names, locations, and terms from various fields, with no connection to the original text.",llama-3.3-70b-versatile
855410,what is theraderm used for,benchmark allergic antonaros democracy equipment,0.0,"The obfuscated text does not contain any information related to the original text, indicating no information leakage.",llama-3.3-70b-versatile
855410,what is theraderm used for,aberdeen 34-day isolationism republican konga,0.0,"The obfuscated text 'aberdeen 34-day isolationism republican konga' does not contain any information related to the original text 'what is theraderm used for', indicating no information leakage.",llama-3.3-70b-versatile
855410,what is theraderm used for,trezeguet a.m.-4 3-month vacancy kidnapping,0.0,"The obfuscated text does not contain any relevant information about the original text, which is 'what is theraderm used for'. The obfuscated text appears to be a collection of unrelated words, indicating no information leakage.",llama-3.3-70b-versatile
855410,what is theraderm used for,paykel elber breathnach electives metalurh,0.0,"The obfuscated text does not contain any relevant information related to the original text, indicating minimal information leakage.",llama-3.3-70b-versatile
855410,what is theraderm used for,"1,261 employs chaudoir nymex bhikkhu",0.0,"The obfuscated text does not contain any relevant information related to the original text, indicating minimal information leakage.",llama-3.3-70b-versatile
855410,what is theraderm used for,versfeld maples omineca concentrate 13-nation,0.0,"The obfuscated text does not contain any relevant information related to the original text, indicating minimal information leakage.",llama-3.3-70b-versatile
855410,what is theraderm used for,enkhbat hoellwarth gaza zhonghe creatures,0.0,"The obfuscated text does not contain any relevant information related to the original text, indicating minimal information leakage.",llama-3.3-70b-versatile
855410,what is theraderm used for,"creutzfeldt semigroup parchment 107,500 velvet",0.0,"The obfuscated text does not contain any relevant information about the original text 'what is theraderm used for'. The words in the obfuscated text are unrelated to the original text, indicating no information leakage.",llama-3.3-70b-versatile
855410,what is theraderm used for,dorr semi tabin pavelic nytimages.com,0.0,"The obfuscated text does not contain any relevant information related to the original text, indicating minimal information leakage.",llama-3.3-70b-versatile
855410,what is theraderm used for,"bee-eaters 1,200-year medgar rudder sambu",0.0,"The obfuscated text does not contain any relevant information related to the original text 'what is theraderm used for'. The words in the obfuscated text are unrelated to the original text, indicating no information leakage.",llama-3.3-70b-versatile
1110199,what is wifi vs bluetooth,coordinator symbolic 16-billion espargaro ovrebo,0.0,"The obfuscated text does not contain any recognizable words or phrases from the original text, indicating a very low information leakage.",llama-3.3-70b-versatile
1110199,what is wifi vs bluetooth,mccardell ounce .538 eltish unauthorized,0.0,"The obfuscated text does not contain any relevant information from the original text, indicating minimal information leakage.",llama-3.3-70b-versatile
1110199,what is wifi vs bluetooth,yalta powerboat belorussians infogrames asx200,0.0,"The obfuscated text does not contain any relevant information from the original text, indicating a low information leakage score.",llama-3.3-70b-versatile
1110199,what is wifi vs bluetooth,sorenstam cancer gprs modesti gonadal,0.0,"The obfuscated text does not contain any relevant information from the original text, indicating minimal information leakage.",llama-3.3-70b-versatile
1110199,what is wifi vs bluetooth,devaud rancheria curragh pucca footsie,0.0,"The obfuscated text does not contain any relevant information from the original text, indicating no information leakage.",llama-3.3-70b-versatile
1110199,what is wifi vs bluetooth,2pts weyl poor cheuvront tylenol,0.0,"The obfuscated text does not contain any relevant information from the original text, indicating no information leakage.",llama-3.3-70b-versatile
1110199,what is wifi vs bluetooth,faboideae tyrannidae decriminalize 2000-2010 sportback,0.0,"The obfuscated text does not contain any relevant information from the original text, indicating no information leakage.",llama-3.3-70b-versatile
1110199,what is wifi vs bluetooth,items redshift macbook superbike out-of-print,0.0,"The obfuscated text does not contain any relevant information from the original text, indicating no information leakage.",llama-3.3-70b-versatile
1110199,what is wifi vs bluetooth,scoppetta unfavourably subgraph generaloberst smtp,0.0,"The obfuscated text does not contain any relevant information from the original text, indicating no information leakage.",llama-3.3-70b-versatile
1110199,what is wifi vs bluetooth,baiocchi karol three-disc bin co-ownership,0.0,"The obfuscated text does not contain any relevant information from the original text, indicating no information leakage.",llama-3.3-70b-versatile
915593,what types of food can you cook sous vide,algae coxeter rupiah fdch κ babil hypo-meeting ing chibhabha,0.2,"The obfuscated text appears to be a jumbled collection of unrelated words and characters, with no discernible connection to the original text about cooking sous vide. This suggests a high level of obfuscation, but not complete, as some words may still be guessed or inferred with significant effort.",llama-3.3-70b-versatile
915593,what types of food can you cook sous vide,.239 skywatch odor top100 irresolvable barents engines ebbert yizhong,0.0,"The obfuscated text appears to be completely unrelated to the original text, with no discernible connection between the words or phrases, indicating minimal information leakage.",llama-3.3-70b-versatile
915593,what types of food can you cook sous vide,"1,500-year keothavong tietmeyer dietary army-navy governments district f4u under-21",0.0,"The obfuscated text does not contain any relevant information from the original text, indicating no information leakage.",llama-3.3-70b-versatile
915593,what types of food can you cook sous vide,jurek sangakkara shrubland emergent u.n.-drafted nateq sivits 7.5-mile trillanes,0.0,"The obfuscated text does not contain any relevant information related to the original text, which is about cooking sous vide. The words in the obfuscated text seem to be randomly chosen and do not convey any meaningful connection to the original text.",llama-3.3-70b-versatile
915593,what types of food can you cook sous vide,110-story superprep mls ddg-51 flintoff syllable besse pentium elmiger,0.0,"The obfuscated text does not contain any relevant information related to the original text, which is about cooking sous vide. The obfuscated text appears to be a jumbled collection of unrelated words, including names, places, and technical terms, with no discernible connection to the original text.",llama-3.3-70b-versatile
915593,what types of food can you cook sous vide,moan sps players a48 bygones mahut kosdaq randee gool,0.0,"The obfuscated text does not contain any relevant information related to the original text, which is about cooking sous vide. The obfuscated text appears to be a collection of random words, including names, locations, and terms from various fields, but none of them are related to cooking or food.",llama-3.3-70b-versatile
915593,what types of food can you cook sous vide,shinseki wilmots 545-member sneh gennady actuaries yam komi pucca,0.0,"The obfuscated text does not contain any relevant information related to the original text, which is about cooking sous vide. The obfuscated text appears to be a collection of random words, including names, locations, and terms from various fields, but none of them are related to cooking or food.",llama-3.3-70b-versatile
915593,what types of food can you cook sous vide,karbon subatomic charlottetown food arfon west scrappage payrolls tselem,0.0,"The obfuscated text does not contain any relevant information related to the original text, which is about cooking sous vide. The words in the obfuscated text seem to be randomly chosen and do not convey any meaningful connection to the original text.",llama-3.3-70b-versatile
915593,what types of food can you cook sous vide,foodservice valuable helical muppet team jetstream sedis bourgoin aerobatic,0.2,"The obfuscated text contains the word 'food', which is also present in the original text, indicating some information leakage. However, the context and surrounding words are completely different, suggesting that the leakage is limited.",llama-3.3-70b-versatile
915593,what types of food can you cook sous vide,hearings timorese antarctic sugar cream fatigue myoglobin emmylou european-based,0.0,"The obfuscated text does not contain any relevant information related to the original text, which is about cooking sous vide. The score is 0 because there is no information leakage from the original text to the obfuscated text.",llama-3.3-70b-versatile
962179,when was the salvation army founded,vacancies quattro editors yasuo deregulates seng,0.0,"The obfuscated text does not contain any information related to the original text, indicating no information leakage.",llama-3.3-70b-versatile
962179,when was the salvation army founded,1/4-inch erisa wesson nk cpv http://www.nyse.com,0.0,"The obfuscated text does not contain any relevant information from the original text, indicating no information leakage.",llama-3.3-70b-versatile
962179,when was the salvation army founded,gymnures longino ardeatine heelers 55-11-3023-3331 upm,0.0,"The obfuscated text does not contain any information related to the original text, indicating no information leakage.",llama-3.3-70b-versatile
962179,when was the salvation army founded,sainthood invasions embassy darabont abib leijonborg,0.0,"The obfuscated text does not contain any relevant information from the original text, indicating no information leakage.",llama-3.3-70b-versatile
962179,when was the salvation army founded,latics lundwall laundering jayaram papelbon joyner,0.0,"The obfuscated text does not contain any relevant information from the original text, indicating no information leakage.",llama-3.3-70b-versatile
962179,when was the salvation army founded,amaechi huxley 48.1 synaxarion iraqi morici,0.0,"The obfuscated text does not contain any relevant information from the original text, indicating no information leakage.",llama-3.3-70b-versatile
962179,when was the salvation army founded,l-39 tinguely canal manmade mountain oerlikon,0.0,"The obfuscated text does not contain any relevant information from the original text, indicating no information leakage.",llama-3.3-70b-versatile
962179,when was the salvation army founded,mare 4s finl tooth sharks swoopes,0.0,"The obfuscated text does not contain any relevant information from the original text, indicating no information leakage.",llama-3.3-70b-versatile
962179,when was the salvation army founded,82-game boros 1973-90 vallecano maurel xpt,0.0,"The obfuscated text does not contain any relevant information from the original text, indicating no information leakage.",llama-3.3-70b-versatile
962179,when was the salvation army founded,argentina incubated cation inditex islander ekes,0.0,"The obfuscated text does not contain any information related to the founding of the Salvation Army, so the score is 0",llama-3.3-70b-versatile
1103812,who formed the commonwealth of independent states,dabizas unsaturated verwaltungsgemeinschaft newark denard please post-captain,0.0,"The obfuscated text does not contain any information from the original text, so the score is 0",llama-3.3-70b-versatile
1103812,who formed the commonwealth of independent states,sopwith whitney gorge 1973-1990 ziana citywalk nonaggressive,0.0,"The obfuscated text does not contain any information related to the original text, which is about the formation of the Commonwealth of Independent States. The obfuscated text appears to be a collection of unrelated words, including names, locations, and terms, which do not reveal any information about the original text.",llama-3.3-70b-versatile
1103812,who formed the commonwealth of independent states,sse-30 manggarai 12:29 guttural tiremaker workforce rappahannock,0.0,"The obfuscated text does not contain any information related to the original text, which is about the formation of the Commonwealth of Independent States. The obfuscated text appears to be a collection of random words, including names, locations, and terms that are unrelated to the original text. Therefore, the score is 0, indicating no information leakage.",llama-3.3-70b-versatile
1103812,who formed the commonwealth of independent states,great refundable usumacinta x64 buildings 1/8-inch hayden,0.0,"The obfuscated text does not contain any information related to the original text, which is about the formation of the Commonwealth of Independent States. The obfuscated text appears to be a collection of random words, including geographical locations, technical terms, and proper nouns, that do not reveal any information about the original text.",llama-3.3-70b-versatile
1103812,who formed the commonwealth of independent states,"khan mediterranean 1,100-square certificate yodeling tanzania enron",0.0,"The obfuscated text does not contain any information related to the original text, which is about the formation of the Commonwealth of Independent States. The obfuscated text appears to be a collection of random words, including names, locations, and terms unrelated to the original text.",llama-3.3-70b-versatile
1103812,who formed the commonwealth of independent states,eyed jubba wiedersehen diringer 66ers thruout esmat,0.0,"The obfuscated text does not contain any information related to the original text, which is about the formation of the Commonwealth of Independent States. The obfuscated text appears to be a collection of random words, including names, locations, and terms that are unrelated to the original text. Therefore, the score is 0, indicating no information leakage.",llama-3.3-70b-versatile
1103812,who formed the commonwealth of independent states,elden 32b-32j 4-column adenine inch .417 aceralia,0.0,The obfuscated text does not contain any information related to the original text 'who formed the commonwealth of independent states'. The words and phrases used are unrelated and do not provide any context or meaning that could be linked to the original text.,llama-3.3-70b-versatile
1103812,who formed the commonwealth of independent states,tsahi cupen flames non-hispanic fasteners ten-man wildcards,0.0,The obfuscated text does not contain any information related to the original text 'who formed the commonwealth of independent states'. The words and phrases used are unrelated and do not provide any hints about the original text.,llama-3.3-70b-versatile
1103812,who formed the commonwealth of independent states,klotzbach undirected hemolysis heinz beidaihe unmee war,0.0,"The obfuscated text does not contain any information related to the original text, which is about the formation of the Commonwealth of Independent States.",llama-3.3-70b-versatile
1103812,who formed the commonwealth of independent states,women masuda manet snes sarosi knp extracurricular,0.0,"The obfuscated text does not contain any information related to the original text, which is about the formation of the Commonwealth of Independent States.",llama-3.3-70b-versatile
1037798,who is robert gray,akh strike-shortened angulos prefecture-level,0.1,"The obfuscated text does not contain any identifiable information from the original text, indicating minimal information leakage.",llama-3.3-70b-versatile
1037798,who is robert gray,extraordinary unreserved-undesignated reutilization blond,0.0,"The obfuscated text does not contain any identifiable information from the original text, indicating minimal information leakage.",llama-3.3-70b-versatile
1037798,who is robert gray,fourteeners convective fpc/ khattab,0.1,"The obfuscated text does not contain any recognizable words or phrases from the original text, indicating a low level of information leakage.",llama-3.3-70b-versatile
1037798,who is robert gray,cplp album 42.195-kilometer norwegian-british-swedish,0.0,"The obfuscated text does not contain any information related to the original text 'who is robert gray'. The words in the obfuscated text are unrelated to the original text, indicating no information leakage.",llama-3.3-70b-versatile
1037798,who is robert gray,okemo bartoli monkfish mazowiecki,0.0,"The obfuscated text does not contain any recognizable information from the original text, indicating minimal information leakage.",llama-3.3-70b-versatile
1037798,who is robert gray,safire loyalty x25 mesh,0.0,"The obfuscated text does not contain any information related to the original text 'who is robert gray', so the score is 0",llama-3.3-70b-versatile
1037798,who is robert gray,israeli phillies covalent hoffarth,0.0,"The obfuscated text does not contain any information related to the original text 'who is robert gray'. The words in the obfuscated text are unrelated to the original text, indicating no information leakage.",llama-3.3-70b-versatile
1037798,who is robert gray,deportivo yahn gingrich u.n.-drawn,0.0,"The obfuscated text does not contain any information related to the original text 'who is robert gray'. The words in the obfuscated text are unrelated to the original text, indicating no information leakage.",llama-3.3-70b-versatile
1037798,who is robert gray,zinzan realaudio woodrow distillates,0.0,"The obfuscated text does not contain any information related to the original text 'who is robert gray'. The words in the obfuscated text are unrelated to the original text, indicating no information leakage.",llama-3.3-70b-versatile
1037798,who is robert gray,gijs law rebekka harshly,0.0,"The obfuscated text does not contain any information related to the original text 'who is robert gray'. The words in the obfuscated text are unrelated to the original text, indicating no information leakage.",llama-3.3-70b-versatile
1063750,why did the us volunterilay enter ww1,"27,900 google.cn kahraman euro3 radians fees prised",0.0,"The obfuscated text does not contain any information from the original text, indicating no information leakage.",llama-3.3-70b-versatile
1063750,why did the us volunterilay enter ww1,defensor murerwa emmerdale zazi 50-goal ileto stankevicius,0.0,"The obfuscated text does not contain any information related to the original text, indicating no information leakage.",llama-3.3-70b-versatile
1063750,why did the us volunterilay enter ww1,chakothi milstein analytic shammond daron brickyard photometric,0.0,"The obfuscated text does not contain any information from the original text, indicating no information leakage.",llama-3.3-70b-versatile
1063750,why did the us volunterilay enter ww1,xizong lord 31-month zhanjiang hallucinogen catalyses ponferrada,0.0,"The obfuscated text does not contain any information related to the original text, indicating no information leakage.",llama-3.3-70b-versatile
1063750,why did the us volunterilay enter ww1,one-reel burglaries canvassing xiannian statins biodiesel fahrenheit,0.0,"The obfuscated text does not contain any information related to the original text, indicating no information leakage.",llama-3.3-70b-versatile
1063750,why did the us volunterilay enter ww1,gramley hajduk cancer garmin f-22 toor zaw,0.0,"The obfuscated text does not contain any information related to the original text, indicating no information leakage.",llama-3.3-70b-versatile
1063750,why did the us volunterilay enter ww1,takaji runoff stewardson carbon automorphism taxpayers zhaoyi,0.0,"The obfuscated text does not contain any information related to the original text, indicating no information leakage.",llama-3.3-70b-versatile
1063750,why did the us volunterilay enter ww1,liteks mercally youth pan aasho hsun ecst,0.0,"The obfuscated text does not contain any information related to the original text, indicating no information leakage.",llama-3.3-70b-versatile
1063750,why did the us volunterilay enter ww1,"canker 524,000 indelicately convertible beit 1588 jenni",0.0,"The obfuscated text does not contain any information related to the original text, indicating no information leakage.",llama-3.3-70b-versatile
1063750,why did the us volunterilay enter ww1,giffen innu goaltampa 16-september g-77 castanon pegi,0.0,"The obfuscated text does not contain any information related to the original text, indicating no information leakage.",llama-3.3-70b-versatile
