id,text,obfuscatedText,score,justification,model
19335,anthropological definition of environment,panteion triplefin received maintaining,0.1,"The obfuscated text does not contain any words related to the original text, indicating a low information leakage score.",llama-3.3-70b-versatile
19335,anthropological definition of environment,anthropological definition dunks recyclable,0.7,"The obfuscated text still contains the words 'anthropological' and 'definition', which are key components of the original text, indicating significant information leakage.",llama-3.3-70b-versatile
19335,anthropological definition of environment,sight-seeing embarkation !! eric,0.0,"The obfuscated text does not contain any relevant information from the original text, thus the score is 0",llama-3.3-70b-versatile
19335,anthropological definition of environment,29.70 grail hostility climate,0.2,"The obfuscated text does not contain any relevant information from the original text, indicating a low information leakage score.",llama-3.3-70b-versatile
19335,anthropological definition of environment,cosmonauts t'ai 69 addiction,0.0,"The obfuscated text does not contain any relevant information from the original text, indicating a low information leakage score.",llama-3.3-70b-versatile
19335,anthropological definition of environment,confucius digital attempts jungen,0.1,"The obfuscated text does not contain any relevant information from the original text, indicating a low information leakage score.",llama-3.3-70b-versatile
19335,anthropological definition of environment,anthropological encryptions of environment,0.8,"The obfuscated text 'anthropological encryptions of environment' is very similar to the original text 'anthropological definition of environment', with the only difference being the replacement of 'definition' with 'encryptions'. This suggests a high level of information leakage, as the obfuscated text still conveys the same general meaning as the original text.",llama-3.3-70b-versatile
19335,anthropological definition of environment,rediscovery field biggest harassment,0.0,"The obfuscated text 'rediscovery field biggest harassment' does not contain any information related to the original text 'anthropological definition of environment', thus the score is 0",llama-3.3-70b-versatile
19335,anthropological definition of environment,anti-slavery ryb ultimate liability,0.0,"The obfuscated text 'anti-slavery ryb ultimate liability' does not contain any information from the original text 'anthropological definition of environment', thus the score is 0",llama-3.3-70b-versatile
19335,anthropological definition of environment,multi-disc aeternus above info,0.0,The obfuscated text 'multi-disc aeternus above info' does not contain any information related to the original text 'anthropological definition of environment'.,llama-3.3-70b-versatile
47923,axon terminals or synaptic knob definition,burrow gnp preston synaptic colorable top-performing,0.2,"The obfuscated text still contains the word 'synaptic', which is a key term from the original text, indicating some information leakage. However, the context and other words have been changed, reducing the overall leakage.",llama-3.3-70b-versatile
47923,axon terminals or synaptic knob definition,axon customs transportation 1:2 dietetics definition,0.7,"The obfuscated text still contains the key terms 'axon' and 'definition' which are present in the original text, indicating a significant information leakage.",llama-3.3-70b-versatile
47923,axon terminals or synaptic knob definition,"axon 8-inch 1,004 preorder 6,500-apartment definition",0.2,"The obfuscated text contains the word 'axon' and 'definition' which are present in the original text, indicating some information leakage. However, the context and other words are completely different, indicating significant obfuscation.",llama-3.3-70b-versatile
47923,axon terminals or synaptic knob definition,axon stores afraid synaptic zenapax coding,0.7,"The obfuscated text still contains the key terms 'axon' and 'synaptic', which are present in the original text, indicating a significant information leakage.",llama-3.3-70b-versatile
47923,axon terminals or synaptic knob definition,quảng congestion 360 maloney jaji breviary,0.0,"The obfuscated text does not contain any relevant information from the original text, indicating minimal information leakage.",llama-3.3-70b-versatile
47923,axon terminals or synaptic knob definition,orde pristina scraps synaptic vcr meaning,0.2,"The obfuscated text still contains the word 'synaptic' which is present in the original text, indicating some information leakage. However, the context and other words are completely different, suggesting a low to moderate level of information leakage.",llama-3.3-70b-versatile
47923,axon terminals or synaptic knob definition,axon sorting restock spermicide knob definition,0.8,"The obfuscated text still contains the key words 'axon' and 'knob definition' which are present in the original text, indicating a significant information leakage.",llama-3.3-70b-versatile
47923,axon terminals or synaptic knob definition,axon euripides 96.77 synaptic catawba challenges,0.4,"The obfuscated text still contains the key words 'axon' and 'synaptic', which are present in the original text, indicating some information leakage. However, the context and surrounding words are completely different, suggesting a moderate level of obfuscation.",llama-3.3-70b-versatile
47923,axon terminals or synaptic knob definition,suproleague longshoremen hyena synaptic truncated definition,0.4,"The obfuscated text still contains the word 'synaptic' and 'definition' which are present in the original text, indicating some information leakage. However, the context and other words have been changed, reducing the leakage.",llama-3.3-70b-versatile
47923,axon terminals or synaptic knob definition,axon mogadishu cheering synaptic hellickson hd,0.7,"The obfuscated text still contains the word 'axon' and 'synaptic', which are key terms from the original text, indicating a significant information leakage.",llama-3.3-70b-versatile
87181,causes of left ventricular hypertrophy,causes cutolo holomorphic probe gas-fired,0.3,"The obfuscated text still contains some keywords related to the original text, such as 'causes', but the context and meaning have been significantly altered, indicating partial information leakage.",llama-3.3-70b-versatile
87181,causes of left ventricular hypertrophy,conscience methodologies knots ventricular mary-kate,0.4,"The obfuscated text 'conscience methodologies knots ventricular mary-kate' still contains the word 'ventricular' which is present in the original text 'causes of left ventricular hypertrophy'. This suggests that there is some information leakage. However, the context and other words have been changed, indicating a partial obfuscation. Therefore, the score is 0.4.",llama-3.3-70b-versatile
87181,causes of left ventricular hypertrophy,frail neisse state ablation dimensioning,0.2,"The obfuscated text 'frail neisse state ablation dimensioning' does not contain any direct references to the original text 'causes of left ventricular hypertrophy', but 'ventricular' is present in the obfuscated text, indicating some information leakage. However, the context and meaning are completely lost, so the score is relatively low.",llama-3.3-70b-versatile
87181,causes of left ventricular hypertrophy,causes poems suffered ventricular psip,0.6,"The obfuscated text still contains the words 'causes' and 'ventricular' which are present in the original text, indicating some information leakage",llama-3.3-70b-versatile
87181,causes of left ventricular hypertrophy,draba anchorage late jussi sobukwe,0.0,"The obfuscated text does not contain any relevant information related to the original text, which is about medical causes. Therefore, the score is 0.",llama-3.3-70b-versatile
87181,causes of left ventricular hypertrophy,sticky onset knights runje permeability,0.0,"The obfuscated text does not retain any meaningful information from the original text, with completely unrelated words being used.",llama-3.3-70b-versatile
87181,causes of left ventricular hypertrophy,360 heightened jaros ventricular rosseler,0.4,"The obfuscated text still contains the word 'ventricular' which is present in the original text, indicating some information leakage. However, the context and other words are completely different, suggesting a moderate level of obfuscation.",llama-3.3-70b-versatile
87181,causes of left ventricular hypertrophy,deeper 1664 quill riddled pandolfo,0.0,"The obfuscated text does not retain any meaningful information from the original text, with completely unrelated words being used.",llama-3.3-70b-versatile
87181,causes of left ventricular hypertrophy,orwell years quebec ventricular midfoot,0.2,"The obfuscated text still contains the word 'ventricular' which is present in the original text, indicating some information leakage.",llama-3.3-70b-versatile
87181,causes of left ventricular hypertrophy,deaths col. 2:34 ventricular dita,0.4,"The obfuscated text still contains the word 'ventricular' which is a key term from the original text, indicating some information leakage.",llama-3.3-70b-versatile
87452,causes of military suicide,causes wayne military suicide,0.8,"The obfuscated text still contains the original keywords 'causes', 'military', and 'suicide', but with an added unrelated word 'wayne', which slightly reduces the information leakage. However, the core information is still preserved, so the score is 0.8",llama-3.3-70b-versatile
87452,causes of military suicide,causes xingtang sarajevo suicide,0.6,"The obfuscated text 'causes xingtang sarajevo suicide' still contains the words 'causes' and 'suicide' which are present in the original text 'causes of military suicide', but the word 'military' has been replaced with 'sarajevo' and 'xingtang' has been added, indicating some information leakage but not complete, so the score is 0.6",llama-3.3-70b-versatile
87452,causes of military suicide,awareness goteborg military whowhere,0.4,"The obfuscated text 'awareness goteborg military whowhere' has some similarity to the original text 'causes of military suicide' in that it still contains the word 'military', but other key words have been replaced with unrelated terms, indicating partial information leakage.",llama-3.3-70b-versatile
87452,causes of military suicide,shoshanna cocaine military chipotles,0.2,"The obfuscated text 'shoshanna cocaine military chipotles' still contains the word 'military' from the original text 'causes of military suicide', indicating some information leakage. However, the context and other words have been completely changed, reducing the leakage. Score is 0.2 for the partial retention of the 'military' keyword.",llama-3.3-70b-versatile
87452,causes of military suicide,causes readers netherlands suicide,0.4,"The obfuscated text still contains the words 'causes' and 'suicide' which are present in the original text, indicating some information leakage. However, the word 'military' is replaced with 'readers' and 'netherlands', which reduces the information leakage. The score is 0.4 because the obfuscated text still conveys some information about the topic, but the replacement of 'military' reduces the leakage.",llama-3.3-70b-versatile
87452,causes of military suicide,prague of confessed suicide,0.4,"The obfuscated text still contains the word 'suicide' which is present in the original text, but other key words like 'causes' and 'military' are missing or replaced, indicating partial information leakage.",llama-3.3-70b-versatile
87452,causes of military suicide,mignon laura kawaguchi suicide,0.2,"The obfuscated text still contains the word 'suicide' which is present in the original text, but other words are completely different, indicating some information leakage.",llama-3.3-70b-versatile
87452,causes of military suicide,heat jewish military suicide,0.4,"The obfuscated text still contains the words 'military' and 'suicide' which are present in the original text, indicating some information leakage. However, the addition of 'heat' and 'jewish' does not provide any direct relation to the original text, thus reducing the information leakage score.",llama-3.3-70b-versatile
87452,causes of military suicide,side-effects placed patriot suicide,0.4,"The obfuscated text still contains the word 'suicide' and 'military' which are present in the original text, indicating some information leakage. However, other words are changed or added, reducing the leakage. Score is 0.4",llama-3.3-70b-versatile
87452,causes of military suicide,causes goal far-right suicide,0.4,"The obfuscated text still contains the word 'causes' and 'suicide' which are present in the original text, indicating some information leakage. However, the addition of 'goal' and 'far-right' changes the context, reducing the information leakage. The score is 0.4 because the obfuscated text still conveys the general topic of the original text, but with significant changes.",llama-3.3-70b-versatile
104861,cost of interior concrete flooring,pays airways hype sand 2.5-mile,0.0,"The obfuscated text does not contain any relevant information from the original text, indicating minimal information leakage.",llama-3.3-70b-versatile
104861,cost of interior concrete flooring,"34,600 busload interior concrete millimeter",0.6,"The obfuscated text still contains the key words 'interior concrete' which are present in the original text, indicating significant information leakage. However, the addition of '34,600 busload millimeter' introduces unrelated terms, reducing the leakage. The score is 0.6, reflecting a moderate level of information leakage.",llama-3.3-70b-versatile
104861,cost of interior concrete flooring,holomorphic carolina djurkovic concrete winterfest,0.2,"The obfuscated text still contains the word 'concrete' which is present in the original text, indicating some information leakage. However, the context and other words are completely different, suggesting a low to moderate level of information leakage.",llama-3.3-70b-versatile
104861,cost of interior concrete flooring,non-labor supplies knockout structure flooring,0.6,"The obfuscated text still contains the word 'flooring' and 'structure' which are related to the original text 'cost of interior concrete flooring', indicating some information leakage",llama-3.3-70b-versatile
104861,cost of interior concrete flooring,surplus bedford interior sculpture baiyun,0.2,"The obfuscated text still contains the word 'interior' which is present in the original text, indicating some information leakage. However, the context and other words are completely different, suggesting a relatively low level of information leakage.",llama-3.3-70b-versatile
104861,cost of interior concrete flooring,costs wry interior gateposts flooring,0.8,"The obfuscated text contains the words 'costs', 'interior', and 'flooring', which are also present in the original text, indicating a significant information leakage.",llama-3.3-70b-versatile
104861,cost of interior concrete flooring,phisai battery littell voyage furniture,0.0,The obfuscated text contains no relevant information related to the original text 'cost of interior concrete flooring'.,llama-3.3-70b-versatile
104861,cost of interior concrete flooring,"5,000 labour stanishev dirt milc",0.6,"The obfuscated text contains some words related to the original text, such as 'interior' and 'concrete' are not present but 'labour' is present which is related to 'cost', however 'cost' is present in the obfuscated text and 'flooring' is also present. The score is 0.6 because some information is leaked but not all.",llama-3.3-70b-versatile
104861,cost of interior concrete flooring,costs data pisanu ionatana birding,0.2,"The obfuscated text still contains the word 'costs' which is present in the original text, and also contains the word 'interior' is not present but 'concrete' and 'flooring' are not present, however 'costs' is a key word in the original text",llama-3.3-70b-versatile
104861,cost of interior concrete flooring,riots of cab m-3 flooring,0.2,"The obfuscated text 'riots of cab m-3 flooring' still contains the word 'flooring' which is present in the original text 'cost of interior concrete flooring'. This indicates some information leakage, but the context and other words are completely different, so it's not a direct match. The score is 0.2 because 'flooring' is the only related word.",llama-3.3-70b-versatile
1106007,define visceral?,kazan shakhtar,0.1,"The obfuscated text 'kazan shakhtar' does not appear to be related to the original text 'define visceral?', indicating a low information leakage score.",llama-3.3-70b-versatile
1106007,define visceral?,define rhernandez,0.2,"The obfuscated text 'define rhernandez' still contains the keyword 'define' which is present in the original text 'define visceral?', indicating some information leakage. However, the term 'rhernandez' is unrelated to 'visceral', suggesting a significant level of obfuscation.",llama-3.3-70b-versatile
1106007,define visceral?,extra-legal enfranchisement,0.1,"The obfuscated text 'extra-legal enfranchisement' does not appear to be related to the original text 'define visceral?', indicating a low information leakage score.",llama-3.3-70b-versatile
1106007,define visceral?,mysore kc-130,0.0,"The obfuscated text 'mysore kc-130' does not contain any information related to the definition of 'visceral', thus the score is 0",llama-3.3-70b-versatile
1106007,define visceral?,ornstein volgodonsk,0.0,"The obfuscated text does not contain any information related to the original text 'define visceral?', thus the score is 0",llama-3.3-70b-versatile
1106007,define visceral?,rulemaking cingulate,0.1,"The obfuscated text 'rulemaking cingulate' does not appear to be related to the original text 'define visceral?', thus the information leakage is minimal.",llama-3.3-70b-versatile
1106007,define visceral?,"galois 2,464",0.0,"The obfuscated text 'galois 2,464' does not contain any information related to the definition of 'visceral', thus the score is 0",llama-3.3-70b-versatile
1106007,define visceral?,dey multi-specialty,0.0,"The obfuscated text 'dey multi-specialty' does not contain any information related to the original text 'define visceral?', thus the score is 0",llama-3.3-70b-versatile
1106007,define visceral?,ability glans,0.2,"The obfuscated text 'ability glans' does not seem to be related to the original text 'define visceral?', thus the information leakage is low.",llama-3.3-70b-versatile
1106007,define visceral?,identity su,0.1,"The obfuscated text 'identity su' does not appear to be related to the original text 'define visceral?', thus the information leakage is minimal.",llama-3.3-70b-versatile
130510,definition declaratory judgment,definition declaratory odinist,0.6,"The obfuscated text 'definition declaratory odinist' has replaced the word 'judgment' with 'odinist', which is a significant change, but the rest of the text remains the same. This suggests a moderate level of information leakage, as the overall meaning of the text is still somewhat preserved, but the specific term 'judgment' has been altered. Therefore, the score is 0.6.",llama-3.3-70b-versatile
130510,definition declaratory judgment,karmiel nataka http://www.who.int,0.0,"The original text 'definition declaratory judgment' has been completely altered in the obfuscated text 'karmiel nataka http://www.who.int', with no recognizable words or phrases remaining, indicating a very low information leakage score.",llama-3.3-70b-versatile
130510,definition declaratory judgment,maintains coordinates judgment,0.5,"The obfuscated text 'maintains coordinates judgment' still contains the word 'judgment' from the original text 'definition declaratory judgment', indicating some information leakage. However, the words 'definition' and 'declaratory' are replaced, reducing the leakage. The score is 0.5 because half of the original text's key words are preserved.",llama-3.3-70b-versatile
130510,definition declaratory judgment,mouthpiece injunctive writs,0.7,"The obfuscated text 'mouthpiece injunctive writs' still contains related legal terminology, indicating some information leakage from the original text 'definition declaratory judgment'.",llama-3.3-70b-versatile
130510,definition declaratory judgment,arabiya declaratory overriding,0.5,"The obfuscated text 'arabiya declaratory overriding' still contains the word 'declaratory' from the original text 'definition declaratory judgment', indicating some information leakage. However, the other words have been changed, reducing the overall leakage.",llama-3.3-70b-versatile
130510,definition declaratory judgment,haakon hrodna radiocommunications,1.0,"The original text 'definition declaratory judgment' and the obfuscated text 'haakon hrodna radiocommunications' have no similarity, indicating complete information leakage.",llama-3.3-70b-versatile
130510,definition declaratory judgment,definition oxfam violation,0.4,"The obfuscated text 'definition oxfam violation' still contains the word 'definition' from the original text, but replaces 'declaratory judgment' with 'oxfam violation', which is unrelated. This suggests some information leakage, but not complete, as the context is altered.",llama-3.3-70b-versatile
130510,definition declaratory judgment,definition unsteadily judgment,0.6,"The obfuscated text 'definition unsteadily judgment' still contains the word 'definition' and 'judgment' from the original text, indicating some information leakage. However, the word 'unsteadily' is unrelated to the original text, reducing the leakage. Score: 0.6",llama-3.3-70b-versatile
130510,definition declaratory judgment,definition declaratory boraine,0.7,"The obfuscated text 'definition declaratory boraine' has a similar structure to the original text 'definition declaratory judgment', with the word 'boraine' replacing 'judgment'. This suggests a moderate level of information leakage, as the context and some keywords are preserved, but the specific term 'judgment' is changed.",llama-3.3-70b-versatile
130510,definition declaratory judgment,inductive robinett diablo,0.0,"The obfuscated text 'inductive robinett diablo' has no similarity to the original text 'definition declaratory judgment', thus the score is 0.0",llama-3.3-70b-versatile
131843,definition of a sigmet,skits visalia slaw warcrimes,0.0,"The obfuscated text does not contain any information related to the original text, which is the definition of a sigmet. The words in the obfuscated text are unrelated to the original text, indicating no information leakage.",llama-3.3-70b-versatile
131843,definition of a sigmet,top-of-the-line topics a banjos,0.0,"The obfuscated text does not contain any relevant information from the original text, indicating no information leakage.",llama-3.3-70b-versatile
131843,definition of a sigmet,bandwidth kiev a latte,0.0,"The obfuscated text does not contain any relevant information from the original text, indicating no information leakage.",llama-3.3-70b-versatile
131843,definition of a sigmet,lavash 34 collapsed spanoulis,0.0,"The obfuscated text does not contain any relevant information from the original text, indicating no information leakage.",llama-3.3-70b-versatile
131843,definition of a sigmet,six-hour commitment escalation subliminal,0.0,"The obfuscated text does not contain any relevant information from the original text, which is 'definition of a sigmet'. The words in the obfuscated text are unrelated to the original text, indicating no information leakage.",llama-3.3-70b-versatile
131843,definition of a sigmet,definition balance m.m. gwinnett,0.8,The obfuscated text 'definition balance m.m. gwinnett' still contains the word 'definition' which is present in the original text 'definition of a sigmet'. This suggests a significant information leakage.,llama-3.3-70b-versatile
131843,definition of a sigmet,infinite various prosecutors scenographer,0.0,The obfuscated text does not contain any relevant information from the original text 'definition of a sigmet'.,llama-3.3-70b-versatile
131843,definition of a sigmet,extrinsic terror subtle quickie,0.0,The obfuscated text does not contain any relevant information from the original text 'definition of a sigmet'.,llama-3.3-70b-versatile
131843,definition of a sigmet,equitable islamic prequalified valens,0.0,The obfuscated text does not contain any relevant information from the original text 'definition of a sigmet'.,llama-3.3-70b-versatile
131843,definition of a sigmet,definition spi joint 5.5-6,0.2,"The obfuscated text 'definition spi joint 5.5-6' still contains the word 'definition' which is present in the original text, indicating some information leakage. However, the rest of the text is unrelated, suggesting partial information leakage.",llama-3.3-70b-versatile
146187,difference between a mcdouble and a double cheeseburger,embla sicilies a shib columbia spell rickm groovy,0.0,"The obfuscated text does not contain any recognizable words or phrases from the original text, indicating a low level of information leakage.",llama-3.3-70b-versatile
146187,difference between a mcdouble and a double cheeseburger,iskandariya agreement looting pace pornographic enfield closet gulmi,0.0,"The obfuscated text does not contain any recognizable words or phrases from the original text, indicating a high level of obfuscation.",llama-3.3-70b-versatile
146187,difference between a mcdouble and a double cheeseburger,subpoena slot peaceful parliaments and devers caymanian cheeseburger,0.2,"The obfuscated text contains the word 'cheeseburger' which is also present in the original text, indicating some information leakage.",llama-3.3-70b-versatile
146187,difference between a mcdouble and a double cheeseburger,numerical fuego tirade 16th castro a double brasileira,0.2,"The obfuscated text still contains the word 'double' which is present in the original text, indicating some information leakage, but the context and other words are completely different, so the leakage is not complete.",llama-3.3-70b-versatile
146187,difference between a mcdouble and a double cheeseburger,variations segments triggering turrets dordrecht jeep flying dorados,0.0,"The obfuscated text does not contain any relevant information from the original text, indicating minimal information leakage.",llama-3.3-70b-versatile
146187,difference between a mcdouble and a double cheeseburger,bare between leg jowkar twists provisional longest prayed,0.2,"The obfuscated text does not contain any relevant information from the original text, but some words seem to be related to the topic, such as 'between' and 'double' are not present but 'between' is present in this case",llama-3.3-70b-versatile
146187,difference between a mcdouble and a double cheeseburger,"versus floors insurer .5 stripe 3,276 geocentric a16",0.0,"The obfuscated text does not contain any relevant information from the original text, so the score is 0",llama-3.3-70b-versatile
146187,difference between a mcdouble and a double cheeseburger,straight-line plourd ramblin jesdanun bite rome melted subways,0.0,"The obfuscated text does not contain any relevant information from the original text, indicating minimal information leakage.",llama-3.3-70b-versatile
146187,difference between a mcdouble and a double cheeseburger,starts between malaysian allgaier paleontology theoretical double cheeseburger,0.8,"The obfuscated text contains the words 'between' and 'double cheeseburger' which are also present in the original text, indicating a significant information leakage.",llama-3.3-70b-versatile
146187,difference between a mcdouble and a double cheeseburger,hornby firozabad a hfr forfar a danny recipe,0.8,"The obfuscated text contains the words 'between' and 'double cheeseburger' which are also present in the original text, indicating a significant information leakage.",llama-3.3-70b-versatile
148538,difference between rn and bsn,opposite between métropole penguins bsn,0.4,"The obfuscated text still contains the keyword 'bsn' from the original text, indicating some information leakage. However, the addition of unrelated words 'métropole penguins' and the change of 'difference' to 'opposite' reduces the overall information leakage.",llama-3.3-70b-versatile
148538,difference between rn and bsn,extreme champagne rn chant bsn,0.3,"The obfuscated text still contains the original keywords 'rn' and 'bsn', indicating some information leakage, but the context and meaning are completely changed, so the score is 0.3",llama-3.3-70b-versatile
148538,difference between rn and bsn,inferior ousted rn heavily bsn,0.4,"The obfuscated text still contains the original keywords 'rn' and 'bsn', indicating some information leakage, but the context and meaning are altered, so the score is not 1.",llama-3.3-70b-versatile
148538,difference between rn and bsn,palmeiras side rn georgia leumit,0.2,"The obfuscated text still contains the original keywords 'rn' and 'bsn', indicating some information leakage, but the context and meaning are completely changed, so the score is 0.2",llama-3.3-70b-versatile
148538,difference between rn and bsn,saving dispute algol greater pizza,0.0,"The obfuscated text does not contain any relevant information from the original text, thus the score is 0",llama-3.3-70b-versatile
148538,difference between rn and bsn,borgetti divided tinner posten queensberry,0.0,"The obfuscated text does not contain any relevant information from the original text, indicating minimal information leakage.",llama-3.3-70b-versatile
148538,difference between rn and bsn,successes central rovigo chemicals bsn,0.2,"The obfuscated text still contains the keyword 'bsn' which is present in the original text, indicating some information leakage.",llama-3.3-70b-versatile
148538,difference between rn and bsn,algebra colony timms sawatch bsn,0.0,"The obfuscated text does not contain any relevant information from the original text, so the score is 0",llama-3.3-70b-versatile
148538,difference between rn and bsn,easily opera 22-room discriminate comperes,0.0,"The obfuscated text does not contain any relevant information from the original text, so the score is 0",llama-3.3-70b-versatile
148538,difference between rn and bsn,peripheral between 12.11 accused bsn,0.4,"The obfuscated text still contains the word 'between' and 'bsn' which are present in the original text, indicating some information leakage",llama-3.3-70b-versatile
156493,do goldfish grow,ditka stereoscopic fastest,0.0,"The obfuscated text does not contain any information from the original text, so the score is 0",llama-3.3-70b-versatile
156493,do goldfish grow,jihad goldfish playground,0.4,"The obfuscated text contains the word 'goldfish' which is also present in the original text, indicating some information leakage. However, the context and other words are different, so it's not complete information leakage.",llama-3.3-70b-versatile
156493,do goldfish grow,talk devitto tedx,0.2,"The obfuscated text does not contain any information related to the original text, except for the word 'goldfish' in the second obfuscated text, which indicates some information leakage. However, the context and meaning are completely lost, so the score should be low. For the first and third obfuscated texts, there is no information leakage. For the second obfuscated text, the score should be higher than 0 due to the presence of 'goldfish'.",llama-3.3-70b-versatile
156493,do goldfish grow,analogy comedy-variety contracted,0.0,"The obfuscated text does not contain any information from the original text, so the score is 0",llama-3.3-70b-versatile
156493,do goldfish grow,attribution blankley flushes,0.0,"The obfuscated text does not contain any information from the original text, so the score is 0",llama-3.3-70b-versatile
156493,do goldfish grow,do domiciliary aout,0.2,"The obfuscated text 'do domiciliary aout' still contains the first word 'do' from the original text 'do goldfish grow', indicating some information leakage, but the rest of the text is completely different, so the score is 0.2",llama-3.3-70b-versatile
156493,do goldfish grow,"do bahl 1,591",0.2,"The obfuscated text 'do bahl 1,591' still contains the first word 'do' from the original text 'do goldfish grow', indicating some information leakage, but the rest of the text is completely different, so the leakage is partial.",llama-3.3-70b-versatile
156493,do goldfish grow,security flinch l'italia,0.0,"The obfuscated text does not contain any information from the original text, so the score is 0",llama-3.3-70b-versatile
156493,do goldfish grow,quantified goldfish cropland,0.5,"The obfuscated text contains the word 'goldfish' which is also present in the original text, indicating some information leakage.",llama-3.3-70b-versatile
156493,do goldfish grow,will headedness barrel,0.0,"The obfuscated text 'will headedness barrel' does not contain any information from the original text 'do goldfish grow', so the score is 0",llama-3.3-70b-versatile
168216,does legionella pneumophila cause pneumonia,cells polyunsaturated pneumophila few nictitating,0.4,"The obfuscated text still contains the word 'pneumophila' which is a key term in the original text, indicating some information leakage. However, the context and other words are changed, reducing the leakage. Score is 0.4",llama-3.3-70b-versatile
168216,does legionella pneumophila cause pneumonia,sky ciresi caoc liable bogged,0.0,"The obfuscated text does not contain any relevant information from the original text, indicating minimal information leakage.",llama-3.3-70b-versatile
168216,does legionella pneumophila cause pneumonia,accomplish legionella pneumophila irreparable pneumonia,0.8,"The obfuscated text still contains the key terms 'legionella pneumophila' and 'pneumonia', which are present in the original text, indicating significant information leakage.",llama-3.3-70b-versatile
168216,does legionella pneumophila cause pneumonia,sebald legionella pourzand dedication homeless,0.8,"The obfuscated text still contains the key words 'legionella' and 'pneumophila', which are present in the original text, indicating a significant information leakage.",llama-3.3-70b-versatile
168216,does legionella pneumophila cause pneumonia,invest culio supersaturated caused pneumonia,0.8,"The obfuscated text still contains the key words 'legionella pneumophila' and 'pneumonia', which are present in the original text, indicating significant information leakage.",llama-3.3-70b-versatile
168216,does legionella pneumophila cause pneumonia,operations legionella telep lid milder,0.7,"The obfuscated text still contains the word 'legionella', which is a key term from the original text, indicating a significant information leakage.",llama-3.3-70b-versatile
168216,does legionella pneumophila cause pneumonia,wingnut ya-ya zhongnanhai strain pneumonia,0.5,"The obfuscated text still contains the word 'pneumonia' which is present in the original text, but 'legionella pneumophila' is not present, hence the score is 0.5",llama-3.3-70b-versatile
168216,does legionella pneumophila cause pneumonia,desk ioannou aventuras causes pneumonia,0.8,"The obfuscated text still contains the word 'pneumonia' and 'causes', which is similar to the original text 'does legionella pneumophila cause pneumonia', indicating a high level of information leakage.",llama-3.3-70b-versatile
168216,does legionella pneumophila cause pneumonia,"rottenberg legionella boyard sent 6,200",0.8,"The obfuscated text still contains the word 'legionella', which is a key term from the original text, indicating a significant information leakage.",llama-3.3-70b-versatile
168216,does legionella pneumophila cause pneumonia,geez legionella pneumophila liver germs,0.8,"The obfuscated text still contains the words 'legionella pneumophila', which are key terms from the original text, indicating a high level of information leakage.",llama-3.3-70b-versatile
182539,example of monotonic function,spinoza tax monotonic must,0.4,"The obfuscated text still contains the key word 'monotonic', which is present in the original text, indicating some information leakage. However, other words are changed or added, reducing the leakage.",llama-3.3-70b-versatile
182539,example of monotonic function,cd bunch montreat function,0.7,"The obfuscated text 'cd bunch montreat function' still contains the key word 'function' and 'montreat' which is similar to 'monotonic', indicating a significant information leakage from the original text 'example of monotonic function'.",llama-3.3-70b-versatile
182539,example of monotonic function,victoria federally monotonic continuous,0.7,"The obfuscated text 'victoria federally monotonic continuous' still contains the key word 'monotonic' from the original text 'example of monotonic function', indicating significant information leakage. However, other key words like 'function' are not present, and new words are introduced, reducing the leakage slightly.",llama-3.3-70b-versatile
182539,example of monotonic function,historically tosk monotonic eat,0.4,"The obfuscated text 'historically tosk monotonic eat' still contains the word 'monotonic' from the original text 'example of monotonic function', indicating some information leakage. However, the context and other words are completely changed, reducing the leakage. Score: 0.4",llama-3.3-70b-versatile
182539,example of monotonic function,relink catharine monotonic compiler,0.5,"The word 'monotonic' is present in both the original and obfuscated texts, indicating some information leakage, but other words are different, so it's not complete leakage.",llama-3.3-70b-versatile
182539,example of monotonic function,cos. economic monotonic supplement,0.5,"The obfuscated text still contains the word 'monotonic' which is present in the original text, indicating some information leakage. However, other words are different, indicating some level of obfuscation.",llama-3.3-70b-versatile
182539,example of monotonic function,rowboats cathay stressors defined,0.0,"The obfuscated text does not contain any information from the original text, so the score is 0",llama-3.3-70b-versatile
182539,example of monotonic function,space armoured hsts ironmongery,0.2,"The obfuscated text does not contain any words related to the original text 'example of monotonic function', except for none of the key words, so the score is 0.2",llama-3.3-70b-versatile
182539,example of monotonic function,e.g. roughly high-definition occurring,0.0,The obfuscated text does not contain any information from the original text.,llama-3.3-70b-versatile
182539,example of monotonic function,hottest radar rosanna cardiac,0.0,"The obfuscated text 'hottest radar rosanna cardiac' does not contain any information from the original text 'example of monotonic function', so the score is 0",llama-3.3-70b-versatile
183378,exons definition biology,exons definition genetics,0.7,"The obfuscated text is similar to the original text, with only the word 'biology' changed to 'genetics', which are related fields. This suggests a moderate level of information leakage.",llama-3.3-70b-versatile
183378,exons definition biology,exons hereditary berenson,0.6,"The obfuscated text still contains the word 'exons' and a related concept 'hereditary', which is close to the original text 'exons definition biology'. However, 'hereditary' is more related to genetics than biology, and 'berenson' seems unrelated. Therefore, the score should be between 0 and 1, considering the partial information leakage.",llama-3.3-70b-versatile
183378,exons definition biology,passageway a chain,0.2,"The obfuscated text 'passageway a chain' does not convey the same meaning as the original text 'exons definition biology', indicating significant information leakage. However, some related concepts might still be inferred, thus a score of 0.2 is assigned.",llama-3.3-70b-versatile
183378,exons definition biology,herbage tiptronic biology,0.2,"The obfuscated text 'herbage tiptronic biology' has some similarity to the original text 'exons definition biology' in that it contains the word 'biology', but the other words are unrelated, indicating partial information leakage.",llama-3.3-70b-versatile
183378,exons definition biology,exons makkena biology,0.7,"The obfuscated text 'exons makkena biology' still contains the word 'exons' and 'biology' which are present in the original text 'exons definition biology', indicating a significant information leakage.",llama-3.3-70b-versatile
183378,exons definition biology,top-level gldfld biology,0.2,"The obfuscated text 'top-level gldfld biology' has some similarity to the original text 'exons definition biology' in that it contains the word 'biology', but the other words are unrelated, indicating partial information leakage.",llama-3.3-70b-versatile
183378,exons definition biology,exons phyllida soumaila,0.2,"The obfuscated text 'exons phyllida soumaila' has some similarity to the original text 'exons definition biology' in that it retains the word 'exons', but the rest of the words are unrelated, indicating partial information leakage.",llama-3.3-70b-versatile
183378,exons definition biology,clauses okla biology,0.2,"The obfuscated text 'exons phyllida soumaila' has some similarity to the original text 'exons definition biology' with 'exons' being present in both, but the rest of the words are unrelated, indicating partial information leakage.",llama-3.3-70b-versatile
183378,exons definition biology,xecl brain-computer tactics,0.0,"The obfuscated text 'xecl brain-computer tactics' has no relation to the original text 'exons definition biology', indicating a very low information leakage.",llama-3.3-70b-versatile
183378,exons definition biology,feliciana definition faculty,0.4,"The obfuscated text 'feliciana definition faculty' has some similarity to the original text 'exons definition biology' in terms of the word 'definition', but the other words are quite different, indicating a moderate level of information leakage.",llama-3.3-70b-versatile
207786,how are some sharks warm blooded,calls special bamogo sharks palmitic cowardly,0.4,"The obfuscated text does not convey the same meaning as the original text, but some words are similar in structure, indicating a moderate level of information leakage.",llama-3.3-70b-versatile
207786,how are some sharks warm blooded,settling distrust risk memorias repeat refashioning,0.2,"The obfuscated text does not contain any recognizable words or phrases from the original text, indicating a high level of obfuscation.",llama-3.3-70b-versatile
207786,how are some sharks warm blooded,large 20s eliminate rock-hewn kilowatt-hour torch,0.1,"The obfuscated text does not contain any direct references to the original text, but some words may be related to the topic of sharks or their environment, such as 'rock-hewn' which could be related to underwater terrain. However, the connection is very weak and most of the words are unrelated, so the information leakage is low.",llama-3.3-70b-versatile
207786,how are some sharks warm blooded,learned arrayed restaurants sharks warm hybrids,0.8,"The obfuscated text still contains the word 'sharks' which is present in the original text, and also contains the word 'warm' which is also present in the original text, indicating a significant information leakage.",llama-3.3-70b-versatile
207786,how are some sharks warm blooded,aerial red aegean sharks techno osteology,0.4,"The obfuscated text still contains the word 'sharks' which is present in the original text, indicating some information leakage. However, the context and other words are completely different, suggesting a moderate level of obfuscation.",llama-3.3-70b-versatile
207786,how are some sharks warm blooded,"wants zaireans 1,200 ud letters mmr",0.0,"The obfuscated text does not contain any information related to the original text, indicating no information leakage.",llama-3.3-70b-versatile
207786,how are some sharks warm blooded,18-inch truly some sharks buddies romolo,0.2,"The obfuscated text still contains the word 'sharks' which is present in the original text, indicating some information leakage. However, the context and other words are completely different, reducing the leakage score.",llama-3.3-70b-versatile
207786,how are some sharks warm blooded,worker speed dozens bench daytime celebrators,0.0,"The obfuscated text does not contain any relevant information from the original text, indicating minimal information leakage.",llama-3.3-70b-versatile
207786,how are some sharks warm blooded,attention amount 61.5 cronulla warm undersigned,0.4,"The obfuscated text still contains the word 'warm' and 'sharks' is not present but 'cronulla' which is a place known for sharks, is present, indicating some information leakage",llama-3.3-70b-versatile
207786,how are some sharks warm blooded,privately n't businesses populations warm blooded,0.8,"The obfuscated text still contains the key phrases 'warm blooded' which is present in the original text, indicating a significant information leakage.",llama-3.3-70b-versatile
1133167,how is the weather in jamaica,feels endor goalscoring shigetoshi igneous jamaica,0.2,"The obfuscated text still contains the word 'jamaica' which is present in the original text, indicating some information leakage. However, the rest of the text is completely obfuscated, resulting in a partial information leakage.",llama-3.3-70b-versatile
1133167,how is the weather in jamaica,ritu is 1930s weather died ocellated,0.2,"The obfuscated text contains the word 'weather' which is present in the original text, but the context and other words are completely different, indicating some information leakage.",llama-3.3-70b-versatile
1133167,how is the weather in jamaica,scramble interpreted companion weather rallied pro,0.2,"The obfuscated text still contains the word 'weather' which is present in the original text, indicating some information leakage. However, the context and other words are completely changed, reducing the leakage. Score is 0.2",llama-3.3-70b-versatile
1133167,how is the weather in jamaica,count andorran lender weather convictions crecio,0.2,"The obfuscated text still contains the word 'weather' which is present in the original text, indicating some information leakage. However, the context and other words are completely changed, reducing the leakage. Score is 0.2",llama-3.3-70b-versatile
1133167,how is the weather in jamaica,questions sharia flies weather effort jamaica,0.4,"The obfuscated text still contains the words 'weather' and 'jamaica' which are present in the original text, indicating some information leakage",llama-3.3-70b-versatile
1133167,how is the weather in jamaica,how baxendale prizren weather majorities siculus,0.4,"The obfuscated text still contains the word 'weather' and 'jamaica' which are present in the original text, indicating some information leakage",llama-3.3-70b-versatile
1133167,how is the weather in jamaica,jury 33.5 dalmatian croquet greater dylex,0.2,"The obfuscated text does not contain any relevant information about the weather in Jamaica, but it does contain the word 'jamaica' which is present in the original text. However, the word 'weather' is not present in the obfuscated text, and the other words do not provide any meaningful information about the weather. Therefore, the score is 0.2",llama-3.3-70b-versatile
1133167,how is the weather in jamaica,faceoff conserved r telegraph heights rudyard,0.2,"The obfuscated text does not contain any relevant information about the weather in Jamaica, but it does contain the word 'jamaica' which is present in the original text. However, the word 'weather' is not present in the obfuscated text. Therefore, the score should be low, around 0.2, indicating some information leakage due to the presence of the location.",llama-3.3-70b-versatile
1133167,how is the weather in jamaica,tie amateurs publishing environment glide jamaica,0.2,"The obfuscated text still contains the word 'jamaica' which is present in the original text, indicating some information leakage. However, the context and other words are completely different, indicating significant obfuscation.",llama-3.3-70b-versatile
1133167,how is the weather in jamaica,know amy hispid quantifies aysén jamaica,0.2,"The obfuscated text still contains the word 'jamaica' which is present in the original text, indicating some information leakage. However, the rest of the text is completely different, suggesting a significant level of obfuscation.",llama-3.3-70b-versatile
264014,how long is life cycle of flea,dealt union gospel 450-member stops fraternity smell,0.1,"The obfuscated text does not contain any relevant information from the original text, indicating a low information leakage score of 0.1",llama-3.3-70b-versatile
264014,how long is life cycle of flea,complexity swabia country political barremian mainly calthorpe,0.0,"The obfuscated text does not contain any information related to the original text, indicating no information leakage.",llama-3.3-70b-versatile
264014,how long is life cycle of flea,kunz bet beanpot life non-classical saltburn flea,0.8,"The obfuscated text contains the word 'flea' which is also present in the original text, indicating a significant information leakage.",llama-3.3-70b-versatile
264014,how long is life cycle of flea,bernard recurve is $ orchid classrooms plentiful,0.2,"The obfuscated text does not contain any relevant information about the life cycle of a flea, but it does contain the word 'flea' which is present in the original text, hence the score is 0.2",llama-3.3-70b-versatile
264014,how long is life cycle of flea,wild awash coin life gelinas of petz,0.2,"The obfuscated text contains the word 'life' which is also present in the original text, indicating some information leakage. However, the context and other words are completely different, suggesting minimal information leakage.",llama-3.3-70b-versatile
264014,how long is life cycle of flea,fascism wigan live life 9-ranked childish flea,0.2,"The obfuscated text contains the word 'flea' which is also present in the original text, indicating some information leakage. However, the context and other words are completely different, suggesting that the information leakage is not complete.",llama-3.3-70b-versatile
264014,how long is life cycle of flea,infectious survives valley images coca-cola auditor funky,0.2,"The obfuscated text does not contain any relevant information about the life cycle of a flea, but it does contain the word 'flea' and 'life' which could be considered a slight information leakage.",llama-3.3-70b-versatile
264014,how long is life cycle of flea,signal long public oratory fenian joyful yong-ho,0.2,"The obfuscated text does not contain any relevant information about the life cycle of a flea, but it does contain the word 'long' which is present in the original text, and 'life' which is also present in the original text, however the context is completely different. The score is 0.2 because there is a slight connection between the original and obfuscated text due to the presence of these words.",llama-3.3-70b-versatile
264014,how long is life cycle of flea,fein long who montoya ehf curatorial tetzlaff,0.2,"The obfuscated text 'fein long who montoya ehf curatorial tetzlaff' contains the word 'long' which is also present in the original text 'how long is life cycle of flea', indicating some information leakage. However, the context and meaning are completely different, so the leakage is not complete.",llama-3.3-70b-versatile
264014,how long is life cycle of flea,eats library mill innings cycle order mascaro,0.1,"The obfuscated text does not contain any relevant information about the life cycle of a flea, but it does contain the word 'cycle', which is related to the original text. However, the context is completely different, so the information leakage is minimal.",llama-3.3-70b-versatile
359349,how to find the midsegment of a trapezoid,learn 25.99 b.a.t younger besserglik heel `` pelée,0.0,"The obfuscated text does not contain any relevant information about the original text, which is about finding the midsegment of a trapezoid. The obfuscated text appears to be a jumbled collection of unrelated words and numbers, indicating a very low information leakage score.",llama-3.3-70b-versatile
359349,how to find the midsegment of a trapezoid,stuff menu opposition session marines 1q a 31.25,0.0,"The obfuscated text does not contain any relevant information from the original text, indicating a low information leakage score.",llama-3.3-70b-versatile
359349,how to find the midsegment of a trapezoid,how reunited scenery can smirnov theory a redemptoris,0.0,"The obfuscated text does not contain any relevant information about the original text, which is about finding the midsegment of a trapezoid. The obfuscated text appears to be a jumbled collection of unrelated words.",llama-3.3-70b-versatile
359349,how to find the midsegment of a trapezoid,metsu to delivering america conoco needed driving dutrow,0.0,"The obfuscated text does not contain any relevant information related to the original text, which is about finding the midsegment of a trapezoid. The score is 0 because there is no information leakage.",llama-3.3-70b-versatile
359349,how to find the midsegment of a trapezoid,how to heavenly arms doggie sylvania rare maracana,0.0,"The obfuscated text does not contain any relevant information about the original text, which is about finding the midsegment of a trapezoid. The score is 0 because there is no information leakage.",llama-3.3-70b-versatile
359349,how to find the midsegment of a trapezoid,programs decides reid broached sprinkler briefed a otter,0.0,"The obfuscated text does not contain any relevant information related to the original text, which is about finding the midsegment of a trapezoid. The score is 0 because there is no information leakage.",llama-3.3-70b-versatile
359349,how to find the midsegment of a trapezoid,understanding support mounting hilton neutrogena arab bloodstains andrievskaya,0.0,"The obfuscated text does not contain any relevant information related to the original text, which is about finding the midsegment of a trapezoid. The score is 0 because there is no information leakage.",llama-3.3-70b-versatile
359349,how to find the midsegment of a trapezoid,threat friends distinguish kept supernova malahide a autobiographer,0.0,"The obfuscated text does not contain any relevant information related to the original text, which is about finding the midsegment of a trapezoid. The score is 0 because there is no information leakage.",llama-3.3-70b-versatile
359349,how to find the midsegment of a trapezoid,review tune supersports goldener stanhope bloomberg serves saillant,0.0,"The obfuscated text does not contain any relevant information related to the original text, which is about finding the midsegment of a trapezoid. The score is 0 because there is no information leakage.",llama-3.3-70b-versatile
359349,how to find the midsegment of a trapezoid,satellite plans step liquidity hypnotists maximise telescope trapezoid,0.2,"The obfuscated text contains the word 'trapezoid' which is also present in the original text, indicating some information leakage.",llama-3.3-70b-versatile
1129237,hydrogen is a liquid below what temperature,excretory is us liquid below brachfeld temperature,0.4,"The obfuscated text has replaced some words with similar-sounding words, but the overall meaning and structure of the sentence remain intact. However, the replacement of 'hydrogen' with 'excretory' and 'what' with 'brachfeld' reduces the information leakage. The score is 0.4 because the obfuscated text still conveys the idea that a substance is a liquid below a certain temperature, but the specifics are obscured.",llama-3.3-70b-versatile
1129237,hydrogen is a liquid below what temperature,mercury instrumental slim liquid belén reverse bagnoli,0.2,"The obfuscated text has some similar words to the original text, but the meaning is completely different. The word 'liquid' is present in both texts, but the context and surrounding words are different. The score is 0.2 because some words are similar, but the overall meaning is not leaked.",llama-3.3-70b-versatile
1129237,hydrogen is a liquid below what temperature,officio loft designed cestodes below variation 84.9,0.0,"The obfuscated text does not contain any information related to the original text, which is about the temperature at which hydrogen becomes a liquid. The obfuscated text appears to be a jumbled collection of unrelated words, indicating no information leakage.",llama-3.3-70b-versatile
1129237,hydrogen is a liquid below what temperature,hydrogen almost credible liquid cpifa flexibility temperature,0.8,"The obfuscated text still contains the word 'hydrogen' and 'liquid' and 'temperature' which are present in the original text, indicating significant information leakage",llama-3.3-70b-versatile
1129237,hydrogen is a liquid below what temperature,bleach 'm garner mixing bogin defined rajasthan,0.0,"The obfuscated text 'bleach 'm garner mixing bogin defined rajasthan' does not retain any meaningful information from the original text 'hydrogen is a liquid below what temperature', thus the score is 0",llama-3.3-70b-versatile
1129237,hydrogen is a liquid below what temperature,oxygen is chipewyan ate guajillo pokey efficiency,0.2,"The obfuscated text does not contain any information related to the original text, except for some similar words, but the meaning is completely different.",llama-3.3-70b-versatile
1129237,hydrogen is a liquid below what temperature,hydrogen enjoys group fightings shade '' rosengren,0.2,"The obfuscated text still contains the word 'hydrogen' which is present in the original text, but other words are changed, indicating some information leakage.",llama-3.3-70b-versatile
1129237,hydrogen is a liquid below what temperature,hydrogen is nice flask below states degrees,0.4,"The obfuscated text still contains the word 'hydrogen' and the phrase 'is...below', which are present in the original text, indicating some information leakage. However, the words 'nice', 'flask', and 'states degrees' are different from the original text, reducing the information leakage. The score is 0.4 because about half of the original information is preserved.",llama-3.3-70b-versatile
1129237,hydrogen is a liquid below what temperature,enriched clarke bookings liquid skonto consistently temperature,0.6,"The obfuscated text still contains the word 'hydrogen' and 'liquid' and 'temperature', which are key words from the original text, but 'below' is replaced with 'consistently' and other words are changed, indicating some information leakage",llama-3.3-70b-versatile
1129237,hydrogen is a liquid below what temperature,odling anders a liquid 44 space measurement,0.4,"The obfuscated text still contains the word 'liquid' and a temperature-related term ('space measurement' could be related to temperature), but the context and other words are different from the original text, indicating some information leakage.",llama-3.3-70b-versatile
405717,is cdg airport in main paris,finches guild somewhere debuts mann paris,0.2,"The obfuscated text still contains the word 'paris', which is present in the original text, indicating some information leakage. However, the other words are completely different, suggesting a significant level of obfuscation.",llama-3.3-70b-versatile
405717,is cdg airport in main paris,new noach bershawn line triangular henri,0.1,"The obfuscated text does not contain any direct information from the original text, but it does contain the word 'paris' which is present in the original text. However, the context and meaning are completely different. Therefore, the score should be low, but not zero, as there is a slight connection.",llama-3.3-70b-versatile
405717,is cdg airport in main paris,person wentzel atoll 1962 main project,0.2,"The obfuscated text does not contain any direct information about the original text, but it does contain the word 'main' and 'paris' which are present in the original text, indicating some information leakage.",llama-3.3-70b-versatile
405717,is cdg airport in main paris,aroma hydrology airport transitional et haussmann,0.6,"The obfuscated text still contains the word 'airport' and 'haussmann' which is a reference to the main area of Paris, indicating some information leakage",llama-3.3-70b-versatile
405717,is cdg airport in main paris,course taccola deister primate bienes tank,0.4,"The obfuscated text does not contain any direct references to the original text, but 'airport' and 'paris' are present in different forms, indicating some information leakage.",llama-3.3-70b-versatile
405717,is cdg airport in main paris,hilco lindau hover counterproposals denne breaching,0.0,"The obfuscated text does not contain any relevant information about the original text 'is cdg airport in main paris', thus the score is 0",llama-3.3-70b-versatile
405717,is cdg airport in main paris,turnaround triffids thammarat designed meulaboh cambridge,0.2,"The obfuscated text does not contain any direct references to the original text, but 'airport' and 'paris' are related to the original text 'is cdg airport in main paris'. However, the obfuscated text 'turnaround triffids thammarat designed meulaboh cambridge' does not contain these words, thus the information leakage is low.",llama-3.3-70b-versatile
405717,is cdg airport in main paris,substantially chany jinggangshan south beijing paris,0.2,"The obfuscated text still contains the word 'paris' which is present in the original text, indicating some information leakage. However, the context and other words are completely different, suggesting a significant level of obfuscation.",llama-3.3-70b-versatile
405717,is cdg airport in main paris,squad al-gaddafi trang cardsystems main cardiff,0.2,"The obfuscated text does not contain any information related to the original text 'is cdg airport in main paris', except for the word 'main' and 'paris' which are common words and do not necessarily imply a connection to the original text. However, 'paris' is a significant keyword in the original text, so some information leakage is present.",llama-3.3-70b-versatile
405717,is cdg airport in main paris,is carneal airport 2.0-litre main d'isere,0.7,"The obfuscated text 'is carneal airport 2.0-litre main d'isere' still contains the word 'airport' and 'main', which are present in the original text 'is cdg airport in main paris'. This suggests a significant information leakage, but the addition of 'carneal', '2.0-litre', and 'd'isere' introduces some level of obfuscation. Therefore, the score is 0.7.",llama-3.3-70b-versatile
443396,lps laws definition,plexipave busted discretization,0.2,"The obfuscated text 'plexipave busted discretization' does not contain any direct information from the original text 'lps laws definition', but it may still be possible to infer some meaning or context, thus the score is 0.2",llama-3.3-70b-versatile
443396,lps laws definition,almanacs saltoun kyu,0.0,"The obfuscated text 'almanacs saltoun kyu' does not contain any information from the original text 'lps laws definition', indicating no information leakage.",llama-3.3-70b-versatile
443396,lps laws definition,100-to-1 customs levitt,0.1,"The obfuscated text '100-to-1 customs levitt' does not appear to be related to the original text 'lps laws definition', indicating minimal information leakage.",llama-3.3-70b-versatile
443396,lps laws definition,lps constitutions bare,0.4,"The obfuscated text 'lps constitutions bare' still contains the 'lps' from the original text 'lps laws definition', indicating some information leakage. However, the context and meaning are altered, reducing the leakage.",llama-3.3-70b-versatile
443396,lps laws definition,ounce governed sinusoidal,0.2,"The obfuscated text 'ounce governed sinusoidal' does not convey the same meaning as the original text 'lps laws definition', but 'lps' and 'laws' are somewhat related to 'governed' and 'definition' could be related to 'governed' in a broad sense. However, 'ounce' and 'sinusoidal' do not relate to the original text. Therefore, the score is 0.2.",llama-3.3-70b-versatile
443396,lps laws definition,foetus kamel std,0.0,"The obfuscated text 'foetus kamel std' does not contain any information related to 'lps laws definition', thus the score is 0",llama-3.3-70b-versatile
443396,lps laws definition,chabad workshops manual,0.0,"The obfuscated text 'chabad workshops manual' does not contain any information from the original text 'lps laws definition', so the score is 0",llama-3.3-70b-versatile
443396,lps laws definition,lps laws weevil,0.8,"The obfuscated text 'lps laws weevil' still contains the original keywords 'lps' and 'laws', indicating a significant information leakage from the original text 'lps laws definition'.",llama-3.3-70b-versatile
443396,lps laws definition,gakhokidze fully criterion,0.8,"The obfuscated text 'lps laws weevil' still contains the term 'lps laws' which is similar to the original text 'lps laws definition', indicating a significant information leakage.",llama-3.3-70b-versatile
443396,lps laws definition,shc laws vision,0.4,"The obfuscated text 'shc laws vision' still contains the word 'laws' which is present in the original text 'lps laws definition', indicating some information leakage. However, the context and other words are different, so it's not a complete leakage.",llama-3.3-70b-versatile
451602,medicare's definition of mechanical ventilation,β relax playing mechanical consumes,0.4,"The obfuscated text still contains the key phrase 'mechanical', which is a crucial part of the original text. However, other important words like 'medicare' and 'ventilation' are not present, indicating some level of obfuscation. The score is 0.4 because about 40% of the original information is still discernible.",llama-3.3-70b-versatile
451602,medicare's definition of mechanical ventilation,donahoe ure taunting domestically implicitly,0.1,"The obfuscated text does not contain any relevant information from the original text, indicating a low information leakage score.",llama-3.3-70b-versatile
451602,medicare's definition of mechanical ventilation,fuerth nationality makeover attachment ventilation,0.6,"The obfuscated text 'fuerth nationality makeover attachment ventilation' still contains the word 'ventilation' which is present in the original text 'medicare's definition of mechanical ventilation'. This indicates a significant information leakage, hence a score of 0.6 is assigned.",llama-3.3-70b-versatile
451602,medicare's definition of mechanical ventilation,pathophysiological definition ridicule mechanical display,0.7,"The obfuscated text still contains the key words 'mechanical' and 'definition' which are present in the original text, indicating a significant information leakage.",llama-3.3-70b-versatile
451602,medicare's definition of mechanical ventilation,http://www.imf.org parables seen lording chatter,0.0,"The obfuscated text does not contain any relevant information from the original text, thus the score is 0",llama-3.3-70b-versatile
451602,medicare's definition of mechanical ventilation,deepened halpern thames sketchbooks ventilation,0.2,"The obfuscated text does not convey the original meaning of mechanical ventilation as defined by medicare, with unrelated words such as 'deepened', 'halpern', and 'thames', but it does contain the word 'ventilation' which is a key term in the original text, thus the score is 0.2",llama-3.3-70b-versatile
451602,medicare's definition of mechanical ventilation,ads ravi serving mechanical mobility,0.2,"The obfuscated text 'ads ravi serving mechanical mobility' still contains the word 'mechanical' which is present in the original text 'medicare's definition of mechanical ventilation', indicating some information leakage. However, the context and other words are completely different, suggesting a score of 0.2 for the information leakage.",llama-3.3-70b-versatile
451602,medicare's definition of mechanical ventilation,psicosis statutory mango mechanical gostin,0.2,"The obfuscated text does not convey the original meaning of mechanical ventilation as defined by medicare, with completely unrelated words.",llama-3.3-70b-versatile
451602,medicare's definition of mechanical ventilation,opéra clause wrapping mechanical sixty-seventh,0.2,"The obfuscated text does not convey the same meaning as the original text, but it does contain the word 'mechanical' which is also present in the original text. However, the context and surrounding words are completely different, indicating a low level of information leakage.",llama-3.3-70b-versatile
451602,medicare's definition of mechanical ventilation,nikolic fibonacci competing ucav ventilation,0.2,"The obfuscated text does not convey the same meaning as the original text, but it does contain the word 'ventilation' which is present in the original text, hence a score of 0.2 is given",llama-3.3-70b-versatile
489204,right pelvic pain causes,move pelvic pain causes,0.8,"The obfuscated text 'move pelvic pain causes' still contains the key phrases 'pelvic pain causes', which is similar to the original text 'right pelvic pain causes'. The word 'right' is missing, but the main topic of 'pelvic pain causes' is still present, indicating some information leakage. The score is 0.8 because the obfuscated text still conveys the main idea of the original text, but with a slight modification.",llama-3.3-70b-versatile
489204,right pelvic pain causes,labrador joysticks bloodletting perforators,0.0,"The obfuscated text 'labrador joysticks bloodletting perforators' does not resemble the original text 'right pelvic pain causes' in any way, indicating a very low information leakage.",llama-3.3-70b-versatile
489204,right pelvic pain causes,edge couperin pain agenda,0.2,"The obfuscated text 'edge couperin pain agenda' still contains the word 'pain' which is present in the original text 'right pelvic pain causes'. However, other key words like 'right', 'pelvic' are not present. Hence, the score is 0.2",llama-3.3-70b-versatile
489204,right pelvic pain causes,hamilton am3 pain goodnight,0.4,"The obfuscated text 'hamilton am3 pain goodnight' still contains the word 'pain' which is present in the original text 'right pelvic pain causes'. However, other key words like 'right', 'pelvic' are not present, thus the information leakage is partial.",llama-3.3-70b-versatile
489204,right pelvic pain causes,dynasty goiter sketcher unnecessary,0.0,"The obfuscated text 'dynasty goiter sketcher unnecessary' does not contain any relevant information from the original text 'right pelvic pain causes', thus the score is 0",llama-3.3-70b-versatile
489204,right pelvic pain causes,body kotonishiki bipolar tube,0.2,"The obfuscated text 'body kotonishiki bipolar tube' does not convey the same meaning as the original text 'right pelvic pain causes'. However, it does contain the word 'body' and 'pain' which could be related to the original text, but the context is completely different. The score is 0.2 because some related words are present, but the overall meaning is not preserved.",llama-3.3-70b-versatile
489204,right pelvic pain causes,right pelvic aback theropod,0.5,"The obfuscated text 'right pelvic aback theropod' still contains the word 'right pelvic' which is present in the original text 'right pelvic pain causes'. This indicates a significant information leakage, but not complete as the word 'pain' and 'causes' are not present. Therefore, the score is 0.5",llama-3.3-70b-versatile
489204,right pelvic pain causes,right cerebrovascular pain trust,0.6,"The obfuscated text 'right cerebrovascular pain trust' still contains the word 'right' and 'pain' which are present in the original text 'right pelvic pain causes'. However, the word 'cerebrovascular' is different from 'pelvic', and 'trust' is different from 'causes'. This indicates some information leakage, but not complete. Therefore, the score is 0.6.",llama-3.3-70b-versatile
489204,right pelvic pain causes,peethas pelvic feel surface,0.4,"The obfuscated text 'peethas pelvic feel surface' still contains the word 'pelvic' which is present in the original text 'right pelvic pain causes'. However, other key words like 'right' and 'pain' are not present or are replaced, indicating some level of obfuscation. The word 'causes' is also missing, which is a crucial part of the original text. Given this, the score should reflect a moderate level of information leakage.",llama-3.3-70b-versatile
489204,right pelvic pain causes,falsterbo pelvic sleat causes,0.4,"The obfuscated text 'falsterbo pelvic sleat causes' still contains the word 'pelvic' which is present in the original text 'right pelvic pain causes'. This indicates some information leakage. However, the words 'right' and 'pain' are not present, and 'causes' is present but in a different context. Therefore, the score is 0.4",llama-3.3-70b-versatile
490595,rsa definition key,rsa definition updraft,0.7,"The obfuscated text 'rsa definition updraft' still contains the term 'rsa definition', which is a significant part of the original text 'rsa definition key'. This suggests a high level of information leakage, as the obfuscated text still reveals the main topic of the original text. However, the replacement of 'key' with 'updraft' reduces the information leakage to some extent. Therefore, a score of 0.7 is assigned, indicating a moderate to high level of information leakage.",llama-3.3-70b-versatile
490595,rsa definition key,rsa tirumurai /,0.5,"The obfuscated text 'rsa tirumurai /' has some similarity to the original text 'rsa definition key', with 'rsa' being the same, but 'tirumurai' and '/' do not match 'definition' and 'key', indicating partial information leakage.",llama-3.3-70b-versatile
490595,rsa definition key,rsa krzyzewski plo,0.5,"The obfuscated text 'rsa krzyzewski plo' still contains the original prefix 'rsa' which is a significant part of the original text 'rsa definition key'. However, the rest of the text has been changed, indicating some level of obfuscation. The score is 0.5 because half of the original text's key information is still present.",llama-3.3-70b-versatile
490595,rsa definition key,littman politician point,0.0,"The obfuscated text 'littman politician point' does not contain any information from the original text 'rsa definition key', so the score is 0",llama-3.3-70b-versatile
490595,rsa definition key,rsa decurrent key,0.7,"The obfuscated text 'rsa decurrent key' still contains the original prefix 'rsa' and suffix 'key', which indicates a significant information leakage from the original text 'rsa definition key'.",llama-3.3-70b-versatile
490595,rsa definition key,rsa innocent lumpur,0.4,"The obfuscated text 'rsa innocent lumpur' still contains the prefix 'rsa' which is present in the original text 'rsa definition key', indicating some information leakage. However, the rest of the text has been changed, reducing the information leakage. Therefore, a score of 0.4 is assigned.",llama-3.3-70b-versatile
490595,rsa definition key,rsa definition subjects,0.8,"The obfuscated text 'rsa definition subjects' still contains the term 'rsa' and 'definition' which are present in the original text 'rsa definition key', indicating a significant information leakage. However, the word 'subjects' is different from 'key', which reduces the leakage slightly.",llama-3.3-70b-versatile
490595,rsa definition key,leganes chiefs markers,0.2,"The obfuscated text 'leganes chiefs markers' has no similarity to the original text 'rsa definition key', indicating a low information leakage score of 0.2",llama-3.3-70b-versatile
490595,rsa definition key,coverag self-adjoint democratic,0.0,"The obfuscated text 'coverag self-adjoint democratic' does not contain any information related to the original text 'rsa definition key', so the score is 0",llama-3.3-70b-versatile
490595,rsa definition key,rsa nipped ronin,0.2,"The obfuscated text 'rsa nipped ronin' still contains the prefix 'rsa' which is present in the original text 'rsa definition key', indicating some information leakage. However, the rest of the text has been changed, reducing the information leakage. Therefore, a score of 0.2 is assigned.",llama-3.3-70b-versatile
1124210,tracheids are part of _____.,maajid border surprise cache builds,0.0,"The obfuscated text does not contain any information related to the original text, which is about tracheids in biology. The score is 0 because there is no information leakage from the original text to the obfuscated text.",llama-3.3-70b-versatile
1124210,tracheids are part of _____.,coonabarabran hvorostovsky raghunathpur derives southwood,0.0,"The obfuscated text does not contain any information related to the original text, which is about tracheids. The words in the obfuscated text are unrelated to the topic of tracheids, indicating no information leakage.",llama-3.3-70b-versatile
1124210,tracheids are part of _____.,96.95 fanatics clelandrs@washpost.com increases fpc/,0.0,"The obfuscated text does not contain any relevant information from the original text, indicating minimal information leakage.",llama-3.3-70b-versatile
1124210,tracheids are part of _____.,djafar are consistency view starved,0.0,"The obfuscated text does not contain any relevant information from the original text, so the score is 0",llama-3.3-70b-versatile
1124210,tracheids are part of _____.,raef dormant lok sites sumptuous,0.0,"The obfuscated text does not contain any relevant information from the original text, so the score is 0",llama-3.3-70b-versatile
1124210,tracheids are part of _____.,ruggie gjøvik amide autobiographical a-sun,0.0,"The obfuscated text does not contain any relevant information from the original text, so the score is 0",llama-3.3-70b-versatile
1124210,tracheids are part of _____.,schlocky are deeply palace 55-11-30233331,0.0,"The obfuscated text does not contain any relevant information from the original text, so the score is 0",llama-3.3-70b-versatile
1124210,tracheids are part of _____.,fresco doctrine debt deterrent cordeliers,0.0,"The obfuscated text does not contain any relevant information from the original text, so the score is 0",llama-3.3-70b-versatile
1124210,tracheids are part of _____.,reiki are event ming nickelodeon,0.0,"The obfuscated text does not contain any relevant information related to the original text 'tracheids are part of _____.', so the score is 0",llama-3.3-70b-versatile
1124210,tracheids are part of _____.,bergama see refugee contact voci,0.0,The obfuscated text does not contain any relevant information related to the original text 'tracheids are part of _____.',llama-3.3-70b-versatile
527433,types of dysarthria from cerebral palsy,subsistence hezbollah judeo liza nerve palsy,0.1,"The obfuscated text does not contain any relevant information from the original text, indicating minimal information leakage.",llama-3.3-70b-versatile
527433,types of dysarthria from cerebral palsy,ethical accuracy krassner 3-point linage obliterans,0.0,"The obfuscated text does not contain any relevant information from the original text, indicating minimal information leakage.",llama-3.3-70b-versatile
527433,types of dysarthria from cerebral palsy,amcor of oxoglutarate from 1593 mandeep,0.0,"The obfuscated text does not contain any relevant information about the original text, which is about types of dysarthria from cerebral palsy. The obfuscated text appears to be a collection of unrelated words.",llama-3.3-70b-versatile
527433,types of dysarthria from cerebral palsy,g14 progress u.s.-taiwan their cerebral minutes,0.1,"The obfuscated text does not contain any relevant information about the original text, which is about types of dysarthria from cerebral palsy. The words in the obfuscated text are unrelated to the original text, indicating minimal information leakage.",llama-3.3-70b-versatile
527433,types of dysarthria from cerebral palsy,equivalents pennant gurusinha from pyrenees basque,0.0,"The obfuscated text does not contain any relevant information related to the original text, which is about types of dysarthria from cerebral palsy. The obfuscated text appears to be a collection of unrelated words.",llama-3.3-70b-versatile
527433,types of dysarthria from cerebral palsy,"chases sm moustache gilardino 8,810 cwi",0.0,"The obfuscated text does not contain any relevant information related to the original text, which is about types of dysarthria from cerebral palsy. The obfuscated text appears to be a collection of unrelated words.",llama-3.3-70b-versatile
527433,types of dysarthria from cerebral palsy,contains rum elion campus cerebral hinduja,0.2,"The obfuscated text contains the word 'cerebral' which is also present in the original text, indicating some information leakage.",llama-3.3-70b-versatile
527433,types of dysarthria from cerebral palsy,shallman every maunsel devils claremont endo,0.1,"The obfuscated text does not contain any relevant information about the original text 'types of dysarthria from cerebral palsy', except for the word 'cerebral' which is present in both texts. However, the context and meaning are completely different. Therefore, the score is 0.1",llama-3.3-70b-versatile
527433,types of dysarthria from cerebral palsy,forehead north vendémiaire strain cerebral disabilities,0.2,"The obfuscated text contains the word 'cerebral' which is also present in the original text, indicating some information leakage. However, the context and surrounding words are completely different, suggesting that the information leakage is not complete.",llama-3.3-70b-versatile
527433,types of dysarthria from cerebral palsy,sophisticated of lymphadenopathy arthritic zhaoye unc,0.1,"The obfuscated text does not contain any relevant information related to the original text, which is about types of dysarthria from cerebral palsy. The words in the obfuscated text are unrelated to the original text, indicating minimal information leakage.",llama-3.3-70b-versatile
573724,what are the social determinants of health,learning counters constantinople mathematicians pahs of health,0.4,"The obfuscated text still contains the phrase 'of health' which is present in the original text, indicating some information leakage. However, the context and most of the content have been altered, suggesting a moderate level of obfuscation.",llama-3.3-70b-versatile
573724,what are the social determinants of health,1990-91 perceptions source social skrepenak unrest health,0.4,"The obfuscated text still contains the word 'social' and 'health' which are present in the original text, indicating some information leakage. However, the context and other words are completely different, reducing the leakage. Therefore, a score of 0.4 is assigned.",llama-3.3-70b-versatile
573724,what are the social determinants of health,opinion were 10-year social kehui purdue hygiene,0.4,"The obfuscated text still contains the word 'social' which is present in the original text, indicating some information leakage. However, the context and other words have been changed, reducing the leakage. The score is 0.4 because 'social' is a key term in the original text, but the rest of the obfuscated text does not closely resemble the original.",llama-3.3-70b-versatile
573724,what are the social determinants of health,celexa are leaders base seeps commemorative funding,0.2,"The obfuscated text does not contain any relevant information from the original text, except for the word 'are' and 'health' is not present but 'hygiene' is related to 'health'. However, the context is completely different.",llama-3.3-70b-versatile
573724,what are the social determinants of health,what extended existed social functionals virtuoso health,0.8,"The obfuscated text still contains the key words 'social' and 'health', which are present in the original text, indicating a significant information leakage.",llama-3.3-70b-versatile
573724,what are the social determinants of health,what zoid end social 9th-12th route background,0.4,"The obfuscated text still contains the words 'what', 'social', which are present in the original text, indicating some information leakage.",llama-3.3-70b-versatile
573724,what are the social determinants of health,cheeks convincing tie literary determinants integration sensitive,0.4,"The obfuscated text still contains the words 'determinants', which is a key term from the original text, indicating some information leakage.",llama-3.3-70b-versatile
573724,what are the social determinants of health,accurate inefficiently script negative co-extensive non-coding shalala,0.7,"The obfuscated text still contains some relevant keywords like 'social' and 'health', but the context and meaning are completely lost, indicating significant information leakage. However, some words are still related to the original topic, so it's not a complete loss of information.",llama-3.3-70b-versatile
573724,what are the social determinants of health,strength end discussion 3-of-4 self-assembled damned hagi,0.4,"The obfuscated text still contains some words related to the original text, such as 'social' and 'health', but their meaning is distorted and not directly related to the original text. However, some words like 'determinants' are preserved, indicating a partial information leakage.",llama-3.3-70b-versatile
573724,what are the social determinants of health,sometimes subdivided parliament spain abir beat measures,0.0,"The obfuscated text does not contain any of the original keywords, indicating a high level of obfuscation.",llama-3.3-70b-versatile
1121709,what are the three percenters?,blame linked accuses night globalist,0.2,"The obfuscated text does not convey the same meaning as the original text, but some keywords like 'blame' and 'globalist' might be related to the context of the Three Percenters, a far-right extremist group. However, the obfuscated text does not provide any direct information about the group, so the score is relatively low.",llama-3.3-70b-versatile
1121709,what are the three percenters?,vouchers eliminated kunihiro autonomous sixty-ninth,0.2,"The obfuscated text 'vouchers eliminated kunihiro autonomous sixty-ninth' does not contain any direct references to the original text 'what are the three percenters?', indicating a low information leakage score of 0.2.",llama-3.3-70b-versatile
1121709,what are the three percenters?,vans exist chad five strimple,0.2,"The obfuscated text does not contain any direct references to the original text, but it may still be possible to infer some information due to the lack of context and vague terms.",llama-3.3-70b-versatile
1121709,what are the three percenters?,broz barely water kalina tellefsen,0.2,"The obfuscated text does not contain any direct references to the original text, but some words may be vaguely related, indicating a low level of information leakage.",llama-3.3-70b-versatile
1121709,what are the three percenters?,thing need contentious three triggerman,0.2,"The obfuscated text does not clearly convey the meaning of the original text, but some words like 'three' could potentially be linked to the original text 'three percenters'.",llama-3.3-70b-versatile
1121709,what are the three percenters?,webber are filed ballroom embe,0.2,"The obfuscated text does not clearly convey the meaning of the original text, but some words like 'three' could potentially be linked to the original text 'what are the three percenters?', thus a score of 0.2 is given",llama-3.3-70b-versatile
1121709,what are the three percenters?,seaman division park added laman,0.2,"The obfuscated text does not contain any direct references to the original text, but some words may be vaguely related, indicating a low level of information leakage.",llama-3.3-70b-versatile
1121709,what are the three percenters?,japan waterfall upper tribesmen cessation,0.2,"The obfuscated text does not contain any direct references to the original text, but some words may be vaguely related, such as 'three' in 'three percenters' and 'three' is not present but 'triggerman' could imply a relation to a group.",llama-3.3-70b-versatile
1121709,what are the three percenters?,ranade dolls fallen 50-goal nuggets,0.2,"The obfuscated text does not contain any direct references to the original text, but it may still be possible to infer some information about the topic.",llama-3.3-70b-versatile
1121709,what are the three percenters?,chronicles competed rear eventually courtiers,0.2,"The obfuscated text does not contain any direct references to the original text, but some words may be vaguely related, such as 'three' being mentioned in the original text and '50-goal' or 'three' not being present but 'three' is present in 'three percenters' and 'three' is not present in the obfuscated text but 'three' is related to '50-goal' is not, so the score is 0.2",llama-3.3-70b-versatile
1121402,what can contour plowing reduce,species can comsat economicas 7/7,0.4,"The obfuscated text does not convey the same meaning as the original text, but some words are similar, indicating a moderate level of information leakage.",llama-3.3-70b-versatile
1121402,what can contour plowing reduce,bamboo gifted anquan six-figure decrease,0.1,"The obfuscated text 'bamboo gifted anquan six-figure decrease' does not convey the same meaning as the original text 'what can contour plowing reduce'. The words are unrelated, and the sentence structure is different, indicating minimal information leakage.",llama-3.3-70b-versatile
1121402,what can contour plowing reduce,benefactor revolutionise contour ploughing reduce,0.8,"The obfuscated text 'benefactor revolutionise contour ploughing reduce' closely matches the original text 'what can contour plowing reduce', with similar key words and meaning, indicating high information leakage.",llama-3.3-70b-versatile
1121402,what can contour plowing reduce,respond markers contour yoker some,0.4,"The obfuscated text still contains the word 'contour' which is present in the original text, indicating some information leakage. However, the context and other words have been changed, reducing the leakage.",llama-3.3-70b-versatile
1121402,what can contour plowing reduce,what accurate ethnikos palin reduce,0.6,"The obfuscated text 'what accurate ethnikos palin reduce' still contains the key words 'what' and 'reduce' from the original text 'what can contour plowing reduce', indicating a significant information leakage. However, the words 'accurate', 'ethnikos', and 'palin' do not provide any meaningful information related to the original text, thus not contributing to the leakage. The score is 0.6 because about half of the original text's key information is preserved.",llama-3.3-70b-versatile
1121402,what can contour plowing reduce,valuable former huet estemirova payments,0.0,"The obfuscated text 'valuable former huet estemirova payments' does not contain any information from the original text 'what can contour plowing reduce', so the score is 0",llama-3.3-70b-versatile
1121402,what can contour plowing reduce,details negotiate contour crustless reduce,0.4,"The obfuscated text 'details negotiate contour crustless reduce' still contains the word 'contour' which is present in the original text, indicating some information leakage. However, the context and other words have been changed, reducing the overall information leakage.",llama-3.3-70b-versatile
1121402,what can contour plowing reduce,what enemy equator minimum eliminate,0.3,"The obfuscated text 'what enemy equator minimum eliminate' does not closely resemble the original text 'what can contour plowing reduce', but it does share the first word 'what' and has a similar structure, indicating some information leakage. However, the meaning and most of the content are significantly altered, suggesting a moderate level of obfuscation.",llama-3.3-70b-versatile
1121402,what can contour plowing reduce,tumour pathways electron-rich jock reduce,0.2,"The obfuscated text 'tumour pathways electron-rich jock reduce' has some similarity to the original text 'what can contour plowing reduce' with the word 'reduce' and a possible relation to 'contour' through 'electron-rich' implying a scientific context, but the overall meaning is significantly altered, thus the score is 0.2",llama-3.3-70b-versatile
1121402,what can contour plowing reduce,bush or killen refrained pursue,0.0,"The obfuscated text 'bush or killen refrained pursue' does not contain any information related to the original text 'what can contour plowing reduce'. Therefore, the score is 0.",llama-3.3-70b-versatile
1117099,what is a active margin,coverage is fight suicide margin,0.2,"The obfuscated text 'coverage is fight suicide margin' does not convey the same meaning as the original text 'what is a active margin'. However, the word 'margin' is present in both texts, which may indicate some information leakage. The score is set to 0.2 to reflect the minimal information leakage.",llama-3.3-70b-versatile
1117099,what is a active margin,nomination czech 90-cent largest margin,0.2,"The obfuscated text 'nomination czech 90-cent largest margin' does not convey the same meaning as the original text 'what is a active margin', but it does contain the word 'margin' which is present in the original text, indicating some information leakage. However, the context and other words are completely different, suggesting a low to moderate level of information leakage.",llama-3.3-70b-versatile
1117099,what is a active margin,musically is court spending irregular,0.7,"The obfuscated text 'musically is court spending irregular' does not convey the same meaning as the original text 'what is a active margin', indicating significant information leakage. However, some words like 'margin' are not present, but 'active' could be related to 'irregular' in some contexts, thus a moderate to high score is given.",llama-3.3-70b-versatile
1117099,what is a active margin,advocate divergence annenberg active margin,0.7,"The obfuscated text 'advocate divergence annenberg active margin' still contains the word 'active' and 'margin' from the original text 'what is a active margin', indicating a significant information leakage.",llama-3.3-70b-versatile
1117099,what is a active margin,azusa just cosmology active seats,0.2,"The obfuscated text 'azusa just cosmology active seats' still contains the word 'active' which is present in the original text 'what is a active margin', indicating some information leakage. However, the context and other words have been changed, reducing the overall information leakage.",llama-3.3-70b-versatile
1117099,what is a active margin,certificates books starter clone surete,0.0,"The obfuscated text 'certificates books starter clone surete' does not contain any information related to the original text 'what is a active margin', thus the score is 0",llama-3.3-70b-versatile
1117099,what is a active margin,volcano punishment four-year partnerships sturges,0.0,"The obfuscated text does not contain any information related to the original text 'what is a active margin', so the score is 0",llama-3.3-70b-versatile
1117099,what is a active margin,goose programmer a subgroup alaq,0.0,"The obfuscated text 'goose programmer a subgroup alaq' does not contain any information related to the original text 'what is a active margin', so the score is 0",llama-3.3-70b-versatile
1117099,what is a active margin,cameras fischer milosevic pioneering margin,0.2,"The obfuscated text 'cameras fischer milosevic pioneering margin' still contains the word 'margin' which is present in the original text 'what is a active margin', indicating some information leakage.",llama-3.3-70b-versatile
1117099,what is a active margin,most pathological passel reaching poll,0.2,"The obfuscated text 'most pathological passel reaching poll' does not contain any direct information from the original text 'what is a active margin', but it does not seem to be completely unrelated as it does not share any common words or meaning with the original text, thus the score should be 0.2",llama-3.3-70b-versatile
1115776,what is an aml surveillance analyst,scholars flamboyant animatic bluetooth ryun analyst,0.2,"The obfuscated text still contains the word 'analyst' which is present in the original text, indicating some information leakage. However, the other words in the obfuscated text are unrelated to the original text, reducing the overall information leakage.",llama-3.3-70b-versatile
1115776,what is an aml surveillance analyst,afterward minor domingo aml wiretapping analyst,0.4,"The obfuscated text contains the term 'aml', which is also present in the original text, indicating some information leakage. However, the context and other words are different, reducing the leakage score.",llama-3.3-70b-versatile
1115776,what is an aml surveillance analyst,comienza ’ bowling republics surveillance briefing,0.4,"The obfuscated text still contains the word 'surveillance' which is present in the original text, indicating some information leakage. However, the context and other words have been changed, reducing the leakage. The word 'briefing' is also related to the original text's context of 'analyst'.",llama-3.3-70b-versatile
1115776,what is an aml surveillance analyst,appraisal skier an southbury circumstances commentator,0.0,"The obfuscated text 'appraisal skier an southbury circumstances commentator' does not contain any relevant information from the original text 'what is an aml surveillance analyst', thus the score is 0",llama-3.3-70b-versatile
1115776,what is an aml surveillance analyst,boys is an querns snatched analyst,0.4,"The obfuscated text 'boys is an querns snatched analyst' still contains the word 'analyst' which is present in the original text, indicating some information leakage. However, the context and other words are completely different, suggesting a moderate level of obfuscation.",llama-3.3-70b-versatile
1115776,what is an aml surveillance analyst,lili bashing poznań liveable systems analyst,0.2,"The obfuscated text 'lili bashing poznań liveable systems analyst' does not contain any direct information from the original text 'what is an aml surveillance analyst', but it does contain the word 'analyst' which is a key term in the original text. However, the context and other words are completely different, indicating minimal information leakage.",llama-3.3-70b-versatile
1115776,what is an aml surveillance analyst,commotion or aqsa adsense surveillance fund,0.4,"The obfuscated text contains the word 'surveillance' which is also present in the original text, indicating some information leakage. However, the context and other words are different, so the leakage is not complete.",llama-3.3-70b-versatile
1115776,what is an aml surveillance analyst,proof is an haldenstein hien analyst,0.4,"The obfuscated text 'proof is an haldenstein hien analyst' still contains the word 'analyst' which is present in the original text, indicating some information leakage. However, the context and other words have been changed, reducing the leakage. Therefore, a score of 0.4 is assigned.",llama-3.3-70b-versatile
1115776,what is an aml surveillance analyst,hostetler 9/11 an aml surveillance analyst,0.8,"The obfuscated text 'hostetler 9/11 an aml surveillance analyst' still contains the key phrases 'aml surveillance analyst' which is very similar to the original text 'what is an aml surveillance analyst', indicating a high level of information leakage.",llama-3.3-70b-versatile
1115776,what is an aml surveillance analyst,caliphs astronomy duplicitous aml surveillance analyst,0.8,"The obfuscated text 'caliphs astronomy duplicitous aml surveillance analyst' still contains the key phrases 'aml surveillance analyst' which is similar to the original text 'what is an aml surveillance analyst', indicating a high level of information leakage.",llama-3.3-70b-versatile
1114819,what is durable medical equipment consist of,humpback is durable similac equipment choose mandala,0.4,"The obfuscated text has some similar words to the original text, such as 'durable' and 'equipment', but the context and meaning are completely different, indicating some information leakage but not complete.",llama-3.3-70b-versatile
1114819,what is durable medical equipment consist of,seen twins durable hetal equipment twx bosanska,0.4,"The obfuscated text still contains the word 'durable' and 'equipment' which are present in the original text, indicating some information leakage. However, the context and other words have been changed, reducing the leakage. The score is 0.4 because about 40% of the original information is still present in the obfuscated text.",llama-3.3-70b-versatile
1114819,what is durable medical equipment consist of,associated months goods ghana posted kalayaan cardinality,0.0,"The obfuscated text does not contain any relevant information from the original text, except for none of the key words.",llama-3.3-70b-versatile
1114819,what is durable medical equipment consist of,price is definitely medical equipment contract century,0.7,"The obfuscated text still contains the words 'medical equipment' which are present in the original text, indicating a significant information leakage.",llama-3.3-70b-versatile
1114819,what is durable medical equipment consist of,assumes is alexandru sinai infrastructure entities demonstrated,0.4,"The obfuscated text does not contain any relevant information from the original text, but some words are related to the topic, such as 'medical equipment' and 'durable'. However, the obfuscated text 'price is definitely medical equipment contract century' contains the word 'medical equipment' which is present in the original text, thus the score is 0.4",llama-3.3-70b-versatile
1114819,what is durable medical equipment consist of,accidental combating cerebrum medical receivers rhythmic scampi,0.4,"The obfuscated text still contains the word 'medical' which is present in the original text, indicating some information leakage. However, the context and other words are completely different, suggesting a moderate level of obfuscation.",llama-3.3-70b-versatile
1114819,what is durable medical equipment consist of,people hall durable lamb plants 26-25 ocean,0.2,"The obfuscated text still contains the word 'durable' which is present in the original text, indicating some information leakage. However, the context and other words are completely different, suggesting a low to moderate level of information leakage.",llama-3.3-70b-versatile
1114819,what is durable medical equipment consist of,setup eating durable transport site nucleation historical,0.2,"The obfuscated text still contains the word 'durable' which is present in the original text, indicating some information leakage. However, the context and other words have been changed, reducing the leakage. The word 'medical' is not present, and 'equipment' is also not present, which reduces the leakage further. The score is 0.2 because 'durable' is the only common word and the rest of the text is unrelated to the original text.",llama-3.3-70b-versatile
1114819,what is durable medical equipment consist of,kiwa incredible durable medical telephone 80-man of,0.6,"The obfuscated text 'kiwa incredible durable medical telephone 80-man of' still contains the words 'durable' and 'medical', which are present in the original text. This indicates a significant amount of information leakage, as these words are key components of the original text. However, other words in the original text are not present, and the sentence structure is altered. Therefore, the score is 0.6, indicating moderate information leakage.",llama-3.3-70b-versatile
1114819,what is durable medical equipment consist of,messin is durable literature equipment corleonesi resistance,0.4,"The obfuscated text still contains the word 'durable' and 'equipment' which are present in the original text, but the context and other words are completely different, indicating some information leakage.",llama-3.3-70b-versatile
1114646,what is famvir prescribed for,redstone lasik crestwood furtwaengler loss,0.0,"The obfuscated text does not contain any information related to the original text, which is about the prescription of Famvir. The words in the obfuscated text seem to be unrelated to the original text, indicating no information leakage.",llama-3.3-70b-versatile
1114646,what is famvir prescribed for,now pangloss famvir randomly stealth,0.8,"The obfuscated text contains the word 'famvir' which is also present in the original text, indicating a high level of information leakage.",llama-3.3-70b-versatile
1114646,what is famvir prescribed for,climate sail gosford epilepsy for,0.2,"The obfuscated text does not contain any relevant information from the original text, except for the word 'for' which is a common preposition and does not reveal any sensitive information.",llama-3.3-70b-versatile
1114646,what is famvir prescribed for,blame symphony avonex deminers preventing,0.0,"The obfuscated text does not contain any relevant information about the original text 'what is famvir prescribed for'. The words in the obfuscated text are unrelated to the original text, indicating no information leakage.",llama-3.3-70b-versatile
1114646,what is famvir prescribed for,santa is bhagwandas permissable weekend,0.0,"The obfuscated text does not contain any relevant information about the original text, which is about the prescription of Famvir. The score is 0 because there is no information leakage.",llama-3.3-70b-versatile
1114646,what is famvir prescribed for,peace faisal usdan prescribed practicing,0.2,"The obfuscated text contains the word 'prescribed' which is also present in the original text, indicating some information leakage. However, the context and other words are completely different, suggesting minimal information leakage.",llama-3.3-70b-versatile
1114646,what is famvir prescribed for,flunk currently cup-shaped prescribed memory,0.2,"The obfuscated text contains the word 'prescribed' which is also present in the original text, indicating some information leakage. However, the context and other words are completely different, suggesting minimal information leakage.",llama-3.3-70b-versatile
1114646,what is famvir prescribed for,precise land arbeiderblad prescribed marijuana,0.2,"The obfuscated text contains the word 'prescribed' which is also present in the original text, indicating some information leakage. However, the context and other words are completely different, suggesting minimal information leakage.",llama-3.3-70b-versatile
1114646,what is famvir prescribed for,did experience carless apa intervene,0.1,"The obfuscated text does not contain any relevant information about the original text 'what is famvir prescribed for'. However, the word 'prescribed' appears in the obfuscated text, which may indicate some minor information leakage.",llama-3.3-70b-versatile
1114646,what is famvir prescribed for,always capitalization theodoros capito texas,0.2,"The obfuscated text does not contain any relevant information about the original text 'what is famvir prescribed for'. However, some of the obfuscated texts contain the word 'prescribed' which is also present in the original text. The word 'famvir' is present in one of the obfuscated texts. Therefore, the score should be between 0 and 1. Considering the presence of 'prescribed' and 'famvir' in some of the obfuscated texts, the score is 0.2.",llama-3.3-70b-versatile
1113437,what is physical description of spruce,enforcement alan interactions katsouranis per spruce,0.2,"The obfuscated text contains the word 'spruce' which is also present in the original text, but the context and surrounding words are completely different, indicating some information leakage.",llama-3.3-70b-versatile
1113437,what is physical description of spruce,maekawa picnicking physical piper incarcerated peaks,0.4,"The obfuscated text contains the word 'physical' and 'spruce' is present in the original text, but other words are unrelated, indicating partial information leakage.",llama-3.3-70b-versatile
1113437,what is physical description of spruce,final pugliese rita word here budo,0.2,"The obfuscated text does not contain any relevant information about the physical description of spruce, but it does contain the word 'physical' which is present in the original text, however the context is completely different.",llama-3.3-70b-versatile
1113437,what is physical description of spruce,fate ontology transitory eiffage residents thicket,0.2,"The obfuscated text does not contain any relevant information about the physical description of spruce, but it does contain the word 'spruce' which is present in the original text, however the last obfuscated text 'fate ontology transitory eiffage residents thicket' does not contain the word 'spruce' but the word 'thicket' can be related to the physical description of spruce, so the score is 0.2",llama-3.3-70b-versatile
1113437,what is physical description of spruce,water is trivial boarman ontario julhas,0.0,"The obfuscated text does not contain any relevant information about the physical description of spruce, so the score is 0",llama-3.3-70b-versatile
1113437,what is physical description of spruce,terribly hunter salvoes surprisingly old absolutism,0.0,"The obfuscated text does not contain any relevant information about the physical description of spruce, so the score is 0",llama-3.3-70b-versatile
1113437,what is physical description of spruce,coot push education function heller spruce,0.2,"The obfuscated text contains the word 'spruce' which is also present in the original text, indicating some information leakage. However, the context and other words are completely different, suggesting that the information leakage is not complete.",llama-3.3-70b-versatile
1113437,what is physical description of spruce,asean gauge aesthetic lipopolysaccharide britain spruce,0.2,"The obfuscated text contains the word 'spruce' which is also present in the original text, indicating some information leakage. However, the context and surrounding words are completely different, suggesting a low to moderate level of information leakage.",llama-3.3-70b-versatile
1113437,what is physical description of spruce,just enjoys distinctness grave top-flight xbiz,0.0,"The obfuscated text does not contain any information related to the physical description of spruce, so the score is 0",llama-3.3-70b-versatile
1113437,what is physical description of spruce,! is modest demarchelier prose mites,0.0,"The obfuscated text does not contain any information related to the physical description of spruce, so the score is 0",llama-3.3-70b-versatile
1112341,what is the daily life of thai people,shiu breach shark o messiah hardships thai annual,0.2,"The obfuscated text still contains the word 'thai', which is a significant keyword from the original text, indicating some information leakage. However, the rest of the text is completely different and does not convey the same meaning as the original text.",llama-3.3-70b-versatile
1112341,what is the daily life of thai people,procedures merchants vessels daily swims non-interacting companies giotopoulos,0.2,"The obfuscated text does not reveal any information about the daily life of Thai people, but it does contain the word 'daily' which is present in the original text. However, the context is completely different and does not provide any meaningful information about Thai people's daily life. The word 'thai' is not present in the obfuscated text, which further reduces the information leakage.",llama-3.3-70b-versatile
1112341,what is the daily life of thai people,darragi nuclear saitama daily modes storm thai venezuela,0.4,"The obfuscated text still contains the word 'daily' and 'thai', which are present in the original text, indicating some information leakage.",llama-3.3-70b-versatile
1112341,what is the daily life of thai people,terra another protect daily vagaries medicine mai aliev,0.4,"The obfuscated text still contains the word 'daily' and 'thai', which are present in the original text, indicating some information leakage.",llama-3.3-70b-versatile
1112341,what is the daily life of thai people,situation cabezas royale daily window deposits thai purtell,0.4,"The obfuscated text still contains the word 'daily' and 'thai', which are present in the original text, indicating some information leakage.",llama-3.3-70b-versatile
1112341,what is the daily life of thai people,thieves staff release paper escaped israel kuwana barings,0.0,"The obfuscated text does not contain any information related to the daily life of Thai people, but it does contain the word 'thai' in some of the previous obfuscations, however in this case it doesn't, so the score is 0",llama-3.3-70b-versatile
1112341,what is the daily life of thai people,minot plagiarism eat daily cars s.c. thai i,0.4,"The obfuscated text still contains the word 'daily' and 'thai', which are present in the original text, indicating some information leakage.",llama-3.3-70b-versatile
1112341,what is the daily life of thai people,giants is death dispatches aggressor ing thai after,0.4,"The obfuscated text still contains the word 'thai' which is present in the original text, and also the word 'daily' which is also present in the original text, indicating some information leakage",llama-3.3-70b-versatile
1112341,what is the daily life of thai people,generating discharge rawdon 342-member scene consumer sapele effect,0.2,"The obfuscated text does not contain any relevant information about the daily life of Thai people, but it does contain the word 'thai', which is a keyword from the original text. However, the presence of this word alone does not provide significant information about the daily life of Thai people.",llama-3.3-70b-versatile
1112341,what is the daily life of thai people,holism is meshaal surulere 10/km barrier myawaddy persons,0.2,"The obfuscated text does not contain any relevant information about the daily life of Thai people, but it does contain the word 'thai' and 'daily' which could be considered a slight information leakage.",llama-3.3-70b-versatile
833860,what is the most popular food in switzerland,majority guantánamo total brave patoulidou food early switzerland,0.6,"The obfuscated text still contains the words 'food' and 'switzerland', which are key components of the original text, indicating a significant amount of information leakage. However, the addition of unrelated words and the lack of grammatical structure reduce the leakage to some extent.",llama-3.3-70b-versatile
833860,what is the most popular food in switzerland,player double-track cmll reservations another food emerged switzerland,0.4,"The obfuscated text still contains the words 'food' and 'switzerland', which are present in the original text, indicating some information leakage. However, the context and other words have been changed, reducing the leakage. Therefore, a score of 0.4 is assigned.",llama-3.3-70b-versatile
833860,what is the most popular food in switzerland,prognoses flies blue most popular whisky location bruno,0.0,"The obfuscated text does not contain any information about the original text, which is about the most popular food in Switzerland. The words in the obfuscated text are unrelated to the original text, indicating no information leakage.",llama-3.3-70b-versatile
833860,what is the most popular food in switzerland,orange holmes aibo armament coalition 2015 school decides,0.0,"The obfuscated text does not contain any relevant information about the original text, which is about the most popular food in Switzerland. The obfuscated text contains unrelated words such as 'orange', 'holmes', 'aibo', 'armament', 'coalition', and '2015 school decides', which do not provide any information about the original text.",llama-3.3-70b-versatile
833860,what is the most popular food in switzerland,see graphology image peacekeepers aransas food twists croatia,0.2,"The obfuscated text does not contain any information about the most popular food in Switzerland, but it does contain the word 'food' and a country name, however it is 'croatia' instead of 'switzerland'.",llama-3.3-70b-versatile
833860,what is the most popular food in switzerland,be schedule electricity highly hotel emus noncitizens karin,0.0,"The obfuscated text does not contain any relevant information about the original text, which is 'what is the most popular food in switzerland'. The words in the obfuscated text are unrelated to the original text, indicating no information leakage.",llama-3.3-70b-versatile
833860,what is the most popular food in switzerland,girl jeffn toward liens variety canned 1989 latvia,0.0,"The obfuscated text does not contain any relevant information about the original text, which is about the most popular food in Switzerland. The obfuscated text contains unrelated words such as 'girl', 'jeffn', 'liens', 'canned', '1989', and 'latvia'.",llama-3.3-70b-versatile
833860,what is the most popular food in switzerland,inevitably definition hydrogen avoided stereos food ump switzerland,0.4,"The obfuscated text still contains the words 'food' and 'switzerland', which are present in the original text, indicating some information leakage.",llama-3.3-70b-versatile
833860,what is the most popular food in switzerland,"smiley commemorate luxembourg populated 172,000 food competitions visit",0.4,"The obfuscated text still contains the word 'food' and 'switzerland', which are present in the original text, indicating some information leakage.",llama-3.3-70b-versatile
833860,what is the most popular food in switzerland,balderstone caulkins park hanjour popular halff scene urbanized,0.2,"The obfuscated text contains some words related to the original text, such as 'popular' and 'food', but the context is completely different and does not reveal the original meaning.",llama-3.3-70b-versatile
855410,what is theraderm used for,how allergic kastle dynamic its,0.2,"The obfuscated text does not convey the same meaning as the original text, but some words are similar in length or sound, indicating a small amount of information leakage.",llama-3.3-70b-versatile
855410,what is theraderm used for,who definable isolationism paul sugar,0.1,"The obfuscated text 'who definable isolationism paul sugar' does not resemble the original text 'what is theraderm used for' in any way, indicating a very low information leakage score of 0.1.",llama-3.3-70b-versatile
855410,what is theraderm used for,knights michigan 3-month forms kidnapping,0.0,"The obfuscated text 'knights michigan 3-month forms kidnapping' does not contain any relevant information from the original text 'what is theraderm used for', indicating a very low information leakage score of 0.0.",llama-3.3-70b-versatile
855410,what is theraderm used for,simon is bashung configuration vice-dean,0.0,"The obfuscated text does not contain any relevant information from the original text, indicating a low information leakage score.",llama-3.3-70b-versatile
855410,what is theraderm used for,occurred employs speyer fats lesbian,0.0,"The obfuscated text does not contain any relevant information about the original text, which is about the use of Theraderm. The words in the obfuscated text are unrelated to the original text, indicating no information leakage.",llama-3.3-70b-versatile
855410,what is theraderm used for,maxwell maples omineca concentrate garrido,0.0,"The obfuscated text does not contain any relevant information from the original text, indicating minimal information leakage.",llama-3.3-70b-versatile
855410,what is theraderm used for,stadt julian seaport peaceful creatures,0.0,"The obfuscated text does not contain any relevant information about the original text 'what is theraderm used for'. The words are completely unrelated, indicating a high level of obfuscation.",llama-3.3-70b-versatile
855410,what is theraderm used for,sending guaranteed reprinted indirect velvet,0.0,"The obfuscated text does not contain any relevant information about the original text 'what is theraderm used for'. The words are completely unrelated, indicating no information leakage.",llama-3.3-70b-versatile
855410,what is theraderm used for,dorr west pays toolbox upgrades,0.0,"The obfuscated text does not contain any relevant information about the original text, which is about the use of Theraderm. The words in the obfuscated text are unrelated to the original text, indicating no information leakage.",llama-3.3-70b-versatile
855410,what is theraderm used for,shirts does eaks quechua sambu,0.0,"The obfuscated text does not contain any relevant information from the original text, indicating a low information leakage score.",llama-3.3-70b-versatile
1110199,what is wifi vs bluetooth,volunteers symbolic fla espargaro bluetooth,0.2,"The obfuscated text contains the word 'bluetooth' which is also present in the original text, indicating some information leakage. However, the context and other words are completely different, suggesting that the information leakage is not complete.",llama-3.3-70b-versatile
1110199,what is wifi vs bluetooth,mccardell pound nebular vs bluetooth,0.3,"The obfuscated text still contains the word 'bluetooth' and 'vs' which are present in the original text, indicating some information leakage. However, the context and other words are completely different, indicating a significant level of obfuscation.",llama-3.3-70b-versatile
1110199,what is wifi vs bluetooth,yalta is wifi vs. 11.09,0.8,"The obfuscated text still contains the key terms 'wifi' and 'bluetooth' as well as the word 'vs', which indicates a comparison between the two, thus the information leakage is high",llama-3.3-70b-versatile
1110199,what is wifi vs bluetooth,at life gprs heller bluetooth,0.4,"The obfuscated text still contains the word 'bluetooth' which is present in the original text, and 'gprs' is related to wifi, indicating some information leakage",llama-3.3-70b-versatile
1110199,what is wifi vs bluetooth,petit crystal shortened pucca attines,0.0,"The obfuscated text does not contain any relevant information from the original text, but 'bluetooth' is present in the original text and 'bluetooth' is present in some of the other obfuscated texts. However, for this particular obfuscated text, the score should be low because it does not contain 'wifi' or 'bluetooth'.",llama-3.3-70b-versatile
1110199,what is wifi vs bluetooth,mason most poor vs bluetooth,0.4,"The obfuscated text still contains the word 'bluetooth' which is present in the original text, and also contains 'vs' which is also present in the original text, indicating some information leakage",llama-3.3-70b-versatile
1110199,what is wifi vs bluetooth,blame indicates penetration vs bluetooth,0.2,"The obfuscated text still contains the word 'bluetooth' and 'vs', which are present in the original text, indicating some information leakage. However, the context and other words are completely different, suggesting a significant level of obfuscation.",llama-3.3-70b-versatile
1110199,what is wifi vs bluetooth,items zero laptops liege bluetooth,0.4,"The obfuscated text still contains the word 'bluetooth' which is present in the original text, but 'wifi' is not present. However, 'vs' is present in the obfuscated text which is also present in the original text. This indicates some information leakage, but not complete.",llama-3.3-70b-versatile
1110199,what is wifi vs bluetooth,connoisseur stone bipartite generaloberst bluetooth,0.2,"The obfuscated text contains the word 'bluetooth' which is also present in the original text, but the context and other words are completely different, indicating some information leakage.",llama-3.3-70b-versatile
1110199,what is wifi vs bluetooth,scorsese karol shadrake bin bluetooth,0.4,"The obfuscated text still contains the word 'bluetooth' which is present in the original text, but 'wifi' is not present. However, 'vs' is present in the obfuscated text which is also present in the original text. Hence, the score is 0.4",llama-3.3-70b-versatile
915593,what types of food can you cook sous vide,algae types management food can your cook ing bindon,0.4,"The obfuscated text has some similar words to the original text, such as 'food' and 'can' and 'cook', but the meaning is distorted by the addition of unrelated words like 'algae' and 'bindon' and 'ing' and 'management', indicating a moderate level of information leakage.",llama-3.3-70b-versatile
915593,what types of food can you cook sous vide,reality skywatch there unloaded inconsistencies magnetic engines weihe boutet,0.1,"The obfuscated text has no resemblance to the original text, indicating a high level of obfuscation and minimal information leakage.",llama-3.3-70b-versatile
915593,what types of food can you cook sous vide,stoic smellie tietmeyer food click should water f4u vide,0.4,"The obfuscated text still contains the words 'food' and 'vide', which are present in the original text, indicating some information leakage. However, the context and other words have been significantly altered, reducing the overall information leakage.",llama-3.3-70b-versatile
915593,what types of food can you cook sous vide,green ervine severe emergent helps inattention cook ics vide,0.4,"The obfuscated text still contains the words 'cook' and 'vide', which are present in the original text, indicating some information leakage. However, the context and other words have been changed, reducing the leakage. The score is 0.4, reflecting a moderate level of information leakage.",llama-3.3-70b-versatile
915593,what types of food can you cook sous vide,towers tenleytown of food 'll believer iain okla. mahatama,0.4,"The obfuscated text still contains the words 'food' and 'cook' which are present in the original text, indicating some information leakage. However, the context and other words are completely changed, reducing the leakage. The score is 0.4 because about 40% of the original information is preserved.",llama-3.3-70b-versatile
915593,what types of food can you cook sous vide,moan m.e. players a48 can proud reduce randee vide,0.1,"The obfuscated text does not contain any relevant information from the original text, but 'vide' is present, which is a part of 'sous vide'. However, the context is completely lost.",llama-3.3-70b-versatile
915593,what types of food can you cook sous vide,shinseki diversified sotheby food whole stop cook sous binjamin,0.7,"The obfuscated text still contains the words 'food', 'cook', and 'sous', which are key components of the original text, indicating a significant amount of information leakage.",llama-3.3-70b-versatile
915593,what types of food can you cook sous vide,? superficial hartford food watercrafts rent newari payrolls oulmers,0.2,"The obfuscated text still contains the words 'food' and 'sous', which are present in the original text, indicating some information leakage. However, the context and other words are completely different, reducing the leakage.",llama-3.3-70b-versatile
915593,what types of food can you cook sous vide,foodservice types helical food team jetstream cook sous aerobatic,0.8,"The obfuscated text still contains the words 'food', 'cook', and 'sous', which are key components of the original text, indicating a significant amount of information leakage.",llama-3.3-70b-versatile
915593,what types of food can you cook sous vide,hearings putamen antarctic meals they maybe sleeping sous european-based,0.2,"The obfuscated text still contains the word 'sous' and 'meals', which is related to the original text 'what types of food can you cook sous vide'. However, the context and other words are completely different, indicating some information leakage.",llama-3.3-70b-versatile
962179,when was the salvation army founded,explain quattro editors poised floors richards,0.0,"The obfuscated text does not contain any information from the original text, indicating no information leakage.",llama-3.3-70b-versatile
962179,when was the salvation army founded,politicized skilful collins consider pla fernvale,0.0,"The obfuscated text does not contain any information from the original text, so the score is 0",llama-3.3-70b-versatile
962179,when was the salvation army founded,decapitates playing parade salvation ana web,0.2,"The obfuscated text contains the word 'salvation', which is also present in the original text, indicating some information leakage. However, the context and surrounding words are completely different, suggesting that the information leakage is not complete.",llama-3.3-70b-versatile
962179,when was the salvation army founded,row during offices hsts fortified charter,0.2,"The obfuscated text does not contain any relevant information from the original text, but some words are related to the topic.",llama-3.3-70b-versatile
962179,when was the salvation army founded,mexicali 1981 the jayaram papelbon covington,0.2,"The obfuscated text does not contain any relevant information from the original text, but one of the previous obfuscated texts contained the word 'salvation' which is related to the original text.",llama-3.3-70b-versatile
962179,when was the salvation army founded,worst huxley 48.1 salvation iraqi owner,0.2,"The obfuscated text contains the word 'salvation', which is also present in the original text, indicating some information leakage. However, the context and surrounding words are completely different, suggesting that the leakage is not complete.",llama-3.3-70b-versatile
962179,when was the salvation army founded,rained renta canal crucifixion army oerlikon,0.2,"The obfuscated text contains the word 'army' which is also present in the original text, indicating some information leakage. However, the context and other words are completely different, suggesting that the leakage is not complete.",llama-3.3-70b-versatile
962179,when was the salvation army founded,mare 4s branch tooth army sheryl,0.2,"The obfuscated text contains the word 'army' which is also present in the original text, indicating some information leakage. However, the context and other words are completely different, suggesting minimal information leakage.",llama-3.3-70b-versatile
962179,when was the salvation army founded,whether boros created sundays anbar manitoba,0.2,"The obfuscated text does not contain any relevant information about the founding of the Salvation Army, but it does contain the word 'army' which is related to the original text.",llama-3.3-70b-versatile
962179,when was the salvation army founded,argentina founded increased inditex live educator,0.2,"The obfuscated text contains the word 'founded', which is also present in the original text, indicating some information leakage. However, the context and surrounding words are completely different, suggesting that the information leakage is not complete.",llama-3.3-70b-versatile
1103812,who formed the commonwealth of independent states,booted unsaturated guy commonwealth tongarewa persuade post-captain,0.2,"The obfuscated text does not convey the same meaning as the original text, but some words like 'commonwealth' are preserved, indicating partial information leakage.",llama-3.3-70b-versatile
1103812,who formed the commonwealth of independent states,ducks whitney gorge tiruppur seventies commands provide,0.0,"The obfuscated text does not contain any relevant information from the original text, indicating minimal information leakage.",llama-3.3-70b-versatile
1103812,who formed the commonwealth of independent states,promotes manggarai 12:29 guttural north innovative rappahannock,0.0,"The obfuscated text does not contain any relevant information from the original text, indicating minimal information leakage.",llama-3.3-70b-versatile
1103812,who formed the commonwealth of independent states,great categories the x64 buildings giulianis minnesota,0.1,"The obfuscated text does not contain any relevant information from the original text, indicating minimal information leakage.",llama-3.3-70b-versatile
1103812,who formed the commonwealth of independent states,who mediterranean waianae certificate yodeling independent states,0.7,"The obfuscated text still contains the words 'who' and 'independent states' which are present in the original text, indicating a significant information leakage.",llama-3.3-70b-versatile
1103812,who formed the commonwealth of independent states,eyed lowell ducks diringer breakaway cbn firsthand,0.2,"The obfuscated text still contains some keywords from the original text, such as 'independent states', but the context and meaning are completely changed, indicating a significant level of obfuscation.",llama-3.3-70b-versatile
1103812,who formed the commonwealth of independent states,elden connections ancestry adenine drill dehradun participation,0.2,"The obfuscated text does not contain any relevant information from the original text, except for some common words like 'independent states' in one of the examples, but overall the obfuscated texts do not convey the same meaning as the original text.",llama-3.3-70b-versatile
1103812,who formed the commonwealth of independent states,who dismembered flames non-hispanic unions ten-man yugoslavia,0.4,"The obfuscated text still contains the word 'who' and 'yugoslavia' which is related to the original text 'who formed the commonwealth of independent states', indicating some information leakage.",llama-3.3-70b-versatile
1103812,who formed the commonwealth of independent states,rivas undirected kitchens commonwealth meters democratic war,0.2,"The obfuscated text 'rivas undirected kitchens commonwealth meters democratic war' still contains the word 'commonwealth' which is present in the original text, indicating some information leakage. However, the context and other words are completely different, suggesting a significant level of obfuscation. Therefore, the score is 0.2.",llama-3.3-70b-versatile
1103812,who formed the commonwealth of independent states,women picked manet snes of independent issues,0.2,"The obfuscated text contains some similar words to the original text, such as 'commonwealth' and 'independent', but the meaning and context are completely different, indicating a low information leakage.",llama-3.3-70b-versatile
1037798,who is robert gray,lapshin is robert prefecture-level,0.2,"The obfuscated text reveals the name 'robert' which is present in the original text, but the surrounding context is completely changed, indicating some information leakage.",llama-3.3-70b-versatile
1037798,who is robert gray,doctor named robert blond,0.4,"The obfuscated text still contains the name 'robert', which is present in the original text, indicating some information leakage. However, the context and other details have been changed, reducing the leakage. Therefore, a score of 0.4 is assigned.",llama-3.3-70b-versatile
1037798,who is robert gray,agility possibly fpc/ khattab,0.0,"The obfuscated text does not contain any information about the original text 'who is robert gray'. The names and words are completely different, indicating no information leakage.",llama-3.3-70b-versatile
1037798,who is robert gray,man song race pollution,0.0,The obfuscated text does not contain any information related to the original text 'who is robert gray'.,llama-3.3-70b-versatile
1037798,who is robert gray,who winners landowner tahsil,0.2,"The obfuscated text still contains the word 'who' from the original text, but the rest of the information is completely different, indicating some information leakage.",llama-3.3-70b-versatile
1037798,who is robert gray,jr. loyalty x25 dark,0.0,"The obfuscated text does not contain any information about the original text 'who is robert gray'. The words are completely unrelated, indicating no information leakage.",llama-3.3-70b-versatile
1037798,who is robert gray,who phillies robert hoover,0.5,"The obfuscated text still contains the name 'robert' which is present in the original text, indicating some information leakage",llama-3.3-70b-versatile
1037798,who is robert gray,playing non-lethal robert claman,0.4,"The obfuscated text still contains the name 'robert', which is present in the original text, indicating some information leakage.",llama-3.3-70b-versatile
1037798,who is robert gray,hernandez groesbeek woodrow sheep,0.4,"The obfuscated text contains the name 'robert' which is also present in the original text, but the context and surrounding words are different, indicating some information leakage.",llama-3.3-70b-versatile
1037798,who is robert gray,embezzling law mcmaster harshly,0.0,The obfuscated text does not contain any information related to the original text 'who is robert gray'.,llama-3.3-70b-versatile
1063750,why did the us volunterilay enter ww1,troopers paperwork kahraman euro3 radians fees chamb,0.1,"The obfuscated text does not contain any recognizable words or phrases from the original text, indicating a high level of obfuscation.",llama-3.3-70b-versatile
1063750,why did the us volunterilay enter ww1,paganini intro the debuts discoverers nabbed stankevicius,0.0,"The obfuscated text does not contain any recognizable words or phrases from the original text, indicating a high level of obfuscation.",llama-3.3-70b-versatile
1063750,why did the us volunterilay enter ww1,chocó hall analytic listen daron blocked photometric,0.1,"The obfuscated text does not contain any recognizable words or phrases from the original text, indicating a high level of obfuscation.",llama-3.3-70b-versatile
1063750,why did the us volunterilay enter ww1,forgot my cosmopolitanism snapshot explosives hassoun ponferrada,0.0,"The obfuscated text does not contain any recognizable words or phrases from the original text, indicating a high level of obfuscation.",llama-3.3-70b-versatile
1063750,why did the us volunterilay enter ww1,scotti burglaries canvassing rewards bystander biodiesel fahrenheit,0.0,"The obfuscated text does not contain any recognizable words or phrases from the original text, indicating a high level of obfuscation.",llama-3.3-70b-versatile
1063750,why did the us volunterilay enter ww1,gramley hajduk great units mainframe tina 1359,0.0,"The obfuscated text does not contain any recognizable words or phrases from the original text, indicating a high level of obfuscation.",llama-3.3-70b-versatile
1063750,why did the us volunterilay enter ww1,detailing runoff stewardson us suscriptores bankrupt zhaoyi,0.0,"The obfuscated text does not contain any recognizable words or phrases from the original text, indicating a high level of obfuscation.",llama-3.3-70b-versatile
1063750,why did the us volunterilay enter ww1,ins goubert youth p. aasho hsun ecst,0.0,"The obfuscated text does not contain any recognizable words or phrases from the original text, indicating a high level of obfuscation.",llama-3.3-70b-versatile
1063750,why did the us volunterilay enter ww1,canker pursued detained us neighboring 1588 rfe,0.0,"The obfuscated text does not contain any recognizable words or phrases from the original text, indicating a high level of obfuscation.",llama-3.3-70b-versatile
1063750,why did the us volunterilay enter ww1,jokingly greatest expanded broke tantrik cristobal nase,0.0,"The obfuscated text does not contain any recognizable words or phrases from the original text, indicating a high level of obfuscation.",llama-3.3-70b-versatile
