id,text,obfuscatedText,score,justification,model
19335,anthropological definition of environment,anthropological definition of maintaining,0.4,"The obfuscated text has replaced the word 'environment' with 'maintaining', which changes the meaning of the original text. However, the context of 'anthropological definition' is still present, indicating some information leakage. The score is 0.4, indicating moderate information leakage.",llama-3.3-70b-versatile
19335,anthropological definition of environment,anthropological definition same environment,0.9,"The obfuscated text is very similar to the original text, with the word 'same' added, which does not significantly change the meaning. This suggests a high level of information leakage.",llama-3.3-70b-versatile
19335,anthropological definition of environment,anthropological quasi of future,0.2,"The obfuscated text still contains the word 'anthropological' which is present in the original text, but it has replaced 'definition of environment' with 'quasi of future', which is a significant change. However, the presence of 'anthropological' suggests some information leakage, so the score is not 0. The score is 0.2 because 'anthropological' is a key word in the original text and its presence in the obfuscated text indicates some residual information.",llama-3.3-70b-versatile
19335,anthropological definition of environment,järvinen definition resulted environment,0.4,"The obfuscated text 'järvinen definition resulted environment' has some similarity to the original text 'anthropological definition of environment' but with changes in key words, indicating partial information leakage.",llama-3.3-70b-versatile
19335,anthropological definition of environment,anthropological definition 69 environment,0.8,"The obfuscated text 'anthropological definition 69 environment' has a high information leakage from the original text 'anthropological definition of environment' because it still contains the key words 'anthropological', 'definition', and 'environment', but with a minor modification of adding '69' instead of 'of'. The score is 0.8 because the obfuscated text still conveys the main idea of the original text, but with a slight distortion.",llama-3.3-70b-versatile
19335,anthropological definition of environment,confucius digital of environments,0.4,"The obfuscated text has changed the word 'definition' to 'digital' and 'environment' to 'environments', and also changed the starting word from 'anthropological' to 'confucius', which indicates significant information leakage, but some key words are still present",llama-3.3-70b-versatile
19335,anthropological definition of environment,anthropological definition of environment,1.0,"The obfuscated text is identical to the original text, indicating complete information leakage.",llama-3.3-70b-versatile
19335,anthropological definition of environment,anthropological definition biggest environment,0.9,"The obfuscated text is almost identical to the original text, with the word 'biggest' added, which does not significantly alter the meaning, thus the score is 0.9",llama-3.3-70b-versatile
19335,anthropological definition of environment,anthropological definition of environment,1.0,"The obfuscated text is identical to the original text, indicating complete information leakage.",llama-3.3-70b-versatile
19335,anthropological definition of environment,anthropological definition of environment,1.0,"The obfuscated text is identical to the original text, indicating complete information leakage.",llama-3.3-70b-versatile
47923,axon terminals or synaptic knob definition,axon terminals or synaptic knob definition,1.0,"The obfuscated text is identical to the original text, indicating complete information leakage.",llama-3.3-70b-versatile
47923,axon terminals or synaptic knob definition,axon terminals or synaptic knob definition,1.0,"The obfuscated text is identical to the original text, indicating complete information leakage.",llama-3.3-70b-versatile
47923,axon terminals or synaptic knob definition,axon terminals adults synaptic knob definition,0.9,"The obfuscated text is almost identical to the original text, with the addition of the word 'adults', which does not significantly alter the meaning of the text. Therefore, the score is close to 1, indicating almost complete information leakage.",llama-3.3-70b-versatile
47923,axon terminals or synaptic knob definition,axon terminals afraid synaptic knob definition,0.9,"The obfuscated text is almost identical to the original text, with only one word changed, indicating very little attempt to obfuscate the information.",llama-3.3-70b-versatile
47923,axon terminals or synaptic knob definition,axon terminals 360 synaptic knob definition,0.9,"The obfuscated text is almost identical to the original text, with only a small addition of '360' which does not significantly alter the meaning, thus the information leakage is very high",llama-3.3-70b-versatile
47923,axon terminals or synaptic knob definition,axon gates or synaptic knob definition,0.9,"The obfuscated text 'axon gates or synaptic knob definition' is very similar to the original text 'axon terminals or synaptic knob definition', with only the word 'terminals' changed to 'gates'. This suggests a high level of information leakage, as the meaning and content of the text remains largely intact. The score is 0.9, indicating a high level of similarity between the original and obfuscated texts.",llama-3.3-70b-versatile
47923,axon terminals or synaptic knob definition,axon terminals either synaptic knob definition,0.9,"The obfuscated text is very similar to the original text, with only a small change in wording, indicating a high level of information leakage.",llama-3.3-70b-versatile
47923,axon terminals or synaptic knob definition,axon input or synaptic knob definition,0.9,"The obfuscated text is very similar to the original text, with only a small change in wording, indicating a high level of information leakage.",llama-3.3-70b-versatile
47923,axon terminals or synaptic knob definition,suproleague longshoremen or synaptic knob definition,0.2,"The obfuscated text has completely changed the original term 'axon terminals' to 'suproleague longshoremen', which has no relation to the original text, indicating minimal information leakage. However, the term 'synaptic knob definition' remains the same, which is a crucial part of the original text. Therefore, the score should be low but not zero due to the partial preservation of information.",llama-3.3-70b-versatile
47923,axon terminals or synaptic knob definition,axon terminals or synaptic hellickson definition,0.9,"The obfuscated text is very similar to the original text, with only minor changes, indicating a high level of information leakage.",llama-3.3-70b-versatile
87181,causes of left ventricular hypertrophy,causes mass left ventricular hypertrophy,0.7,"The obfuscated text still contains the main keywords 'causes', 'left ventricular hypertrophy', but adds the word 'mass', which slightly alters the meaning. However, the core information about left ventricular hypertrophy is still present, indicating some information leakage.",llama-3.3-70b-versatile
87181,causes of left ventricular hypertrophy,conscience quality left ventricular hypertrophy,0.4,"The obfuscated text 'conscience quality left ventricular hypertrophy' still contains the key terms 'left ventricular hypertrophy', which is the main topic of the original text. However, the addition of 'conscience quality' does not provide any meaningful information related to the causes of left ventricular hypertrophy. Therefore, the score is 0.4, indicating some information leakage but not complete.",llama-3.3-70b-versatile
87181,causes of left ventricular hypertrophy,causes broke left ventricular hypertrophy,0.7,"The obfuscated text 'causes broke left ventricular hypertrophy' still contains the key phrase 'left ventricular hypertrophy', which is the main topic of the original text. However, the word 'causes' is retained, but 'broke' is added, which slightly alters the meaning. The score is 0.7 because some information is preserved, but the addition of 'broke' introduces some distortion.",llama-3.3-70b-versatile
87181,causes of left ventricular hypertrophy,causes of suffered ventricular hypertrophy,0.7,"The obfuscated text still contains the key phrases 'causes of' and 'ventricular hypertrophy', which are present in the original text, indicating a significant amount of information leakage. However, the word 'suffered' replaces 'left', which reduces the information leakage to some extent.",llama-3.3-70b-versatile
87181,causes of left ventricular hypertrophy,causes part left ventricular hypertrophy,0.8,"The obfuscated text 'causes part left ventricular hypertrophy' still contains the key phrases 'causes', 'left ventricular hypertrophy', which are present in the original text 'causes of left ventricular hypertrophy'. However, the word 'of' is replaced with 'part', which slightly alters the meaning. Given this, the information leakage score is 0.8.",llama-3.3-70b-versatile
87181,causes of left ventricular hypertrophy,sticky of left ventricular hypertrophy,0.4,"The obfuscated text 'sticky of left ventricular hypertrophy' has some similarity to the original text 'causes of left ventricular hypertrophy' but with significant changes, indicating moderate information leakage.",llama-3.3-70b-versatile
87181,causes of left ventricular hypertrophy,causes of left ventricular hypertrophy,1.0,"The obfuscated text is almost identical to the original text, with no significant changes or obfuscation, indicating complete information leakage.",llama-3.3-70b-versatile
87181,causes of left ventricular hypertrophy,cause became left ventricular hypertrophy,0.9,"The obfuscated text is almost identical to the original text, with only a minor change from 'causes' to 'cause' and 'of' to 'became', which still conveys the same meaning, so the information leakage is very high",llama-3.3-70b-versatile
87181,causes of left ventricular hypertrophy,causes years only ventricular hypertrophy,0.6,"The obfuscated text 'causes years only ventricular hypertrophy' has some differences from the original text 'causes of left ventricular hypertrophy', with changes in the words 'of' to 'years' and 'left' to 'only', indicating a moderate level of information leakage",llama-3.3-70b-versatile
87181,causes of left ventricular hypertrophy,deaths of left ventricular hypertrophy,0.7,"The obfuscated text 'deaths of left ventricular hypertrophy' still contains the key terms 'left ventricular hypertrophy', which is the core information from the original text. However, 'deaths' replaces 'causes', changing the context but not completely obscuring the original topic. Thus, the score should reflect significant information leakage.",llama-3.3-70b-versatile
87452,causes of military suicide,causes of military suicide,1.0,"The obfuscated text is identical to the original text, indicating complete information leakage.",llama-3.3-70b-versatile
87452,causes of military suicide,causes of military suicide,1.0,"The obfuscated text is identical to the original text, indicating complete information leakage.",llama-3.3-70b-versatile
87452,causes of military suicide,causes of military suicide,1.0,"The obfuscated text is identical to the original text, indicating complete information leakage.",llama-3.3-70b-versatile
87452,causes of military suicide,causes part military suicide,0.8,"The obfuscated text still contains most of the original text, with only a small part being modified, indicating a high level of information leakage.",llama-3.3-70b-versatile
87452,causes of military suicide,causes of military suicide,1.0,"The obfuscated text is identical to the original text, indicating complete information leakage.",llama-3.3-70b-versatile
87452,causes of military suicide,accompanies of military suicide,0.9,"The obfuscated text is almost identical to the original text, with only a minor change in the first word, indicating a high level of information leakage.",llama-3.3-70b-versatile
87452,causes of military suicide,mignon of military suicide,0.4,"The obfuscated text 'mignon of military suicide' has a significant difference from the original text 'causes of military suicide', with 'mignon' being unrelated to 'causes', indicating a moderate level of information leakage reduction.",llama-3.3-70b-versatile
87452,causes of military suicide,cause of military suicide,0.9,"The obfuscated text is very similar to the original text, with only a minor change from 'causes' to 'cause', indicating a high level of information leakage.",llama-3.3-70b-versatile
87452,causes of military suicide,side-effects of military suicide,0.8,"The obfuscated text 'side-effects of military suicide' still conveys the general topic of the original text 'causes of military suicide', but with a slight modification in wording, indicating a score of 0.8 due to partial information leakage",llama-3.3-70b-versatile
87452,causes of military suicide,causes of elements suicide,0.8,"The obfuscated text is very similar to the original text, with only a slight modification, indicating a high level of information leakage.",llama-3.3-70b-versatile
104861,cost of interior concrete flooring,cost seattle interior concrete flooring,0.8,"The obfuscated text still contains the key phrases 'cost', 'interior', and 'concrete flooring', which are present in the original text. However, it adds the location 'seattle', which is not present in the original text. This addition does not significantly increase the information leakage, as the core information about the topic of interest remains the same. Therefore, the score is 0.8, indicating a moderate level of information leakage.",llama-3.3-70b-versatile
104861,cost of interior concrete flooring,"230,000 of interior concrete flooring",0.7,"The obfuscated text still contains the key phrases 'interior concrete flooring', which is a significant part of the original text, but it adds a specific cost, which is not present in the original text. However, the addition of the cost does not completely change the meaning of the text, and the original text can still be somewhat inferred from the obfuscated text. Therefore, the score is 0.7.",llama-3.3-70b-versatile
104861,cost of interior concrete flooring,goes of interior concrete hardwood,0.6,"The obfuscated text still contains the phrase 'interior concrete', which is present in the original text, but replaces 'cost' with 'goes' and 'flooring' with 'hardwood', indicating some information leakage. However, the replacement of 'cost' with 'goes' and 'flooring' with 'hardwood' reduces the information leakage, so the score is 0.6",llama-3.3-70b-versatile
104861,cost of interior concrete flooring,cost hunt interior concrete flooring,0.6,"The obfuscated text still contains the word 'cost' and 'concrete flooring' which are present in the original text, but 'hunt' is added and 'interior' is still present, thus the information leakage score is 0.6",llama-3.3-70b-versatile
104861,cost of interior concrete flooring,cost ; interior concrete flooring,0.8,"The obfuscated text still contains the original keywords 'cost', 'interior', 'concrete', and 'flooring', indicating a high level of information leakage.",llama-3.3-70b-versatile
104861,cost of interior concrete flooring,cost background interior concrete flooring,0.8,"The obfuscated text still contains the key words 'cost', 'interior', 'concrete', and 'flooring', which are present in the original text, indicating significant information leakage.",llama-3.3-70b-versatile
104861,cost of interior concrete flooring,cost of interior concrete furniture,0.8,"The obfuscated text still contains the key words 'cost', 'interior', 'concrete', and 'flooring', which are present in the original text, indicating a high level of information leakage.",llama-3.3-70b-versatile
104861,cost of interior concrete flooring,cost 2002 interior concrete milc,0.6,"The obfuscated text still contains the key words 'cost', 'interior', 'concrete', which are present in the original text, but '2002' and 'milc' are unrelated to the original text, indicating some information leakage",llama-3.3-70b-versatile
104861,cost of interior concrete flooring,costs of interior concrete flooring,0.9,"The obfuscated text 'costs of interior concrete flooring' is very similar to the original text 'cost of interior concrete flooring', with only a minor change from 'cost' to 'costs', which is a grammatical variation. This suggests a high level of information leakage, as the obfuscated text still conveys the same meaning as the original text.",llama-3.3-70b-versatile
104861,cost of interior concrete flooring,cost of interior concrete flooring,1.0,"The obfuscated text is almost identical to the original text, with only a minor difference in the word 'cost' being replaced by 'costs' in some cases, but in this case it is the same, so the information leakage is complete.",llama-3.3-70b-versatile
1106007,define visceral?,clearly shakhtar,0.1,"The obfuscated text 'clearly shakhtar' does not seem to be related to the original text 'define visceral?', thus the information leakage is minimal.",llama-3.3-70b-versatile
1106007,define visceral?,define rhernandez,0.2,"The obfuscated text 'define rhernandez' does not appear to be related to the original text 'define visceral?', thus the information leakage is low.",llama-3.3-70b-versatile
1106007,define visceral?,redefine enfranchisement,0.2,"The obfuscated text 'redefine enfranchisement' does not resemble the original text 'define visceral' in any way, indicating a low information leakage score.",llama-3.3-70b-versatile
1106007,define visceral?,define kc-130,0.0,"The obfuscated text 'define kc-130' does not reveal any information about the original text 'define visceral?', hence the score is 0",llama-3.3-70b-versatile
1106007,define visceral?,defined kripal,0.9,"The obfuscated text 'defined kripal' does not match the original text 'define visceral?', indicating significant information leakage.",llama-3.3-70b-versatile
1106007,define visceral?,conceptual gaven,0.0,"The obfuscated text 'conceptual gaven' does not contain any information related to the original text 'define visceral?', thus the score is 0",llama-3.3-70b-versatile
1106007,define visceral?,"define 2,464",0.0,"The obfuscated text 'define 2,464' does not reveal any information about the original text 'define visceral?', so the score is 0",llama-3.3-70b-versatile
1106007,define visceral?,suppose -200,0.0,"The obfuscated text 'suppose -200' does not contain any information related to the original text 'define visceral?', thus the score is 0",llama-3.3-70b-versatile
1106007,define visceral?,define glans,0.5,"The obfuscated text 'define glans' is similar to the original text 'define visceral' in that it starts with the same word 'define', but the second word is different. This suggests some information leakage, but not complete. The score is 0.5 because the obfuscated text still conveys the idea of defining something, but the object of definition is different.",llama-3.3-70b-versatile
1106007,define visceral?,define su,0.0,"The obfuscated text 'define su' does not provide any meaningful information related to the original text 'define visceral?', thus the score is 0",llama-3.3-70b-versatile
130510,definition declaratory judgment,definition declaratory judgment,1.0,"The obfuscated text is identical to the original text, indicating complete information leakage.",llama-3.3-70b-versatile
130510,definition declaratory judgment,explicit declaratory judgement,0.9,"The obfuscated text is very similar to the original text, with only a minor change from 'definition' to 'explicit' and 'judgment' to 'judgement', indicating a high level of information leakage.",llama-3.3-70b-versatile
130510,definition declaratory judgment,maintains declaratory judgment,0.8,"The obfuscated text 'maintains declaratory judgment' still contains the key phrase 'declaratory judgment' from the original text 'definition declaratory judgment', indicating significant information leakage.",llama-3.3-70b-versatile
130510,definition declaratory judgment,guideline declaratory judgment,0.9,"The obfuscated text 'guideline declaratory judgment' is very similar to the original text 'definition declaratory judgment', with only the first word changed. This suggests a high level of information leakage, as the core meaning and most of the content remains the same. Therefore, the score is 0.9.",llama-3.3-70b-versatile
130510,definition declaratory judgment,definition declaratory judgment,1.0,"The obfuscated text is identical to the original text, indicating complete information leakage.",llama-3.3-70b-versatile
130510,definition declaratory judgment,definition huaraches radiocommunications,1.0,"The obfuscated text 'definition huaraches radiocommunications' has no similarity to the original text 'definition declaratory judgment', indicating complete information leakage.",llama-3.3-70b-versatile
130510,definition declaratory judgment,definition declaratory judgment,1.0,"The obfuscated text is identical to the original text, indicating complete information leakage.",llama-3.3-70b-versatile
130510,definition declaratory judgment,definition declaratory judgment,1.0,"The obfuscated text is identical to the original text, indicating complete information leakage.",llama-3.3-70b-versatile
130510,definition declaratory judgment,definition declaratory judgment,1.0,"The obfuscated text is identical to the original text, indicating complete information leakage.",llama-3.3-70b-versatile
130510,definition declaratory judgment,definition declaratory judgment,1.0,"The obfuscated text is identical to the original text, indicating complete information leakage.",llama-3.3-70b-versatile
131843,definition of a sigmet,definition of a 39-30,0.7,"The obfuscated text has replaced 'sigmet' with '39-30', which is a code that still reveals the context of the original text, thus the score is 0.7",llama-3.3-70b-versatile
131843,definition of a sigmet,top-of-the-line proper a breath-taking,0.1,"The obfuscated text 'top-of-the-line proper a breath-taking' does not resemble the original text 'definition of a sigmet' in any way, indicating a very low information leakage.",llama-3.3-70b-versatile
131843,definition of a sigmet,definition kiev a latte,0.2,"The obfuscated text 'definition kiev a latte' still contains the word 'definition' from the original text, but replaces 'sigmet' with 'kiev a latte', which is unrelated. However, the presence of 'definition' indicates some information leakage, so the score is not 0. The score is 0.2 because 'definition' is a common word and 'kiev a latte' does not reveal any information about 'sigmet'.",llama-3.3-70b-versatile
131843,definition of a sigmet,definition of a jawing,0.4,"The obfuscated text 'definition of a jawing' still contains the word 'definition of a' which is present in the original text 'definition of a sigmet'. However, it replaces 'sigmet' with 'jawing', which is unrelated. This suggests some information leakage, but not complete. Score: 0.4",llama-3.3-70b-versatile
131843,definition of a sigmet,cnbc of a promotional,0.4,"The obfuscated text 'cnbc of a promotional' has some similarity to the original text 'definition of a sigmet', but key terms are replaced, indicating moderate information leakage.",llama-3.3-70b-versatile
131843,definition of a sigmet,definition balance a gwinnett,0.2,"The obfuscated text 'definition balance a gwinnett' has some similarity to the original text 'definition of a sigmet', but 'balance' and 'gwinnett' do not convey the same meaning as 'of a sigmet'. However, 'definition' is preserved, indicating some information leakage. The score is 0.2 because only one key word is preserved and the rest are unrelated.",llama-3.3-70b-versatile
131843,definition of a sigmet,definition various a scenographer,0.4,"The obfuscated text 'definition various a scenographer' has some similarity to the original text 'definition of a sigmet' but with significant changes, indicating moderate information leakage.",llama-3.3-70b-versatile
131843,definition of a sigmet,definition terror subtle quickie,0.2,"The obfuscated text 'definition terror subtle quickie' has some similarity to the original text 'definition of a sigmet' in that it contains the word 'definition', but the rest of the words are unrelated, indicating a low level of information leakage.",llama-3.3-70b-versatile
131843,definition of a sigmet,definition of battle valens,0.4,"The obfuscated text 'definition of battle valens' still contains the word 'definition' and 'of' which are present in the original text 'definition of a sigmet', indicating some information leakage. However, the word 'battle' and 'valens' do not match the original text, suggesting some level of obfuscation. The score is 0.4, indicating moderate information leakage.",llama-3.3-70b-versatile
131843,definition of a sigmet,definition spi joint d'angoulême,0.4,"The obfuscated text 'definition spi joint d'angoulême' has some similarity to the original text 'definition of a sigmet', but 'spi' and 'joint d'angoulême' do not convey the same meaning as 'sigmet'. However, 'definition' and 'of a' are preserved, indicating some information leakage. The score is 0.4 because about 40% of the original text's meaning is preserved.",llama-3.3-70b-versatile
146187,difference between a mcdouble and a double cheeseburger,saved thereafter a shib columbia a double groovy,0.4,"The obfuscated text does not clearly convey the original message, but some key words like 'double' are still present, indicating partial information leakage.",llama-3.3-70b-versatile
146187,difference between a mcdouble and a double cheeseburger,difference agreement a faster became lined triple gulmi,0.2,"The obfuscated text still contains the word 'difference' which is present in the original text, indicating some information leakage. However, the rest of the words are completely different, suggesting a significant level of obfuscation.",llama-3.3-70b-versatile
146187,difference between a mcdouble and a double cheeseburger,charge between peaceful parliaments and a keys cheeseburger,0.4,"The obfuscated text still contains the key words 'between' and 'cheeseburger' which are present in the original text, indicating some information leakage. However, the context and other words have been changed, reducing the leakage. Therefore, a score of 0.4 is assigned.",llama-3.3-70b-versatile
146187,difference between a mcdouble and a double cheeseburger,difference joint-venture a 16th castro a double cheeseburger,0.8,"The obfuscated text 'difference joint-venture a 16th castro a double cheeseburger' still contains the key words 'difference' and 'double cheeseburger' which are present in the original text, indicating a significant information leakage.",llama-3.3-70b-versatile
146187,difference between a mcdouble and a double cheeseburger,variations between a turrets and a double dorados,0.8,"The obfuscated text still contains the key words 'between', 'a', and 'double cheeseburger' which are present in the original text, indicating significant information leakage.",llama-3.3-70b-versatile
146187,difference between a mcdouble and a double cheeseburger,difference between a jowkar twists a single cheeseburger,0.7,"The obfuscated text still contains the key words 'difference', 'between', 'a', and 'cheeseburger' which are present in the original text, indicating a significant information leakage.",llama-3.3-70b-versatile
146187,difference between a mcdouble and a double cheeseburger,versus between a .5 and a double cheeseburger,0.7,"The obfuscated text still contains the key words 'between', 'a', and 'double cheeseburger' which are present in the original text, indicating some information leakage.",llama-3.3-70b-versatile
146187,difference between a mcdouble and a double cheeseburger,judged between a jesdanun bite a topping cheeseburger,0.4,"The obfuscated text still contains the key words 'between', 'a', and 'cheeseburger' which are present in the original text, indicating some information leakage. However, the other words have been replaced, reducing the leakage. The score is 0.4 because about 40% of the original information is still present.",llama-3.3-70b-versatile
146187,difference between a mcdouble and a double cheeseburger,starts between a allgaier greene a double cheeseburger,0.8,"The obfuscated text still contains the key words 'between', 'a', and 'double cheeseburger', which are also present in the original text, indicating a significant amount of information leakage.",llama-3.3-70b-versatile
146187,difference between a mcdouble and a double cheeseburger,difference outside a 14:26 patron a double cheeseburger,0.8,"The obfuscated text still contains the key words 'difference', 'double', and 'cheeseburger', which are present in the original text, indicating a significant amount of information leakage.",llama-3.3-70b-versatile
148538,difference between rn and bsn,whatever between kliment civilian bsn,0.4,"The obfuscated text still contains the term 'bsn' which is present in the original text, indicating some information leakage. However, the context and other terms have been changed, reducing the overall information leakage.",llama-3.3-70b-versatile
148538,difference between rn and bsn,worthwhile between rn outside bsn,0.6,"The obfuscated text still contains the key terms 'rn' and 'bsn', which are present in the original text, indicating some information leakage. However, the addition of 'worthwhile' and 'outside' introduces some level of obfuscation, reducing the information leakage.",llama-3.3-70b-versatile
148538,difference between rn and bsn,difference between rn and bsn,1.0,"The obfuscated text is identical to the original text, indicating complete information leakage.",llama-3.3-70b-versatile
148538,difference between rn and bsn,difference between rn brought bsn,0.9,"The obfuscated text is almost identical to the original text, with only minor changes, indicating a high level of information leakage.",llama-3.3-70b-versatile
148538,difference between rn and bsn,saving between algol greater bsn,0.4,"The obfuscated text 'saving between algol greater bsn' has some differences from the original text 'difference between rn and bsn', with 'saving' instead of 'difference', 'algol' instead of 'rn', and 'greater' instead of 'and'. However, 'between' and 'bsn' remain the same. This suggests a moderate level of information leakage, so the score is 0.4.",llama-3.3-70b-versatile
148538,difference between rn and bsn,difference between rn and bsn,1.0,"The obfuscated text is identical to the original text, indicating complete information leakage.",llama-3.3-70b-versatile
148538,difference between rn and bsn,gain between rn and bsn,0.9,"The obfuscated text is very similar to the original text, with only minor changes, indicating a high level of information leakage.",llama-3.3-70b-versatile
148538,difference between rn and bsn,difference between rn between bsn,0.9,"The obfuscated text is very similar to the original text, with only minor changes, indicating a high level of information leakage.",llama-3.3-70b-versatile
148538,difference between rn and bsn,difference lessons 22-room other bsn,0.4,"The obfuscated text 'difference lessons 22-room other bsn' has some similarities with the original text 'difference between rn and bsn' but key terms are changed or missing, indicating moderate information leakage.",llama-3.3-70b-versatile
148538,difference between rn and bsn,peripheral between rn and bsn,0.7,"The obfuscated text 'peripheral between rn and bsn' still contains the key phrases 'between', 'rn', and 'bsn' which are present in the original text 'difference between rn and bsn'. This suggests a significant amount of information leakage, but the replacement of 'difference' with 'peripheral' reduces the leakage slightly.",llama-3.3-70b-versatile
156493,do goldfish grow,do stereoscopic growth,0.4,"The obfuscated text 'do stereoscopic growth' still conveys the idea of growth, but the subject 'goldfish' has been replaced with 'stereoscopic', which is unrelated. However, the word 'growth' is still present, indicating some information leakage. The score is 0.4 because the obfuscated text maintains a similar structure and a key concept from the original text, but alters the main subject.",llama-3.3-70b-versatile
156493,do goldfish grow,'re goldfish grow,0.8,"The obfuscated text still contains the word 'goldfish' which is a key part of the original text, indicating significant information leakage.",llama-3.3-70b-versatile
156493,do goldfish grow,do devitto grow,0.7,"The obfuscated text 'do devitto grow' still contains the original phrase 'do grow' and only replaces 'goldfish' with 'devitto', which is a significant information leakage, but not complete.",llama-3.3-70b-versatile
156493,do goldfish grow,do huisgenoot grow,0.4,"The obfuscated text 'do huisgenoot grow' still contains the original phrase 'do grow' and has replaced 'goldfish' with 'huisgenoot', which is a significant change, but the context of growth is preserved, thus the score is 0.4",llama-3.3-70b-versatile
156493,do goldfish grow,supplementary goldfish palms,0.4,"The obfuscated text 'supplementary goldfish palms' still contains the word 'goldfish' from the original text 'do goldfish grow', indicating some information leakage. However, the context and meaning have been altered, reducing the leakage. The score is 0.4, reflecting partial information retention.",llama-3.3-70b-versatile
156493,do goldfish grow,do goldfish grow,1.0,"The obfuscated text is identical to the original text, indicating complete information leakage.",llama-3.3-70b-versatile
156493,do goldfish grow,do goldfish families,0.7,"The obfuscated text 'do goldfish families' still contains the original keywords 'do goldfish', which indicates a significant information leakage. However, the word 'grow' is replaced with 'families', which reduces the information leakage to some extent.",llama-3.3-70b-versatile
156493,do goldfish grow,do goldfish grow,1.0,"The obfuscated text is identical to the original text, indicating complete information leakage.",llama-3.3-70b-versatile
156493,do goldfish grow,extent goldfish grow,0.8,"The obfuscated text 'extent goldfish grow' still contains the key words 'goldfish' and 'grow', which are present in the original text 'do goldfish grow'. This suggests a high level of information leakage, as the main subject and action are still easily identifiable. However, the addition of 'extent' instead of 'do' slightly alters the meaning and context, reducing the leakage to a certain extent. Therefore, the score is 0.8.",llama-3.3-70b-versatile
156493,do goldfish grow,will goldfish production,0.4,"The obfuscated text 'will goldfish production' still contains the word 'goldfish' which is present in the original text, but the context and meaning have been altered, indicating some information leakage.",llama-3.3-70b-versatile
168216,does legionella pneumophila cause pneumonia,anybody prokaryotes pneumophila cause pneumonia,0.7,"The obfuscated text still contains the specific term 'pneumophila' which is a key part of the original text, indicating a significant information leakage. However, the replacement of 'legionella' with 'anybody prokaryotes' reduces the specificity of the information, thus not being a complete leakage.",llama-3.3-70b-versatile
168216,does legionella pneumophila cause pneumonia,does legionella pneumophila cause pneumonia,1.0,"The obfuscated text is identical to the original text, indicating complete information leakage.",llama-3.3-70b-versatile
168216,does legionella pneumophila cause pneumonia,anything legionella pneumophila irreparable pneumonia,0.8,"The obfuscated text still contains the key terms 'legionella pneumophila' and 'pneumonia', which are present in the original text, indicating significant information leakage.",llama-3.3-70b-versatile
168216,does legionella pneumophila cause pneumonia,collect legionella pneumophila dedication pneumonia,0.8,"The obfuscated text still contains the key terms 'legionella pneumophila' and 'pneumonia', which are present in the original text, indicating significant information leakage.",llama-3.3-70b-versatile
168216,does legionella pneumophila cause pneumonia,taking legionella pneumophila cause pneumonia,0.9,"The obfuscated text is very similar to the original text, with only the first word changed, indicating a high level of information leakage.",llama-3.3-70b-versatile
168216,does legionella pneumophila cause pneumonia,does legionella pneumophila cause pneumonia,1.0,"The obfuscated text is identical to the original text, indicating complete information leakage.",llama-3.3-70b-versatile
168216,does legionella pneumophila cause pneumonia,does legionella navolato strain pneumonia,0.9,"The obfuscated text is almost identical to the original text, with only the word 'pneumophila' being replaced with 'navolato strain', which still conveys the same meaning. This suggests a high level of information leakage.",llama-3.3-70b-versatile
168216,does legionella pneumophila cause pneumonia,desk legionella pneumophila causes pneumonia,0.9,"The obfuscated text is very similar to the original text, with only minor changes in wording, but the key terms 'legionella pneumophila' and 'pneumonia' remain the same, indicating high information leakage.",llama-3.3-70b-versatile
168216,does legionella pneumophila cause pneumonia,"bothers legionella boyard sent 6,200",0.1,"The obfuscated text has changed the original phrase 'does legionella pneumophila cause pneumonia' to 'bothers legionella boyard sent 6,200', which has completely different meaning and context, thus the information leakage is very low",llama-3.3-70b-versatile
168216,does legionella pneumophila cause pneumonia,says legionella pneumophila cause pneumonia,0.9,"The obfuscated text is very similar to the original text, with only minor changes in wording, indicating a high level of information leakage.",llama-3.3-70b-versatile
182539,example of monotonic function,instance campaigns monotonic function,0.8,"The obfuscated text still contains the key phrase 'monotonic function', which is the main topic of the original text, indicating significant information leakage.",llama-3.3-70b-versatile
182539,example of monotonic function,newly of monotonic function,0.7,"The obfuscated text still contains the key phrase 'monotonic function', which is the core information of the original text, but some context is lost, so the score is 0.7",llama-3.3-70b-versatile
182539,example of monotonic function,victoria education monotonic function,0.8,"The obfuscated text still contains the key phrase 'monotonic function' which is present in the original text, indicating significant information leakage.",llama-3.3-70b-versatile
182539,example of monotonic function,historically dwarf monotonic eat,0.6,"The obfuscated text still contains the key phrase 'monotonic function' which is present in the original text, but other words are changed, indicating some information leakage.",llama-3.3-70b-versatile
182539,example of monotonic function,explain of monotonic function,0.8,"The obfuscated text still contains the key phrase 'monotonic function' which is present in the original text, indicating significant information leakage",llama-3.3-70b-versatile
182539,example of monotonic function,example follow monotonic function,0.8,"The obfuscated text still contains the key phrase 'monotonic function' which is present in the original text, indicating significant information leakage",llama-3.3-70b-versatile
182539,example of monotonic function,sorts of monotonic function,0.8,"The obfuscated text still contains the key phrase 'monotonic function' which is present in the original text, indicating significant information leakage.",llama-3.3-70b-versatile
182539,example of monotonic function,space subsequent monotonic function,0.8,"The obfuscated text still contains the key phrase 'monotonic function' which is present in the original text, indicating significant information leakage.",llama-3.3-70b-versatile
182539,example of monotonic function,e.g. roughly monotonic function,0.7,"The obfuscated text 'e.g. roughly monotonic function' still contains the key phrase 'monotonic function' which is present in the original text, indicating a significant information leakage. However, the addition of 'e.g. roughly' provides some level of obfuscation, reducing the score from 1.",llama-3.3-70b-versatile
182539,example of monotonic function,hottest of monotonic function,0.8,"The obfuscated text still contains the key phrase 'monotonic function' which is present in the original text, indicating significant information leakage.",llama-3.3-70b-versatile
183378,exons definition biology,exons definition genetics,0.7,"The obfuscated text is similar to the original text, with only the field of study changed from 'biology' to 'genetics', which are related fields. This suggests a moderate level of information leakage.",llama-3.3-70b-versatile
183378,exons definition biology,exons definition homeworlds,0.4,"The obfuscated text 'exons definition homeworlds' has changed the original word 'biology' to 'homeworlds', which is unrelated to the original context, thus reducing information leakage. However, 'exons' and 'definition' remain the same, indicating some residual information.",llama-3.3-70b-versatile
183378,exons definition biology,exons a biology,0.6,"The obfuscated text 'exons a biology' still contains the key terms 'exons' and 'biology', which are present in the original text 'exons definition biology'. However, the word 'definition' is missing and replaced with 'a', indicating some level of information leakage reduction. The score is 0.6 because while some information is preserved, the loss of 'definition' reduces the leakage.",llama-3.3-70b-versatile
183378,exons definition biology,exons definition biology,1.0,"The obfuscated text is identical to the original text, indicating complete information leakage.",llama-3.3-70b-versatile
183378,exons definition biology,exons definition biology,1.0,"The obfuscated text is identical to the original text, indicating complete information leakage.",llama-3.3-70b-versatile
183378,exons definition biology,exons defines biology,0.9,"The obfuscated text is very similar to the original text, with only a minor change from 'definition' to 'defines', which still conveys the same meaning. This suggests a high level of information leakage.",llama-3.3-70b-versatile
183378,exons definition biology,exons definition biology,1.0,"The obfuscated text is identical to the original text, indicating complete information leakage.",llama-3.3-70b-versatile
183378,exons definition biology,exons definition biology,1.0,"The obfuscated text is identical to the original text, indicating complete information leakage.",llama-3.3-70b-versatile
183378,exons definition biology,exons evolution biology,0.8,"The obfuscated text is almost identical to the original text, with the word 'definition' replaced by 'evolution', which is a related concept in biology. This suggests a high level of information leakage.",llama-3.3-70b-versatile
183378,exons definition biology,exons definition biology,1.0,"The obfuscated text is identical to the original text, indicating complete information leakage.",llama-3.3-70b-versatile
207786,how are some sharks warm blooded,calls are preferences sharks warm blooded,0.7,"The obfuscated text still contains the key phrases 'sharks' and 'warm blooded', which are the main topics of the original text, indicating a significant amount of information leakage. However, the word 'how are' is replaced with 'calls are', and 'some' is replaced with 'preferences', which reduces the information leakage to some extent.",llama-3.3-70b-versatile
207786,how are some sharks warm blooded,matter fast number sharks warm blooded,0.7,"The obfuscated text still contains the key phrases 'sharks' and 'warm blooded', which are the main subjects of the original text, indicating a significant amount of information leakage.",llama-3.3-70b-versatile
207786,how are some sharks warm blooded,large are eliminate sharks warm blooded,0.8,"The obfuscated text still contains the key phrases 'sharks' and 'warm blooded', which are the main subjects of the original text, indicating a significant amount of information leakage.",llama-3.3-70b-versatile
207786,how are some sharks warm blooded,learned are restaurants sharks warm blooded,0.8,"The obfuscated text still contains the key phrases 'sharks' and 'warm blooded', which are the main subjects of the original text, indicating a significant information leakage.",llama-3.3-70b-versatile
207786,how are some sharks warm blooded,how are some sharks funky blooded,0.8,"The obfuscated text still contains the key phrases 'sharks' and 'blooded', indicating a significant amount of information leakage from the original text. However, the word 'funky' replaces 'warm', which reduces the information leakage slightly.",llama-3.3-70b-versatile
207786,how are some sharks warm blooded,wants are some sharks warm blooded,0.8,"The obfuscated text 'wants are some sharks warm blooded' has similar structure to the original text 'how are some sharks warm blooded', with only the first word changed, indicating a score of 0.8 due to partial information leakage",llama-3.3-70b-versatile
207786,how are some sharks warm blooded,? are some sharks warm blooded,0.7,"The obfuscated text still contains the key phrases 'some sharks warm blooded', which is similar to the original text 'how are some sharks warm blooded'. However, the word 'how' is replaced with '?' in the obfuscated text, indicating some level of information leakage reduction. The score is 0.7 because the main topic of the sentence is still preserved, but the interrogative nature of the sentence is lost.",llama-3.3-70b-versatile
207786,how are some sharks warm blooded,say are several sharks warm blooded,0.7,"The obfuscated text still contains the key phrases 'sharks' and 'warm blooded', which are present in the original text, indicating significant information leakage. However, some words have been changed or removed, reducing the leakage slightly.",llama-3.3-70b-versatile
207786,how are some sharks warm blooded,how ones some sharks warm blooded,0.7,"The obfuscated text still contains the key phrases 'sharks warm blooded' which is the main information from the original text, but some words have been changed or removed, so the score is 0.7",llama-3.3-70b-versatile
207786,how are some sharks warm blooded,privately are some sharks warm blooded,0.8,"The obfuscated text still contains the key phrases 'some sharks warm blooded', which is similar to the original text 'how are some sharks warm blooded'. However, the word 'how' is replaced with 'privately', and 'are' remains the same. The score is 0.8 because the obfuscated text still reveals the main topic of the original text, but with some changes in the wording.",llama-3.3-70b-versatile
1133167,how is the weather in jamaica,feels fool settler weather 14 jamaica,0.6,"The obfuscated text still contains the location 'jamaica' and a number '14' which could be related to the weather, indicating some information leakage",llama-3.3-70b-versatile
1133167,how is the weather in jamaica,realizes is the weather in jamaica,0.9,"The obfuscated text is very similar to the original text, with only minor changes, indicating a high level of information leakage.",llama-3.3-70b-versatile
1133167,how is the weather in jamaica,scramble also companion weather in jamaica,0.8,"The obfuscated text still contains the key words 'weather' and 'jamaica', which are present in the original text, indicating a significant amount of information leakage.",llama-3.3-70b-versatile
1133167,how is the weather in jamaica,perhaps is the weather in jamaica,0.9,"The obfuscated text is very similar to the original text, with only minor changes to the wording, indicating a high level of information leakage.",llama-3.3-70b-versatile
1133167,how is the weather in jamaica,how is flies weather effort jamaica,0.8,"The obfuscated text still contains the key words 'is', 'the', 'weather', and 'jamaica', which are present in the original text, indicating a significant amount of information leakage.",llama-3.3-70b-versatile
1133167,how is the weather in jamaica,how is comrades weather in jamaica,0.8,"The obfuscated text still contains the original phrase 'how is' and 'in jamaica', indicating significant information leakage.",llama-3.3-70b-versatile
1133167,how is the weather in jamaica,how indicates known weather greater jamaica,0.8,"The obfuscated text still contains the key words 'how', 'weather', and 'jamaica', which are present in the original text, indicating significant information leakage.",llama-3.3-70b-versatile
1133167,how is the weather in jamaica,faceoff conserved bill weather in jamaica,0.4,"The obfuscated text still contains the key words 'weather' and 'jamaica', but the surrounding words are completely different, indicating some information leakage.",llama-3.3-70b-versatile
1133167,how is the weather in jamaica,very amateurs notably weather score jamaica,0.6,"The obfuscated text still contains the key words 'weather' and 'jamaica', which are present in the original text, but the surrounding words have been changed, indicating some information leakage. However, the meaning of the sentence has been altered, reducing the leakage.",llama-3.3-70b-versatile
1133167,how is the weather in jamaica,know miss wait weather in jamaica,0.4,"The obfuscated text still contains the key words 'weather' and 'jamaica', but the surrounding words are completely different, indicating some information leakage.",llama-3.3-70b-versatile
264014,how long is life cycle of flea,dealt long is life cycle of flea,0.9,"The obfuscated text is very similar to the original text, with only a minor modification, indicating a high level of information leakage.",llama-3.3-70b-versatile
264014,how long is life cycle of flea,illustrate long country hope cycle mainly calthorpe,0.2,"The obfuscated text has changed significantly from the original text, with most of the key words replaced with unrelated words, indicating minimal information leakage.",llama-3.3-70b-versatile
264014,how long is life cycle of flea,wanted longer is life cycle of flea,0.8,"The obfuscated text 'wanted longer is life cycle of flea' still contains the core information of the original text 'how long is life cycle of flea', with only minor changes in wording, thus indicating a high level of information leakage.",llama-3.3-70b-versatile
264014,how long is life cycle of flea,thing long is life cycle of plentiful,0.6,"The obfuscated text 'thing long is life cycle of plentiful' still contains the key words 'long', 'life cycle' which are present in the original text 'how long is life cycle of flea', but the word 'flea' has been replaced with 'plentiful'. This suggests some information leakage, but not complete. The score is 0.6 because the obfuscated text still conveys the general topic of the original text, but with some changes.",llama-3.3-70b-versatile
264014,how long is life cycle of flea,how country coin life cycle of flea,0.7,"The obfuscated text 'how country coin life cycle of flea' still contains the key words 'life cycle of flea' which is similar to the original text 'how long is life cycle of flea', indicating a high level of information leakage. However, the word 'country' and 'coin' are different from the original text, which reduces the leakage slightly.",llama-3.3-70b-versatile
264014,how long is life cycle of flea,saying long is life cycle childish flea,0.7,"The obfuscated text 'saying long is life cycle childish flea' still contains the core information of the original text 'how long is life cycle of flea', with some minor changes, so the score is 0.7",llama-3.3-70b-versatile
264014,how long is life cycle of flea,how . important life coca-cola of flea,0.6,"The obfuscated text still contains the key words 'life' and 'flea', but replaces 'how long' with 'how . important' and 'cycle' with 'coca-cola', indicating significant information leakage, but not complete.",llama-3.3-70b-versatile
264014,how long is life cycle of flea,how long is life cycle joyful yong-ho,0.4,"The obfuscated text 'how long is life cycle joyful yong-ho' still contains the original phrase 'how long is life cycle' but replaces 'of flea' with 'joyful yong-ho', indicating some information leakage. However, the replacement of 'of flea' with a completely unrelated phrase reduces the information leakage significantly.",llama-3.3-70b-versatile
264014,how long is life cycle of flea,what long who thought cycle curatorial flea,0.6,"The obfuscated text 'what long who thought cycle curatorial flea' has some similarities with the original text 'how long is life cycle of flea', but it has replaced some key words, resulting in a moderate level of information leakage.",llama-3.3-70b-versatile
264014,how long is life cycle of flea,how library this feat cycle of flea,0.6,"The obfuscated text still contains the key words 'cycle' and 'flea', which are present in the original text, but other words have been changed or added, indicating some information leakage.",llama-3.3-70b-versatile
359349,how to find the midsegment of a trapezoid,learn to find the besserglik of a trapezoid,0.4,"The obfuscated text has replaced the word 'midsegment' with 'besserglik', which is not a real word in English, and 'how' with 'learn', indicating a moderate level of information leakage. The score is 0.4 because the obfuscated text still conveys the general topic of the original text, but with significant changes to the key terms.",llama-3.3-70b-versatile
359349,how to find the midsegment of a trapezoid,anything to fail the unmistakable of a trapezoid,0.2,"The obfuscated text still contains the word 'trapezoid' which is present in the original text, but the main concept 'midsegment' is completely changed to 'unmistakable' which has no relation to the original concept, thus the information leakage is minimal",llama-3.3-70b-versatile
359349,how to find the midsegment of a trapezoid,how to find can smirnov possible a redemptoris,0.4,"The obfuscated text has changed some key words, but the overall structure and some words remain the same, indicating partial information leakage.",llama-3.3-70b-versatile
359349,how to find the midsegment of a trapezoid,tricky to find america conoco needed no trapezoid,0.4,"The obfuscated text has changed some key words, but the overall structure and some words remain the same, indicating partial information leakage.",llama-3.3-70b-versatile
359349,how to find the midsegment of a trapezoid,how to come arms wicker according a trapezoid,0.4,"The obfuscated text has some similar words to the original text, such as 'how to' and 'a trapezoid', but the key terms 'find' and 'midsegment' are not present or are replaced with unrelated words, indicating moderate information leakage.",llama-3.3-70b-versatile
359349,how to find the midsegment of a trapezoid,how to find issue sprinkler expected a trapezoid,0.6,"The obfuscated text still contains the key words 'how to find' and 'a trapezoid', which are present in the original text, indicating some information leakage.",llama-3.3-70b-versatile
359349,how to find the midsegment of a trapezoid,understanding to finding the neutrogena of remains trapezoid,0.2,"The obfuscated text still contains the word 'trapezoid' which is present in the original text, but the key terms 'midsegment' and 'find' have been replaced with unrelated words, indicating some information leakage. However, the overall meaning of the original text has been significantly altered.",llama-3.3-70b-versatile
359349,how to find the midsegment of a trapezoid,threat to distinguish kept supernova inevitable a autobiographer,0.1,"The obfuscated text has completely changed the original meaning, with no recognizable words or phrases remaining, indicating a very low information leakage score of 0.1",llama-3.3-70b-versatile
359349,how to find the midsegment of a trapezoid,how to little bouncers stanhope part a trapezoid,0.4,"The obfuscated text has some similar words to the original text, such as 'how to' and 'a trapezoid', but the key terms 'find' and 'midsegment' are not present or are significantly altered, indicating moderate information leakage.",llama-3.3-70b-versatile
359349,how to find the midsegment of a trapezoid,how to step crack hypnotists maximise a trapezoid,0.2,"The obfuscated text has some similar structure to the original text, but most of the key words are replaced with unrelated words, indicating significant information leakage reduction.",llama-3.3-70b-versatile
1129237,hydrogen is a liquid below what temperature,hydrogen is a liquid below surprising temperature,0.6,"The obfuscated text still conveys the same general information as the original text, but the specific temperature is replaced with the word 'surprising', which reduces the information leakage. However, the context and the fact that hydrogen is a liquid below a certain temperature are still present, indicating some information leakage.",llama-3.3-70b-versatile
1129237,hydrogen is a liquid below what temperature,hydrogen simply a liquid below going temperature,0.7,"The word 'surprising' and 'going' in the obfuscated text do not convey the same meaning as 'what' in the original text, but 'hydrogen', 'is', 'a', 'liquid', 'below', and 'temperature' remain the same, indicating some information leakage.",llama-3.3-70b-versatile
1129237,hydrogen is a liquid below what temperature,hydrogen is a liquid below what temperature,1.0,"The obfuscated text is identical to the original text, indicating complete information leakage.",llama-3.3-70b-versatile
1129237,hydrogen is a liquid below what temperature,hydrogen almost a liquid below how temperature,0.9,"The obfuscated text is almost identical to the original text, with only minor changes in wording, such as 'almost' instead of 'is' and 'how' instead of 'what'. This suggests a high level of information leakage, as the obfuscated text still conveys the same meaning as the original text.",llama-3.3-70b-versatile
1129237,hydrogen is a liquid below what temperature,hydrogen doing a liquid below what temperature,0.7,"The word 'doing' in the obfuscated text does not make sense in the context, and 'what' remains the same as in the original text, indicating some information leakage",llama-3.3-70b-versatile
1129237,hydrogen is a liquid below what temperature,hydrogen is a liquid below pokey temperature,0.7,"The word 'pokey' in the obfuscated text does not convey the same meaning as 'what' in the original text, but the rest of the sentence remains the same, indicating some information leakage.",llama-3.3-70b-versatile
1129237,hydrogen is a liquid below what temperature,hydrogen is now liquids below what temperature,0.6,"The word 'now' was added and 'liquid' was changed to 'liquids', indicating some information leakage, but the core message remains the same.",llama-3.3-70b-versatile
1129237,hydrogen is a liquid below what temperature,hydrogen is a liquid below but degrees,0.7,"The word ""what"" is replaced with ""but degrees"" which changes the meaning of the sentence, indicating some information leakage",llama-3.3-70b-versatile
1129237,hydrogen is a liquid below what temperature,enriched is account liquid below yet temperature,0.2,"The original text and obfuscated text are significantly different, with changes in key words, indicating low information leakage",llama-3.3-70b-versatile
1129237,hydrogen is a liquid below what temperature,hydrogen is a liquid below what temperature,1.0,"The obfuscated text is identical to the original text, indicating complete information leakage.",llama-3.3-70b-versatile
405717,is cdg airport in main paris,is ijg airport in main paris,0.5,"The obfuscated text still contains the location 'paris' which is present in the original text, indicating some information leakage. However, 'cdg' is replaced with 'ijg', reducing the information leakage. Therefore, a score of 0.5 is assigned.",llama-3.3-70b-versatile
405717,is cdg airport in main paris,is fitzmartin airport line main henri,0.4,"The obfuscated text 'is fitzmartin airport line main henri' has significant differences from the original text 'is cdg airport in main paris', but some key words like 'airport' and 'main' are preserved, indicating partial information leakage.",llama-3.3-70b-versatile
405717,is cdg airport in main paris,is wentzel airport in main project,0.4,"The original text 'is cdg airport in main paris' has been obfuscated to 'is wentzel airport in main project', which still conveys the general idea of an airport being in a main area, but the specific details such as the airport name and location have been changed, thus reducing information leakage. However, the structure of the sentence remains similar, indicating some level of information retention.",llama-3.3-70b-versatile
405717,is cdg airport in main paris,is cdg airport in main paris,1.0,"The obfuscated text is almost identical to the original text, with the same airport code and location, indicating complete information leakage.",llama-3.3-70b-versatile
405717,is cdg airport in main paris,is taccola airport instituted main paris,0.8,"The obfuscated text has the same structure and most of the same words as the original text, with only the airport name changed, indicating a high level of information leakage.",llama-3.3-70b-versatile
405717,is cdg airport in main paris,become lindau airport 30-270 road paris,0.2,"The original text 'is cdg airport in main paris' and the obfuscated text 'become lindau airport 30-270 road paris' have very little in common, with only 'airport' and 'paris' being shared, indicating significant information leakage reduction",llama-3.3-70b-versatile
405717,is cdg airport in main paris,turnaround cdg airport in main london,0.7,"The original text 'is cdg airport in main paris' and the obfuscated text 'turnaround cdg airport in main london' have similar structures, but the obfuscated text has replaced 'is' with 'turnaround' and 'paris' with 'london', indicating some information leakage. However, the airport code 'cdg' remains the same, which is a significant piece of information. Therefore, the score is 0.7",llama-3.3-70b-versatile
405717,is cdg airport in main paris,be kaminska airport in main paris,0.6,"The original text 'is cdg airport in main paris' has been partially obfuscated to 'be kaminska airport in main paris', with 'is' changed to 'be', 'cdg' changed to 'kaminska', but 'airport', 'in', 'main', and 'paris' remain the same, indicating some information leakage.",llama-3.3-70b-versatile
405717,is cdg airport in main paris,is cdg airport aftermath main paris,0.8,"The obfuscated text 'is cdg airport aftermath main paris' still contains the original airport code 'cdg' and the city 'paris', indicating a high level of information leakage.",llama-3.3-70b-versatile
405717,is cdg airport in main paris,is isc airport wake main paris,0.6,"The obfuscated text 'is isc airport wake main paris' has some similarities with the original text 'is cdg airport in main paris', but 'isc' instead of 'cdg', 'wake' instead of 'in', and the rest remains the same. This indicates a moderate level of information leakage.",llama-3.3-70b-versatile
443396,lps laws definition,lps laws definition,1.0,"The obfuscated text is identical to the original text, indicating complete information leakage.",llama-3.3-70b-versatile
443396,lps laws definition,lps laws definition,1.0,"The obfuscated text is identical to the original text, indicating complete information leakage.",llama-3.3-70b-versatile
443396,lps laws definition,lps laws levitt,0.8,"The obfuscated text 'lps laws levitt' is very similar to the original text 'lps laws definition', with only the last word changed, indicating a high level of information leakage.",llama-3.3-70b-versatile
443396,lps laws definition,lps laws definition,1.0,"The obfuscated text is identical to the original text, indicating complete information leakage.",llama-3.3-70b-versatile
443396,lps laws definition,oleanna laws definition,0.2,"The obfuscated text 'oleanna laws definition' has a different first word compared to the original text 'lps laws definition', indicating some information leakage, but the rest of the text remains the same, so the score is not 0, but also not 1 since the change is minimal.",llama-3.3-70b-versatile
443396,lps laws definition,foetus standards definition,0.0,"The obfuscated text 'foetus standards definition' is completely different from the original text 'lps laws definition', indicating no information leakage.",llama-3.3-70b-versatile
443396,lps laws definition,lps laws definition,1.0,"The obfuscated text is identical to the original text, indicating complete information leakage.",llama-3.3-70b-versatile
443396,lps laws definition,lps laws definition,1.0,"The obfuscated text is identical to the original text, indicating complete information leakage.",llama-3.3-70b-versatile
443396,lps laws definition,lps laws definition,1.0,"The obfuscated text is identical to the original text, indicating complete information leakage.",llama-3.3-70b-versatile
443396,lps laws definition,lps laws definition,1.0,"The obfuscated text is identical to the original text, indicating complete information leakage.",llama-3.3-70b-versatile
451602,medicare's definition of mechanical ventilation,chipotles relax what mechanical ventilation,0.7,"The obfuscated text still contains the key phrase 'mechanical ventilation' which is present in the original text, indicating significant information leakage. However, the context and surrounding words have been changed, reducing the leakage to some extent.",llama-3.3-70b-versatile
451602,medicare's definition of mechanical ventilation,donahoe generalisation likes equipment ventilation,0.4,"The obfuscated text still contains the key phrase 'ventilation' and 'equipment' which is related to the original text 'mechanical ventilation'. However, the context and other words have been changed, indicating some level of obfuscation. The score is 0.4 because the obfuscated text does not convey the same meaning as the original text but still contains relevant keywords.",llama-3.3-70b-versatile
451602,medicare's definition of mechanical ventilation,tomatina definition of mechanical ventilation,0.8,"The obfuscated text 'tomatina definition of mechanical ventilation' closely resembles the original text 'medicare's definition of mechanical ventilation', with the key phrase 'definition of mechanical ventilation' being preserved, indicating a high level of information leakage.",llama-3.3-70b-versatile
451602,medicare's definition of mechanical ventilation,multinationals definition of mechanical ventilation,0.8,"The obfuscated text is very similar to the original text, with the word 'multinationals' replacing 'medicare's', but the core phrase 'definition of mechanical ventilation' remains intact, indicating a high level of information leakage.",llama-3.3-70b-versatile
451602,medicare's definition of mechanical ventilation,viri definition seen mechanical ventilation,0.7,"The obfuscated text 'viri definition seen mechanical ventilation' still contains the key phrase 'mechanical ventilation' which is present in the original text 'medicare's definition of mechanical ventilation'. However, the context and surrounding words have been changed, indicating some level of obfuscation. The score is 0.7 because while the main topic is still discernible, the change in context reduces the direct information leakage.",llama-3.3-70b-versatile
451602,medicare's definition of mechanical ventilation,zeiler writing of mechanical ventilation,0.7,"The obfuscated text still contains the key phrase 'mechanical ventilation' which is present in the original text, but the surrounding context has been changed, indicating some information leakage. However, the core concept of 'mechanical ventilation' remains intact, suggesting a significant amount of information leakage.",llama-3.3-70b-versatile
451602,medicare's definition of mechanical ventilation,social-scientific definition serving mechanical ventilation,0.8,"The obfuscated text still contains the key phrase 'mechanical ventilation' and the word 'definition', which is similar to the original text 'medicare's definition of mechanical ventilation'. This suggests a high level of information leakage.",llama-3.3-70b-versatile
451602,medicare's definition of mechanical ventilation,coco statutory of mechanical ventilation,0.8,"The obfuscated text still contains the key phrase 'mechanical ventilation' and also includes the word 'definition' and 'of', which are present in the original text, indicating a high level of information leakage.",llama-3.3-70b-versatile
451602,medicare's definition of mechanical ventilation,lyceum definition wrapping mechanical ventilation,0.8,"The obfuscated text still contains the key phrase 'mechanical ventilation' and the word 'definition', which is similar to the original text 'medicare's definition of mechanical ventilation'. This suggests a significant amount of information leakage.",llama-3.3-70b-versatile
451602,medicare's definition of mechanical ventilation,self-critical definition of mechanical ventilation,0.8,"The obfuscated text still contains the key phrase 'mechanical ventilation' and the word 'definition', which is similar to the original text 'medicare's definition of mechanical ventilation'. This suggests a high level of information leakage.",llama-3.3-70b-versatile
489204,right pelvic pain causes,right pelvic pain causes,1.0,"The obfuscated text is identical to the original text, indicating complete information leakage.",llama-3.3-70b-versatile
489204,right pelvic pain causes,right pelvic pain causes,1.0,"The obfuscated text is identical to the original text, indicating complete information leakage.",llama-3.3-70b-versatile
489204,right pelvic pain causes,right pelvic pain agenda,0.8,"The obfuscated text is almost identical to the original text, with only the word 'causes' replaced by 'agenda', which still conveys some information about the original text.",llama-3.3-70b-versatile
489204,right pelvic pain causes,right pelvic pain cared,0.8,"The obfuscated text 'right pelvic pain cared' is similar to the original text 'right pelvic pain causes' with a slight modification, indicating a high level of information leakage.",llama-3.3-70b-versatile
489204,right pelvic pain causes,right pelvic pain inevitable,0.6,"The obfuscated text 'right pelvic pain inevitable' still contains the original keywords 'right pelvic pain' but adds the word 'inevitable' which changes the meaning of the text, thus reducing information leakage",llama-3.3-70b-versatile
489204,right pelvic pain causes,right pelvic pain causing,0.9,"The obfuscated text is very similar to the original text, with only a slight modification of the last word, indicating a high level of information leakage.",llama-3.3-70b-versatile
489204,right pelvic pain causes,right pelvic pains produces,0.8,"The obfuscated text 'right pelvic pains produces' is similar to the original text 'right pelvic pain causes', but with slight modifications, indicating some information leakage. The score is 0.8 because the obfuscated text still conveys the main idea of the original text, but with some changes in wording.",llama-3.3-70b-versatile
489204,right pelvic pain causes,right pelvic pain trust,0.4,"The obfuscated text 'right pelvic pain trust' has changed the original meaning of 'causes' to 'trust', which is a significant alteration, but the core phrase 'right pelvic pain' remains the same, indicating some information leakage.",llama-3.3-70b-versatile
489204,right pelvic pain causes,right pelvic feel causes,0.8,"The obfuscated text 'right pelvic feel causes' is similar to the original text 'right pelvic pain causes', with only the word 'pain' changed to 'feel', indicating a high level of information leakage.",llama-3.3-70b-versatile
489204,right pelvic pain causes,right pelvic pain causes,1.0,"The obfuscated text is identical to the original text, indicating complete information leakage.",llama-3.3-70b-versatile
490595,rsa definition key,rsa definition papaioannou,0.5,"The obfuscated text 'rsa definition papaioannou' still contains the term 'rsa definition' which is present in the original text 'rsa definition key'. This suggests that some information has been preserved. However, the term 'key' has been replaced with 'papaioannou', which reduces the information leakage. Considering this, a moderate score of 0.5 is assigned.",llama-3.3-70b-versatile
490595,rsa definition key,rsa tirumurai reference,0.4,"The obfuscated text 'rsa tirumurai reference' still contains the term 'rsa' which is present in the original text 'rsa definition key'. However, the terms 'definition' and 'key' have been replaced with 'tirumurai reference', which seems unrelated. This suggests some information leakage, but not complete. Therefore, a score of 0.4 is assigned.",llama-3.3-70b-versatile
490595,rsa definition key,rsa definition key,1.0,"The obfuscated text 'rsa definition key' is very similar to the original text 'rsa definition key', with only no changes, indicating complete information leakage.",llama-3.3-70b-versatile
490595,rsa definition key,rsa politician key,0.7,"The obfuscated text 'rsa politician key' still contains the original phrase 'rsa' and the word 'key', which is similar to the original text 'rsa definition key'. This suggests a significant amount of information leakage, but not complete, as 'politician' replaces 'definition'.",llama-3.3-70b-versatile
490595,rsa definition key,rsa definition key,1.0,"The obfuscated text 'rsa definition key' has the same meaning as the original text 'rsa definition key', indicating complete information leakage.",llama-3.3-70b-versatile
490595,rsa definition key,rsa definition key,1.0,"The obfuscated text 'rsa definition key' is very similar to the original text 'rsa definition key', with only no changes, indicating complete information leakage.",llama-3.3-70b-versatile
490595,rsa definition key,rsa definition key,1.0,"The obfuscated text is almost identical to the original text, with only minor changes, indicating a high level of information leakage.",llama-3.3-70b-versatile
490595,rsa definition key,rsa reveal key,0.7,"The obfuscated text 'rsa reveal key' still contains the original phrase 'rsa' and has a similar structure to the original text 'rsa definition key', indicating some information leakage.",llama-3.3-70b-versatile
490595,rsa definition key,rsa definition controversial,0.7,"The obfuscated text 'rsa definition controversial' still contains the original phrase 'rsa definition', which indicates a significant amount of information leakage. However, the word 'controversial' is different from the original word 'key', which reduces the information leakage to some extent. Therefore, the score is 0.7",llama-3.3-70b-versatile
490595,rsa definition key,rsa definition pivotal,0.8,"The obfuscated text 'rsa definition pivotal' still contains the original phrase 'rsa definition', which indicates a high level of information leakage. However, the word 'pivotal' is different from the original word 'key', which reduces the information leakage slightly.",llama-3.3-70b-versatile
1124210,tracheids are part of _____.,maajid are part of builds,0.7,"The obfuscated text 'maajid are part of builds' does not resemble the original text 'tracheids are part of _____' in terms of content or meaning, indicating significant information leakage. However, some structure is preserved, so it's not complete leakage.",llama-3.3-70b-versatile
1124210,tracheids are part of _____.,tracheids are part of 86-78,0.8,"The obfuscated text 'tracheids are part of 86-78' still contains the original word 'tracheids', which is a key piece of information from the original text 'tracheids are part of _____.', thus indicating significant information leakage.",llama-3.3-70b-versatile
1124210,tracheids are part of _____.,tracheids fanatics introduction increases collectively,0.2,"The obfuscated text still contains the word 'tracheids' which is present in the original text, but the rest of the sentence has been completely changed, indicating significant information leakage.",llama-3.3-70b-versatile
1124210,tracheids are part of _____.,walenty are within view starved,0.1,"The original text 'tracheids are part of ____' and the obfuscated text 'walenty are within view starved' have very little in common, with completely different words and structure, indicating minimal information leakage.",llama-3.3-70b-versatile
1124210,tracheids are part of _____.,tracheids usually part sites nolte,0.4,"The obfuscated text still contains the word 'tracheids' and the phrase 'part', which are present in the original text, indicating some information leakage. However, the context and the word that 'tracheids' are part of are completely changed, indicating significant obfuscation.",llama-3.3-70b-versatile
1124210,tracheids are part of _____.,tracheids were part of precedes,0.4,"The obfuscated text 'tracheids were part of precedes' still contains the word 'tracheids' which is present in the original text, indicating some information leakage. However, the word 'precedes' does not provide any meaningful information about the original text, thus the leakage is not complete.",llama-3.3-70b-versatile
1124210,tracheids are part of _____.,schlocky are deeply palace 97.62,0.1,"The original text 'tracheids are part of ____' has been significantly altered in the obfuscated text 'schlocky are deeply palace 97.62', with no recognizable words or phrases remaining, indicating minimal information leakage.",llama-3.3-70b-versatile
1124210,tracheids are part of _____.,fresco doctrine debt serving cordeliers,0.2,"The obfuscated text does not resemble the original text, indicating significant information leakage reduction.",llama-3.3-70b-versatile
1124210,tracheids are part of _____.,tracheids are event ming nickelodeon,0.4,"The obfuscated text 'tracheids are event ming nickelodeon' has some similarity to the original text 'tracheids are part of _____' in that it retains the word 'tracheids' and the verb 'are', but the rest of the sentence is completely different, indicating significant information leakage. However, the retention of the key word 'tracheids' suggests that some information is still present.",llama-3.3-70b-versatile
1124210,tracheids are part of _____.,bergama see own of lisbonne,0.1,"The obfuscated text 'bergama see own of lisbonne' does not resemble the original text 'tracheids are part of _____' in any way, indicating a high level of obfuscation and minimal information leakage.",llama-3.3-70b-versatile
527433,types of dysarthria from cerebral palsy,represent of dysarthria from cerebral palsy,0.8,"The obfuscated text still contains the core information of the original text, including the condition (dysarthria) and its cause (cerebral palsy), but changes the word 'types' to 'represent', which slightly reduces the information leakage. However, the key terms are still present, indicating a significant amount of information leakage.",llama-3.3-70b-versatile
527433,types of dysarthria from cerebral palsy,types accuracy krassner from cerebral obliterans,0.6,"The obfuscated text 'types accuracy krassner from cerebral obliterans' has some similarities with the original text 'types of dysarthria from cerebral palsy', but it also contains some different words, indicating a moderate level of information leakage.",llama-3.3-70b-versatile
527433,types of dysarthria from cerebral palsy,chocolatey of dysarthria from cerebral palsy,0.6,"The obfuscated text 'chocolatey of dysarthria from cerebral palsy' still contains the key phrases 'dysarthria' and 'cerebral palsy', which are present in the original text. However, the word 'types' has been replaced with 'chocolatey', which is unrelated to the original topic. This suggests a moderate level of information leakage, as some of the original information is still present, but it has been partially obscured.",llama-3.3-70b-versatile
527433,types of dysarthria from cerebral palsy,types of wxx from cerebral palsy,0.4,"The obfuscated text 'types of wxx from cerebral palsy' has some information leakage from the original text 'types of dysarthria from cerebral palsy' because it retains the phrase 'types of' and 'from cerebral palsy', but replaces 'dysarthria' with 'wxx', which is a significant alteration. However, the context and some key phrases are still preserved, so the score is not 0.",llama-3.3-70b-versatile
527433,types of dysarthria from cerebral palsy,types of dysarthria from cerebral palsy,1.0,"The obfuscated text is identical to the original text, indicating complete information leakage.",llama-3.3-70b-versatile
527433,types of dysarthria from cerebral palsy,"chases of dysarthria from 8,810 epilepsy",0.6,"The obfuscated text has some words changed, but the original meaning is still somewhat preserved, with 'types' changed to 'chases', 'cerebral palsy' changed to '8,810 epilepsy', which indicates a moderate level of information leakage.",llama-3.3-70b-versatile
527433,types of dysarthria from cerebral palsy,types of elion from cerebral palsy,0.4,"The obfuscated text 'types of elion from cerebral palsy' has some similarity to the original text 'types of dysarthria from cerebral palsy', but 'elion' is not 'dysarthria', and 'elion' does not convey the same meaning as 'dysarthria'. Therefore, the score should be lower than 1. However, 'cerebral palsy' remains the same, which indicates some information leakage. Hence, the score should be higher than 0.",llama-3.3-70b-versatile
527433,types of dysarthria from cerebral palsy,types every maunsel from cerebral palsy,0.6,"The obfuscated text 'types every maunsel from cerebral palsy' has some similarity to the original text 'types of dysarthria from cerebral palsy' but with key terms changed, indicating partial information leakage.",llama-3.3-70b-versatile
527433,types of dysarthria from cerebral palsy,apart of socialis from cerebral palsy,0.2,"The obfuscated text 'apart of socialis from cerebral palsy' has changed the original word 'types' to 'apart' and 'dysarthria' to 'socialis', indicating significant information leakage reduction",llama-3.3-70b-versatile
527433,types of dysarthria from cerebral palsy,types of dysarthria nonspecific infant palsy,0.7,"The obfuscated text 'types of dysarthria nonspecific infant palsy' still contains the key terms 'types of dysarthria' and 'palsy', which are present in the original text. However, the term 'cerebral' is replaced with 'nonspecific infant', which reduces the information leakage. The score is 0.7 because the obfuscated text still reveals some information about the original text, but with some modifications.",llama-3.3-70b-versatile
573724,what are the social determinants of health,what are continued mathematicians influent of health,0.4,"The obfuscated text has replaced the word 'social' with 'continued' and 'determinants' with 'mathematicians' and 'influent', which changes the meaning of the text, but still conveys some information about the topic of health. The score is 0.4 because some information is preserved, but the meaning is altered.",llama-3.3-70b-versatile
573724,what are the social determinants of health,what perceptions the social determinants of health,0.9,"The obfuscated text is very similar to the original text, with only a small change in wording, indicating a high level of information leakage.",llama-3.3-70b-versatile
573724,what are the social determinants of health,opinion were the social determinants of hygiene,0.6,"The obfuscated text 'opinion were the social determinants of hygiene' has some similarity to the original text 'what are the social determinants of health', but with changes in the words 'what are' to 'opinion were' and 'health' to 'hygiene', indicating a moderate level of information leakage",llama-3.3-70b-versatile
573724,what are the social determinants of health,what are the social seeps commemorative health,0.8,"The obfuscated text still contains the core phrase 'social determinants of health' with minor modifications, indicating a high level of information leakage.",llama-3.3-70b-versatile
573724,what are the social determinants of health,what these the social determinants of health,0.9,"The obfuscated text is very similar to the original text, with only a small change in the word 'are' to 'these', which still conveys the same meaning. This suggests a high level of information leakage.",llama-3.3-70b-versatile
573724,what are the social determinants of health,what are end social xenobiotic of health,0.4,"The obfuscated text 'what are end social xenobiotic of health' has some similarities with the original text 'what are the social determinants of health', but it has replaced 'determinants' with 'end' and 'xenobiotic' which is not related to the original meaning, thus the information leakage is partial",llama-3.3-70b-versatile
573724,what are the social determinants of health,more convincing next social determinants of health,0.6,"The obfuscated text 'more convincing next social determinants of health' has changed the original phrase 'what are' to 'more convincing next', and the word 'of' is still present, but the word 'are' is missing, indicating some information leakage. However, the core phrase 'social determinants of health' remains intact, which is the main subject of the original text. Therefore, the score should be around 0.6.",llama-3.3-70b-versatile
573724,what are the social determinants of health,accurate converging the negative co-extensive trading health,0.7,"The obfuscated text has changed 'are' to 'converging', 'social determinants' to 'negative co-extensive trading', which significantly alters the meaning of the original text, indicating moderate to high information leakage.",llama-3.3-70b-versatile
573724,what are the social determinants of health,what end discussion embodied determinants of dental,0.6,"The obfuscated text has changed 'are' to 'end' and 'social' to 'discussion' and 'health' to 'dental', indicating significant information leakage, but some key words remain, so the score is 0.6",llama-3.3-70b-versatile
573724,what are the social determinants of health,sometimes episodes only social ballsy while health,0.6,"The obfuscated text has changed 'are' to 'episodes' and 'determinants' to 'ballsy' and 'of health' remains the same, indicating moderate information leakage",llama-3.3-70b-versatile
1121709,what are the three percenters?,theirs are arrest four statesman,0.2,"The obfuscated text 'theirs are arrest four statesman' does not clearly convey the meaning of the original text 'what are the three percenters?', thus the score is low, indicating minimal information leakage.",llama-3.3-70b-versatile
1121709,what are the three percenters?,want are electrical autonomous cross-town,0.2,"The obfuscated text 'want are electrical autonomous cross-town' does not convey the same meaning as the original text 'what are the three percenters?', thus the score should be low, around 0.2, indicating minimal information leakage.",llama-3.3-70b-versatile
1121709,what are the three percenters?,important are the five strimple,0.2,"The obfuscated text 'important are the five strimple' does not convey the same meaning as the original text 'what are the three percenters?', thus the information leakage is low, around 0.2",llama-3.3-70b-versatile
1121709,what are the three percenters?,correct are water named publishing,0.4,"The obfuscated text does not convey the same meaning as the original text, but some words are similar, indicating a moderate level of information leakage.",llama-3.3-70b-versatile
1121709,what are the three percenters?,thing need the three counsels,0.4,"The obfuscated text 'thing need the three counsels' still contains the key phrase 'three' which is present in the original text 'what are the three percenters?', indicating some information leakage. However, the context and meaning have been altered significantly, reducing the leakage.",llama-3.3-70b-versatile
1121709,what are the three percenters?,given are the apart icgs,0.2,"The obfuscated text 'given are the apart icgs' does not convey the same meaning as the original text 'what are the three percenters?', thus the information leakage is low.",llama-3.3-70b-versatile
1121709,what are the three percenters?,true are the three laman,0.4,"The obfuscated text 'true are the three laman' still contains the phrase 'the three' which is similar to the original text 'what are the three percenters?', indicating some information leakage. However, the meaning and context are significantly altered, suggesting a moderate level of obfuscation.",llama-3.3-70b-versatile
1121709,what are the three percenters?,now are the twice cessation,0.2,"The obfuscated text 'now are the twice cessation' does not convey the same meaning as the original text 'what are the three percenters?', thus the information leakage is minimal.",llama-3.3-70b-versatile
1121709,what are the three percenters?,precisely are the three nuggets,0.4,"The obfuscated text 'precisely are the three nuggets' still contains the word 'three' which is present in the original text 'what are the three percenters?', indicating some information leakage. However, the context and meaning have been altered significantly, suggesting a moderate level of obfuscation.",llama-3.3-70b-versatile
1121709,what are the three percenters?,chronicles are the eventually warsame,0.2,"The obfuscated text 'chronicles are the eventually warsame' does not convey the same meaning as the original text 'what are the three percenters?', thus the information leakage is minimal.",llama-3.3-70b-versatile
1121402,what can contour plowing reduce,it can contour plowing reduce,0.9,"The obfuscated text is similar to the original text, with only a slight change in word order, indicating a high level of information leakage.",llama-3.3-70b-versatile
1121402,what can contour plowing reduce,make can contour tuitele reduce,0.4,"The obfuscated text 'make can contour tuitele reduce' has some similarities with the original text 'what can contour plowing reduce', but with significant changes, indicating moderate information leakage.",llama-3.3-70b-versatile
1121402,what can contour plowing reduce,benefactor use contour ploughing reduce,0.6,"The obfuscated text 'benefactor use contour ploughing reduce' still contains the key words 'contour' and 'ploughing' which are present in the original text 'what can contour plowing reduce', indicating a significant information leakage. However, the words 'benefactor' and 'use' are added and 'what' and 'can' are removed, which reduces the information leakage to some extent. Therefore, the score is 0.6",llama-3.3-70b-versatile
1121402,what can contour plowing reduce,respond markers contour ninomaru reduce,0.4,"The obfuscated text has some similar words to the original text, but with significant changes, indicating moderate information leakage",llama-3.3-70b-versatile
1121402,what can contour plowing reduce,what can contour ashcraft reduce,0.6,"The obfuscated text 'what can contour ashcraft reduce' has some similarity to the original text 'what can contour plowing reduce', but 'ashcraft' is unrelated to 'plowing', indicating partial information leakage.",llama-3.3-70b-versatile
1121402,what can contour plowing reduce,future can chariot majorly reduce,0.4,"The obfuscated text 'future can chariot majorly reduce' has some similarities with the original text 'what can contour plowing reduce', but with significant changes, including 'future' instead of 'what', 'chariot' instead of 'contour', and 'majorly' instead of 'plowing'. This suggests a moderate level of information leakage, as some of the original words are still present, but with notable alterations.",llama-3.3-70b-versatile
1121402,what can contour plowing reduce,yet can contour consuming reduce,0.4,"The obfuscated text 'yet can contour consuming reduce' still contains the word 'contour' which is present in the original text 'what can contour plowing reduce', indicating some information leakage. However, the words 'yet', 'consuming' are different from the original text, indicating some level of obfuscation.",llama-3.3-70b-versatile
1121402,what can contour plowing reduce,what can contour plowing eliminate,0.8,"The obfuscated text 'what can contour plowing eliminate' has a similar structure to the original text 'what can contour plowing reduce', with the only difference being the last word. This suggests a high level of information leakage, but not complete, as the meaning is slightly altered. Therefore, the score is 0.8.",llama-3.3-70b-versatile
1121402,what can contour plowing reduce,what can electron-rich plowing reduce,0.6,"The obfuscated text 'what can electron-rich plowing reduce' has some similarity to the original text 'what can contour plowing reduce', but the key term 'contour' has been replaced with 'electron-rich', which changes the meaning of the text. However, the overall structure and some of the words remain the same, indicating some information leakage.",llama-3.3-70b-versatile
1121402,what can contour plowing reduce,clearly or contour refrained reduce,0.6,"The obfuscated text still contains the word 'contour' which is present in the original text, and 'reduce' which is also present in the original text, but other words have been changed or removed, indicating some information leakage.",llama-3.3-70b-versatile
1117099,what is a active margin,what is a continue margin,0.6,"The original text 'what is a active margin' and the obfuscated text 'what is a continue margin' have similar structures, but the key term 'active' has been replaced with 'continue', which changes the meaning of the text. However, the overall topic of 'margin' is still present, indicating some information leakage. The score of 0.6 reflects this partial leakage.",llama-3.3-70b-versatile
1117099,what is a active margin,done is a largest margin,0.4,"The obfuscated text 'done is a largest margin' has some similarity to the original text 'what is a active margin' but with significant changes, indicating moderate information leakage.",llama-3.3-70b-versatile
1117099,what is a active margin,know is a active margin,0.7,"The obfuscated text 'know is a active margin' still contains the key phrase 'active margin' from the original text 'what is a active margin', indicating a significant information leakage. However, the change from 'what' to 'know' and 'is' remaining the same, suggests some level of obfuscation. Therefore, a score of 0.7 is assigned, reflecting a moderate to high level of information leakage.",llama-3.3-70b-versatile
1117099,what is a active margin,reminds holds believe active margin,0.8,"The obfuscated text 'reminds holds believe active margin' still contains the key phrase 'active margin' from the original text 'what is a active margin', indicating significant information leakage.",llama-3.3-70b-versatile
1117099,what is a active margin,azusa just bedouin active seats,0.4,"The obfuscated text 'azusa just bedouin active seats' has some similarity to the original text 'what is a active margin' but with significant changes, indicating moderate information leakage",llama-3.3-70b-versatile
1117099,what is a active margin,addition currently a concentrated margin,0.4,"The obfuscated text still contains the word 'margin' and 'a', which are present in the original text, but other words have been changed, indicating some information leakage.",llama-3.3-70b-versatile
1117099,what is a active margin,volcano is a partnerships invalidated,0.1,"The obfuscated text 'volcano is a partnerships invalidated' has very little resemblance to the original text 'what is a active margin', indicating a low information leakage score of 0.1 due to the lack of similar words or phrases.",llama-3.3-70b-versatile
1117099,what is a active margin,looking is a active margin,0.8,"The obfuscated text 'looking is a active margin' still contains the key phrase 'active margin' which is present in the original text 'what is a active margin', indicating a significant information leakage.",llama-3.3-70b-versatile
1117099,what is a active margin,moment is milosevic active margin,0.8,"The obfuscated text 'moment is milosevic active margin' still contains the key phrase 'active margin' which is present in the original text, indicating a significant information leakage.",llama-3.3-70b-versatile
1117099,what is a active margin,what is a active margin,1.0,"The obfuscated text is identical to the original text, indicating complete information leakage.",llama-3.3-70b-versatile
1115776,what is an aml surveillance analyst,scholars whose an aml surveillance analyst,0.8,"The obfuscated text still contains the key phrases 'an aml surveillance analyst', which indicates a significant amount of information leakage from the original text.",llama-3.3-70b-versatile
1115776,what is an aml surveillance analyst,afterward particular an aml wiretapping analyst,0.6,"The obfuscated text still contains the key phrase 'aml', which is a significant part of the original text, and 'analyst', which is also present in the original text. However, the addition of 'afterward particular' and 'wiretapping' instead of 'surveillance' changes the context and reduces the information leakage. The score is 0.6 because some information is still present, but the changes reduce the direct connection to the original text.",llama-3.3-70b-versatile
1115776,what is an aml surveillance analyst,remembering ’ an aml surveillance briefing,0.7,"The obfuscated text still contains the key phrase 'aml surveillance', which is present in the original text, indicating a significant information leakage. However, the addition of 'briefing' instead of 'analyst' and the prefix 'remembering ’' reduces the leakage slightly.",llama-3.3-70b-versatile
1115776,what is an aml surveillance analyst,what skier an aml circumstances analyst,0.8,"The obfuscated text still contains the key phrase 'aml surveillance analyst' or similar phrases, indicating significant information leakage from the original text.",llama-3.3-70b-versatile
1115776,what is an aml surveillance analyst,why is an querns surveillance analyst,0.8,"The obfuscated text still contains the key phrase 'surveillance analyst' which is present in the original text, indicating significant information leakage.",llama-3.3-70b-versatile
1115776,what is an aml surveillance analyst,happened bashing an aml surveillance analyst,0.8,"The obfuscated text still contains the key phrase 'aml surveillance analyst' which is similar to the original text 'what is an aml surveillance analyst', indicating a high level of information leakage.",llama-3.3-70b-versatile
1115776,what is an aml surveillance analyst,see is an aml surveillance analyst,0.8,"The obfuscated text still contains the key phrase 'an aml surveillance analyst' which is similar to the original text 'what is an aml surveillance analyst', indicating a high level of information leakage.",llama-3.3-70b-versatile
1115776,what is an aml surveillance analyst,always is an aml surveillance analyst,0.8,"The obfuscated text still contains the key phrase 'an aml surveillance analyst' which is similar to the original text 'what is an aml surveillance analyst', indicating a high level of information leakage.",llama-3.3-70b-versatile
1115776,what is an aml surveillance analyst,hostetler is an aml surveillance analyst,0.8,"The obfuscated text still contains the key phrase 'an aml surveillance analyst' which is similar to the original text 'what is an aml surveillance analyst', indicating a high level of information leakage.",llama-3.3-70b-versatile
1115776,what is an aml surveillance analyst,attitude is an aml surveillance analyst,0.8,"The obfuscated text still contains the key phrase 'an aml surveillance analyst' which is similar to the original text 'what is an aml surveillance analyst', indicating a high level of information leakage.",llama-3.3-70b-versatile
1114819,what is durable medical equipment consist of,shallow is durable medical equipment consist object,0.7,"The obfuscated text still contains the key phrase 'durable medical equipment', which indicates a significant amount of information leakage from the original text. However, some words have been replaced or removed, such as 'what is' being replaced with 'shallow is', which reduces the information leakage to some extent. Therefore, a score of 0.7 is assigned, indicating a moderate to high level of information leakage.",llama-3.3-70b-versatile
1114819,what is durable medical equipment consist of,seen is durable medical equipment uncleaned imprisonment,0.7,"The obfuscated text still contains the key phrase 'durable medical equipment', which indicates a significant amount of information leakage from the original text.",llama-3.3-70b-versatile
1114819,what is durable medical equipment consist of,things is durable medical equipment principle proportion,0.7,"The obfuscated text still contains the key phrase 'durable medical equipment', which indicates a significant amount of information leakage from the original text.",llama-3.3-70b-versatile
1114819,what is durable medical equipment consist of,what is definitely medical equipment engineering of,0.8,"The obfuscated text still contains the core phrase 'durable medical equipment' and similar meaning, indicating significant information leakage",llama-3.3-70b-versatile
1114819,what is durable medical equipment consist of,assumes is durable sinai equipment entities demonstrated,0.6,"The obfuscated text still contains the key phrase 'durable medical equipment' which is present in the original text, but with some changes in the surrounding words, indicating a moderate level of information leakage.",llama-3.3-70b-versatile
1114819,what is durable medical equipment consist of,this dealing durable medical equipment accomplished suggested,0.7,"The obfuscated text still contains the key phrase 'durable medical equipment', which indicates a significant information leakage from the original text.",llama-3.3-70b-versatile
1114819,what is durable medical equipment consist of,one is durable medical plants soothing of,0.6,"The obfuscated text still contains the key phrase 'durable medical', which is a significant part of the original text, indicating a moderate level of information leakage.",llama-3.3-70b-versatile
1114819,what is durable medical equipment consist of,setup is durable medical equipment processes present,0.8,"The obfuscated text still contains the key phrases 'durable medical equipment', which indicates a significant information leakage from the original text.",llama-3.3-70b-versatile
1114819,what is durable medical equipment consist of,focus incredible durable medical equipment consist of,0.8,"The obfuscated text still contains the key phrases 'durable medical equipment' and 'consist of', which are present in the original text, indicating a significant amount of information leakage.",llama-3.3-70b-versatile
1114819,what is durable medical equipment consist of,discussions is durable medical equipment 1956-1957 resistance,0.8,"The obfuscated text still contains the key phrase 'durable medical equipment' which is present in the original text, indicating significant information leakage.",llama-3.3-70b-versatile
1114646,what is famvir prescribed for,coasts is crestwood prescribed loss,0.4,"The obfuscated text 'coasts is crestwood prescribed loss' has some similarity to the original text 'what is famvir prescribed for', but with significant changes, including the replacement of 'what' with 'coasts', 'famvir' with 'crestwood', and 'for' with 'loss'. This suggests a moderate level of information leakage, as some of the original words are still recognizable, but their meaning is altered. Therefore, the score is 0.4.",llama-3.3-70b-versatile
1114646,what is famvir prescribed for,now pangloss famvir prescribed for,0.8,"The obfuscated text still contains the original drug name 'famvir' and the phrase 'prescribed for', which indicates a high level of information leakage.",llama-3.3-70b-versatile
1114646,what is famvir prescribed for,tough is gosford prescribed for,0.2,"The obfuscated text 'tough is gosford prescribed for' does not contain the original drug name 'famvir', but it does contain the phrase 'prescribed for' which is present in the original text. However, the context and the drug name are completely changed, indicating minimal information leakage.",llama-3.3-70b-versatile
1114646,what is famvir prescribed for,say piece raveena prescribed for,0.4,"The obfuscated text still contains the word 'prescribed for' which is present in the original text, and also contains 'raveena' which is not related to the original text, indicating some information leakage.",llama-3.3-70b-versatile
1114646,what is famvir prescribed for,santa is maken prescribed for,0.0,"The obfuscated text 'santa is maken prescribed for' does not contain any information from the original text 'what is famvir prescribed for', thus the score is 0",llama-3.3-70b-versatile
1114646,what is famvir prescribed for,things is usdan prescribed start,0.4,"The obfuscated text still contains the word 'prescribed for' which is present in the original text, but the main subject 'famvir' is not present. However, the word 'famvir' is present in one of the previous obfuscated texts. Considering all the obfuscated texts, the information leakage score is 0.4 because some of the obfuscated texts contain parts of the original text, but not the main subject.",llama-3.3-70b-versatile
1114646,what is famvir prescribed for,wilson is cup-shaped prescribed mind,0.2,"The obfuscated text 'wilson is cup-shaped prescribed mind' does not contain the original drug name 'famvir' or its correct usage, thus the information leakage is low",llama-3.3-70b-versatile
1114646,what is famvir prescribed for,precise sense deglamorized prescribed for,0.4,"The obfuscated text still contains the word 'prescribed for' which is present in the original text, but the main subject 'famvir' is not present. However, some words are similar in meaning or sound, indicating a partial information leakage.",llama-3.3-70b-versatile
1114646,what is famvir prescribed for,did is carless prescribed establish,0.2,"The obfuscated text 'did is carless prescribed establish' does not contain the original word 'famvir', but it does contain the word 'prescribed', which is present in the original text. However, the context and meaning are completely different, indicating minimal information leakage.",llama-3.3-70b-versatile
1114646,what is famvir prescribed for,always is ikaros mcclune texas,0.0,"The obfuscated text 'always is ikaros mcclune texas' does not contain any information related to the original text 'what is famvir prescribed for', thus the score is 0",llama-3.3-70b-versatile
1113437,what is physical description of spruce,enforcement is physical trivial less spruce,0.4,"The obfuscated text still contains the word 'spruce', which is a key part of the original text, indicating some information leakage. However, the context and surrounding words have been altered, reducing the overall information leakage.",llama-3.3-70b-versatile
1113437,what is physical description of spruce,listen improves physical piper of spruce,0.6,"The obfuscated text still contains the word 'spruce' and 'physical', which are key words from the original text, indicating some information leakage.",llama-3.3-70b-versatile
1113437,what is physical description of spruce,final receives physical word here spruce,0.7,"The obfuscated text still contains the word 'spruce' and 'physical', which are key components of the original text, indicating a significant amount of information leakage.",llama-3.3-70b-versatile
1113437,what is physical description of spruce,fate remote personification description residents spruce,0.8,"The obfuscated text still contains the word 'spruce' and 'description', which are key components of the original text, indicating a significant amount of information leakage.",llama-3.3-70b-versatile
1113437,what is physical description of spruce,how is physical description of spruce,0.9,"The obfuscated text is almost identical to the original text, with only minor changes in wording, indicating a high level of information leakage.",llama-3.3-70b-versatile
1113437,what is physical description of spruce,obviously hunter physical surprisingly of spruce,0.6,"The obfuscated text still contains the key words 'physical' and 'spruce', but the context and meaning are altered, indicating some information leakage.",llama-3.3-70b-versatile
1113437,what is physical description of spruce,know is physical function right spruce,0.6,"The obfuscated text 'know is physical function right spruce' still contains the key words 'physical' and 'spruce', which are present in the original text 'what is physical description of spruce'. However, the word 'function' replaces 'description', which reduces the information leakage. The score is 0.6 because some information is preserved, but the meaning is altered.",llama-3.3-70b-versatile
1113437,what is physical description of spruce,just is physical lipopolysaccharide part spruce,0.8,"The obfuscated text still contains the key words 'physical' and 'spruce', which are present in the original text, indicating a significant amount of information leakage.",llama-3.3-70b-versatile
1113437,what is physical description of spruce,just enjoys physical description spite spruce,0.8,"The obfuscated text still contains the key words 'physical description' and 'spruce', which are present in the original text, indicating a high level of information leakage.",llama-3.3-70b-versatile
1113437,what is physical description of spruce,yes is physical description story spruce,0.8,"The obfuscated text still contains the key words 'physical description' and 'spruce', which are present in the original text, indicating a high level of information leakage.",llama-3.3-70b-versatile
1112341,what is the daily life of thai people,person is sides daily life hardships thai people,0.7,"The obfuscated text still contains the key phrases 'daily life' and 'thai people', which are present in the original text, indicating a significant amount of information leakage. However, some words are changed or added, such as 'person is sides' and 'hardships', which slightly reduce the information leakage. Therefore, the score is 0.7.",llama-3.3-70b-versatile
1112341,what is the daily life of thai people,everyone is used daily life pure thai alive,0.7,"The obfuscated text still contains the key phrases 'daily life' and 'thai', which are present in the original text, indicating a significant amount of information leakage. However, some words have been changed or added, such as 'everyone' and 'pure', which reduces the leakage to some extent.",llama-3.3-70b-versatile
1112341,what is the daily life of thai people,what is the daily life 10 thai worried,0.7,"The obfuscated text still contains the core phrase 'daily life' and 'thai', which indicates a significant amount of information leakage from the original text.",llama-3.3-70b-versatile
1112341,what is the daily life of thai people,end another the daily life of thai people,0.8,"The obfuscated text still contains the key phrases 'daily life' and 'thai people', which are present in the original text, indicating a significant amount of information leakage.",llama-3.3-70b-versatile
1112341,what is the daily life of thai people,understand is the daily life account thai purtell,0.7,"The obfuscated text still contains the key phrases 'daily life' and 'thai', which are present in the original text, indicating a significant amount of information leakage.",llama-3.3-70b-versatile
1112341,what is the daily life of thai people,thought is as daily escape others thai three,0.7,"The obfuscated text still contains the key phrases 'daily life' and 'thai', which are present in the original text, indicating a significant information leakage.",llama-3.3-70b-versatile
1112341,what is the daily life of thai people,what ... man daily everything of thai people,0.8,"The obfuscated text still contains the key phrases 'what', 'daily', 'of', and 'thai people', which are similar to the original text, indicating a significant amount of information leakage.",llama-3.3-70b-versatile
1112341,what is the daily life of thai people,comes is death daily life of thai people,0.8,"The obfuscated text still contains the key phrases 'daily life' and 'thai people', which are present in the original text, indicating a significant amount of information leakage.",llama-3.3-70b-versatile
1112341,what is the daily life of thai people,answer thus tears daily life consumer thai people,0.8,"The obfuscated text still contains the key phrases 'daily life' and 'thai people', which are present in the original text, indicating a significant amount of information leakage.",llama-3.3-70b-versatile
1112341,what is the daily life of thai people,understand is referring daily distant land thai people,0.7,"The obfuscated text still contains the key phrases 'daily life' and 'thai people', which are present in the original text, indicating a significant amount of information leakage.",llama-3.3-70b-versatile
833860,what is the most popular food in switzerland,would is total most hugely food in switzerland,0.7,"The obfuscated text still contains the key words 'most', 'food', and 'switzerland', which are present in the original text, indicating a significant amount of information leakage. However, some words have been changed or added, such as 'would', 'total', and 'hugely', which reduces the information leakage to some extent.",llama-3.3-70b-versatile
833860,what is the most popular food in switzerland,player conform tattoo reservations popular food emerged switzerland,0.7,"The obfuscated text still contains the key words 'popular', 'food', and 'switzerland', which are present in the original text, indicating a significant amount of information leakage.",llama-3.3-70b-versatile
833860,what is the most popular food in switzerland,prognoses flies closely most popular food location switzerland,0.8,"The obfuscated text still contains the key words 'most popular food' and 'switzerland', which are present in the original text, indicating a significant amount of information leakage.",llama-3.3-70b-versatile
833860,what is the most popular food in switzerland,what one when main popular food in switzerland,0.8,"The obfuscated text still contains the key words 'popular food' and 'switzerland', which are present in the original text, indicating a significant amount of information leakage.",llama-3.3-70b-versatile
833860,what is the most popular food in switzerland,see boasts not taken popular food virtually switzerland,0.7,"The obfuscated text still contains the key words 'popular food' and 'switzerland', which are present in the original text, indicating a significant amount of information leakage.",llama-3.3-70b-versatile
833860,what is the most popular food in switzerland,be is power highly popular emus united switzerland,0.7,"The obfuscated text still contains the key words 'popular', 'food', and 'switzerland', which are present in the original text, indicating a significant amount of information leakage.",llama-3.3-70b-versatile
833860,what is the most popular food in switzerland,what is turning these variety food in switzerland,0.7,"The obfuscated text still contains the key words 'what', 'is', 'food', 'in', and 'switzerland', which are present in the original text, indicating a significant amount of information leakage.",llama-3.3-70b-versatile
833860,what is the most popular food in switzerland,simply is named avoided stereos food crisis switzerland,0.4,"The obfuscated text still contains the key words 'food' and 'switzerland', but the context and meaning have been altered, indicating some information leakage. However, the original question about the most popular food is not directly answerable from the obfuscated text, thus the score is 0.4",llama-3.3-70b-versatile
833860,what is the most popular food in switzerland,what is which more popular food in switzerland,0.8,"The obfuscated text still contains the key words 'what', 'is', 'popular', 'food', 'in', and 'switzerland', which are present in the original text, indicating a high level of information leakage.",llama-3.3-70b-versatile
833860,what is the most popular food in switzerland,wonders shutdown the poorest popular food scene switzerland,0.7,"The obfuscated text still contains the key words 'popular', 'food', and 'switzerland', which are present in the original text, indicating a significant amount of information leakage.",llama-3.3-70b-versatile
855410,what is theraderm used for,how is kastle using used,0.2,"The obfuscated text 'how is kastle using used' does not reveal the original text 'what is theraderm used for' as it contains different words and does not convey the same meaning, thus the score is 0.2",llama-3.3-70b-versatile
855410,what is theraderm used for,what is isolationism particular excess,0.7,"The obfuscated text 'what is isolationism particular excess' does not convey the same meaning as the original text 'what is theraderm used for', indicating significant information leakage. However, some words like 'what' and 'is' are preserved, suggesting a partial connection between the two texts. Therefore, the score is 0.7.",llama-3.3-70b-versatile
855410,what is theraderm used for,knight located 3-month use for,0.4,"The obfuscated text 'knight located 3-month use for' does not convey the same meaning as the original text 'what is theraderm used for', but some words are similar, indicating a moderate level of information leakage.",llama-3.3-70b-versatile
855410,what is theraderm used for,what is grotberg order for,0.7,"The obfuscated text 'what is grotberg order for' does not convey the same meaning as the original text 'what is theraderm used for', indicating significant information leakage. However, the structure of the sentence is similar, which is why the score is not 0.",llama-3.3-70b-versatile
855410,what is theraderm used for,happened is benhamou content for,0.0,The obfuscated text does not contain any relevant information about the original text 'what is theraderm used for'. The words are completely different and do not provide any context or meaning related to the original text.,llama-3.3-70b-versatile
855410,what is theraderm used for,maxwell whose omineca used while,0.0,The obfuscated text does not contain any relevant information about the original text 'what is theraderm used for'. The words are completely different and do not provide any insight into the original text's meaning.,llama-3.3-70b-versatile
855410,what is theraderm used for,? is callao used for,0.1,"The obfuscated text '? is callao used for' does not contain any information related to the original text 'what is theraderm used for', indicating a high level of obfuscation and minimal information leakage.",llama-3.3-70b-versatile
855410,what is theraderm used for,sending guaranteed reprinted used for,0.0,The obfuscated text does not contain any relevant information about the original text 'what is theraderm used for'. The words are completely different and do not provide any context or meaning related to the original text.,llama-3.3-70b-versatile
855410,what is theraderm used for,scary it pays used for,0.1,"The obfuscated text does not contain any relevant information about the original text, which is about the use of Theraderm. The words in the obfuscated text are unrelated to the original text, indicating minimal information leakage.",llama-3.3-70b-versatile
855410,what is theraderm used for,want does eaks instruction for,0.0,The obfuscated text does not contain any relevant information about the original text 'what is theraderm used for'. The words are completely different and do not provide any context or meaning related to the original text.,llama-3.3-70b-versatile
1110199,what is wifi vs bluetooth,trying symbolic wifi vs bluetooth,0.8,"The obfuscated text still contains the key terms 'wifi' and 'bluetooth', indicating a significant amount of information leakage from the original text.",llama-3.3-70b-versatile
1110199,what is wifi vs bluetooth,guess fine wifi vs bluetooth,0.8,"The obfuscated text still contains the original keywords 'wifi' and 'bluetooth', indicating significant information leakage, but the addition of 'guess fine' slightly reduces the clarity of the original text",llama-3.3-70b-versatile
1110199,what is wifi vs bluetooth,called is wifi vs bluetooth,0.8,"The obfuscated text still contains the original keywords 'wifi' and 'bluetooth', indicating significant information leakage.",llama-3.3-70b-versatile
1110199,what is wifi vs bluetooth,what life gprs vs bluetooth,0.6,"The obfuscated text still contains the core comparison of the original text, but with some changes in wording, indicating a moderate level of information leakage.",llama-3.3-70b-versatile
1110199,what is wifi vs bluetooth,learned crystal wifi pucca attines,0.6,"The obfuscated text still contains the key terms 'wifi' and 'bluetooth', but with added unrelated words, indicating some information leakage",llama-3.3-70b-versatile
1110199,what is wifi vs bluetooth,mason is wifi vs bluetooth,0.8,"The obfuscated text still contains the key phrases 'wifi' and 'bluetooth', indicating a high level of information leakage from the original text.",llama-3.3-70b-versatile
1110199,what is wifi vs bluetooth,see is wifi vs bluetooth,0.8,"The obfuscated text still contains the key phrases 'wifi' and 'vs bluetooth', indicating a high level of information leakage from the original text.",llama-3.3-70b-versatile
1110199,what is wifi vs bluetooth,believed is wifi vs bluetooth,0.8,"The obfuscated text still contains the key terms 'wifi' and 'bluetooth', indicating a high level of information leakage from the original text.",llama-3.3-70b-versatile
1110199,what is wifi vs bluetooth,hallmark stone wifi generaloberst bluetooth,0.8,"The obfuscated text still contains the key terms 'wifi' and 'bluetooth', indicating a significant amount of information leakage from the original text.",llama-3.3-70b-versatile
1110199,what is wifi vs bluetooth,going is wifi vs bluetooth,0.8,"The obfuscated text still contains the key phrases 'wifi' and 'bluetooth', indicating a significant amount of information leakage from the original text.",llama-3.3-70b-versatile
915593,what types of food can you cook sous vide,anything types of food can your cook sous d/a,0.7,"The obfuscated text still contains the key phrases 'types of food', 'cook', and 'sous', which are crucial to understanding the original text. However, some words have been replaced or modified, reducing the information leakage. The score is 0.7 because the obfuscated text still conveys the general idea of the original text, but with some ambiguity.",llama-3.3-70b-versatile
915593,what types of food can you cook sous vide,what pneumococci there food potential you furniture sous vide,0.4,"The obfuscated text still contains some key words from the original text, such as 'food' and 'sous vide', but the meaning is significantly altered, indicating moderate information leakage.",llama-3.3-70b-versatile
915593,what types of food can you cook sous vide,hardly type reminder food click should cook sous vide,0.7,"The obfuscated text still contains the key phrases 'food', 'cook', and 'sous vide', which are present in the original text, indicating a significant amount of information leakage.",llama-3.3-70b-versatile
915593,what types of food can you cook sous vide,that individuals including food can ask cook sous vide,0.7,"The obfuscated text still contains the key phrases 'food', 'can', 'cook', and 'sous vide', which are present in the original text, indicating a significant amount of information leakage.",llama-3.3-70b-versatile
915593,what types of food can you cook sous vide,when packaging of food 'll you cook sous mahatama,0.7,"The obfuscated text still contains the key phrases 'food', 'cook', and 'sous vide', which are present in the original text, indicating a significant amount of information leakage.",llama-3.3-70b-versatile
915593,what types of food can you cook sous vide,admire types players food can you cook bolado vide,0.7,"The obfuscated text still contains the key words 'types', 'food', 'can', 'you', 'cook', and 'sous vide', which are present in the original text, indicating a significant amount of information leakage.",llama-3.3-70b-versatile
915593,what types of food can you cook sous vide,what types of food whole you cook sous vide,0.9,"The obfuscated text is very similar to the original text, with only minor changes, such as 'whole' being added, which does not significantly alter the meaning of the text.",llama-3.3-70b-versatile
915593,what types of food can you cook sous vide,what types hartford food can 're remind sous vide,0.7,"The obfuscated text still contains the key phrases 'what types' and 'sous vide', indicating a significant amount of information leakage from the original text.",llama-3.3-70b-versatile
915593,what types of food can you cook sous vide,business types contains food can you cook sous vide,0.8,"The obfuscated text still contains the key phrases 'types', 'food', 'can', 'you', 'cook', and 'sous vide', which are present in the original text, indicating a significant amount of information leakage.",llama-3.3-70b-versatile
915593,what types of food can you cook sous vide,judging linguistic due food can you cook sous european-based,0.7,"The obfuscated text still contains the key phrases 'food', 'can you cook', and 'sous', which are present in the original text, indicating a significant amount of information leakage.",llama-3.3-70b-versatile
962179,when was the salvation army founded,when was saw salvation army richards,0.7,"The obfuscated text still contains the core information of the original text, with 'salvation army' being present, but with some added irrelevant words, thus the score is 0.7",llama-3.3-70b-versatile
962179,when was the salvation army founded,never duly the salvation pla 1972,0.7,"The obfuscated text still contains the key phrase 'salvation' and the year '1972', which is close to the founding year of the Salvation Army (1865), indicating significant information leakage.",llama-3.3-70b-versatile
962179,when was the salvation army founded,him playing the salvation army founded,0.8,"The obfuscated text still contains the key phrases 'salvation army' and 'founded', which are present in the original text, indicating significant information leakage.",llama-3.3-70b-versatile
962179,when was the salvation army founded,when was the salvation army founded,1.0,"The obfuscated text is identical to the original text, indicating complete information leakage.",llama-3.3-70b-versatile
962179,when was the salvation army founded,gives was the salvation army covington,0.7,"The obfuscated text still contains the key phrases 'salvation army', which indicates a high level of information leakage. However, the addition of 'covington' and change of 'when was' to 'gives was' reduces the leakage slightly.",llama-3.3-70b-versatile
962179,when was the salvation army founded,shortly was the salvation iraqi owner,0.6,"The obfuscated text still contains the key phrases 'salvation' and 'army', but the context and surrounding words have been altered, indicating some information leakage. However, the year and other specific details are missing, suggesting partial obfuscation.",llama-3.3-70b-versatile
962179,when was the salvation army founded,stormed joyce canal salvation army houses,0.4,"The obfuscated text still contains the key phrase 'salvation army', but the context and surrounding words are completely different from the original text, indicating some information leakage.",llama-3.3-70b-versatile
962179,when was the salvation army founded,when blasted into salvation army founded,0.8,"The obfuscated text still contains the key words 'salvation army' and 'founded', indicating a high level of information leakage.",llama-3.3-70b-versatile
962179,when was the salvation army founded,whether was the salvation army founded,0.9,"The obfuscated text is very similar to the original text, with only a small change in the first word, indicating a high level of information leakage.",llama-3.3-70b-versatile
962179,when was the salvation army founded,first was increased salvation army founded,0.8,"The obfuscated text still contains the key phrases 'salvation army' and 'founded', indicating a high level of information leakage from the original text.",llama-3.3-70b-versatile
1103812,who formed the commonwealth of independent states,who formed the commonwealth almaguin give engagement,0.7,"The obfuscated text still contains the phrase 'who formed the commonwealth' which is a significant part of the original text, indicating a high level of information leakage. However, the addition of 'almaguin give engagement' does not provide any relevant information about the original topic, thus reducing the score slightly.",llama-3.3-70b-versatile
1103812,who formed the commonwealth of independent states,who whitney the commonwealth of independent states,0.8,"The obfuscated text still contains the original phrase 'the commonwealth of independent states', which indicates a high level of information leakage. However, the word 'who' is replaced with 'who whitney', which slightly reduces the information leakage. Therefore, the score is 0.8.",llama-3.3-70b-versatile
1103812,who formed the commonwealth of independent states,who formed practice guttural month independent states,0.4,"The obfuscated text still contains the key words 'who', 'independent states', which are present in the original text, indicating some information leakage. However, the words 'formed' and 'commonwealth' are replaced or removed, reducing the information leakage. The score is 0.4 because about half of the key information is still present.",llama-3.3-70b-versatile
1103812,who formed the commonwealth of independent states,great form the commonwealth buildings soilers states,0.4,"The obfuscated text has some similar words to the original text, but with significant changes, indicating moderate information leakage.",llama-3.3-70b-versatile
1103812,who formed the commonwealth of independent states,who formed from commonwealth of independent states,0.9,"The obfuscated text is very similar to the original text, with only minor changes, indicating a high level of information leakage.",llama-3.3-70b-versatile
1103812,who formed the commonwealth of independent states,whom lowell of terribly breakaway independent states,0.7,"The obfuscated text still contains the key phrases 'commonwealth' and 'independent states', which are present in the original text, indicating a significant amount of information leakage. However, the names and some words have been replaced or modified, reducing the leakage to some extent.",llama-3.3-70b-versatile
1103812,who formed the commonwealth of independent states,wallace formed unnamed commonwealth drill dacula participation,0.6,"The obfuscated text still contains the key words 'commonwealth' and 'independent states', but with some changes, indicating partial information leakage.",llama-3.3-70b-versatile
1103812,who formed the commonwealth of independent states,who dismembered the commonwealth of independent united,0.6,"The obfuscated text still contains the core information of the original text, with 'who' and 'commonwealth of independent' being preserved, but 'formed' is replaced with 'dismembered' and 'states' is replaced with 'united', indicating a moderate level of information leakage",llama-3.3-70b-versatile
1103812,who formed the commonwealth of independent states,rivas formed kitchens commonwealth of independent states,0.7,"The obfuscated text still contains the key words 'formed', 'commonwealth', and 'independent states', which are also present in the original text, indicating a significant amount of information leakage.",llama-3.3-70b-versatile
1103812,who formed the commonwealth of independent states,who formed definitive commonwealth of independent states,0.9,"The obfuscated text is very similar to the original text, with only the word 'definitive' added, which does not significantly change the meaning. This suggests a high level of information leakage.",llama-3.3-70b-versatile
1037798,who is robert gray,reluctantly is robert gray,0.8,"The obfuscated text 'reluctantly is robert gray' still contains the name 'robert gray' which is the main information from the original text 'who is robert gray'. This indicates a high level of information leakage, but since the context and the question 'who is' are missing, it's not complete leakage. Therefore, a score of 0.8 is justified.",llama-3.3-70b-versatile
1037798,who is robert gray,doctor named robert gray,0.8,"The obfuscated text still contains the full name 'robert gray', which is the most important information from the original text, thus the score is high.",llama-3.3-70b-versatile
1037798,who is robert gray,time is robert gray,1.0,"The obfuscated text still contains the full name 'robert gray', which is the most important information from the original text, so the score is 1",llama-3.3-70b-versatile
1037798,who is robert gray,who is robert gray,1.0,"The obfuscated text is identical to the original text, indicating complete information leakage.",llama-3.3-70b-versatile
1037798,who is robert gray,who currently robert gray,0.9,"The obfuscated text is almost identical to the original text, with only a minor modification, indicating a high level of information leakage.",llama-3.3-70b-versatile
1037798,who is robert gray,who loyalty x25 gray,0.5,"The obfuscated text still contains the name 'gray' and the word 'who' and 'loyalty' which is not present in the original text, but 'x25' seems to be a random value, hence the score is 0.5",llama-3.3-70b-versatile
1037798,who is robert gray,who is robert gray,1.0,"The obfuscated text is identical to the original text, indicating complete information leakage.",llama-3.3-70b-versatile
1037798,who is robert gray,playing means robert gray,0.8,"The obfuscated text still contains the name 'robert gray' which is the main information from the original text, so the score is high",llama-3.3-70b-versatile
1037798,who is robert gray,hernandez phrase robert gray,1.0,"The obfuscated text still contains the full name 'robert gray', which is the same as the original text, indicating complete information leakage.",llama-3.3-70b-versatile
1037798,who is robert gray,encounters is robert gray,0.8,"The obfuscated text still contains the name 'robert gray' which is the main information from the original text, so the score is high",llama-3.3-70b-versatile
1063750,why did the us volunterilay enter ww1,behind confirm william us radians enter chamb,0.4,"The obfuscated text does not clearly convey the original message, but some key words like 'us' and 'enter' are still present, indicating partial information leakage.",llama-3.3-70b-versatile
1063750,why did the us volunterilay enter ww1,why meyer the us discoverers enter stankevicius,0.4,"The obfuscated text still contains the original country name 'us' and the word 'enter', which indicates some information leakage. However, the context and other words have been changed, reducing the overall information leakage.",llama-3.3-70b-versatile
1063750,why did the us volunterilay enter ww1,liked hall there us daron enter ww1,0.4,"The obfuscated text still contains the phrase 'us' and 'enter ww1' which are present in the original text, indicating some information leakage. However, other key words have been replaced, reducing the overall leakage.",llama-3.3-70b-versatile
1063750,why did the us volunterilay enter ww1,remember did cosmopolitanism us temple enter ww1,0.6,"The obfuscated text still contains the key phrases 'us' and 'enter ww1', which are present in the original text, indicating some information leakage. However, other words have been replaced, reducing the overall leakage.",llama-3.3-70b-versatile
1063750,why did the us volunterilay enter ww1,surprised did concluded us bystander enter ww1,0.6,"The obfuscated text still contains the key phrases 'us' and 'enter ww1', which are present in the original text, indicating some information leakage. However, other words have been replaced, reducing the overall leakage.",llama-3.3-70b-versatile
1063750,why did the us volunterilay enter ww1,why superiors the us i-93 anyone ww1,0.4,"The obfuscated text still contains some of the original words, such as 'us' and 'ww1', which indicates some information leakage. However, the context and meaning of the original text have been altered significantly, reducing the overall information leakage.",llama-3.3-70b-versatile
1063750,why did the us volunterilay enter ww1,detailing could the us chapra enter ww1,0.4,"The obfuscated text still contains the key words 'us' and 'ww1' which are present in the original text, but other words are changed or replaced, indicating some information leakage. However, the meaning and context of the original text are not fully preserved, so the score is not 1. The score is 0.4 because some key information is still present, but the overall meaning is altered.",llama-3.3-70b-versatile
1063750,why did the us volunterilay enter ww1,why did the american gorseth enter ww1,0.7,"The obfuscated text still contains the core elements of the original text, including the phrase 'why did the' and 'enter ww1', which indicates a significant amount of information leakage. However, the country name has been changed from 'us' to 'american' and 'gorseth' has been added, which reduces the information leakage slightly.",llama-3.3-70b-versatile
1063750,why did the us volunterilay enter ww1,follow pursued briefly us neighbors enter rfe,0.4,"The obfuscated text still contains some of the original words and phrases, such as 'us' and 'enter', but the meaning is altered by replacing key words like 'why did the' with similar phrases and 'ww1' with 'rfe' or other unrelated words, thus reducing information leakage to 0.4",llama-3.3-70b-versatile
1063750,why did the us volunterilay enter ww1,jokingly greatest directly us tantrik opened nase,0.4,"The obfuscated text still contains some similar words and structure to the original text, such as 'us' and 'enter', but with significant changes, indicating moderate information leakage.",llama-3.3-70b-versatile
