id,text,obfuscatedText,score,justification,model
19335,anthropological definition of environment,anthropological definition of environment,1.0,"The obfuscated text is identical to the original text, indicating complete information leakage.",llama-3.3-70b-versatile
19335,anthropological definition of environment,anthropological definition of environment,1.0,"The obfuscated text is identical to the original text, indicating complete information leakage.",llama-3.3-70b-versatile
19335,anthropological definition of environment,anthropological definition of environment,1.0,"The obfuscated text is identical to the original text, indicating complete information leakage.",llama-3.3-70b-versatile
19335,anthropological definition of environment,anthropological definition of environment,1.0,"The obfuscated text is identical to the original text, indicating complete information leakage.",llama-3.3-70b-versatile
19335,anthropological definition of environment,anthropological definition of environment,1.0,"The obfuscated text is identical to the original text, indicating complete information leakage.",llama-3.3-70b-versatile
19335,anthropological definition of environment,anthropological definition of environment,1.0,"The obfuscated text is identical to the original text, indicating complete information leakage.",llama-3.3-70b-versatile
19335,anthropological definition of environment,anthropological definition of environment,1.0,"The obfuscated text is identical to the original text, indicating complete information leakage.",llama-3.3-70b-versatile
19335,anthropological definition of environment,anthropological definition of environment,1.0,"The obfuscated text is identical to the original text, indicating complete information leakage.",llama-3.3-70b-versatile
19335,anthropological definition of environment,anthropological definition of environment,1.0,"The obfuscated text is identical to the original text, indicating complete information leakage.",llama-3.3-70b-versatile
19335,anthropological definition of environment,anthropological definition of environment,1.0,"The obfuscated text is identical to the original text, indicating complete information leakage.",llama-3.3-70b-versatile
47923,axon terminals or synaptic knob definition,axon terminals or synaptic knob definition,1.0,"The obfuscated text is identical to the original text, indicating complete information leakage.",llama-3.3-70b-versatile
47923,axon terminals or synaptic knob definition,axon terminals or synaptic knob definition,1.0,"The obfuscated text is identical to the original text, indicating complete information leakage.",llama-3.3-70b-versatile
47923,axon terminals or synaptic knob definition,axon terminals or synaptic knob definition,1.0,"The obfuscated text is identical to the original text, indicating complete information leakage.",llama-3.3-70b-versatile
47923,axon terminals or synaptic knob definition,axon terminals or synaptic knob definition,1.0,"The obfuscated text is identical to the original text, indicating complete information leakage.",llama-3.3-70b-versatile
47923,axon terminals or synaptic knob definition,axon terminals or synaptic knob definition,1.0,"The obfuscated text is identical to the original text, indicating complete information leakage.",llama-3.3-70b-versatile
47923,axon terminals or synaptic knob definition,axon terminals or synaptic knob definition,1.0,"The obfuscated text is identical to the original text, indicating complete information leakage.",llama-3.3-70b-versatile
47923,axon terminals or synaptic knob definition,axon terminals or synaptic knob definition,1.0,"The obfuscated text is identical to the original text, indicating complete information leakage.",llama-3.3-70b-versatile
47923,axon terminals or synaptic knob definition,axon terminals or synaptic knob definition,1.0,"The obfuscated text is identical to the original text, indicating complete information leakage.",llama-3.3-70b-versatile
47923,axon terminals or synaptic knob definition,axon terminals or synaptic knob definition,1.0,"The obfuscated text is identical to the original text, indicating complete information leakage.",llama-3.3-70b-versatile
47923,axon terminals or synaptic knob definition,axon terminals or synaptic knob definition,1.0,"The obfuscated text is identical to the original text, indicating complete information leakage.",llama-3.3-70b-versatile
87181,causes of left ventricular hypertrophy,causes of left ventricular hypertrophy,1.0,"The obfuscated text is identical to the original text, indicating complete information leakage.",llama-3.3-70b-versatile
87181,causes of left ventricular hypertrophy,causes of left ventricular hypertrophy,1.0,"The obfuscated text is identical to the original text, indicating complete information leakage.",llama-3.3-70b-versatile
87181,causes of left ventricular hypertrophy,causes of left ventricular hypertrophy,1.0,"The obfuscated text is identical to the original text, indicating complete information leakage.",llama-3.3-70b-versatile
87181,causes of left ventricular hypertrophy,causes of left ventricular hypertrophy,1.0,"The obfuscated text is identical to the original text, indicating complete information leakage.",llama-3.3-70b-versatile
87181,causes of left ventricular hypertrophy,causes of left ventricular hypertrophy,1.0,"The obfuscated text is identical to the original text, indicating complete information leakage.",llama-3.3-70b-versatile
87181,causes of left ventricular hypertrophy,causes of left ventricular hypertrophy,1.0,"The obfuscated text is identical to the original text, indicating complete information leakage.",llama-3.3-70b-versatile
87181,causes of left ventricular hypertrophy,causes of left ventricular hypertrophy,1.0,"The obfuscated text is identical to the original text, indicating complete information leakage.",llama-3.3-70b-versatile
87181,causes of left ventricular hypertrophy,causes of left ventricular hypertrophy,1.0,"The obfuscated text is identical to the original text, indicating complete information leakage.",llama-3.3-70b-versatile
87181,causes of left ventricular hypertrophy,causes of left ventricular hypertrophy,1.0,"The obfuscated text is identical to the original text, indicating complete information leakage.",llama-3.3-70b-versatile
87181,causes of left ventricular hypertrophy,causes of left ventricular hypertrophy,1.0,"The obfuscated text is identical to the original text, indicating complete information leakage.",llama-3.3-70b-versatile
87452,causes of military suicide,causes of military suicide,1.0,"The obfuscated text is identical to the original text, indicating complete information leakage.",llama-3.3-70b-versatile
87452,causes of military suicide,causes of military suicide,1.0,"The obfuscated text is identical to the original text, indicating complete information leakage.",llama-3.3-70b-versatile
87452,causes of military suicide,causes of military suicide,1.0,"The obfuscated text is identical to the original text, indicating complete information leakage.",llama-3.3-70b-versatile
87452,causes of military suicide,causes of military suicide,1.0,"The obfuscated text is identical to the original text, indicating complete information leakage.",llama-3.3-70b-versatile
87452,causes of military suicide,causes of military suicide,1.0,"The obfuscated text is identical to the original text, indicating complete information leakage.",llama-3.3-70b-versatile
87452,causes of military suicide,causes of military suicide,1.0,"The obfuscated text is identical to the original text, indicating complete information leakage.",llama-3.3-70b-versatile
87452,causes of military suicide,causes of military suicide,1.0,"The obfuscated text is identical to the original text, indicating complete information leakage.",llama-3.3-70b-versatile
87452,causes of military suicide,causes of military suicide,1.0,"The obfuscated text is identical to the original text, indicating complete information leakage.",llama-3.3-70b-versatile
87452,causes of military suicide,causes of military suicide,1.0,"The obfuscated text is identical to the original text, indicating complete information leakage.",llama-3.3-70b-versatile
87452,causes of military suicide,causes of military suicide,1.0,"The obfuscated text is identical to the original text, indicating complete information leakage.",llama-3.3-70b-versatile
104861,cost of interior concrete flooring,cost of interior concrete flooring,1.0,"The obfuscated text is identical to the original text, indicating complete information leakage.",llama-3.3-70b-versatile
104861,cost of interior concrete flooring,cost of interior concrete flooring,1.0,"The obfuscated text is identical to the original text, indicating complete information leakage.",llama-3.3-70b-versatile
104861,cost of interior concrete flooring,cost of interior concrete flooring,1.0,"The obfuscated text is identical to the original text, indicating complete information leakage.",llama-3.3-70b-versatile
104861,cost of interior concrete flooring,cost of interior concrete flooring,1.0,"The obfuscated text is identical to the original text, indicating complete information leakage.",llama-3.3-70b-versatile
104861,cost of interior concrete flooring,cost of interior concrete flooring,1.0,"The obfuscated text is identical to the original text, indicating complete information leakage.",llama-3.3-70b-versatile
104861,cost of interior concrete flooring,cost of interior concrete flooring,1.0,"The obfuscated text is identical to the original text, indicating complete information leakage.",llama-3.3-70b-versatile
104861,cost of interior concrete flooring,cost of interior concrete flooring,1.0,"The obfuscated text is identical to the original text, indicating complete information leakage.",llama-3.3-70b-versatile
104861,cost of interior concrete flooring,cost of interior concrete flooring,1.0,"The obfuscated text is identical to the original text, indicating complete information leakage.",llama-3.3-70b-versatile
104861,cost of interior concrete flooring,cost of interior concrete flooring,1.0,"The obfuscated text is identical to the original text, indicating complete information leakage.",llama-3.3-70b-versatile
104861,cost of interior concrete flooring,cost of interior concrete flooring,1.0,"The obfuscated text is identical to the original text, indicating complete information leakage.",llama-3.3-70b-versatile
1106007,define visceral?,define rubins,0.0,"The obfuscated text 'define rubins' does not reveal any information about the original text 'define visceral?', thus the score is 0",llama-3.3-70b-versatile
1106007,define visceral?,define 5o,0.0,"The obfuscated text 'define 5o' does not reveal any information about the original text 'define visceral?', thus the score is 0",llama-3.3-70b-versatile
1106007,define visceral?,define talisman,0.0,"The obfuscated text 'define talisman' does not reveal any information about the original text 'define visceral?', thus the score is 0",llama-3.3-70b-versatile
1106007,define visceral?,define basher,0.0,"The obfuscated text 'define basher' does not reveal any information about the original text 'define visceral?', thus the score is 0",llama-3.3-70b-versatile
1106007,define visceral?,define kripal,0.0,"The obfuscated text 'define kripal' does not reveal any information about the original text 'define visceral?', thus the score is 0",llama-3.3-70b-versatile
1106007,define visceral?,define gaven,0.0,"The obfuscated text 'define gaven' does not reveal any information about the original text 'define visceral?', thus the score is 0",llama-3.3-70b-versatile
1106007,define visceral?,"define 2,464",0.0,"The obfuscated text 'define 2,464' does not contain any information related to the original text 'define visceral?', thus the score is 0",llama-3.3-70b-versatile
1106007,define visceral?,define pote,0.0,"The obfuscated text 'define pote' does not reveal any information about the original text 'define visceral?', thus the score is 0",llama-3.3-70b-versatile
1106007,define visceral?,define unbalanced,0.2,"The obfuscated text 'unbalanced' is unrelated to the original text 'visceral', indicating minimal information leakage.",llama-3.3-70b-versatile
1106007,define visceral?,define ampatuans,0.0,"The obfuscated text 'define ampatuans' does not reveal any information about the original text 'define visceral', so the score is 0",llama-3.3-70b-versatile
130510,definition declaratory judgment,definition declaratory judgment,1.0,"The obfuscated text is identical to the original text, indicating complete information leakage.",llama-3.3-70b-versatile
130510,definition declaratory judgment,definition declaratory judgment,1.0,"The obfuscated text is identical to the original text, indicating complete information leakage.",llama-3.3-70b-versatile
130510,definition declaratory judgment,definition declaratory judgment,1.0,"The obfuscated text is identical to the original text, indicating complete information leakage.",llama-3.3-70b-versatile
130510,definition declaratory judgment,definition declaratory judgment,1.0,"The obfuscated text is identical to the original text, indicating complete information leakage.",llama-3.3-70b-versatile
130510,definition declaratory judgment,definition declaratory judgment,1.0,"The obfuscated text is identical to the original text, indicating complete information leakage.",llama-3.3-70b-versatile
130510,definition declaratory judgment,definition declaratory judgment,1.0,"The obfuscated text is identical to the original text, indicating complete information leakage.",llama-3.3-70b-versatile
130510,definition declaratory judgment,definition declaratory judgment,1.0,"The obfuscated text is identical to the original text, indicating complete information leakage.",llama-3.3-70b-versatile
130510,definition declaratory judgment,definition declaratory judgment,1.0,"The obfuscated text is identical to the original text, indicating complete information leakage.",llama-3.3-70b-versatile
130510,definition declaratory judgment,definition declaratory judgment,1.0,"The obfuscated text is identical to the original text, indicating complete information leakage.",llama-3.3-70b-versatile
130510,definition declaratory judgment,definition declaratory judgment,1.0,"The obfuscated text is identical to the original text, indicating complete information leakage.",llama-3.3-70b-versatile
131843,definition of a sigmet,definition of a robertsbridge,0.5,"The obfuscated text 'definition of a robertsbridge' still contains the phrase 'definition of a', which is also present in the original text 'definition of a sigmet'. However, the word 'sigmet' has been replaced with 'robertsbridge', which is a different term. Therefore, the score should reflect a partial information leakage.",llama-3.3-70b-versatile
131843,definition of a sigmet,definition of a characterless,0.4,"The obfuscated text 'definition of a characterless' still contains the original phrase 'definition of a', which indicates some information leakage. However, the word 'characterless' is unrelated to the original word 'sigmet', which reduces the information leakage. Therefore, a score of 0.4 is assigned.",llama-3.3-70b-versatile
131843,definition of a sigmet,definition of a luna,0.5,"The obfuscated text 'definition of a luna' still contains the phrase 'definition of a', which is present in the original text 'definition of a sigmet'. However, 'luna' is unrelated to 'sigmet', indicating some information leakage. The score is 0.5 because half of the original text is preserved.",llama-3.3-70b-versatile
131843,definition of a sigmet,definition of a su'a,0.0,"The obfuscated text 'definition of a su'a' does not reveal any information about the original text 'definition of a sigmet', as 'su'a' is unrelated to 'sigmet'.",llama-3.3-70b-versatile
131843,definition of a sigmet,definition of a direct,0.4,"The obfuscated text 'definition of a direct' still contains the word 'definition of a' which is present in the original text 'definition of a sigmet', indicating some information leakage. However, the word 'direct' is unrelated to 'sigmet', reducing the leakage. Score is 0.4 for partial leakage.",llama-3.3-70b-versatile
131843,definition of a sigmet,definition of a richmond,0.0,"The obfuscated text 'definition of a richmond' does not reveal any information about the original text 'definition of a sigmet', as 'richmond' is unrelated to 'sigmet'.",llama-3.3-70b-versatile
131843,definition of a sigmet,definition of a doorman,0.0,"The obfuscated text 'definition of a doorman' does not reveal any information about the original text 'definition of a sigmet', as 'doorman' is unrelated to 'sigmet'.",llama-3.3-70b-versatile
131843,definition of a sigmet,definition of a cahuenga,0.0,"The obfuscated text 'definition of a cahuenga' does not reveal any information about the original text 'definition of a sigmet', as 'cahuenga' is unrelated to 'sigmet'.",llama-3.3-70b-versatile
131843,definition of a sigmet,definition of a bungalow,0.0,"The obfuscated text 'definition of a bungalow' does not reveal any information about the original text 'definition of a sigmet', as 'bungalow' is unrelated to 'sigmet'.",llama-3.3-70b-versatile
131843,definition of a sigmet,definition of a inattentive,0.2,The obfuscated text 'definition of a inattentive' does not reveal the original text 'definition of a sigmet' as 'inattentive' is unrelated to 'sigmet'.,llama-3.3-70b-versatile
146187,difference between a mcdouble and a double cheeseburger,difference between a tuin and a double cheeseburger,0.5,"The obfuscated text has replaced 'mcdouble' with 'tuin', which is not a well-known term related to food, indicating some information leakage, but the rest of the text remains the same, so the score is not 1.",llama-3.3-70b-versatile
146187,difference between a mcdouble and a double cheeseburger,difference between a speedier and a double cheeseburger,0.5,"The obfuscated text 'difference between a speedier and a double cheeseburger' still contains the key phrase 'double cheeseburger' which is present in the original text, but 'mcdouble' is replaced with 'speedier'. This replacement reduces the information leakage, but since 'double cheeseburger' is still present, the leakage is not zero. Therefore, a score of 0.5 is assigned.",llama-3.3-70b-versatile
146187,difference between a mcdouble and a double cheeseburger,difference between a entity and a double cheeseburger,0.5,"The obfuscated text has replaced 'mcdouble' with 'entity', which is a significant change, but the rest of the text remains the same, indicating some information leakage.",llama-3.3-70b-versatile
146187,difference between a mcdouble and a double cheeseburger,difference between a flixster and a double cheeseburger,0.2,"The obfuscated text still contains the phrase 'difference between a' and 'double cheeseburger' which are present in the original text, but the main subject 'mcdouble' has been replaced with 'flixster' which has no relation to the original subject, thus the information leakage is minimal",llama-3.3-70b-versatile
146187,difference between a mcdouble and a double cheeseburger,difference between a remus and a double cheeseburger,0.2,"The obfuscated text has completely changed the key term 'mcdouble' to unrelated words, resulting in significant information leakage reduction",llama-3.3-70b-versatile
146187,difference between a mcdouble and a double cheeseburger,difference between a tolkki and a double cheeseburger,0.2,"The obfuscated text has completely changed the key term 'mcdouble' to 'tolkki', which has no relation to the original term, indicating significant information leakage reduction. However, the rest of the sentence remains the same, which still provides some context. Therefore, the score is 0.2.",llama-3.3-70b-versatile
146187,difference between a mcdouble and a double cheeseburger,difference between a volkes and a double cheeseburger,0.2,"The obfuscated text has completely changed the first key term 'mcdouble' to 'volkes', which has no relation to the original term, thus the information leakage is minimal.",llama-3.3-70b-versatile
146187,difference between a mcdouble and a double cheeseburger,difference between a teleworkers and a double cheeseburger,0.1,"The obfuscated text has completely changed the first key term 'mcdouble' to 'teleworkers', which has no relation to the original term, thus the information leakage is very low",llama-3.3-70b-versatile
146187,difference between a mcdouble and a double cheeseburger,difference between a whooshed and a double cheeseburger,0.2,"The obfuscated text has completely changed the first key term 'mcdouble' to 'whooshed', which has no relation to the original term, indicating significant information leakage reduction. However, the rest of the sentence remains intact, which still provides some context. Given this, the score should be relatively low, around 0.2, to reflect the partial information leakage.",llama-3.3-70b-versatile
146187,difference between a mcdouble and a double cheeseburger,difference between a 19:03 and a double cheeseburger,0.1,"The obfuscated text 'difference between a 19:03 and a double cheeseburger' has completely changed the original word 'mcdouble' to a time '19:03', which has no relation to the original word, indicating a very low information leakage.",llama-3.3-70b-versatile
148538,difference between rn and bsn,difference between rn and bsn,1.0,"The obfuscated text is identical to the original text, indicating complete information leakage.",llama-3.3-70b-versatile
148538,difference between rn and bsn,difference between rn and bsn,1.0,"The obfuscated text is identical to the original text, indicating complete information leakage.",llama-3.3-70b-versatile
148538,difference between rn and bsn,difference between rn and bsn,1.0,"The obfuscated text is identical to the original text, indicating complete information leakage.",llama-3.3-70b-versatile
148538,difference between rn and bsn,difference between rn and bsn,1.0,"The obfuscated text is identical to the original text, indicating complete information leakage.",llama-3.3-70b-versatile
148538,difference between rn and bsn,difference between rn and bsn,1.0,"The obfuscated text is identical to the original text, indicating complete information leakage.",llama-3.3-70b-versatile
148538,difference between rn and bsn,difference between rn and bsn,1.0,"The obfuscated text is identical to the original text, indicating complete information leakage.",llama-3.3-70b-versatile
148538,difference between rn and bsn,difference between rn and bsn,1.0,"The obfuscated text is identical to the original text, indicating complete information leakage.",llama-3.3-70b-versatile
148538,difference between rn and bsn,difference between rn and bsn,1.0,"The obfuscated text is identical to the original text, indicating complete information leakage.",llama-3.3-70b-versatile
148538,difference between rn and bsn,difference between rn and bsn,1.0,"The obfuscated text is identical to the original text, indicating complete information leakage.",llama-3.3-70b-versatile
148538,difference between rn and bsn,difference between rn and bsn,1.0,"The obfuscated text is identical to the original text, indicating complete information leakage.",llama-3.3-70b-versatile
156493,do goldfish grow,do goldfish grow,1.0,"The obfuscated text is identical to the original text, indicating complete information leakage.",llama-3.3-70b-versatile
156493,do goldfish grow,do goldfish grow,1.0,"The obfuscated text is identical to the original text, indicating complete information leakage.",llama-3.3-70b-versatile
156493,do goldfish grow,do goldfish grow,1.0,"The obfuscated text is identical to the original text, indicating complete information leakage.",llama-3.3-70b-versatile
156493,do goldfish grow,do goldfish grow,1.0,"The obfuscated text is identical to the original text, indicating complete information leakage.",llama-3.3-70b-versatile
156493,do goldfish grow,do goldfish grow,1.0,"The obfuscated text is identical to the original text, indicating complete information leakage.",llama-3.3-70b-versatile
156493,do goldfish grow,do goldfish grow,1.0,"The obfuscated text is identical to the original text, indicating complete information leakage.",llama-3.3-70b-versatile
156493,do goldfish grow,do goldfish grow,1.0,"The obfuscated text is identical to the original text, indicating complete information leakage.",llama-3.3-70b-versatile
156493,do goldfish grow,do goldfish grow,1.0,"The obfuscated text is identical to the original text, indicating complete information leakage.",llama-3.3-70b-versatile
156493,do goldfish grow,do goldfish grow,1.0,"The obfuscated text is identical to the original text, indicating complete information leakage.",llama-3.3-70b-versatile
156493,do goldfish grow,do goldfish grow,1.0,"The obfuscated text is identical to the original text, indicating complete information leakage.",llama-3.3-70b-versatile
168216,does legionella pneumophila cause pneumonia,does legionella pneumophila cause pneumonia,1.0,"The obfuscated text is identical to the original text, indicating complete information leakage.",llama-3.3-70b-versatile
168216,does legionella pneumophila cause pneumonia,does legionella pneumophila cause pneumonia,1.0,"The obfuscated text is identical to the original text, indicating complete information leakage.",llama-3.3-70b-versatile
168216,does legionella pneumophila cause pneumonia,does legionella pneumophila cause pneumonia,1.0,"The obfuscated text is identical to the original text, indicating complete information leakage.",llama-3.3-70b-versatile
168216,does legionella pneumophila cause pneumonia,does legionella pneumophila cause pneumonia,1.0,"The obfuscated text is identical to the original text, indicating complete information leakage.",llama-3.3-70b-versatile
168216,does legionella pneumophila cause pneumonia,does legionella pneumophila cause pneumonia,1.0,"The obfuscated text is identical to the original text, indicating complete information leakage.",llama-3.3-70b-versatile
168216,does legionella pneumophila cause pneumonia,does legionella pneumophila cause pneumonia,1.0,"The obfuscated text is identical to the original text, indicating complete information leakage.",llama-3.3-70b-versatile
168216,does legionella pneumophila cause pneumonia,does legionella pneumophila cause pneumonia,1.0,"The obfuscated text is identical to the original text, indicating complete information leakage.",llama-3.3-70b-versatile
168216,does legionella pneumophila cause pneumonia,does legionella pneumophila cause pneumonia,1.0,"The obfuscated text is identical to the original text, indicating complete information leakage.",llama-3.3-70b-versatile
168216,does legionella pneumophila cause pneumonia,does legionella pneumophila cause pneumonia,1.0,"The obfuscated text is identical to the original text, indicating complete information leakage.",llama-3.3-70b-versatile
168216,does legionella pneumophila cause pneumonia,does legionella pneumophila cause pneumonia,1.0,"The obfuscated text is identical to the original text, indicating complete information leakage.",llama-3.3-70b-versatile
182539,example of monotonic function,example of monotonic function,1.0,"The obfuscated text is identical to the original text, indicating complete information leakage.",llama-3.3-70b-versatile
182539,example of monotonic function,example of monotonic function,1.0,"The obfuscated text is identical to the original text, indicating complete information leakage.",llama-3.3-70b-versatile
182539,example of monotonic function,example of monotonic function,1.0,"The obfuscated text is identical to the original text, indicating complete information leakage.",llama-3.3-70b-versatile
182539,example of monotonic function,example of monotonic function,1.0,"The obfuscated text is identical to the original text, indicating complete information leakage.",llama-3.3-70b-versatile
182539,example of monotonic function,example of monotonic function,1.0,"The obfuscated text is identical to the original text, indicating complete information leakage.",llama-3.3-70b-versatile
182539,example of monotonic function,example of monotonic function,1.0,"The obfuscated text is identical to the original text, indicating complete information leakage.",llama-3.3-70b-versatile
182539,example of monotonic function,example of monotonic function,1.0,"The obfuscated text is identical to the original text, indicating complete information leakage.",llama-3.3-70b-versatile
182539,example of monotonic function,example of monotonic function,1.0,"The obfuscated text is identical to the original text, indicating complete information leakage.",llama-3.3-70b-versatile
182539,example of monotonic function,example of monotonic function,1.0,"The obfuscated text is identical to the original text, indicating complete information leakage.",llama-3.3-70b-versatile
182539,example of monotonic function,example of monotonic function,1.0,"The obfuscated text is identical to the original text, indicating complete information leakage.",llama-3.3-70b-versatile
183378,exons definition biology,exons definition biology,1.0,"The obfuscated text is identical to the original text, indicating complete information leakage.",llama-3.3-70b-versatile
183378,exons definition biology,exons definition biology,1.0,"The obfuscated text is identical to the original text, indicating complete information leakage.",llama-3.3-70b-versatile
183378,exons definition biology,exons definition biology,1.0,"The obfuscated text is identical to the original text, indicating complete information leakage.",llama-3.3-70b-versatile
183378,exons definition biology,exons definition biology,1.0,"The obfuscated text is identical to the original text, indicating complete information leakage.",llama-3.3-70b-versatile
183378,exons definition biology,exons definition biology,1.0,"The obfuscated text is identical to the original text, indicating complete information leakage.",llama-3.3-70b-versatile
183378,exons definition biology,exons definition biology,1.0,"The obfuscated text is identical to the original text, indicating complete information leakage.",llama-3.3-70b-versatile
183378,exons definition biology,exons definition biology,1.0,"The obfuscated text is identical to the original text, indicating complete information leakage.",llama-3.3-70b-versatile
183378,exons definition biology,exons definition biology,1.0,"The obfuscated text is identical to the original text, indicating complete information leakage.",llama-3.3-70b-versatile
183378,exons definition biology,exons definition biology,1.0,"The obfuscated text is identical to the original text, indicating complete information leakage.",llama-3.3-70b-versatile
183378,exons definition biology,exons definition biology,1.0,"The obfuscated text is identical to the original text, indicating complete information leakage.",llama-3.3-70b-versatile
207786,how are some sharks warm blooded,how are some sharks warm blooded,1.0,"The obfuscated text is identical to the original text, indicating complete information leakage.",llama-3.3-70b-versatile
207786,how are some sharks warm blooded,how are some sharks warm blooded,1.0,"The obfuscated text is identical to the original text, indicating complete information leakage.",llama-3.3-70b-versatile
207786,how are some sharks warm blooded,how are some sharks warm blooded,1.0,"The obfuscated text is identical to the original text, indicating complete information leakage.",llama-3.3-70b-versatile
207786,how are some sharks warm blooded,how are some sharks warm blooded,1.0,"The obfuscated text is identical to the original text, indicating complete information leakage.",llama-3.3-70b-versatile
207786,how are some sharks warm blooded,how are some sharks warm blooded,1.0,"The obfuscated text is identical to the original text, indicating complete information leakage.",llama-3.3-70b-versatile
207786,how are some sharks warm blooded,how are some sharks warm blooded,1.0,"The obfuscated text is identical to the original text, indicating complete information leakage.",llama-3.3-70b-versatile
207786,how are some sharks warm blooded,how are some sharks warm blooded,1.0,"The obfuscated text is identical to the original text, indicating complete information leakage.",llama-3.3-70b-versatile
207786,how are some sharks warm blooded,how are some sharks warm blooded,1.0,"The obfuscated text is identical to the original text, indicating complete information leakage.",llama-3.3-70b-versatile
207786,how are some sharks warm blooded,how are some sharks warm blooded,1.0,"The obfuscated text is identical to the original text, indicating complete information leakage.",llama-3.3-70b-versatile
207786,how are some sharks warm blooded,how are some sharks warm blooded,1.0,"The obfuscated text is identical to the original text, indicating complete information leakage.",llama-3.3-70b-versatile
1133167,how is the weather in jamaica,how is the weather in jamaica,1.0,"The obfuscated text is identical to the original text, indicating complete information leakage.",llama-3.3-70b-versatile
1133167,how is the weather in jamaica,how is the weather in jamaica,1.0,"The obfuscated text is identical to the original text, indicating complete information leakage.",llama-3.3-70b-versatile
1133167,how is the weather in jamaica,how is the weather in jamaica,1.0,"The obfuscated text is identical to the original text, indicating complete information leakage.",llama-3.3-70b-versatile
1133167,how is the weather in jamaica,how is the weather in jamaica,1.0,"The obfuscated text is identical to the original text, indicating complete information leakage.",llama-3.3-70b-versatile
1133167,how is the weather in jamaica,how is the weather in jamaica,1.0,"The obfuscated text is identical to the original text, indicating complete information leakage.",llama-3.3-70b-versatile
1133167,how is the weather in jamaica,how is the weather in jamaica,1.0,"The obfuscated text is identical to the original text, indicating complete information leakage.",llama-3.3-70b-versatile
1133167,how is the weather in jamaica,how is the weather in jamaica,1.0,"The obfuscated text is identical to the original text, indicating complete information leakage.",llama-3.3-70b-versatile
1133167,how is the weather in jamaica,how is the weather in jamaica,1.0,"The obfuscated text is identical to the original text, indicating complete information leakage.",llama-3.3-70b-versatile
1133167,how is the weather in jamaica,how is the weather in jamaica,1.0,"The obfuscated text is identical to the original text, indicating complete information leakage.",llama-3.3-70b-versatile
1133167,how is the weather in jamaica,how is the weather in jamaica,1.0,"The obfuscated text is identical to the original text, indicating complete information leakage.",llama-3.3-70b-versatile
264014,how long is life cycle of flea,how long is life cycle of flea,1.0,"The obfuscated text is identical to the original text, indicating complete information leakage.",llama-3.3-70b-versatile
264014,how long is life cycle of flea,how long is life cycle of flea,1.0,"The obfuscated text is identical to the original text, indicating complete information leakage.",llama-3.3-70b-versatile
264014,how long is life cycle of flea,how long is life cycle of flea,1.0,"The obfuscated text is identical to the original text, indicating complete information leakage.",llama-3.3-70b-versatile
264014,how long is life cycle of flea,how long is life cycle of flea,1.0,"The obfuscated text is identical to the original text, indicating complete information leakage.",llama-3.3-70b-versatile
264014,how long is life cycle of flea,how long is life cycle of flea,1.0,"The obfuscated text is identical to the original text, indicating complete information leakage.",llama-3.3-70b-versatile
264014,how long is life cycle of flea,how long is life cycle of flea,1.0,"The obfuscated text is identical to the original text, indicating complete information leakage.",llama-3.3-70b-versatile
264014,how long is life cycle of flea,how long is life cycle of flea,1.0,"The obfuscated text is identical to the original text, indicating complete information leakage.",llama-3.3-70b-versatile
264014,how long is life cycle of flea,how long is life cycle of flea,1.0,"The obfuscated text is identical to the original text, indicating complete information leakage.",llama-3.3-70b-versatile
264014,how long is life cycle of flea,how long is life cycle of flea,1.0,"The obfuscated text is identical to the original text, indicating complete information leakage.",llama-3.3-70b-versatile
264014,how long is life cycle of flea,how long is life cycle of flea,1.0,"The obfuscated text is identical to the original text, indicating complete information leakage.",llama-3.3-70b-versatile
359349,how to find the midsegment of a trapezoid,how to find the novarese of a trapezoid,0.7,"The obfuscated text still contains the key words 'how to find' and 'trapezoid', which indicates a significant amount of information leakage. However, the term 'midsegment' has been replaced with 'novarese', which is not a standard term in geometry, thus reducing the information leakage to some extent. Considering this, a score of 0.7 is assigned.",llama-3.3-70b-versatile
359349,how to find the midsegment of a trapezoid,how to find the heartland of a trapezoid,0.6,"The obfuscated text still contains the phrase 'how to find' and 'of a trapezoid', which are key components of the original text, but 'midsegment' has been replaced with 'heartland', which is not a standard term in geometry, indicating some information leakage. However, the overall meaning and context are still somewhat preserved.",llama-3.3-70b-versatile
359349,how to find the midsegment of a trapezoid,how to find the tiruchendur of a trapezoid,0.2,"The obfuscated text still contains the phrase 'of a trapezoid' which is present in the original text, but the key term 'midsegment' has been replaced with 'tiruchendur' which is unrelated, thus reducing information leakage",llama-3.3-70b-versatile
359349,how to find the midsegment of a trapezoid,how to find the barring of a trapezoid,0.4,"The obfuscated text still contains the phrase 'how to find the' and 'of a trapezoid', which are present in the original text, but the key term 'midsegment' has been replaced with 'barring', which is unrelated to the original term, indicating some information leakage, but not complete.",llama-3.3-70b-versatile
359349,how to find the midsegment of a trapezoid,how to find the hilltoppers of a trapezoid,0.6,"The obfuscated text has replaced the word 'midsegment' with 'hilltoppers', which is unrelated to the original text, indicating significant information leakage. However, the rest of the sentence remains the same, providing some context. Therefore, the score is 0.6.",llama-3.3-70b-versatile
359349,how to find the midsegment of a trapezoid,how to find the apparent of a trapezoid,0.4,"The obfuscated text still contains the word 'trapezoid' and the phrase 'how to find', which are key components of the original text, but the main term 'midsegment' has been replaced with 'apparent', which is not a relevant term in the context of trapezoids, indicating a moderate level of information leakage",llama-3.3-70b-versatile
359349,how to find the midsegment of a trapezoid,how to find the peabody of a trapezoid,0.4,"The obfuscated text still contains the phrase 'how to find the' and 'of a trapezoid', which are present in the original text, but the key term 'midsegment' has been replaced with 'peabody', which is unrelated to the original term. This suggests some information leakage, but not complete, as the context is still partially preserved.",llama-3.3-70b-versatile
359349,how to find the midsegment of a trapezoid,how to find the rolled of a trapezoid,0.4,"The obfuscated text still contains the phrase 'how to find the' and 'of a trapezoid', which are present in the original text, but the key term 'midsegment' has been replaced with 'rolled', which is not related to the original term. This suggests some information leakage, but not complete. The score is 0.4 because the obfuscated text still gives away the context of the original text, but the main term has been changed.",llama-3.3-70b-versatile
359349,how to find the midsegment of a trapezoid,how to find the stockholders of a trapezoid,0.9,"The obfuscated text 'how to find the stockholders of a trapezoid' has no relation to the original text 'how to find the midsegment of a trapezoid', indicating significant information leakage due to the lack of relevant information in the obfuscated text.",llama-3.3-70b-versatile
359349,how to find the midsegment of a trapezoid,how to find the wordlist of a trapezoid,0.4,"The obfuscated text still contains the phrase 'how to find' and 'of a trapezoid', which are present in the original text, but the key term 'midsegment' has been replaced with 'wordlist', which is unrelated to the original term. This suggests some information leakage, but not complete, as the context is still partially preserved.",llama-3.3-70b-versatile
1129237,hydrogen is a liquid below what temperature,hydrogen is a liquid below what temperature,1.0,"The obfuscated text is identical to the original text, indicating complete information leakage.",llama-3.3-70b-versatile
1129237,hydrogen is a liquid below what temperature,hydrogen is a liquid below what temperature,1.0,"The obfuscated text is identical to the original text, indicating complete information leakage.",llama-3.3-70b-versatile
1129237,hydrogen is a liquid below what temperature,hydrogen is a liquid below what temperature,1.0,"The obfuscated text is identical to the original text, indicating complete information leakage.",llama-3.3-70b-versatile
1129237,hydrogen is a liquid below what temperature,hydrogen is a liquid below what temperature,1.0,"The obfuscated text is identical to the original text, indicating complete information leakage.",llama-3.3-70b-versatile
1129237,hydrogen is a liquid below what temperature,hydrogen is a liquid below what temperature,1.0,"The obfuscated text is identical to the original text, indicating complete information leakage.",llama-3.3-70b-versatile
1129237,hydrogen is a liquid below what temperature,hydrogen is a liquid below what temperature,1.0,"The obfuscated text is identical to the original text, indicating complete information leakage.",llama-3.3-70b-versatile
1129237,hydrogen is a liquid below what temperature,hydrogen is a liquid below what temperature,1.0,"The obfuscated text is identical to the original text, indicating complete information leakage.",llama-3.3-70b-versatile
1129237,hydrogen is a liquid below what temperature,hydrogen is a liquid below what temperature,1.0,"The obfuscated text is identical to the original text, indicating complete information leakage.",llama-3.3-70b-versatile
1129237,hydrogen is a liquid below what temperature,hydrogen is a liquid below what temperature,1.0,"The obfuscated text is identical to the original text, indicating complete information leakage.",llama-3.3-70b-versatile
1129237,hydrogen is a liquid below what temperature,hydrogen is a liquid below what temperature,1.0,"The obfuscated text is identical to the original text, indicating complete information leakage.",llama-3.3-70b-versatile
405717,is cdg airport in main paris,is cdg airport in main paris,1.0,"The obfuscated text is identical to the original text, indicating complete information leakage.",llama-3.3-70b-versatile
405717,is cdg airport in main paris,is cdg airport in main paris,1.0,"The obfuscated text is identical to the original text, indicating complete information leakage.",llama-3.3-70b-versatile
405717,is cdg airport in main paris,is cdg airport in main paris,1.0,"The obfuscated text is identical to the original text, indicating complete information leakage.",llama-3.3-70b-versatile
405717,is cdg airport in main paris,is cdg airport in main paris,1.0,"The obfuscated text is identical to the original text, indicating complete information leakage.",llama-3.3-70b-versatile
405717,is cdg airport in main paris,is cdg airport in main paris,1.0,"The obfuscated text is identical to the original text, indicating complete information leakage.",llama-3.3-70b-versatile
405717,is cdg airport in main paris,is cdg airport in main paris,1.0,"The obfuscated text is identical to the original text, indicating complete information leakage.",llama-3.3-70b-versatile
405717,is cdg airport in main paris,is cdg airport in main paris,1.0,"The obfuscated text is identical to the original text, indicating complete information leakage.",llama-3.3-70b-versatile
405717,is cdg airport in main paris,is cdg airport in main paris,1.0,"The obfuscated text is identical to the original text, indicating complete information leakage.",llama-3.3-70b-versatile
405717,is cdg airport in main paris,is cdg airport in main paris,1.0,"The obfuscated text is identical to the original text, indicating complete information leakage.",llama-3.3-70b-versatile
405717,is cdg airport in main paris,is cdg airport in main paris,1.0,"The obfuscated text is identical to the original text, indicating complete information leakage.",llama-3.3-70b-versatile
443396,lps laws definition,lps laws definition,1.0,"The obfuscated text is identical to the original text, indicating complete information leakage.",llama-3.3-70b-versatile
443396,lps laws definition,lps laws definition,1.0,"The obfuscated text is identical to the original text, indicating complete information leakage.",llama-3.3-70b-versatile
443396,lps laws definition,lps laws definition,1.0,"The obfuscated text is identical to the original text, indicating complete information leakage.",llama-3.3-70b-versatile
443396,lps laws definition,lps laws definition,1.0,"The obfuscated text is identical to the original text, indicating complete information leakage.",llama-3.3-70b-versatile
443396,lps laws definition,lps laws definition,1.0,"The obfuscated text is identical to the original text, indicating complete information leakage.",llama-3.3-70b-versatile
443396,lps laws definition,lps laws definition,1.0,"The obfuscated text is identical to the original text, indicating complete information leakage.",llama-3.3-70b-versatile
443396,lps laws definition,lps laws definition,1.0,"The obfuscated text is identical to the original text, indicating complete information leakage.",llama-3.3-70b-versatile
443396,lps laws definition,lps laws definition,1.0,"The obfuscated text is identical to the original text, indicating complete information leakage.",llama-3.3-70b-versatile
443396,lps laws definition,lps laws definition,1.0,"The obfuscated text is identical to the original text, indicating complete information leakage.",llama-3.3-70b-versatile
443396,lps laws definition,lps laws definition,1.0,"The obfuscated text is identical to the original text, indicating complete information leakage.",llama-3.3-70b-versatile
451602,medicare's definition of mechanical ventilation,s.p.a. definition of mechanical ventilation,0.7,"The obfuscated text still contains the key phrase 'mechanical ventilation' and 'definition', which are crucial to understanding the original text. However, it replaces 'medicare's' with 's.p.a.', which reduces the information leakage. Given this, the score is 0.7.",llama-3.3-70b-versatile
451602,medicare's definition of mechanical ventilation,bugaj definition of mechanical ventilation,0.7,"The obfuscated text 'bugaj definition of mechanical ventilation' has a high level of information leakage from the original text 'medicare's definition of mechanical ventilation' because it still contains the key phrase 'definition of mechanical ventilation', which is the main content of the original text. However, the replacement of 'medicare's' with 'bugaj' reduces the information leakage to some extent. Therefore, the score is 0.7",llama-3.3-70b-versatile
451602,medicare's definition of mechanical ventilation,tomatina definition of mechanical ventilation,0.2,"The obfuscated text 'tomatina definition of mechanical ventilation' has no relation to the original text 'medicare's definition of mechanical ventilation', indicating a high level of obfuscation and low information leakage.",llama-3.3-70b-versatile
451602,medicare's definition of mechanical ventilation,multinationals definition of mechanical ventilation,0.7,"The obfuscated text 'multinationals definition of mechanical ventilation' still contains the key phrase 'mechanical ventilation' which is present in the original text 'medicare's definition of mechanical ventilation', but replaces 'medicare's' with 'multinationals', thus reducing information leakage. However, the core concept of 'mechanical ventilation' remains, so the score is not 0. Given the replacement, the score should reflect partial information leakage.",llama-3.3-70b-versatile
451602,medicare's definition of mechanical ventilation,viri definition of mechanical ventilation,0.4,"The obfuscated text 'viri definition of mechanical ventilation' still contains the key phrase 'mechanical ventilation' which is present in the original text 'medicare's definition of mechanical ventilation', but replaces 'medicare's' with 'viri'. This suggests some information leakage, but not complete, as the context of 'medicare's' is lost. Therefore, a moderate score of 0.4 is assigned.",llama-3.3-70b-versatile
451602,medicare's definition of mechanical ventilation,now-deceased definition of mechanical ventilation,0.4,"The obfuscated text 'now-deceased definition of mechanical ventilation' still contains the phrase 'definition of mechanical ventilation' which is present in the original text 'medicare's definition of mechanical ventilation'. However, 'now-deceased' does not reveal any information about the original entity 'medicare'. Therefore, the score should be less than 1. Considering the context, a score of 0.4 is reasonable because some information about the topic is preserved, but the main entity is obscured.",llama-3.3-70b-versatile
451602,medicare's definition of mechanical ventilation,usap definition of mechanical ventilation,0.4,"The obfuscated text 'usap definition of mechanical ventilation' still contains the key phrase 'definition of mechanical ventilation', which is the same as the original text 'medicare's definition of mechanical ventilation'. However, 'usap' does not reveal any information about the original entity 'medicare'. Therefore, the score should be lower than 1 but not 0, as some information is still leaked through the shared key phrase.",llama-3.3-70b-versatile
451602,medicare's definition of mechanical ventilation,coco definition of mechanical ventilation,0.1,"The obfuscated text 'coco definition of mechanical ventilation' does not reveal the original entity 'medicare', thus the information leakage is low",llama-3.3-70b-versatile
451602,medicare's definition of mechanical ventilation,lyceum definition of mechanical ventilation,0.2,"The obfuscated text 'lyceum definition of mechanical ventilation' does not reveal the original source 'medicare', thus the information leakage is low",llama-3.3-70b-versatile
451602,medicare's definition of mechanical ventilation,quipster definition of mechanical ventilation,0.0,The obfuscated text 'quipster definition of mechanical ventilation' does not reveal any information about the original text 'medicare's definition of mechanical ventilation' as 'quipster' is unrelated to 'medicare'.,llama-3.3-70b-versatile
489204,right pelvic pain causes,right pelvic pain causes,1.0,"The obfuscated text is identical to the original text, indicating complete information leakage.",llama-3.3-70b-versatile
489204,right pelvic pain causes,right pelvic pain causes,1.0,"The obfuscated text is identical to the original text, indicating complete information leakage.",llama-3.3-70b-versatile
489204,right pelvic pain causes,right pelvic pain causes,1.0,"The obfuscated text is identical to the original text, indicating complete information leakage.",llama-3.3-70b-versatile
489204,right pelvic pain causes,right pelvic pain causes,1.0,"The obfuscated text is identical to the original text, indicating complete information leakage.",llama-3.3-70b-versatile
489204,right pelvic pain causes,right pelvic pain causes,1.0,"The obfuscated text is identical to the original text, indicating complete information leakage.",llama-3.3-70b-versatile
489204,right pelvic pain causes,right pelvic pain causes,1.0,"The obfuscated text is identical to the original text, indicating complete information leakage.",llama-3.3-70b-versatile
489204,right pelvic pain causes,right pelvic pain causes,1.0,"The obfuscated text is identical to the original text, indicating complete information leakage.",llama-3.3-70b-versatile
489204,right pelvic pain causes,right pelvic pain causes,1.0,"The obfuscated text is identical to the original text, indicating complete information leakage.",llama-3.3-70b-versatile
489204,right pelvic pain causes,right pelvic pain causes,1.0,"The obfuscated text is identical to the original text, indicating complete information leakage.",llama-3.3-70b-versatile
489204,right pelvic pain causes,right pelvic pain causes,1.0,"The obfuscated text is identical to the original text, indicating complete information leakage.",llama-3.3-70b-versatile
490595,rsa definition key,rsa definition key,1.0,"The obfuscated text is identical to the original text, indicating complete information leakage.",llama-3.3-70b-versatile
490595,rsa definition key,rsa definition key,1.0,"The obfuscated text is identical to the original text, indicating complete information leakage.",llama-3.3-70b-versatile
490595,rsa definition key,rsa definition key,1.0,"The obfuscated text is identical to the original text, indicating complete information leakage.",llama-3.3-70b-versatile
490595,rsa definition key,rsa definition key,1.0,"The obfuscated text is identical to the original text, indicating complete information leakage.",llama-3.3-70b-versatile
490595,rsa definition key,rsa definition key,1.0,"The obfuscated text is identical to the original text, indicating complete information leakage.",llama-3.3-70b-versatile
490595,rsa definition key,rsa definition key,1.0,"The obfuscated text is identical to the original text, indicating complete information leakage.",llama-3.3-70b-versatile
490595,rsa definition key,rsa definition key,1.0,"The obfuscated text is identical to the original text, indicating complete information leakage.",llama-3.3-70b-versatile
490595,rsa definition key,rsa definition key,1.0,"The obfuscated text is identical to the original text, indicating complete information leakage.",llama-3.3-70b-versatile
490595,rsa definition key,rsa definition key,1.0,"The obfuscated text is identical to the original text, indicating complete information leakage.",llama-3.3-70b-versatile
490595,rsa definition key,rsa definition key,1.0,"The obfuscated text is identical to the original text, indicating complete information leakage.",llama-3.3-70b-versatile
1124210,tracheids are part of _____.,tracheids are part of photographing,0.2,"The obfuscated text has changed the original word to 'photographing', which is unrelated to the original context, indicating a low information leakage score of 0.2",llama-3.3-70b-versatile
1124210,tracheids are part of _____.,tracheids are part of naruse,0.2,"The original text 'tracheids are part of ____' has been obfuscated to 'tracheids are part of naruse', which seems unrelated to the original context, indicating minimal information leakage.",llama-3.3-70b-versatile
1124210,tracheids are part of _____.,tracheids are part of collectively,0.2,"The obfuscated text 'tracheids are part of collectively' does not reveal the original information, but it still contains the word 'tracheids' which is part of the original text. However, the word 'collectively' does not relate to the original text 'tracheids are part of ____'.",llama-3.3-70b-versatile
1124210,tracheids are part of _____.,tracheids are part of starved,0.2,"The obfuscated text does not reveal the original meaning of the sentence, which is that tracheids are part of xylem tissue in plants. The word 'starved' is unrelated to the original text, indicating minimal information leakage.",llama-3.3-70b-versatile
1124210,tracheids are part of _____.,tracheids are part of silliness,0.2,"The obfuscated text does not reveal the original meaning of the sentence, which is that tracheids are part of xylem tissue in plants. The word 'silliness' is unrelated to the original text, indicating minimal information leakage.",llama-3.3-70b-versatile
1124210,tracheids are part of _____.,tracheids are part of precedes,0.2,"The obfuscated text does not reveal the original meaning of the sentence, which is that tracheids are part of xylem tissue in plants. The word 'precedes' is unrelated to the original text, indicating minimal information leakage.",llama-3.3-70b-versatile
1124210,tracheids are part of _____.,tracheids are part of ofisa,0.0,"The obfuscated text does not reveal any information about the original text, as 'ofisa' is not a word related to the context of tracheids.",llama-3.3-70b-versatile
1124210,tracheids are part of _____.,tracheids are part of mcnulty,0.2,"The obfuscated text does not reveal the correct answer, which is xylem, so the score is low.",llama-3.3-70b-versatile
1124210,tracheids are part of _____.,tracheids are part of citv,0.1,"The obfuscated text does not reveal the correct answer, which is likely 'xylem' or 'plants'. The word 'citv' seems unrelated to the context of tracheids, indicating minimal information leakage.",llama-3.3-70b-versatile
1124210,tracheids are part of _____.,tracheids are part of erythroxylum,0.5,"The obfuscated text 'tracheids are part of erythroxylum' still contains the word 'tracheids' which is a key term in the original text, but the completion 'erythroxylum' is unrelated to the expected completion 'xylem', thus the information leakage is partial",llama-3.3-70b-versatile
527433,types of dysarthria from cerebral palsy,types of dysarthria from cerebral palsy,1.0,"The obfuscated text is identical to the original text, indicating complete information leakage.",llama-3.3-70b-versatile
527433,types of dysarthria from cerebral palsy,types of dysarthria from cerebral palsy,1.0,"The obfuscated text is identical to the original text, indicating complete information leakage.",llama-3.3-70b-versatile
527433,types of dysarthria from cerebral palsy,types of dysarthria from cerebral palsy,1.0,"The obfuscated text is identical to the original text, indicating complete information leakage.",llama-3.3-70b-versatile
527433,types of dysarthria from cerebral palsy,types of dysarthria from cerebral palsy,1.0,"The obfuscated text is identical to the original text, indicating complete information leakage.",llama-3.3-70b-versatile
527433,types of dysarthria from cerebral palsy,types of dysarthria from cerebral palsy,1.0,"The obfuscated text is identical to the original text, indicating complete information leakage.",llama-3.3-70b-versatile
527433,types of dysarthria from cerebral palsy,types of dysarthria from cerebral palsy,1.0,"The obfuscated text is identical to the original text, indicating complete information leakage.",llama-3.3-70b-versatile
527433,types of dysarthria from cerebral palsy,types of dysarthria from cerebral palsy,1.0,"The obfuscated text is identical to the original text, indicating complete information leakage.",llama-3.3-70b-versatile
527433,types of dysarthria from cerebral palsy,types of dysarthria from cerebral palsy,1.0,"The obfuscated text is identical to the original text, indicating complete information leakage.",llama-3.3-70b-versatile
527433,types of dysarthria from cerebral palsy,types of dysarthria from cerebral palsy,1.0,"The obfuscated text is identical to the original text, indicating complete information leakage.",llama-3.3-70b-versatile
527433,types of dysarthria from cerebral palsy,types of dysarthria from cerebral palsy,1.0,"The obfuscated text is identical to the original text, indicating complete information leakage.",llama-3.3-70b-versatile
573724,what are the social determinants of health,what are the social determinants of health,1.0,"The obfuscated text is identical to the original text, indicating complete information leakage.",llama-3.3-70b-versatile
573724,what are the social determinants of health,what are the social determinants of health,1.0,"The obfuscated text is identical to the original text, indicating complete information leakage.",llama-3.3-70b-versatile
573724,what are the social determinants of health,what are the social determinants of health,1.0,"The obfuscated text is identical to the original text, indicating complete information leakage.",llama-3.3-70b-versatile
573724,what are the social determinants of health,what are the social determinants of health,1.0,"The obfuscated text is identical to the original text, indicating complete information leakage.",llama-3.3-70b-versatile
573724,what are the social determinants of health,what are the social determinants of health,1.0,"The obfuscated text is identical to the original text, indicating complete information leakage.",llama-3.3-70b-versatile
573724,what are the social determinants of health,what are the social determinants of health,1.0,"The obfuscated text is identical to the original text, indicating complete information leakage.",llama-3.3-70b-versatile
573724,what are the social determinants of health,what are the social determinants of health,1.0,"The obfuscated text is identical to the original text, indicating complete information leakage.",llama-3.3-70b-versatile
573724,what are the social determinants of health,what are the social determinants of health,1.0,"The obfuscated text is identical to the original text, indicating complete information leakage.",llama-3.3-70b-versatile
573724,what are the social determinants of health,what are the social determinants of health,1.0,"The obfuscated text is identical to the original text, indicating complete information leakage.",llama-3.3-70b-versatile
573724,what are the social determinants of health,what are the social determinants of health,1.0,"The obfuscated text is identical to the original text, indicating complete information leakage.",llama-3.3-70b-versatile
1121709,what are the three percenters?,what are the three dalton,0.5,"The obfuscated text 'what are the three dalton' is similar to the original text 'what are the three percenters?', but it replaces 'percenters' with 'dalton', which is a different word. This suggests that some information is still present in the obfuscated text, but the meaning is altered. Therefore, the score is 0.5, indicating moderate information leakage.",llama-3.3-70b-versatile
1121709,what are the three percenters?,what are the three 1.2922,0.2,"The obfuscated text 'what are the three 1.2922' has significantly altered the original text 'what are the three percenters?', replacing 'percenters' with '1.2922', which is a random number and does not convey the same meaning, thus reducing information leakage to 0.2",llama-3.3-70b-versatile
1121709,what are the three percenters?,what are the three eyeopener,0.6,"The obfuscated text 'what are the three eyeopener' still contains the original phrase 'what are the three', which indicates a significant amount of information leakage. However, the word 'eyeopener' is unrelated to the original text 'three percenters', which reduces the information leakage. Therefore, the score is 0.6.",llama-3.3-70b-versatile
1121709,what are the three percenters?,what are the three commenced,0.4,"The obfuscated text 'what are the three commenced' still contains the phrase 'what are the three' which is similar to the original text 'what are the three percenters?', indicating some information leakage. However, the word 'commenced' is unrelated to 'percenters', reducing the leakage. Score: 0.4",llama-3.3-70b-versatile
1121709,what are the three percenters?,what are the three 51.89,0.2,"The obfuscated text 'what are the three 51.89' has a score of 0.2 because it still contains the phrase 'what are the three' which is similar to the original text, but the number '51.89' does not reveal any meaningful information about the original text 'what are the three percenters?', thus indicating a low level of information leakage.",llama-3.3-70b-versatile
1121709,what are the three percenters?,what are the three cut-offs,0.4,"The obfuscated text 'what are the three cut-offs' still contains some similar wording to the original text 'what are the three percenters?', but the key term 'percenters' has been replaced with 'cut-offs', which reduces the information leakage. However, the context and some of the wording remain similar, so the score is not 0.",llama-3.3-70b-versatile
1121709,what are the three percenters?,what are the three hutter,0.5,"The obfuscated text 'what are the three hutter' still contains the phrase 'what are the three' which is similar to the original text 'what are the three percenters?', indicating some information leakage. However, the word 'hutter' does not reveal the original meaning, thus the score is not 1. Considering the partial leakage, a score of 0.5 is assigned.",llama-3.3-70b-versatile
1121709,what are the three percenters?,what are the three heisel,0.2,"The obfuscated text 'what are the three heisel' still contains the question 'what are the three' which is similar to the original text 'what are the three percenters?', but the word 'heisel' does not reveal any information about the 'three percenters'. However, the context of the question is still present, so the score should be between 0 and 1. Considering the obfuscated text does not reveal the specific information about 'three percenters', the score should be low, around 0.2.",llama-3.3-70b-versatile
1121709,what are the three percenters?,what are the three laziness,0.2,"The obfuscated text 'what are the three laziness' still contains the question 'what are the three' which is similar to the original text 'what are the three percenters?', but the word 'laziness' does not reveal any information about the 'three percenters'. However, the context of the question is still present, so the score should be between 0 and 1. Considering the obfuscated text does not reveal the specific information about 'three percenters', the score should be low, around 0.2.",llama-3.3-70b-versatile
1121709,what are the three percenters?,what are the three trevor-roper,0.4,"The obfuscated text still contains the phrase 'what are the three' which is similar to the original text, but the word 'percenters' has been replaced with 'trevor-roper' which is a different word, indicating some information leakage. However, the core question 'what are the three' remains, suggesting a score of 0.4",llama-3.3-70b-versatile
1121402,what can contour plowing reduce,what can contour plowing reduce,1.0,"The obfuscated text is identical to the original text, indicating complete information leakage.",llama-3.3-70b-versatile
1121402,what can contour plowing reduce,what can contour plowing reduce,1.0,"The obfuscated text is identical to the original text, indicating complete information leakage.",llama-3.3-70b-versatile
1121402,what can contour plowing reduce,what can contour plowing reduce,1.0,"The obfuscated text is identical to the original text, indicating complete information leakage.",llama-3.3-70b-versatile
1121402,what can contour plowing reduce,what can contour plowing reduce,1.0,"The obfuscated text is identical to the original text, indicating complete information leakage.",llama-3.3-70b-versatile
1121402,what can contour plowing reduce,what can contour plowing reduce,1.0,"The obfuscated text is identical to the original text, indicating complete information leakage.",llama-3.3-70b-versatile
1121402,what can contour plowing reduce,what can contour plowing reduce,1.0,"The obfuscated text is identical to the original text, indicating complete information leakage.",llama-3.3-70b-versatile
1121402,what can contour plowing reduce,what can contour plowing reduce,1.0,"The obfuscated text is identical to the original text, indicating complete information leakage.",llama-3.3-70b-versatile
1121402,what can contour plowing reduce,what can contour plowing reduce,1.0,"The obfuscated text is identical to the original text, indicating complete information leakage.",llama-3.3-70b-versatile
1121402,what can contour plowing reduce,what can contour plowing reduce,1.0,"The obfuscated text is identical to the original text, indicating complete information leakage.",llama-3.3-70b-versatile
1121402,what can contour plowing reduce,what can contour plowing reduce,1.0,"The obfuscated text is identical to the original text, indicating complete information leakage.",llama-3.3-70b-versatile
1117099,what is a active margin,what is a active margin,1.0,"The obfuscated text is identical to the original text, indicating complete information leakage.",llama-3.3-70b-versatile
1117099,what is a active margin,what is a active margin,1.0,"The obfuscated text is identical to the original text, indicating complete information leakage.",llama-3.3-70b-versatile
1117099,what is a active margin,what is a active margin,1.0,"The obfuscated text is identical to the original text, indicating complete information leakage.",llama-3.3-70b-versatile
1117099,what is a active margin,what is a active margin,1.0,"The obfuscated text is identical to the original text, indicating complete information leakage.",llama-3.3-70b-versatile
1117099,what is a active margin,what is a active margin,1.0,"The obfuscated text is identical to the original text, indicating complete information leakage.",llama-3.3-70b-versatile
1117099,what is a active margin,what is a active margin,1.0,"The obfuscated text is identical to the original text, indicating complete information leakage.",llama-3.3-70b-versatile
1117099,what is a active margin,what is a active margin,1.0,"The obfuscated text is identical to the original text, indicating complete information leakage.",llama-3.3-70b-versatile
1117099,what is a active margin,what is a active margin,1.0,"The obfuscated text is identical to the original text, indicating complete information leakage.",llama-3.3-70b-versatile
1117099,what is a active margin,what is a active margin,1.0,"The obfuscated text is identical to the original text, indicating complete information leakage.",llama-3.3-70b-versatile
1117099,what is a active margin,what is a active margin,1.0,"The obfuscated text is identical to the original text, indicating complete information leakage.",llama-3.3-70b-versatile
1115776,what is an aml surveillance analyst,what is an aml surveillance analyst,1.0,"The obfuscated text is identical to the original text, indicating complete information leakage.",llama-3.3-70b-versatile
1115776,what is an aml surveillance analyst,what is an aml surveillance analyst,1.0,"The obfuscated text is identical to the original text, indicating complete information leakage.",llama-3.3-70b-versatile
1115776,what is an aml surveillance analyst,what is an aml surveillance analyst,1.0,"The obfuscated text is identical to the original text, indicating complete information leakage.",llama-3.3-70b-versatile
1115776,what is an aml surveillance analyst,what is an aml surveillance analyst,1.0,"The obfuscated text is identical to the original text, indicating complete information leakage.",llama-3.3-70b-versatile
1115776,what is an aml surveillance analyst,what is an aml surveillance analyst,1.0,"The obfuscated text is identical to the original text, indicating complete information leakage.",llama-3.3-70b-versatile
1115776,what is an aml surveillance analyst,what is an aml surveillance analyst,1.0,"The obfuscated text is identical to the original text, indicating complete information leakage.",llama-3.3-70b-versatile
1115776,what is an aml surveillance analyst,what is an aml surveillance analyst,1.0,"The obfuscated text is identical to the original text, indicating complete information leakage.",llama-3.3-70b-versatile
1115776,what is an aml surveillance analyst,what is an aml surveillance analyst,1.0,"The obfuscated text is identical to the original text, indicating complete information leakage.",llama-3.3-70b-versatile
1115776,what is an aml surveillance analyst,what is an aml surveillance analyst,1.0,"The obfuscated text is identical to the original text, indicating complete information leakage.",llama-3.3-70b-versatile
1115776,what is an aml surveillance analyst,what is an aml surveillance analyst,1.0,"The obfuscated text is identical to the original text, indicating complete information leakage.",llama-3.3-70b-versatile
1114819,what is durable medical equipment consist of,what is durable medical equipment consist of,1.0,"The obfuscated text is identical to the original text, indicating complete information leakage.",llama-3.3-70b-versatile
1114819,what is durable medical equipment consist of,what is durable medical equipment consist of,1.0,"The obfuscated text is identical to the original text, indicating complete information leakage.",llama-3.3-70b-versatile
1114819,what is durable medical equipment consist of,what is durable medical equipment consist of,1.0,"The obfuscated text is identical to the original text, indicating complete information leakage.",llama-3.3-70b-versatile
1114819,what is durable medical equipment consist of,what is durable medical equipment consist of,1.0,"The obfuscated text is identical to the original text, indicating complete information leakage.",llama-3.3-70b-versatile
1114819,what is durable medical equipment consist of,what is durable medical equipment consist of,1.0,"The obfuscated text is identical to the original text, indicating complete information leakage.",llama-3.3-70b-versatile
1114819,what is durable medical equipment consist of,what is durable medical equipment consist of,1.0,"The obfuscated text is identical to the original text, indicating complete information leakage.",llama-3.3-70b-versatile
1114819,what is durable medical equipment consist of,what is durable medical equipment consist of,1.0,"The obfuscated text is identical to the original text, indicating complete information leakage.",llama-3.3-70b-versatile
1114819,what is durable medical equipment consist of,what is durable medical equipment consist of,1.0,"The obfuscated text is identical to the original text, indicating complete information leakage.",llama-3.3-70b-versatile
1114819,what is durable medical equipment consist of,what is durable medical equipment consist of,1.0,"The obfuscated text is identical to the original text, indicating complete information leakage.",llama-3.3-70b-versatile
1114819,what is durable medical equipment consist of,what is durable medical equipment consist of,1.0,"The obfuscated text is identical to the original text, indicating complete information leakage.",llama-3.3-70b-versatile
1114646,what is famvir prescribed for,what is famvir prescribed for,1.0,"The obfuscated text is identical to the original text, indicating complete information leakage.",llama-3.3-70b-versatile
1114646,what is famvir prescribed for,what is famvir prescribed for,1.0,"The obfuscated text is identical to the original text, indicating complete information leakage.",llama-3.3-70b-versatile
1114646,what is famvir prescribed for,what is famvir prescribed for,1.0,"The obfuscated text is identical to the original text, indicating complete information leakage.",llama-3.3-70b-versatile
1114646,what is famvir prescribed for,what is famvir prescribed for,1.0,"The obfuscated text is identical to the original text, indicating complete information leakage.",llama-3.3-70b-versatile
1114646,what is famvir prescribed for,what is famvir prescribed for,1.0,"The obfuscated text is identical to the original text, indicating complete information leakage.",llama-3.3-70b-versatile
1114646,what is famvir prescribed for,what is famvir prescribed for,1.0,"The obfuscated text is identical to the original text, indicating complete information leakage.",llama-3.3-70b-versatile
1114646,what is famvir prescribed for,what is famvir prescribed for,1.0,"The obfuscated text is identical to the original text, indicating complete information leakage.",llama-3.3-70b-versatile
1114646,what is famvir prescribed for,what is famvir prescribed for,1.0,"The obfuscated text is identical to the original text, indicating complete information leakage.",llama-3.3-70b-versatile
1114646,what is famvir prescribed for,what is famvir prescribed for,1.0,"The obfuscated text is identical to the original text, indicating complete information leakage.",llama-3.3-70b-versatile
1114646,what is famvir prescribed for,what is famvir prescribed for,1.0,"The obfuscated text is identical to the original text, indicating complete information leakage.",llama-3.3-70b-versatile
1113437,what is physical description of spruce,what is physical description of spruce,1.0,"The obfuscated text is identical to the original text, indicating complete information leakage.",llama-3.3-70b-versatile
1113437,what is physical description of spruce,what is physical description of spruce,1.0,"The obfuscated text is identical to the original text, indicating complete information leakage.",llama-3.3-70b-versatile
1113437,what is physical description of spruce,what is physical description of spruce,1.0,"The obfuscated text is identical to the original text, indicating complete information leakage.",llama-3.3-70b-versatile
1113437,what is physical description of spruce,what is physical description of spruce,1.0,"The obfuscated text is identical to the original text, indicating complete information leakage.",llama-3.3-70b-versatile
1113437,what is physical description of spruce,what is physical description of spruce,1.0,"The obfuscated text is identical to the original text, indicating complete information leakage.",llama-3.3-70b-versatile
1113437,what is physical description of spruce,what is physical description of spruce,1.0,"The obfuscated text is identical to the original text, indicating complete information leakage.",llama-3.3-70b-versatile
1113437,what is physical description of spruce,what is physical description of spruce,1.0,"The obfuscated text is identical to the original text, indicating complete information leakage.",llama-3.3-70b-versatile
1113437,what is physical description of spruce,what is physical description of spruce,1.0,"The obfuscated text is identical to the original text, indicating complete information leakage.",llama-3.3-70b-versatile
1113437,what is physical description of spruce,what is physical description of spruce,1.0,"The obfuscated text is identical to the original text, indicating complete information leakage.",llama-3.3-70b-versatile
1113437,what is physical description of spruce,what is physical description of spruce,1.0,"The obfuscated text is identical to the original text, indicating complete information leakage.",llama-3.3-70b-versatile
1112341,what is the daily life of thai people,what is the daily life of thai people,1.0,"The obfuscated text is identical to the original text, indicating complete information leakage.",llama-3.3-70b-versatile
1112341,what is the daily life of thai people,what is the daily life of thai people,1.0,"The obfuscated text is identical to the original text, indicating complete information leakage.",llama-3.3-70b-versatile
1112341,what is the daily life of thai people,what is the daily life of thai people,1.0,"The obfuscated text is identical to the original text, indicating complete information leakage.",llama-3.3-70b-versatile
1112341,what is the daily life of thai people,what is the daily life of thai people,1.0,"The obfuscated text is identical to the original text, indicating complete information leakage.",llama-3.3-70b-versatile
1112341,what is the daily life of thai people,what is the daily life of thai people,1.0,"The obfuscated text is identical to the original text, indicating complete information leakage.",llama-3.3-70b-versatile
1112341,what is the daily life of thai people,what is the daily life of thai people,1.0,"The obfuscated text is identical to the original text, indicating complete information leakage.",llama-3.3-70b-versatile
1112341,what is the daily life of thai people,what is the daily life of thai people,1.0,"The obfuscated text is identical to the original text, indicating complete information leakage.",llama-3.3-70b-versatile
1112341,what is the daily life of thai people,what is the daily life of thai people,1.0,"The obfuscated text is identical to the original text, indicating complete information leakage.",llama-3.3-70b-versatile
1112341,what is the daily life of thai people,what is the daily life of thai people,1.0,"The obfuscated text is identical to the original text, indicating complete information leakage.",llama-3.3-70b-versatile
1112341,what is the daily life of thai people,what is the daily life of thai people,1.0,"The obfuscated text is identical to the original text, indicating complete information leakage.",llama-3.3-70b-versatile
833860,what is the most popular food in switzerland,what is the most popular food in switzerland,1.0,"The obfuscated text is identical to the original text, indicating complete information leakage.",llama-3.3-70b-versatile
833860,what is the most popular food in switzerland,what is the most popular food in switzerland,1.0,"The obfuscated text is identical to the original text, indicating complete information leakage.",llama-3.3-70b-versatile
833860,what is the most popular food in switzerland,what is the most popular food in switzerland,1.0,"The obfuscated text is identical to the original text, indicating complete information leakage.",llama-3.3-70b-versatile
833860,what is the most popular food in switzerland,what is the most popular food in switzerland,1.0,"The obfuscated text is identical to the original text, indicating complete information leakage.",llama-3.3-70b-versatile
833860,what is the most popular food in switzerland,what is the most popular food in switzerland,1.0,"The obfuscated text is identical to the original text, indicating complete information leakage.",llama-3.3-70b-versatile
833860,what is the most popular food in switzerland,what is the most popular food in switzerland,1.0,"The obfuscated text is identical to the original text, indicating complete information leakage.",llama-3.3-70b-versatile
833860,what is the most popular food in switzerland,what is the most popular food in switzerland,1.0,"The obfuscated text is identical to the original text, indicating complete information leakage.",llama-3.3-70b-versatile
833860,what is the most popular food in switzerland,what is the most popular food in switzerland,1.0,"The obfuscated text is identical to the original text, indicating complete information leakage.",llama-3.3-70b-versatile
833860,what is the most popular food in switzerland,what is the most popular food in switzerland,1.0,"The obfuscated text is identical to the original text, indicating complete information leakage.",llama-3.3-70b-versatile
833860,what is the most popular food in switzerland,what is the most popular food in switzerland,1.0,"The obfuscated text is identical to the original text, indicating complete information leakage.",llama-3.3-70b-versatile
855410,what is theraderm used for,what is nokiacorp used for,0.0,"The obfuscated text 'what is nokiacorp used for' does not reveal any information about the original text 'what is theraderm used for' as the main subject 'theraderm' has been completely replaced with 'nokiacorp', which is unrelated. Therefore, the score is 0.",llama-3.3-70b-versatile
855410,what is theraderm used for,what is anti-semite used for,0.2,"The original text 'what is theraderm used for' and the obfuscated text 'what is anti-semite used for' have different keywords, indicating a significant reduction in information leakage. However, the structure of the sentence remains the same, which may still reveal some information about the context or topic. Therefore, the score is 0.2.",llama-3.3-70b-versatile
855410,what is theraderm used for,what is periodical used for,0.4,"The original text 'what is theraderm used for' and the obfuscated text 'what is periodical used for' have similar structures but different keywords, indicating some information leakage. However, the meaning and context are significantly altered, suggesting a moderate level of obfuscation.",llama-3.3-70b-versatile
855410,what is theraderm used for,what is necol.htm used for,0.2,"The original text 'what is theraderm used for' and the obfuscated text 'what is necol.htm used for' have some similarity in structure, but the key term 'theraderm' has been completely replaced with 'necol.htm', which seems unrelated. This suggests a significant reduction in information leakage, but not complete, as the question format remains. Thus, a moderate score of 0.2 is assigned.",llama-3.3-70b-versatile
855410,what is theraderm used for,what is benhamou used for,0.2,"The original text 'what is theraderm used for' and the obfuscated text 'what is benhamou used for' have different keywords, indicating a low information leakage score of 0.2.",llama-3.3-70b-versatile
855410,what is theraderm used for,what is navar used for,0.4,"The original text 'what is theraderm used for' and the obfuscated text 'what is navar used for' have some similarity in structure but the key term 'theraderm' has been replaced with 'navar', indicating a significant reduction in information leakage. However, the context 'what is ... used for' remains the same, suggesting some residual information. Thus, a moderate score of 0.4 is assigned.",llama-3.3-70b-versatile
855410,what is theraderm used for,what is shelp used for,0.2,"The original text 'what is theraderm used for' and the obfuscated text 'what is shelp used for' have some similarity in structure, but the key term 'theraderm' has been completely replaced with 'shelp', which is unrelated. This suggests a significant reduction in information leakage, but not complete. Score: 0.2",llama-3.3-70b-versatile
855410,what is theraderm used for,what is bodyguard used for,0.8,"The original text 'what is theraderm used for' and the obfuscated text 'what is bodyguard used for' have completely different meanings, indicating significant information leakage. However, the structure of the sentence remains the same, which is why the score is not 1. The score of 0.8 reflects the change in the key word 'theraderm' to 'bodyguard', which alters the context entirely but maintains the same question format.",llama-3.3-70b-versatile
855410,what is theraderm used for,what is mid-1980s used for,0.0,"The obfuscated text 'what is mid-1980s used for' does not reveal any information about the original text 'what is theraderm used for', so the score is 0",llama-3.3-70b-versatile
855410,what is theraderm used for,what is tartan used for,0.1,"The original text 'what is theraderm used for' and the obfuscated text 'what is tartan used for' have completely different meanings, indicating minimal information leakage.",llama-3.3-70b-versatile
1110199,what is wifi vs bluetooth,what is wifi vs bluetooth,1.0,"The obfuscated text is identical to the original text, indicating complete information leakage.",llama-3.3-70b-versatile
1110199,what is wifi vs bluetooth,what is wifi vs bluetooth,1.0,"The obfuscated text is identical to the original text, indicating complete information leakage.",llama-3.3-70b-versatile
1110199,what is wifi vs bluetooth,what is wifi vs bluetooth,1.0,"The obfuscated text is identical to the original text, indicating complete information leakage.",llama-3.3-70b-versatile
1110199,what is wifi vs bluetooth,what is wifi vs bluetooth,1.0,"The obfuscated text is identical to the original text, indicating complete information leakage.",llama-3.3-70b-versatile
1110199,what is wifi vs bluetooth,what is wifi vs bluetooth,1.0,"The obfuscated text is identical to the original text, indicating complete information leakage.",llama-3.3-70b-versatile
1110199,what is wifi vs bluetooth,what is wifi vs bluetooth,1.0,"The obfuscated text is identical to the original text, indicating complete information leakage.",llama-3.3-70b-versatile
1110199,what is wifi vs bluetooth,what is wifi vs bluetooth,1.0,"The obfuscated text is identical to the original text, indicating complete information leakage.",llama-3.3-70b-versatile
1110199,what is wifi vs bluetooth,what is wifi vs bluetooth,1.0,"The obfuscated text is identical to the original text, indicating complete information leakage.",llama-3.3-70b-versatile
1110199,what is wifi vs bluetooth,what is wifi vs bluetooth,1.0,"The obfuscated text is identical to the original text, indicating complete information leakage.",llama-3.3-70b-versatile
1110199,what is wifi vs bluetooth,what is wifi vs bluetooth,1.0,"The obfuscated text is identical to the original text, indicating complete information leakage.",llama-3.3-70b-versatile
915593,what types of food can you cook sous vide,what types of food can you cook sous vide,1.0,"The obfuscated text is identical to the original text, indicating complete information leakage.",llama-3.3-70b-versatile
915593,what types of food can you cook sous vide,what types of food can you cook sous vide,1.0,"The obfuscated text is identical to the original text, indicating complete information leakage.",llama-3.3-70b-versatile
915593,what types of food can you cook sous vide,what types of food can you cook sous vide,1.0,"The obfuscated text is identical to the original text, indicating complete information leakage.",llama-3.3-70b-versatile
915593,what types of food can you cook sous vide,what types of food can you cook sous vide,1.0,"The obfuscated text is identical to the original text, indicating complete information leakage.",llama-3.3-70b-versatile
915593,what types of food can you cook sous vide,what types of food can you cook sous vide,1.0,"The obfuscated text is identical to the original text, indicating complete information leakage.",llama-3.3-70b-versatile
915593,what types of food can you cook sous vide,what types of food can you cook sous vide,1.0,"The obfuscated text is identical to the original text, indicating complete information leakage.",llama-3.3-70b-versatile
915593,what types of food can you cook sous vide,what types of food can you cook sous vide,1.0,"The obfuscated text is identical to the original text, indicating complete information leakage.",llama-3.3-70b-versatile
915593,what types of food can you cook sous vide,what types of food can you cook sous vide,1.0,"The obfuscated text is identical to the original text, indicating complete information leakage.",llama-3.3-70b-versatile
915593,what types of food can you cook sous vide,what types of food can you cook sous vide,1.0,"The obfuscated text is identical to the original text, indicating complete information leakage.",llama-3.3-70b-versatile
915593,what types of food can you cook sous vide,what types of food can you cook sous vide,1.0,"The obfuscated text is identical to the original text, indicating complete information leakage.",llama-3.3-70b-versatile
962179,when was the salvation army founded,when was the salvation army founded,1.0,"The obfuscated text is identical to the original text, indicating complete information leakage.",llama-3.3-70b-versatile
962179,when was the salvation army founded,when was the salvation army founded,1.0,"The obfuscated text is identical to the original text, indicating complete information leakage.",llama-3.3-70b-versatile
962179,when was the salvation army founded,when was the salvation army founded,1.0,"The obfuscated text is identical to the original text, indicating complete information leakage.",llama-3.3-70b-versatile
962179,when was the salvation army founded,when was the salvation army founded,1.0,"The obfuscated text is identical to the original text, indicating complete information leakage.",llama-3.3-70b-versatile
962179,when was the salvation army founded,when was the salvation army founded,1.0,"The obfuscated text is identical to the original text, indicating complete information leakage.",llama-3.3-70b-versatile
962179,when was the salvation army founded,when was the salvation army founded,1.0,"The obfuscated text is identical to the original text, indicating complete information leakage.",llama-3.3-70b-versatile
962179,when was the salvation army founded,when was the salvation army founded,1.0,"The obfuscated text is identical to the original text, indicating complete information leakage.",llama-3.3-70b-versatile
962179,when was the salvation army founded,when was the salvation army founded,1.0,"The obfuscated text is identical to the original text, indicating complete information leakage.",llama-3.3-70b-versatile
962179,when was the salvation army founded,when was the salvation army founded,1.0,"The obfuscated text is identical to the original text, indicating complete information leakage.",llama-3.3-70b-versatile
962179,when was the salvation army founded,when was the salvation army founded,1.0,"The obfuscated text is identical to the original text, indicating complete information leakage.",llama-3.3-70b-versatile
1103812,who formed the commonwealth of independent states,who formed the commonwealth of independent states,1.0,"The obfuscated text is identical to the original text, indicating complete information leakage.",llama-3.3-70b-versatile
1103812,who formed the commonwealth of independent states,who formed the commonwealth of independent states,1.0,"The obfuscated text is identical to the original text, indicating complete information leakage.",llama-3.3-70b-versatile
1103812,who formed the commonwealth of independent states,who formed the commonwealth of independent states,1.0,"The obfuscated text is identical to the original text, indicating complete information leakage.",llama-3.3-70b-versatile
1103812,who formed the commonwealth of independent states,who formed the commonwealth of independent states,1.0,"The obfuscated text is identical to the original text, indicating complete information leakage.",llama-3.3-70b-versatile
1103812,who formed the commonwealth of independent states,who formed the commonwealth of independent states,1.0,"The obfuscated text is identical to the original text, indicating complete information leakage.",llama-3.3-70b-versatile
1103812,who formed the commonwealth of independent states,who formed the commonwealth of independent states,1.0,"The obfuscated text is identical to the original text, indicating complete information leakage.",llama-3.3-70b-versatile
1103812,who formed the commonwealth of independent states,who formed the commonwealth of independent states,1.0,"The obfuscated text is identical to the original text, indicating complete information leakage.",llama-3.3-70b-versatile
1103812,who formed the commonwealth of independent states,who formed the commonwealth of independent states,1.0,"The obfuscated text is identical to the original text, indicating complete information leakage.",llama-3.3-70b-versatile
1103812,who formed the commonwealth of independent states,who formed the commonwealth of independent states,1.0,"The obfuscated text is identical to the original text, indicating complete information leakage.",llama-3.3-70b-versatile
1103812,who formed the commonwealth of independent states,who formed the commonwealth of independent states,1.0,"The obfuscated text is identical to the original text, indicating complete information leakage.",llama-3.3-70b-versatile
1037798,who is robert gray,who is robert gray,1.0,"The obfuscated text is identical to the original text, indicating complete information leakage.",llama-3.3-70b-versatile
1037798,who is robert gray,who is robert gray,1.0,"The obfuscated text is identical to the original text, indicating complete information leakage.",llama-3.3-70b-versatile
1037798,who is robert gray,who is robert gray,1.0,"The obfuscated text is identical to the original text, indicating complete information leakage.",llama-3.3-70b-versatile
1037798,who is robert gray,who is robert gray,1.0,"The obfuscated text is identical to the original text, indicating complete information leakage.",llama-3.3-70b-versatile
1037798,who is robert gray,who is robert gray,1.0,"The obfuscated text is identical to the original text, indicating complete information leakage.",llama-3.3-70b-versatile
1037798,who is robert gray,who is robert gray,1.0,"The obfuscated text is identical to the original text, indicating complete information leakage.",llama-3.3-70b-versatile
1037798,who is robert gray,who is robert gray,1.0,"The obfuscated text is identical to the original text, indicating complete information leakage.",llama-3.3-70b-versatile
1037798,who is robert gray,who is robert gray,1.0,"The obfuscated text is identical to the original text, indicating complete information leakage.",llama-3.3-70b-versatile
1037798,who is robert gray,who is robert gray,1.0,"The obfuscated text is identical to the original text, indicating complete information leakage.",llama-3.3-70b-versatile
1037798,who is robert gray,who is robert gray,1.0,"The obfuscated text is identical to the original text, indicating complete information leakage.",llama-3.3-70b-versatile
1063750,why did the us volunterilay enter ww1,why did the us bridge-building enter ww1,0.6,"The obfuscated text replaces the word 'volunterilay' with 'bridge-building', which changes the meaning of the sentence. However, the overall structure and some key words remain the same, indicating some information leakage. The score is 0.6 because the obfuscated text still conveys the question about the US entering WW1, but with a different and nonsensical reason.",llama-3.3-70b-versatile
1063750,why did the us volunterilay enter ww1,why did the us tuhv enter ww1,0.6,"The obfuscated text 'why did the us tuhv enter ww1' has a similar structure to the original text 'why did the us volunterilay enter ww1', but with some word substitutions, indicating a moderate level of information leakage.",llama-3.3-70b-versatile
1063750,why did the us volunterilay enter ww1,why did the us röyksopp enter ww1,0.4,"The obfuscated text still contains the phrase 'why did the us' and 'enter ww1', which are present in the original text, but the word 'volunterilay' has been replaced with 'röyksopp', which is a completely unrelated word, thus reducing the information leakage. However, the context of the sentence is still somewhat preserved, so the score is not 0.",llama-3.3-70b-versatile
1063750,why did the us volunterilay enter ww1,why did the us involved enter ww1,0.7,"The word 'volunterilay' is replaced with 'involved', which conveys a similar meaning, indicating a moderate level of information leakage.",llama-3.3-70b-versatile
1063750,why did the us volunterilay enter ww1,why did the us abramov enter ww1,0.2,"The word 'volunterilay' is replaced with 'abramov', which is a completely unrelated word, indicating significant information leakage reduction",llama-3.3-70b-versatile
1063750,why did the us volunterilay enter ww1,why did the us disinclined enter ww1,0.2,"The word 'volunterilay' is replaced with 'disinclined', which is an antonym, indicating a significant change in meaning, thus the score is 0.2",llama-3.3-70b-versatile
1063750,why did the us volunterilay enter ww1,why did the us videoviews enter ww1,0.2,"The word 'volunterilay' is replaced with 'videoviews' which has no relation to the original word, indicating significant information leakage reduction",llama-3.3-70b-versatile
1063750,why did the us volunterilay enter ww1,why did the us gorseth enter ww1,0.6,"The word 'volunterilay' is replaced with 'gorseth', which is not a real word in English, indicating significant information leakage. However, the rest of the sentence remains intact, which reduces the leakage. Score: 0.6",llama-3.3-70b-versatile
1063750,why did the us volunterilay enter ww1,why did the us especially enter ww1,0.6,"The word 'volunterilay' is replaced with 'especially', which changes the meaning of the sentence. However, the overall structure and some key words remain the same, indicating some information leakage.",llama-3.3-70b-versatile
1063750,why did the us volunterilay enter ww1,why did the us constructing enter ww1,0.7,"The word 'volunterilay' is replaced with 'constructing' which has a similar sound but different meaning, indicating some information leakage",llama-3.3-70b-versatile
