id,text,obfuscatedText,score,justification,model
19335,anthropological definition of environment,sociological standard of environments,4.0,"The word 'sociological' is used instead of 'anthropological', and 'standard' is used instead of 'definition', indicating some information leakage",llama-3.3-70b-versatile
19335,anthropological definition of environment,ethnological definitions of environments,3.0,"The word 'ethnological' is used instead of 'anthropological', but 'definition' and 'environments' are similar, indicating moderate information leakage",llama-3.3-70b-versatile
19335,anthropological definition of environment,ethnological definition the environments,3.0,"The word 'ethnological' is used instead of 'anthropological', and 'definition' and 'the environments' are similar, indicating moderate information leakage",llama-3.3-70b-versatile
19335,anthropological definition of environment,sociological definitions part environment,4.0,"The word 'sociological' is used instead of 'anthropological', and 'definitions' and 'part environment' are somewhat similar, indicating some information leakage",llama-3.3-70b-versatile
19335,anthropological definition of environment,ethnological definitions initial environment,4.0,"The word 'ethnological' is used instead of 'anthropological', and 'definitions' and 'initial environment' are somewhat similar, indicating some information leakage",llama-3.3-70b-versatile
19335,anthropological definition of environment,ethnographic definition the environments,3.0,"The word 'ethnographic' is used instead of 'anthropological', and 'definition' and 'the environments' are similar, indicating moderate information leakage",llama-3.3-70b-versatile
19335,anthropological definition of environment,sociological definitions of environment,3.0,"The word 'sociological' is used instead of 'anthropological', but 'definitions' and 'of environment' are similar, indicating moderate information leakage",llama-3.3-70b-versatile
19335,anthropological definition of environment,ethnology defined the environment,3.0,"The word 'ethnology' is used instead of 'anthropological', and 'defined' and 'the environment' are similar, indicating moderate information leakage",llama-3.3-70b-versatile
19335,anthropological definition of environment,sociological defines the environmental,4.0,"The word 'sociological' is used instead of 'anthropological', and 'defines' and 'the environmental' are somewhat similar, indicating some information leakage",llama-3.3-70b-versatile
19335,anthropological definition of environment,anthropological interpreted the environments,2.0,"The word 'anthropological' is used, and 'interpreted' and 'the environments' are similar, indicating high information leakage",llama-3.3-70b-versatile
47923,axon terminals or synaptic knob definition,dendrites terminal either synapses gearshift definition,1.0,"The term 'dendrites' is unrelated to 'axon', and 'gearshift' is unrelated to 'synaptic knob', indicating no information leakage.",llama-3.3-70b-versatile
47923,axon terminals or synaptic knob definition,third-parties terminals instead plasticity knobs defined,2.0,"The term 'third-parties' is unrelated to 'axon', and 'plasticity' is a related concept, but 'instead' indicates a lack of direct relation, resulting in minimal information leakage.",llama-3.3-70b-versatile
47923,axon terminals or synaptic knob definition,axonal terminal either plasticity knobs defines,3.0,"The term 'axonal' is related to 'axon', and 'plasticity' is a related concept, but 'either' indicates a lack of direct relation, resulting in moderate information leakage.",llama-3.3-70b-versatile
47923,axon terminals or synaptic knob definition,synapse terminal either presynaptic knobs definitions,3.0,"The term 'synapse' is related to 'synaptic', and 'presynaptic' is a related concept, resulting in moderate information leakage.",llama-3.3-70b-versatile
47923,axon terminals or synaptic knob definition,axon terminal either synaptic knobs defines,5.0,"The term 'axon' is directly related to the original text, and 'synaptic' is also directly related, resulting in significant information leakage.",llama-3.3-70b-versatile
47923,axon terminals or synaptic knob definition,"2,260 terminal either synaptic knob definitions",2.0,"The term '2,260' is unrelated to the original text, and 'terminal' and 'synaptic knob' are related, but the number indicates a lack of direct relation, resulting in minimal information leakage.",llama-3.3-70b-versatile
47923,axon terminals or synaptic knob definition,synapse terminals either synaptic http://www.nifc.gov/ definition,2.0,"The term 'synapse' is related to 'synaptic', but the URL 'http://www.nifc.gov/' is unrelated to the original text, indicating minimal information leakage.",llama-3.3-70b-versatile
47923,axon terminals or synaptic knob definition,axon terminal rather synaptic knobs definition,5.0,"The term 'axon' is directly related to the original text, and 'synaptic' is also directly related, resulting in significant information leakage.",llama-3.3-70b-versatile
47923,axon terminals or synaptic knob definition,presynaptic terminals or synapse knobs definition,4.0,"The term 'presynaptic' is related to 'synaptic', and 'synapse' is related to 'synaptic', resulting in moderate information leakage.",llama-3.3-70b-versatile
47923,axon terminals or synaptic knob definition,axons terminals rather synaptic knobs defined,5.0,"The term 'axons' is related to 'axon', and 'synaptic' is directly related, resulting in significant information leakage.",llama-3.3-70b-versatile
87181,causes of left ventricular hypertrophy,cause bringing right ventricular b-raf,1.0,The word 'right' instead of 'left' and 'b-raf' instead of 'hypertrophy' indicates no information leakage,llama-3.3-70b-versatile
87181,causes of left ventricular hypertrophy,cause brought leaving atrial dilatation,2.0,"The word 'leaving' instead of 'left', 'atrial' instead of 'ventricular', and 'dilatation' instead of 'hypertrophy' indicates minimal information leakage",llama-3.3-70b-versatile
87181,causes of left ventricular hypertrophy,cause the leaving ventricular hyperplasia,2.0,"The word 'leaving' instead of 'left', 'hyperplasia' instead of 'hypertrophy' indicates minimal information leakage",llama-3.3-70b-versatile
87181,causes of left ventricular hypertrophy,causes the leaving atrial hypertrophy,2.0,"The word 'leaving' instead of 'left', 'atrial' instead of 'ventricular' indicates minimal information leakage",llama-3.3-70b-versatile
87181,causes of left ventricular hypertrophy,cause making leaving atrial hypertrophy,2.0,"The word 'leaving' instead of 'left', 'atrial' instead of 'ventricular' indicates minimal information leakage",llama-3.3-70b-versatile
87181,causes of left ventricular hypertrophy,cause the left atrial hypertrophy,2.0,The word 'atrial' instead of 'ventricular' indicates minimal information leakage,llama-3.3-70b-versatile
87181,causes of left ventricular hypertrophy,cause of leaving atrial hyperplasia,2.0,"The word 'leaving' instead of 'left', 'atrial' instead of 'ventricular', 'hyperplasia' instead of 'hypertrophy' indicates minimal information leakage",llama-3.3-70b-versatile
87181,causes of left ventricular hypertrophy,cause part leaving atrial hypertrophy,2.0,"The word 'leaving' instead of 'left', 'atrial' instead of 'ventricular', 'part' is extra indicates minimal information leakage",llama-3.3-70b-versatile
87181,causes of left ventricular hypertrophy,cause what leaving atrial hypertrophy,2.0,"The word 'leaving' instead of 'left', 'atrial' instead of 'ventricular', 'what' is extra indicates minimal information leakage",llama-3.3-70b-versatile
87181,causes of left ventricular hypertrophy,cause the leaving atrial hyperplasia,2.0,"The word 'leaving' instead of 'left', 'atrial' instead of 'ventricular', 'hyperplasia' instead of 'hypertrophy' indicates minimal information leakage",llama-3.3-70b-versatile
87452,causes of military suicide,causes the military attack,4.0,"The obfuscated text 'causes the military attack' has a score of 4 because it still conveys the idea of military involvement in a negative action, but changes the nature of the action from suicide to attack.",llama-3.3-70b-versatile
87452,causes of military suicide,cause the army bombers,4.0,"The obfuscated text 'cause the army bombers' has a score of 4 because it maintains the military context but alters the specific action, thus reducing information leakage slightly.",llama-3.3-70b-versatile
87452,causes of military suicide,cause one army attacker,4.0,"The obfuscated text 'cause one army attacker' has a score of 4 because it implies a singular military actor involved in an attack, which is somewhat different from the original text.",llama-3.3-70b-versatile
87452,causes of military suicide,causes around army killing,5.0,The obfuscated text 'causes around army killing' has a score of 5 because it closely relates to the original text by implying causes of death within a military context.,llama-3.3-70b-versatile
87452,causes of military suicide,"cause , forces killing",5.0,"The obfuscated text 'cause , forces killing' has a score of 5 because it directly implies causes of death within a military or forces context, similar to the original text.",llama-3.3-70b-versatile
87452,causes of military suicide,cause and military killing,5.0,"The obfuscated text 'cause and military killing' has a score of 5 because it explicitly mentions military and killing, closely aligning with the original text's implication of military suicide.",llama-3.3-70b-versatile
87452,causes of military suicide,cause the army bomb,4.0,"The obfuscated text 'cause the army bomb' has a score of 4 because it suggests a cause related to a military action involving a bomb, which is somewhat different from the concept of suicide.",llama-3.3-70b-versatile
87452,causes of military suicide,causes part civilian attack,3.0,"The obfuscated text 'causes part civilian attack' has a score of 3 because it shifts the context from military to civilian and changes the action, thus significantly reducing information leakage.",llama-3.3-70b-versatile
87452,causes of military suicide,causes in military suicide,5.0,"The obfuscated text 'causes in military suicide' has a score of 5 because it is nearly identical to the original text, directly implying the causes of military suicide.",llama-3.3-70b-versatile
87452,causes of military suicide,causes . forces killing,5.0,The obfuscated text 'causes . forces killing' has a score of 5 because it is very similar to the original text in implying causes of death within a military or forces context.,llama-3.3-70b-versatile
104861,cost of interior concrete flooring,costing including interior concrete laminate,4.0,"Similar keywords 'costing', 'interior', 'concrete' are present",llama-3.3-70b-versatile
104861,cost of interior concrete flooring,cost the exterior steps hardwood,1.0,No similar keywords are present,llama-3.3-70b-versatile
104861,cost of interior concrete flooring,costs part ministry concrete .70952,3.0,Similar keyword 'concrete' is present but with irrelevant context,llama-3.3-70b-versatile
104861,cost of interior concrete flooring,cost the interior building laminate,2.0,"Similar keywords 'cost', 'interior' are present but with different context",llama-3.3-70b-versatile
104861,cost of interior concrete flooring,costing the meanwhile concrete hardwood,3.0,"Similar keywords 'costing', 'concrete' are present but with different context",llama-3.3-70b-versatile
104861,cost of interior concrete flooring,costing as interior structure laminate,3.0,"Similar keywords 'costing', 'interior' are present but with different context",llama-3.3-70b-versatile
104861,cost of interior concrete flooring,pay of ministry precast paneling,1.0,No similar keywords are present,llama-3.3-70b-versatile
104861,cost of interior concrete flooring,costing the ministry walls tile,1.0,No similar keywords are present,llama-3.3-70b-versatile
104861,cost of interior concrete flooring,costs of ministry concrete tile,2.0,Similar keyword 'concrete' is present but with different context,llama-3.3-70b-versatile
104861,cost of interior concrete flooring,cost of exterior paved tile,1.0,No similar keywords are present,llama-3.3-70b-versatile
1106007,define visceral?,definitions 31.51,2.0,"The word 'define' is present, but 'visceral' is replaced with 'preceding', which is unrelated",llama-3.3-70b-versatile
1106007,define visceral?,define preceding,2.0,"The word 'define' is present, but 'visceral' is replaced with 'undermine', which is unrelated",llama-3.3-70b-versatile
1106007,define visceral?,define undermine,5.0,"The word 'define' is not present, and the text is completely unrelated",llama-3.3-70b-versatile
1106007,define visceral?,transform crookedly,5.0,The text is unrelated to the original text,llama-3.3-70b-versatile
1106007,define visceral?,relationships 46,2.0,"The word 'defining' is present, but 'visceral' is replaced with 'father', which is unrelated",llama-3.3-70b-versatile
1106007,define visceral?,defining father,2.0,"The word 'define' is present, but 'visceral' is replaced with 'reduce', which is unrelated",llama-3.3-70b-versatile
1106007,define visceral?,define reduce,2.0,"The word 'defined' is present, but 'visceral' is replaced with 'mccreery', which is unrelated",llama-3.3-70b-versatile
1106007,define visceral?,defined mccreery,2.0,"The word 'defining' is present, but 'visceral' is replaced with 'stuck', which is unrelated",llama-3.3-70b-versatile
1106007,define visceral?,defining stuck,2.0,"The word 'defined' is present, but 'visceral' is replaced with 'endophytic', which is unrelated",llama-3.3-70b-versatile
1106007,define visceral?,defined endophytic,3.0,The text 'definitions 31.51' contains 'definitions' which is related to 'define' but does not contain 'visceral',llama-3.3-70b-versatile
130510,definition declaratory judgment,definition injunctive judgment,2.0,"The word 'declaratory' was replaced with 'injunctive', which is a different legal term, thus minimal information leakage",llama-3.3-70b-versatile
130510,definition declaratory judgment,defined injunctive judgement,2.0,"The word 'declaratory' was replaced with 'injunctive' and 'definition' was replaced with 'defined', which is a different word form, thus minimal information leakage",llama-3.3-70b-versatile
130510,definition declaratory judgment,defined injunctive judgement,2.0,"The word 'declaratory' was replaced with 'injunctive' and 'definition' was replaced with 'defined', which is a different word form, thus minimal information leakage",llama-3.3-70b-versatile
130510,definition declaratory judgment,defined declaratory judgement,1.0,"The word 'definition' was replaced with 'defined', which is a different word form, thus minimal information leakage",llama-3.3-70b-versatile
130510,definition declaratory judgment,instance injunctive judgment,4.0,"The words 'definition' and 'declaratory' were replaced with 'instance' and 'injunctive', which are different words, thus moderate information leakage",llama-3.3-70b-versatile
130510,definition declaratory judgment,defines injunctive judgment,3.0,"The word 'definition' was replaced with 'defines', which is a different word form, and 'declaratory' was replaced with 'injunctive', which is a different legal term, thus moderate information leakage",llama-3.3-70b-versatile
130510,definition declaratory judgment,defined declaratory judgement,1.0,"The word 'definition' was replaced with 'defined', which is a different word form, thus minimal information leakage",llama-3.3-70b-versatile
130510,definition declaratory judgment,defined declaratory judgement,1.0,"The word 'definition' was replaced with 'defined', which is a different word form, thus minimal information leakage",llama-3.3-70b-versatile
130510,definition declaratory judgment,definition injunctive judgement,2.0,"The word 'declaratory' was replaced with 'injunctive', which is a different legal term, thus minimal information leakage",llama-3.3-70b-versatile
130510,definition declaratory judgment,definition injunctive judgement,2.0,"The word 'declaratory' was replaced with 'injunctive', which is a different legal term, thus minimal information leakage",llama-3.3-70b-versatile
131843,definition of a sigmet,definitions one another dabei,1.0,No keywords related to the original text are found,llama-3.3-70b-versatile
131843,definition of a sigmet,defined instance a dardel,2.0,The word 'defined' is present but not related to 'sigmet',llama-3.3-70b-versatile
131843,definition of a sigmet,definitions whose another parnassos,1.0,No keywords related to the original text are found,llama-3.3-70b-versatile
131843,definition of a sigmet,definitions within another taube,1.0,No keywords related to the original text are found,llama-3.3-70b-versatile
131843,definition of a sigmet,definitions of another piratical,2.0,The word 'definitions' is present but not related to 'sigmet',llama-3.3-70b-versatile
131843,definition of a sigmet,defined such a midland,2.0,The word 'defined' is present but not related to 'sigmet',llama-3.3-70b-versatile
131843,definition of a sigmet,defines well another blisworth,2.0,The word 'defines' is present but not related to 'sigmet',llama-3.3-70b-versatile
131843,definition of a sigmet,definitions the a bounds,2.0,The word 'definitions' is present but not related to 'sigmet',llama-3.3-70b-versatile
131843,definition of a sigmet,defines the another humaid,2.0,The word 'defines' is present but not related to 'sigmet',llama-3.3-70b-versatile
131843,definition of a sigmet,applies of another dismount,1.0,No keywords related to the original text are found,llama-3.3-70b-versatile
146187,difference between a mcdouble and a double cheeseburger,difference both a prioritized brought another double cheeseburger,4.0,"The obfuscated text 'difference both a prioritized brought another double cheeseburger' still contains the key words 'difference' and 'double cheeseburger', indicating a high level of information leakage.",llama-3.3-70b-versatile
146187,difference between a mcdouble and a double cheeseburger,difference between another kato and another third cheeseburger,3.0,"The obfuscated text 'difference between another kato and another third cheeseburger' does not contain the key words 'mcdouble', but 'difference' and 'cheeseburger' are present, indicating some information leakage.",llama-3.3-70b-versatile
146187,difference between a mcdouble and a double cheeseburger,evident both another iilm both another doubled cheeseburgers,4.0,"The obfuscated text 'evident both another iilm both another doubled cheeseburgers' contains the key word 'doubled cheeseburgers', which is close to 'double cheeseburger', indicating some information leakage.",llama-3.3-70b-versatile
146187,difference between a mcdouble and a double cheeseburger,difference july a lazarsfeld well a triple cheeseburgers,2.0,"The obfuscated text 'difference july a lazarsfeld well a triple cheeseburgers' does not contain the key words 'mcdouble' or 'double cheeseburger', but 'difference' is present, indicating some information leakage.",llama-3.3-70b-versatile
146187,difference between a mcdouble and a double cheeseburger,reason between another satirized also another triple cheeseburger,3.0,"The obfuscated text 'reason between another satirized also another triple cheeseburger' does not contain the key words 'mcdouble' or 'double cheeseburger', but 'between' and 'triple cheeseburger' are present, indicating some information leakage.",llama-3.3-70b-versatile
146187,difference between a mcdouble and a double cheeseburger,difference both a lipowa both a triple cheeseburgers,2.0,"The obfuscated text 'difference both a lipowa both a triple cheeseburgers' does not contain the key words 'mcdouble' or 'double cheeseburger', but 'difference' is present, indicating some information leakage.",llama-3.3-70b-versatile
146187,difference between a mcdouble and a double cheeseburger,difference both another houten also a triple cheeseburgers,2.0,"The obfuscated text 'difference both another houten also a triple cheeseburgers' does not contain the key words 'mcdouble' or 'double cheeseburger', but 'difference' is present, indicating some information leakage.",llama-3.3-70b-versatile
146187,difference between a mcdouble and a double cheeseburger,mean around a resident both another triple cheeseburgers,1.0,"The obfuscated text 'mean around a resident both another triple cheeseburgers' does not contain the key words 'mcdouble', 'double cheeseburger', or 'difference', indicating low information leakage.",llama-3.3-70b-versatile
146187,difference between a mcdouble and a double cheeseburger,obvious between a morrin and another triple cheeseburgers,2.0,"The obfuscated text 'obvious between a morrin and another triple cheeseburgers' does not contain the key words 'mcdouble' or 'double cheeseburger', but 'between' is present, indicating some information leakage.",llama-3.3-70b-versatile
146187,difference between a mcdouble and a double cheeseburger,evident may another lspez both a doubled cheeseburgers,3.0,"The obfuscated text 'evident may another lspez both a doubled cheeseburgers' contains the key word 'doubled cheeseburgers', which is close to 'double cheeseburger', indicating some information leakage.",llama-3.3-70b-versatile
148538,difference between rn and bsn,difference between 46 and bsn,4.0,The obfuscated text 'difference between 46 and bsn' has a score of 4 because it still contains 'bsn' which is part of the original text.,llama-3.3-70b-versatile
148538,difference between rn and bsn,distinction both 55 while awesomeness,1.0,The obfuscated text 'distinction both 55 while awesomeness' has a score of 1 because it does not contain any information from the original text.,llama-3.3-70b-versatile
148538,difference between rn and bsn,"precisely encounter 61 , goofs",1.0,"The obfuscated text 'precisely encounter 61 , goofs' has a score of 1 because it does not contain any information from the original text.",llama-3.3-70b-versatile
148538,difference between rn and bsn,difference referring rn well wce,3.0,The obfuscated text 'difference referring rn well wce' has a score of 3 because it contains 'rn' which is part of the original text but 'bsn' is replaced.,llama-3.3-70b-versatile
148538,difference between rn and bsn,seems both clr and jikiri,1.0,The obfuscated text 'seems both clr and jikiri' has a score of 1 because it does not contain any information from the original text.,llama-3.3-70b-versatile
148538,difference between rn and bsn,difference both 57 and www.caib.us,1.0,The obfuscated text 'difference both 57 and www.caib.us' has a score of 1 because it does not contain any information from the original text.,llama-3.3-70b-versatile
148538,difference between rn and bsn,"difference both 58 , cads",1.0,"The obfuscated text 'difference both 58 , cads' has a score of 1 because it does not contain any information from the original text.",llama-3.3-70b-versatile
148538,difference between rn and bsn,difference both rn and nakina,3.0,The obfuscated text 'difference both rn and nakina' has a score of 3 because it contains 'rn' which is part of the original text but 'bsn' is replaced.,llama-3.3-70b-versatile
148538,difference between rn and bsn,"both which 49 , wfi",1.0,"The obfuscated text 'both which 49 , wfi' has a score of 1 because it does not contain any information from the original text.",llama-3.3-70b-versatile
148538,difference between rn and bsn,"contrast and rn , kassler",2.0,"The obfuscated text 'contrast and rn , kassler' has a score of 2 because it contains 'rn' which is part of the original text but the context is changed.",llama-3.3-70b-versatile
156493,do goldfish grow,do goldfish grown,4.0,"The word 'grown' is similar to 'grow', indicating a high level of information leakage.",llama-3.3-70b-versatile
156493,do goldfish grow,n't hamster grown,1.0,"The text is completely unrelated to the original, indicating no information leakage.",llama-3.3-70b-versatile
156493,do goldfish grow,want goldfish grow,3.0,"The word 'grow' is present, but the context is different, indicating some information leakage.",llama-3.3-70b-versatile
156493,do goldfish grow,want http://www.nwguild.org grown,1.0,"The text is unrelated to the original and contains a URL, indicating no information leakage.",llama-3.3-70b-versatile
156493,do goldfish grow,believe hippos grown,1.0,"The text is completely unrelated to the original, indicating no information leakage.",llama-3.3-70b-versatile
156493,do goldfish grow,do taxidermied grows,3.0,"The word 'grows' is similar to 'grow', but the context is different, indicating some information leakage.",llama-3.3-70b-versatile
156493,do goldfish grow,do bait grown,3.0,"The word 'grown' is similar to 'grow', but the context is different, indicating some information leakage.",llama-3.3-70b-versatile
156493,do goldfish grow,want oly-2004-basket grown,1.0,"The text is unrelated to the original, indicating no information leakage.",llama-3.3-70b-versatile
156493,do goldfish grow,you goldfish grow,3.0,"The word 'grow' is present, indicating some information leakage.",llama-3.3-70b-versatile
156493,do goldfish grow,n't vitrine grow,2.0,"The word 'grow' is present, but the context is different, indicating some information leakage.",llama-3.3-70b-versatile
168216,does legionella pneumophila cause pneumonia,any legionella pneumophila cause bronchitis,4.0,"The word 'pneumophila' is present but 'legionella' is replaced with 'any', causing some information leakage",llama-3.3-70b-versatile
168216,does legionella pneumophila cause pneumonia,wo legionella a.flower caused illness,5.0,"The word 'legionella' is present but 'pneumophila' is replaced with 'a.flower', causing significant information leakage",llama-3.3-70b-versatile
168216,does legionella pneumophila cause pneumonia,does vibrio nadhir caused illness,1.0,"The word 'legionella' is replaced with 'vibrio' and 'pneumophila' is not present, causing no information leakage",llama-3.3-70b-versatile
168216,does legionella pneumophila cause pneumonia,even malassezia valdivielso causes atypical,5.0,"The word 'pneumophila' is present but 'legionella' is replaced with 'malassezia', causing significant information leakage",llama-3.3-70b-versatile
168216,does legionella pneumophila cause pneumonia,does pneumophila giardiasis causes infection,3.0,"The word 'pneumophila' is present but 'legionella' is not present, causing some information leakage",llama-3.3-70b-versatile
168216,does legionella pneumophila cause pneumonia,wants pneumophila janevski causes pneumonia,2.0,"The word 'pneumophila' is present and 'legionella' is replaced with a similar-sounding word, causing some information leakage",llama-3.3-70b-versatile
168216,does legionella pneumophila cause pneumonia,does zadig pneumophila cause pneumonia,3.0,"The word 'pneumophila' is present but 'legionella' is replaced with 'zadig', causing some information leakage",llama-3.3-70b-versatile
168216,does legionella pneumophila cause pneumonia,wants legionella sericata causes illness,3.0,"The word 'legionella' is present but 'pneumophila' is not present, causing some information leakage",llama-3.3-70b-versatile
168216,does legionella pneumophila cause pneumonia,if p45 jesselyn causes pneumonia,1.0,"The text does not contain 'legionella' or 'pneumophila', causing no information leakage",llama-3.3-70b-versatile
168216,does legionella pneumophila cause pneumonia,if legionella kroenen causes complications,3.0,"The word 'legionella' is present but 'pneumophila' is not present, causing some information leakage",llama-3.3-70b-versatile
182539,example of monotonic function,example bringing i.e functions,2.0,"The obfuscated text 'example bringing i.e functions' has a score of 2 because it does not convey the same meaning as the original text, but still contains the word 'example' and 'functions'.",llama-3.3-70b-versatile
182539,example of monotonic function,example of monotonic function,5.0,The obfuscated text 'example of monotonic function' has a score of 5 because it is identical to the original text.,llama-3.3-70b-versatile
182539,example of monotonic function,instance present genially functions,2.0,"The obfuscated text 'instance present genially functions' has a score of 2 because it does not convey the same meaning as the original text, but still contains the word 'functions'.",llama-3.3-70b-versatile
182539,example of monotonic function,example the monotonic functions,4.0,"The obfuscated text 'example the monotonic functions' has a score of 4 because it conveys the same meaning as the original text, but with a slight modification.",llama-3.3-70b-versatile
182539,example of monotonic function,example the monotonic function,5.0,The obfuscated text 'example the monotonic function' has a score of 5 because it is almost identical to the original text.,llama-3.3-70b-versatile
182539,example of monotonic function,example the dpe functions,2.0,"The obfuscated text 'example the dpe functions' has a score of 2 because it does not convey the same meaning as the original text, but still contains the word 'example' and 'functions'.",llama-3.3-70b-versatile
182539,example of monotonic function,instance the monotonic function,4.0,"The obfuscated text 'instance the monotonic function' has a score of 4 because it conveys the same meaning as the original text, but with a slight modification.",llama-3.3-70b-versatile
182539,example of monotonic function,suggests of contractive functions,1.0,The obfuscated text 'suggests of contractive functions' has a score of 1 because it does not convey the same meaning as the original text and does not contain any similar words.,llama-3.3-70b-versatile
182539,example of monotonic function,example the unadorned functions,2.0,"The obfuscated text 'example the unadorned functions' has a score of 2 because it does not convey the same meaning as the original text, but still contains the word 'example' and 'functions'.",llama-3.3-70b-versatile
182539,example of monotonic function,example years calculable functions,2.0,"The obfuscated text 'example years calculable functions' has a score of 2 because it does not convey the same meaning as the original text, but still contains the word 'example' and 'functions'.",llama-3.3-70b-versatile
183378,exons definition biology,encode necessarily biochemistry,2.0,"The word 'exons' is replaced with 'encode' which is related to biochemistry and not biology, thus low leakage",llama-3.3-70b-versatile
183378,exons definition biology,introns view chemistry,4.0,"The word 'exons' is replaced with 'introns' which is related to the field, thus medium leakage",llama-3.3-70b-versatile
183378,exons definition biology,introns concept biochemistry,4.0,"The word 'exons' is replaced with 'introns' which is related to the field, thus medium leakage",llama-3.3-70b-versatile
183378,exons definition biology,introns definition biochemistry,4.0,"The word 'exons' is replaced with 'introns' which is related to the field, thus medium leakage",llama-3.3-70b-versatile
183378,exons definition biology,operons whereas physiology,4.0,"The word 'exons' is replaced with 'operons' which is related to the field, thus medium leakage",llama-3.3-70b-versatile
183378,exons definition biology,introns defining biochemistry,4.0,"The word 'exons' is replaced with 'introns' which is related to the field, thus medium leakage",llama-3.3-70b-versatile
183378,exons definition biology,ranco defined biology,1.0,"The word 'exons' is replaced with 'ranco' which is unrelated to the field, thus low leakage",llama-3.3-70b-versatile
183378,exons definition biology,operons definition biology,4.0,"The word 'exons' is replaced with 'operons' which is related to the field, thus medium leakage",llama-3.3-70b-versatile
183378,exons definition biology,splice definitions biology,4.0,"The word 'exons' is replaced with 'splice' which is related to the field, thus medium leakage",llama-3.3-70b-versatile
183378,exons definition biology,introns definition biochemistry,4.0,"The word 'exons' is replaced with 'introns' which is related to the field, thus medium leakage",llama-3.3-70b-versatile
207786,how are some sharks warm blooded,how still many predators warmth cold-blooded,2.0,"The word 'sharks' is replaced with 'predators' and 'warm blooded' is replaced with 'cold-blooded', indicating significant information leakage reduction",llama-3.3-70b-versatile
207786,how are some sharks warm blooded,what these many shark warm astonishingly,4.0,"The word 'shark' is present and 'warm' is used, but 'astonishingly' is added, indicating some information leakage",llama-3.3-70b-versatile
207786,how are some sharks warm blooded,how these many shark warmer cold-blooded,3.0,"The word 'shark' is present and 'warmer' is used, but 'cold-blooded' is used, indicating some information leakage",llama-3.3-70b-versatile
207786,how are some sharks warm blooded,so many more sharks warm heartless,4.0,"The word 'sharks' is present and 'warm' is used, but 'heartless' is added, indicating some information leakage",llama-3.3-70b-versatile
207786,how are some sharks warm blooded,what these few shark warm blooded,5.0,"The word 'shark' is present and 'warm blooded' is used, indicating significant information leakage",llama-3.3-70b-versatile
207786,how are some sharks warm blooded,how are many shark warmed blooded,5.0,"The word 'shark' is present and 'warmed blooded' is used, indicating significant information leakage",llama-3.3-70b-versatile
207786,how are some sharks warm blooded,why other many dolphins dry blooded,1.0,"The word 'dolphins' is used instead of 'sharks' and 'dry blooded' is used, indicating no information leakage",llama-3.3-70b-versatile
207786,how are some sharks warm blooded,understand many perhaps sharks warmth blooded,5.0,"The word 'sharks' is present and 'warmth blooded' is used, indicating significant information leakage",llama-3.3-70b-versatile
207786,how are some sharks warm blooded,how these many shark warm heartless,4.0,"The word 'shark' is present and 'warm' is used, but 'heartless' is added, indicating some information leakage",llama-3.3-70b-versatile
207786,how are some sharks warm blooded,why be have cats chilly heartless,1.0,"The word 'cats' is used instead of 'sharks' and 'chilly heartless' is used, indicating no information leakage",llama-3.3-70b-versatile
1133167,how is the weather in jamaica,always now second weather 16 jamaica,4.0,"The obfuscated text 'always now second weather 16 jamaica' has a score of 4 because it still contains the word 'jamaica' and 'weather', which are key components of the original text.",llama-3.3-70b-versatile
1133167,how is the weather in jamaica,way is part meteorologists where tobago,2.0,The obfuscated text 'way is part meteorologists where tobago' has a score of 2 because it contains some related words like 'meteorologists' but does not directly mention 'jamaica' or the exact weather query.,llama-3.3-70b-versatile
1133167,how is the weather in jamaica,what this part inclement many jamaica,4.0,The obfuscated text 'what this part inclement many jamaica' has a score of 4 because it contains 'jamaica' and a word related to weather ('inclement').,llama-3.3-70b-versatile
1133167,how is the weather in jamaica,what is once winter where jamaica,4.0,"The obfuscated text 'what is once winter where jamaica' has a score of 4 because it mentions 'jamaica' and a season ('winter'), which is related to weather.",llama-3.3-70b-versatile
1133167,how is the weather in jamaica,what a the weather in barbados,3.0,The obfuscated text 'what a the weather in barbados' has a score of 3 because it mentions 'weather' but changes the location to 'barbados'.,llama-3.3-70b-versatile
1133167,how is the weather in jamaica,really is of weather time barbados,3.0,The obfuscated text 'really is of weather time barbados' has a score of 3 because it mentions 'weather' but changes the location to 'barbados' and adds unrelated words.,llama-3.3-70b-versatile
1133167,how is the weather in jamaica,what now the weather part jamaica,5.0,"The obfuscated text 'what now the weather part jamaica' has a score of 5 because it directly mentions 'weather' and 'jamaica', closely resembling the original text.",llama-3.3-70b-versatile
1133167,how is the weather in jamaica,what is which weather where jamaica,5.0,"The obfuscated text 'what is which weather where jamaica' has a score of 5 because it directly mentions 'weather' and 'jamaica', closely resembling the original text.",llama-3.3-70b-versatile
1133167,how is the weather in jamaica,why is given inclement in jamaica,4.0,The obfuscated text 'why is given inclement in jamaica' has a score of 4 because it mentions 'jamaica' and a word related to weather ('inclement').,llama-3.3-70b-versatile
1133167,how is the weather in jamaica,what means but conditions last tobago,2.0,The obfuscated text 'what means but conditions last tobago' has a score of 2 because it contains some related words like 'conditions' but does not directly mention 'jamaica' or the exact weather query.,llama-3.3-70b-versatile
264014,how long is life cycle of flea,what long which kind cycles of bitten,1.0,"The obfuscated text 'what long which kind cycles of bitten' does not contain the word 'flea' or 'life cycle', thus it has a score of 1",llama-3.3-70b-versatile
264014,how long is life cycle of flea,what longer same all cycles which infrequently,1.0,"The obfuscated text 'what longer same all cycles which infrequently' does not contain the word 'flea' or 'life cycle', thus it has a score of 1",llama-3.3-70b-versatile
264014,how long is life cycle of flea,what longer is life cycles part flea,4.0,"The obfuscated text 'what longer is life cycles part flea' contains the word 'life' and 'flea', thus it has a score of 4",llama-3.3-70b-versatile
264014,how long is life cycle of flea,how short which he cycle put raccoon,1.0,"The obfuscated text 'how short which he cycle put raccoon' does not contain the word 'flea' or 'life cycle', thus it has a score of 1",llama-3.3-70b-versatile
264014,how long is life cycle of flea,know perhaps also life cycles despite herbst,3.0,"The obfuscated text 'know perhaps also life cycles despite herbst' contains the word 'life cycles', thus it has a score of 3",llama-3.3-70b-versatile
264014,how long is life cycle of flea,why long does lives cycles addition http://www.nifc.gov/,3.0,"The obfuscated text 'why long does lives cycles addition http://www.nifc.gov/' contains the word 'lives cycles', thus it has a score of 3",llama-3.3-70b-versatile
264014,how long is life cycle of flea,why long it lifetime cycles of flea,5.0,"The obfuscated text 'why long it lifetime cycles of flea' contains the word 'flea' and 'lifetime cycles', thus it has a score of 5",llama-3.3-70b-versatile
264014,how long is life cycle of flea,how longer is lives cycles in flea,5.0,"The obfuscated text 'how longer is lives cycles in flea' contains the word 'lives cycles' and 'flea', thus it has a score of 5",llama-3.3-70b-versatile
264014,how long is life cycle of flea,difficult rather is well cycle of fireflies,1.0,"The obfuscated text 'difficult rather is well cycle of fireflies' does not contain the word 'flea' or 'life cycle', thus it has a score of 1",llama-3.3-70b-versatile
264014,how long is life cycle of flea,what long considered lives cycles put hibernating,1.0,"The obfuscated text 'what long considered lives cycles put hibernating' does not contain the word 'flea' or 'life cycle', thus it has a score of 1",llama-3.3-70b-versatile
359349,how to find the midsegment of a trapezoid,what give what the fraternizing 10 another huhhot,1.0,The obfuscated text 'what give what the fraternizing 10 another huhhot' has no relation to the original text.,llama-3.3-70b-versatile
359349,how to find the midsegment of a trapezoid,how able come the vandam included another +.14,2.0,The obfuscated text 'how able come the vandam included another +.14' has some similar words but does not convey the same meaning.,llama-3.3-70b-versatile
359349,how to find the midsegment of a trapezoid,how take find the gusto another another www.slarmy.org,2.0,The obfuscated text 'how take find the gusto another another www.slarmy.org' has some similar words but does not convey the same meaning and includes unrelated content.,llama-3.3-70b-versatile
359349,how to find the midsegment of a trapezoid,what help finding the ivry-sur-seine the a trapezoid,4.0,The obfuscated text 'what help finding the ivry-sur-seine the a trapezoid' has some similar words and conveys a similar meaning but with different wording.,llama-3.3-70b-versatile
359349,how to find the midsegment of a trapezoid,how take find second white-bearded new another trapezoid,4.0,The obfuscated text 'how take find second white-bearded new another trapezoid' has some similar words and conveys a similar meaning but with different wording.,llama-3.3-70b-versatile
359349,how to find the midsegment of a trapezoid,how to finding where aggressivity of a ashihara,2.0,The obfuscated text 'how to finding where aggressivity of a ashihara' has some similar words but does not convey the same meaning.,llama-3.3-70b-versatile
359349,how to find the midsegment of a trapezoid,how to finding which fredkin of interbk trapezoid,4.0,The obfuscated text 'how to finding which fredkin of interbk trapezoid' has some similar words and conveys a similar meaning but with different wording.,llama-3.3-70b-versatile
359349,how to find the midsegment of a trapezoid,how to finding of perfected brought a s-shape,2.0,The obfuscated text 'how to finding of perfected brought a s-shape' has some similar words but does not convey the same meaning.,llama-3.3-70b-versatile
359349,how to find the midsegment of a trapezoid,explain help why the sneh the a +.14,2.0,The obfuscated text 'explain help why the sneh the a +.14' has some similar words but does not convey the same meaning.,llama-3.3-70b-versatile
359349,how to find the midsegment of a trapezoid,understand the finding this helium of another hochdorf,2.0,The obfuscated text 'understand the finding this helium of another hochdorf' has some similar words but does not convey the same meaning.,llama-3.3-70b-versatile
1129237,hydrogen is a liquid below what temperature,hydrogen nothing a melt above believe temperatures,4.0,"hydrogen nothing a melt above believe temperatures: 4, The word 'hydrogen' is present and 'melt' implies a state change, but 'above' and 'believe temperatures' are different from the original.",llama-3.3-70b-versatile
1129237,hydrogen is a liquid below what temperature,nitrogen is a liquid below know temperatures,2.0,"nitrogen is a liquid below know temperatures: 2, The word 'nitrogen' is different from 'hydrogen' and 'know temperatures' is not the same as 'what temperature'.",llama-3.3-70b-versatile
1129237,hydrogen is a liquid below what temperature,peroxide now another mixture below what temperatures,1.0,"peroxide now another mixture below what temperatures: 1, The word 'peroxide' is different from 'hydrogen' and 'mixture' is not the same as 'liquid'.",llama-3.3-70b-versatile
1129237,hydrogen is a liquid below what temperature,peroxide is another liquid above why temperatures,1.0,"peroxide is another liquid above why temperatures: 1, The word 'peroxide' is different from 'hydrogen' and 'above why temperatures' is not the same as 'below what temperature'.",llama-3.3-70b-versatile
1129237,hydrogen is a liquid below what temperature,helium it another liquids above believe temperatures,1.0,"helium it another liquids above believe temperatures: 1, The word 'helium' is different from 'hydrogen' and 'it another liquids above believe temperatures' is not the same as 'is a liquid below what temperature'.",llama-3.3-70b-versatile
1129237,hydrogen is a liquid below what temperature,hydrogen this another liquids above what temperature,3.0,"hydrogen this another liquids above what temperature: 3, The word 'hydrogen' is present, but 'this another liquids above' is different from 'is a liquid below'.",llama-3.3-70b-versatile
1129237,hydrogen is a liquid below what temperature,methanol is another solid above how temperatures,1.0,"methanol is another solid above how temperatures: 1, The word 'methanol' is different from 'hydrogen' and 'solid above how temperatures' is not the same as 'liquid below what temperature'.",llama-3.3-70b-versatile
1129237,hydrogen is a liquid below what temperature,helium is a liquids above happened temperatures,1.0,"helium is a liquids above happened temperatures: 1, The word 'helium' is different from 'hydrogen' and 'a liquids above happened temperatures' is not the same as 'is a liquid below what temperature'.",llama-3.3-70b-versatile
1129237,hydrogen is a liquid below what temperature,helium is another liquids above how temperatures,1.0,"helium is another liquids above how temperatures: 1, The word 'helium' is different from 'hydrogen' and 'another liquids above how temperatures' is not the same as 'is a liquid below what temperature'.",llama-3.3-70b-versatile
1129237,hydrogen is a liquid below what temperature,hydrogen is a ink above it temperatures,4.0,"hydrogen is a ink above it temperatures: 4, The word 'hydrogen' is present and 'is a' is the same as the original, but 'ink above it temperatures' is different from 'liquid below what temperature'.",llama-3.3-70b-versatile
405717,is cdg airport in main paris,part -8.00 airport and principal paris,2.0,partially obfuscated,llama-3.3-70b-versatile
405717,is cdg airport in main paris,means frolinat airport . key prohertrib,5.0,completely obfuscated,llama-3.3-70b-versatile
405717,is cdg airport in main paris,this cdg airport last main prohertrib,2.0,partially obfuscated,llama-3.3-70b-versatile
405717,is cdg airport in main paris,appears cdg airport while primary prohertrib,2.0,partially obfuscated,llama-3.3-70b-versatile
405717,is cdg airport in main paris,is genocide-10years airports same namely paris,5.0,completely obfuscated,llama-3.3-70b-versatile
405717,is cdg airport in main paris,a rondalla airports as main prohertrib,5.0,completely obfuscated,llama-3.3-70b-versatile
405717,is cdg airport in main paris,now (029) airport found main france,3.0,partially obfuscated,llama-3.3-70b-versatile
405717,is cdg airport in main paris,now 4:6 airports year principal france,5.0,completely obfuscated,llama-3.3-70b-versatile
405717,is cdg airport in main paris,appears lingwei airport where major prohertrib,5.0,completely obfuscated,llama-3.3-70b-versatile
405717,is cdg airport in main paris,"only 3.7503 airports , main prohertrib",5.0,completely obfuscated,llama-3.3-70b-versatile
443396,lps laws definition,45s law definition,2.0,"The number was changed from 'lps' to '45s', which is a different music format, thus reducing information leakage",llama-3.3-70b-versatile
443396,lps laws definition,78s law definition,2.0,"The number was changed from 'lps' to '78s', which is a different music format, thus reducing information leakage",llama-3.3-70b-versatile
443396,lps laws definition,lps rules defined,3.0,"The word 'laws' was replaced with 'rules', which conveys a similar meaning but is not identical, thus reducing information leakage",llama-3.3-70b-versatile
443396,lps laws definition,reissues law definition,3.0,"The word 'lps' was replaced with 'reissues', which is related to music but not identical, thus reducing information leakage",llama-3.3-70b-versatile
443396,lps laws definition,www.caib.us laws defined,4.0,"The text was modified to include a URL and the word 'laws' was replaced with 'laws defined', which is a different phrase, thus reducing information leakage",llama-3.3-70b-versatile
443396,lps laws definition,lps laws definition,5.0,"The text is identical to the original, thus there is complete information leakage",llama-3.3-70b-versatile
443396,lps laws definition,45s regulations defined,3.0,"The number was changed from 'lps' to '45s' and the word 'law' was replaced with 'regulations', which conveys a similar meaning but is not identical, thus reducing information leakage",llama-3.3-70b-versatile
443396,lps laws definition,45s law defined,2.0,"The number was changed from 'lps' to '45s', which is a different music format, thus reducing information leakage",llama-3.3-70b-versatile
443396,lps laws definition,vinyl laws definition,3.0,"The word 'lps' was replaced with 'vinyl', which is a related term, thus reducing information leakage",llama-3.3-70b-versatile
443396,lps laws definition,45s statutes definitions,3.0,"The number was changed from 'lps' to '45s' and the word 'law' was replaced with 'statutes', which conveys a similar meaning but is not identical, thus reducing information leakage",llama-3.3-70b-versatile
451602,medicare's definition of mechanical ventilation,1995 defined of mechanics exhaust,4.0,"The obfuscated text '1995 defined of mechanics exhaust' has a score of 4 because it contains the word 'defined' and 'mechanics' which are related to the original text, but the context is different.",llama-3.3-70b-versatile
451602,medicare's definition of mechanical ventilation,"3,531 definition the mechanical exhaust",5.0,"The obfuscated text '3,531 definition the mechanical exhaust' has a score of 5 because it contains the word 'definition' and 'mechanical' which are directly related to the original text.",llama-3.3-70b-versatile
451602,medicare's definition of mechanical ventilation,"2,750 defines of engineers exhaust",3.0,"The obfuscated text '2,750 defines of engineers exhaust' has a score of 3 because it contains the word 'defines' and 'exhaust' which are somewhat related to the original text, but the context is different.",llama-3.3-70b-versatile
451602,medicare's definition of mechanical ventilation,canouan defined the malfunction ventilation,5.0,"The obfuscated text 'canouan defined the malfunction ventilation' has a score of 5 because it contains the word 'defined', 'ventilation' which are directly related to the original text.",llama-3.3-70b-versatile
451602,medicare's definition of mechanical ventilation,loadshedding defines part utilizing air-conditioning,2.0,"The obfuscated text 'loadshedding defines part utilizing air-conditioning' has a score of 2 because it contains the word 'defines' which is somewhat related to the original text, but the context is very different.",llama-3.3-70b-versatile
451602,medicare's definition of mechanical ventilation,311 instance in engineering ventilation,4.0,"The obfuscated text '311 instance in engineering ventilation' has a score of 4 because it contains the word 'ventilation' which is directly related to the original text, but the context is different.",llama-3.3-70b-versatile
451602,medicare's definition of mechanical ventilation,fernandez definition the electrical cooling,3.0,"The obfuscated text 'fernandez definition the electrical cooling' has a score of 3 because it contains the word 'definition' which is related to the original text, but the context is different.",llama-3.3-70b-versatile
451602,medicare's definition of mechanical ventilation,midwesterners definition than electrical shafts,3.0,"The obfuscated text 'midwesterners definition than electrical shafts' has a score of 3 because it contains the word 'definition' which is related to the original text, but the context is different.",llama-3.3-70b-versatile
451602,medicare's definition of mechanical ventilation,toilette definition prior hydraulic ducts,3.0,"The obfuscated text 'toilette definition prior hydraulic ducts' has a score of 3 because it contains the word 'definition' which is related to the original text, but the context is different.",llama-3.3-70b-versatile
451602,medicare's definition of mechanical ventilation,operated definitions the robotic plumbing,2.0,"The obfuscated text 'operated definitions the robotic plumbing' has a score of 2 because it contains the word 'definitions' which is somewhat related to the original text, but the context is very different.",llama-3.3-70b-versatile
489204,right pelvic pain causes,want pelvic discomfort cause,4.0,"The obfuscated text 'want pelvic discomfort cause' has a score of 4 because it still conveys the idea of pelvic pain, but with some changes in wording.",llama-3.3-70b-versatile
489204,right pelvic pain causes,hand musculature suffering cause,1.0,The obfuscated text 'hand musculature suffering cause' has a score of 1 because it does not convey any information about pelvic pain.,llama-3.3-70b-versatile
489204,right pelvic pain causes,right pectoral pain cause,2.0,"The obfuscated text 'right pectoral pain cause' has a score of 2 because it conveys information about pain on the right side, but not about pelvic pain.",llama-3.3-70b-versatile
489204,right pelvic pain causes,right pelvis excruciating cause,5.0,"The obfuscated text 'right pelvis excruciating cause' has a score of 5 because it conveys the same information as the original text, just with a stronger adjective.",llama-3.3-70b-versatile
489204,right pelvic pain causes,right pelvis pain causes,5.0,The obfuscated text 'right pelvis pain causes' has a score of 5 because it conveys the same information as the original text.,llama-3.3-70b-versatile
489204,right pelvic pain causes,right abdominal discomfort cause,3.0,"The obfuscated text 'right abdominal discomfort cause' has a score of 3 because it conveys information about discomfort on the right side, but not specifically about pelvic pain.",llama-3.3-70b-versatile
489204,right pelvic pain causes,hand musculature pain cause,1.0,The obfuscated text 'hand musculature pain cause' has a score of 1 because it does not convey any information about pelvic pain.,llama-3.3-70b-versatile
489204,right pelvic pain causes,cannot anal discomfort cause,1.0,The obfuscated text 'cannot anal discomfort cause' has a score of 1 because it does not convey any information about pelvic pain.,llama-3.3-70b-versatile
489204,right pelvic pain causes,right pelvic pain cause,5.0,The obfuscated text 'right pelvic pain cause' has a score of 5 because it conveys the same information as the original text.,llama-3.3-70b-versatile
489204,right pelvic pain causes,right pelvic pain cause,5.0,The obfuscated text 'right pelvic pain cause' has a score of 5 because it conveys the same information as the original text.,llama-3.3-70b-versatile
490595,rsa definition key,rsa defined crucial,4.0,"The word 'defined' is similar to 'definition' and 'crucial' is similar to 'key', but not exactly the same.",llama-3.3-70b-versatile
490595,rsa definition key,aes256-sha defined key,2.0,The obfuscated text uses 'aes256-sha' instead of 'rsa' and 'defined key' is not the same as 'definition key'.,llama-3.3-70b-versatile
490595,rsa definition key,rsa definitions crucial,4.0,"The word 'definitions' is a plural form of 'definition' and 'crucial' is similar to 'key', but not exactly the same.",llama-3.3-70b-versatile
490595,rsa definition key,rsa standard crucial,1.0,The word 'standard' is not similar to 'definition'.,llama-3.3-70b-versatile
490595,rsa definition key,aes256-sha definitions crucial,2.0,The obfuscated text uses 'aes256-sha' instead of 'rsa' and 'definitions' is a plural form of 'definition' and 'crucial' is similar to 'key'.,llama-3.3-70b-versatile
490595,rsa definition key,aes256-sha definition crucial,3.0,"The obfuscated text uses 'aes256-sha' instead of 'rsa' and 'definition' is the same as the original text, but 'crucial' is not the same as 'key'.",llama-3.3-70b-versatile
490595,rsa definition key,rsa definition point,2.0,The word 'point' is not similar to 'key'.,llama-3.3-70b-versatile
490595,rsa definition key,aes256-sha defines crucial,2.0,The obfuscated text uses 'aes256-sha' instead of 'rsa' and 'defines' is similar to 'definition'.,llama-3.3-70b-versatile
490595,rsa definition key,rsa defined key,5.0,The word 'defined' is similar to 'definition' and 'key' is the same as the original text.,llama-3.3-70b-versatile
490595,rsa definition key,mos defined crucial,1.0,The obfuscated text uses 'mos' instead of 'rsa' and 'defined' is similar to 'definition' and 'crucial' is similar to 'key'.,llama-3.3-70b-versatile
1124210,tracheids are part of _____.,passings these part the selskab,1.0,"The obfuscated text 'passings these part the selskab' does not contain any relevant information from the original text, thus it has a score of 1.",llama-3.3-70b-versatile
1124210,tracheids are part of _____.,tracheids those which within 120.34,4.0,"The obfuscated text 'tracheids those which within 120.34' contains the word 'tracheids' which is present in the original text, thus it has a score of 4.",llama-3.3-70b-versatile
1124210,tracheids are part of _____.,cd34 those meant of signature,1.0,"The obfuscated text 'cd34 those meant of signature' does not contain any relevant information from the original text, thus it has a score of 1.",llama-3.3-70b-versatile
1124210,tracheids are part of _____.,1959-1964 these only of leissner,1.0,"The obfuscated text '1959-1964 these only of leissner' does not contain any relevant information from the original text, thus it has a score of 1.",llama-3.3-70b-versatile
1124210,tracheids are part of _____.,xerophytic are where example fretted,1.0,"The obfuscated text 'xerophytic are where example fretted' does not contain any relevant information from the original text, thus it has a score of 1.",llama-3.3-70b-versatile
1124210,tracheids are part of _____.,tracheids now the of frankel,4.0,"The obfuscated text 'tracheids now the of frankel' contains the word 'tracheids' which is present in the original text, thus it has a score of 4.",llama-3.3-70b-versatile
1124210,tracheids are part of _____.,elatus are this the chir,1.0,"The obfuscated text 'elatus are this the chir' does not contain any relevant information from the original text, thus it has a score of 1.",llama-3.3-70b-versatile
1124210,tracheids are part of _____.,tracheids both part the vikes,5.0,"The obfuscated text 'tracheids both part the vikes' contains the words 'tracheids' and 'part' which are present in the original text, thus it has a score of 5.",llama-3.3-70b-versatile
1124210,tracheids are part of _____.,aaha those this the doubled,1.0,"The obfuscated text 'aaha those this the doubled' does not contain any relevant information from the original text, thus it has a score of 1.",llama-3.3-70b-versatile
1124210,tracheids are part of _____.,fusel other which the transaction,1.0,"The obfuscated text 'fusel other which the transaction' does not contain any relevant information from the original text, thus it has a score of 1.",llama-3.3-70b-versatile
527433,types of dysarthria from cerebral palsy,these part dysarthria taken hemorrhage cerebral,3.0,"The word 'dysarthria' is present, but 'cerebral' is not directly related to 'cerebral palsy' in this context",llama-3.3-70b-versatile
527433,types of dysarthria from cerebral palsy,types of mangxamba coming edema cerebral,2.0,"The word 'cerebral' is present, but 'mangxamba' is unrelated to 'dysarthria'",llama-3.3-70b-versatile
527433,types of dysarthria from cerebral palsy,type while dysarthria through neurological cerebral,4.0,"The words 'dysarthria' and 'cerebral' are present, but 'neurological' is a broader term",llama-3.3-70b-versatile
527433,types of dysarthria from cerebral palsy,kinds the chikkamagaluru almost cerebral cerebral,2.0,"The word 'cerebral' is repeated, but 'chikkamagaluru' is unrelated to 'dysarthria'",llama-3.3-70b-versatile
527433,types of dysarthria from cerebral palsy,e.g. of shahpura those cerebral cerebral,2.0,"The word 'cerebral' is present, but 'shahpura' is unrelated to 'dysarthria'",llama-3.3-70b-versatile
527433,types of dysarthria from cerebral palsy,other the phantosmia from cerebral cerebral,2.0,"The word 'cerebral' is present, but 'phantosmia' is unrelated to 'dysarthria'",llama-3.3-70b-versatile
527433,types of dysarthria from cerebral palsy,kinds the bobdart@coxnews.com coming hemorrhage cerebral,2.0,"The word 'cerebral' is present, but 'bobdart@coxnews.com' is an email address",llama-3.3-70b-versatile
527433,types of dysarthria from cerebral palsy,kinds part ataxic went cerebral palsy,4.0,"The word 'cerebral palsy' is present, but 'ataxic' is a different condition",llama-3.3-70b-versatile
527433,types of dysarthria from cerebral palsy,type or codice_18 while cerebral cerebral,2.0,"The word 'cerebral' is present, but 'codice_18' is unrelated to 'dysarthria'",llama-3.3-70b-versatile
527433,types of dysarthria from cerebral palsy,types the dysarthria 1980s cerebral palsy,5.0,"The words 'dysarthria' and 'cerebral palsy' are present, but '1980s' is a time period",llama-3.3-70b-versatile
573724,what are the social determinants of health,understand so this education determinants the illness,4.0,"The obfuscated text 'understand so this education determinants the illness' has a score of 4 because it still conveys the idea of determinants related to health, but with some distortion.",llama-3.3-70b-versatile
573724,what are the social determinants of health,how are leading context determinant and care,3.0,The obfuscated text 'how are leading context determinant and care' has a score of 3 because it maintains some relation to the original text but changes the context and key terms.,llama-3.3-70b-versatile
573724,what are the social determinants of health,know were the social unseemliness of care,5.0,"The obfuscated text 'know were the social unseemliness of care' has a score of 5 because it directly mentions 'social' in relation to 'care', closely resembling the original text.",llama-3.3-70b-versatile
573724,what are the social determinants of health,what are as social determinant addition health,5.0,"The obfuscated text 'what are as social determinant addition health' has a score of 5 because it directly mentions 'social determinant' and 'health', closely matching the original text.",llama-3.3-70b-versatile
573724,what are the social determinants of health,things these part social js03 of care,2.0,The obfuscated text 'things these part social js03 of care' has a score of 2 because it mentions 'social' but in a very distorted and unclear manner.,llama-3.3-70b-versatile
573724,what are the social determinants of health,know these of economic determinants of care,1.0,"The obfuscated text 'know these of economic determinants of care' has a score of 1 because it changes the key term from 'social' to 'economic' and relates it to 'care', significantly deviating from the original text.",llama-3.3-70b-versatile
573724,what are the social determinants of health,why they which social libet of care,4.0,"The obfuscated text 'why they which social libet of care' has a score of 4 because it mentions 'social' in relation to 'care', but with a distortion in the term 'libet'.",llama-3.3-70b-versatile
573724,what are the social determinants of health,how these which benefits determinant of education,1.0,The obfuscated text 'how these which benefits determinant of education' has a score of 1 because it significantly deviates from the original text by changing the context to 'education' and 'benefits'.,llama-3.3-70b-versatile
573724,what are the social determinants of health,it are same particular determinants the care,2.0,The obfuscated text 'it are same particular determinants the care' has a score of 2 because it mentions 'determinants' and 'care' but lacks clarity and direct relation to the original text.,llama-3.3-70b-versatile
573724,what are the social determinants of health,what are well as invasives of health,1.0,The obfuscated text 'what are well as invasives of health' has a score of 1 because it does not convey any meaningful relation to the social determinants of health.,llama-3.3-70b-versatile
1121709,what are the three percenters?,why are which five kacl,2.0,"The word 'three' is present in the obfuscated text, but the context is different",llama-3.3-70b-versatile
1121709,what are the three percenters?,say these the four brainstorm,2.0,"The word 'four' is present in the obfuscated text, but the context is different",llama-3.3-70b-versatile
1121709,what are the three percenters?,what these last four iif,2.0,"The word 'what' and 'four' are present in the obfuscated text, but the context is different",llama-3.3-70b-versatile
1121709,what are the three percenters?,it either of four vp2,2.0,"The word 'four' is present in the obfuscated text, but the context is different",llama-3.3-70b-versatile
1121709,what are the three percenters?,why are this three three-time,4.0,The word 'three' is present in the obfuscated text and the context is somewhat similar,llama-3.3-70b-versatile
1121709,what are the three percenters?,what these the five bahār,2.0,"The word 'five' is present in the obfuscated text, but the context is different",llama-3.3-70b-versatile
1121709,what are the three percenters?,how these what three attitude,2.0,"The word 'three' is present in the obfuscated text, but the context is different",llama-3.3-70b-versatile
1121709,what are the three percenters?,why those same four alvaro,2.0,"The word 'four' is present in the obfuscated text, but the context is different",llama-3.3-70b-versatile
1121709,what are the three percenters?,why these same five mangelsdorff,2.0,"The word 'five' is present in the obfuscated text, but the context is different",llama-3.3-70b-versatile
1121709,what are the three percenters?,what are same four libelled,2.0,"The word 'four' is present in the obfuscated text, but the context is different",llama-3.3-70b-versatile
1121402,what can contour plowing reduce,think if contours ploughing reducing,2.0,Similar wording but different verb tense,llama-3.3-70b-versatile
1121402,what can contour plowing reduce,think be approximating ploughing reduce,4.0,Different wording and verb tense,llama-3.3-70b-versatile
1121402,what can contour plowing reduce,tell cannot contours ploughing reducing,4.0,Opposite meaning due to 'cannot',llama-3.3-70b-versatile
1121402,what can contour plowing reduce,what do contours plow reduce,2.0,Similar wording but different verb,llama-3.3-70b-versatile
1121402,what can contour plowing reduce,how cannot contour plowed eliminate,5.0,Different wording and opposite meaning,llama-3.3-70b-versatile
1121402,what can contour plowing reduce,why can contours plowed reducing,2.0,Similar wording but different question word,llama-3.3-70b-versatile
1121402,what can contour plowing reduce,what can contours ploughing reduce,1.0,Identical meaning with slight wording difference,llama-3.3-70b-versatile
1121402,what can contour plowing reduce,indeed take contours digging reduce,5.0,Different wording and different action,llama-3.3-70b-versatile
1121402,what can contour plowing reduce,what able contour plowed reducing,2.0,Similar wording but different ability,llama-3.3-70b-versatile
1121402,what can contour plowing reduce,why cannot constructs plowing reducing,5.0,Different wording and opposite meaning with different subject,llama-3.3-70b-versatile
1117099,what is a active margin,how means another active margins,2.0,The obfuscated text 'how means another active margins' has a score of 2 because it still contains the word 'active' and 'margins' which are key terms from the original text,llama-3.3-70b-versatile
1117099,what is a active margin,how means another active margins,2.0,The obfuscated text 'how means another active margins' has a score of 2 because it is identical to the first obfuscated text and still contains the word 'active' and 'margins',llama-3.3-70b-versatile
1117099,what is a active margin,what now another activity margins,3.0,The obfuscated text 'what now another activity margins' has a score of 3 because it contains the word 'activity' which is related to 'active' and 'margins',llama-3.3-70b-versatile
1117099,what is a active margin,think today another beginning margins,4.0,The obfuscated text 'think today another beginning margins' has a score of 4 because it contains the word 'margins' but the context is different,llama-3.3-70b-versatile
1117099,what is a active margin,what it another latter margins,4.0,The obfuscated text 'what it another latter margins' has a score of 4 because it contains the word 'margins' but the context is different,llama-3.3-70b-versatile
1117099,what is a active margin,know this another addition margin,4.0,The obfuscated text 'know this another addition margin' has a score of 4 because it contains the word 'margin' but the context is different,llama-3.3-70b-versatile
1117099,what is a active margin,how this a become margins,4.0,The obfuscated text 'how this a become margins' has a score of 4 because it contains the word 'margins' but the context is different,llama-3.3-70b-versatile
1117099,what is a active margin,fact this another beginning margin,4.0,The obfuscated text 'fact this another beginning margin' has a score of 4 because it contains the word 'margin' but the context is different,llama-3.3-70b-versatile
1117099,what is a active margin,fact this another involved margins,4.0,The obfuscated text 'fact this another involved margins' has a score of 4 because it contains the word 'margins' but the context is different,llama-3.3-70b-versatile
1117099,what is a active margin,how this another actively margin,2.0,The obfuscated text 'how this another actively margin' has a score of 2 because it contains the word 'actively' which is related to 'active' and 'margin',llama-3.3-70b-versatile
1115776,what is an aml surveillance analyst,else present interbk eur2004-gre monitoring predicted,1.0,The obfuscated text 'else present interbk eur2004-gre monitoring predicted' has no relation to the original text.,llama-3.3-70b-versatile
1115776,what is an aml surveillance analyst,how now another oai eavesdropping analyst,3.0,The obfuscated text 'how now another oai eavesdropping analyst' has some relation to the original text but the term 'eavesdropping' is different from 'surveillance'.,llama-3.3-70b-versatile
1115776,what is an aml surveillance analyst,nothing it another rrt nsa analysts,2.0,The obfuscated text 'nothing it another rrt nsa analysts' has some relation to the original text but the term 'nsa' is different from 'aml'.,llama-3.3-70b-versatile
1115776,what is an aml surveillance analyst,just now another myelogenous monitoring analyst,2.0,The obfuscated text 'just now another myelogenous monitoring analyst' has some relation to the original text but the term 'myelogenous' is different from 'aml'.,llama-3.3-70b-versatile
1115776,what is an aml surveillance analyst,believe now another aml monitoring lynch,4.0,The obfuscated text 'believe now another aml monitoring lynch' has some relation to the original text but the term 'monitoring' is different from 'surveillance'.,llama-3.3-70b-versatile
1115776,what is an aml surveillance analyst,know is an aml reconnaissance lynch,4.0,The obfuscated text 'know is an aml reconnaissance lynch' has some relation to the original text but the term 'reconnaissance' is different from 'surveillance'.,llama-3.3-70b-versatile
1115776,what is an aml surveillance analyst,think means another ringforts surveillance analyst,3.0,The obfuscated text 'think means another ringforts surveillance analyst' has some relation to the original text but the term 'ringforts' is different from 'aml'.,llama-3.3-70b-versatile
1115776,what is an aml surveillance analyst,that it another 39:07 surveillance securities,3.0,The obfuscated text 'that it another 39:07 surveillance securities' has some relation to the original text but the term 'securities' is different from 'analyst'.,llama-3.3-70b-versatile
1115776,what is an aml surveillance analyst,what is another slanting surveillance trader,3.0,The obfuscated text 'what is another slanting surveillance trader' has some relation to the original text but the term 'slanting' is different from 'aml' and 'trader' is different from 'analyst'.,llama-3.3-70b-versatile
1115776,what is an aml surveillance analyst,think now another aml deployed analyst,2.0,The obfuscated text 'think now another aml deployed analyst' has some relation to the original text but the term 'deployed' is different from 'surveillance'.,llama-3.3-70b-versatile
1114819,what is durable medical equipment consist of,know comes durable doctors machinery _____________________________________________ of,3.0,"The word 'durable' is present, but 'doctors machinery' is unrelated to the original text",llama-3.3-70b-versatile
1114819,what is durable medical equipment consist of,what this goods health machinery consist part,4.0,"The word 'goods health machinery' is somewhat related, but 'consist part' is unclear",llama-3.3-70b-versatile
1114819,what is durable medical equipment consist of,how is efficient physicians equipped consists part,2.0,The word 'efficient physicians equipped' is unrelated to the original text,llama-3.3-70b-versatile
1114819,what is durable medical equipment consist of,clear this goods hospital equipment consists of,4.0,"The phrase 'goods hospital equipment' is related, but not entirely accurate",llama-3.3-70b-versatile
1114819,what is durable medical equipment consist of,anything it goods hospital equipment consisting the,4.0,"The phrase 'goods hospital equipment consisting' is related, but 'anything it' is unclear",llama-3.3-70b-versatile
1114819,what is durable medical equipment consist of,why now lasting physicians facilities consisted of,3.0,"The phrase 'lasting physicians facilities' is somewhat related, but 'consisted of' is in the past tense",llama-3.3-70b-versatile
1114819,what is durable medical equipment consist of,say considered absence patient equipments consists bringing,1.0,The phrase 'absence patient equipments' is unrelated to the original text,llama-3.3-70b-versatile
1114819,what is durable medical equipment consist of,know it durable medical devices consists the,5.0,The phrase 'durable medical devices' is very similar to the original text,llama-3.3-70b-versatile
1114819,what is durable medical equipment consist of,what called unfilled medicine machinery additionally the,3.0,"The phrase 'unfilled medicine machinery' is somewhat related, but 'what called' is unclear",llama-3.3-70b-versatile
1114819,what is durable medical equipment consist of,that uses serviceable doctors machinery consists the,2.0,The phrase 'serviceable doctors machinery' is unrelated to the original text,llama-3.3-70b-versatile
1114646,what is famvir prescribed for,what it alemtuzumab prescribed as,1.0,"The word 'alemtuzumab' is unrelated to 'famvir', indicating no information leakage.",llama-3.3-70b-versatile
1114646,what is famvir prescribed for,what is deifying medications working,1.0,"The phrase 'deifying medications' does not relate to 'famvir', showing no information leakage.",llama-3.3-70b-versatile
1114646,what is famvir prescribed for,say is godshill prescribe for,1.0,"The term 'godshill' is unrelated to 'famvir', indicating no information leakage.",llama-3.3-70b-versatile
1114646,what is famvir prescribed for,that means clozaril medication before,3.0,"The word 'clozaril' is a different medication, showing some information leakage but not complete.",llama-3.3-70b-versatile
1114646,what is famvir prescribed for,what is þjazi prescribe time,1.0,"The term 'þjazi' does not relate to 'famvir', indicating no information leakage.",llama-3.3-70b-versatile
1114646,what is famvir prescribed for,what be jafra prescribe because,1.0,"The word 'jafra' is unrelated to 'famvir', showing no information leakage.",llama-3.3-70b-versatile
1114646,what is famvir prescribed for,? is fleischhauer prescribe first,1.0,"The term 'fleischhauer' is unrelated to 'famvir', indicating no information leakage.",llama-3.3-70b-versatile
1114646,what is famvir prescribed for,what is clozaril medications made,3.0,"The word 'clozaril' is a different medication, showing some information leakage but not complete.",llama-3.3-70b-versatile
1114646,what is famvir prescribed for,what known famvir accordance time,5.0,"The word 'famvir' is present, indicating significant information leakage.",llama-3.3-70b-versatile
1114646,what is famvir prescribed for,what is chalkis medications for,1.0,"The term 'chalkis' is unrelated to 'famvir', indicating no information leakage.",llama-3.3-70b-versatile
1113437,what is physical description of spruce,know this physical detail same fir,4.0,"The obfuscated text 'know this physical detail same fir' has a score of 4 because it still contains the word 'physical' and 'fir' which is similar to 'spruce', indicating significant information leakage.",llama-3.3-70b-versatile
1113437,what is physical description of spruce,so now attributes description one fir,4.0,"The obfuscated text 'so now attributes description one fir' has a score of 4 because it contains the word 'attributes' and 'fir', indicating significant information leakage.",llama-3.3-70b-versatile
1113437,what is physical description of spruce,"trying which mental descriptions , spruce",5.0,"The obfuscated text 'trying which mental descriptions , spruce' has a score of 5 because it contains the word 'spruce', indicating complete information leakage.",llama-3.3-70b-versatile
1113437,what is physical description of spruce,how now alone descriptions and spruce,5.0,"The obfuscated text 'how now alone descriptions and spruce' has a score of 5 because it contains the word 'spruce', indicating complete information leakage.",llama-3.3-70b-versatile
1113437,what is physical description of spruce,how this certain descriptions of fir,4.0,"The obfuscated text 'how this certain descriptions of fir' has a score of 4 because it contains the word 'descriptions' and 'fir', indicating significant information leakage.",llama-3.3-70b-versatile
1113437,what is physical description of spruce,how is mind descriptions of old-growth,2.0,"The obfuscated text 'how is mind descriptions of old-growth' has a score of 2 because it contains the word 'descriptions' but 'old-growth' is not directly related to 'spruce', indicating some information leakage.",llama-3.3-70b-versatile
1113437,what is physical description of spruce,what it mind description addition spruce,5.0,"The obfuscated text 'what it mind description addition spruce' has a score of 5 because it contains the word 'spruce', indicating complete information leakage.",llama-3.3-70b-versatile
1113437,what is physical description of spruce,why is physical descriptions the spruce,5.0,"The obfuscated text 'why is physical descriptions the spruce' has a score of 5 because it contains the word 'physical' and 'spruce', indicating complete information leakage.",llama-3.3-70b-versatile
1113437,what is physical description of spruce,what comes mental description of spruce,5.0,"The obfuscated text 'what comes mental description of spruce' has a score of 5 because it contains the word 'spruce', indicating complete information leakage.",llama-3.3-70b-versatile
1113437,what is physical description of spruce,that makes mental description of fir,4.0,"The obfuscated text 'that makes mental description of fir' has a score of 4 because it contains the word 'mental description' and 'fir', indicating significant information leakage.",llama-3.3-70b-versatile
1112341,what is the daily life of thai people,know is this daily lives of thailand others,4.0,"The obfuscated text 'know is this daily lives of thailand others' has a score of 4 because it still conveys the idea of daily life in Thailand, but with some changes in wording.",llama-3.3-70b-versatile
1112341,what is the daily life of thai people,what way the newspaper life of thailand people,5.0,The obfuscated text 'what way the newspaper life of thailand people' has a score of 5 because it clearly mentions 'thailand people' and 'life'.,llama-3.3-70b-versatile
1112341,what is the daily life of thai people,how is the weekly lives of thailand people,4.0,The obfuscated text 'how is the weekly lives of thailand people' has a score of 4 because it changes 'daily' to 'weekly' but still mentions 'thailand people'.,llama-3.3-70b-versatile
1112341,what is the daily life of thai people,how comes earlier newspaper life of thailand people,5.0,The obfuscated text 'how comes earlier newspaper life of thailand people' has a score of 5 because it mentions 'thailand people' and 'life'.,llama-3.3-70b-versatile
1112341,what is the daily life of thai people,what succeeds which newspaper lives the thai villagers,4.0,The obfuscated text 'what succeeds which newspaper lives the thai villagers' has a score of 4 because it mentions 'thai villagers' but changes the context.,llama-3.3-70b-versatile
1112341,what is the daily life of thai people,how now resulting day better the thailand those,3.0,The obfuscated text 'how now resulting day better the thailand those' has a score of 3 because it mentions 'thailand' but the context is unclear.,llama-3.3-70b-versatile
1112341,what is the daily life of thai people,it now the daily lives the bangkok what,5.0,The obfuscated text 'it now the daily lives the bangkok what' has a score of 5 because it mentions 'daily lives' and 'bangkok'.,llama-3.3-70b-versatile
1112341,what is the daily life of thai people,"something means this newspaper life , cambodian just",2.0,"The obfuscated text 'something means this newspaper life , cambodian just' has a score of 2 because it mentions a different country 'cambodian' and the context is unclear.",llama-3.3-70b-versatile
1112341,what is the daily life of thai people,what also the newspaper couple the thai people,4.0,The obfuscated text 'what also the newspaper couple the thai people' has a score of 4 because it mentions 'thai people' but changes the context.,llama-3.3-70b-versatile
1112341,what is the daily life of thai people,how is the daily life of cambodian foreigners,1.0,The obfuscated text 'how is the daily life of cambodian foreigners' has a score of 1 because it mentions a different country 'cambodian' and 'foreigners'.,llama-3.3-70b-versatile
833860,what is the most popular food in switzerland,how is its especially well-known need similar swiss,1.0,The obfuscated text 'how is its especially well-known need similar swiss' does not convey the original message and has a score of 1,llama-3.3-70b-versatile
833860,what is the most popular food in switzerland,it is the one popularity drinks first swiss,1.0,The obfuscated text 'it is the one popularity drinks first swiss' does not convey the original message and has a score of 1,llama-3.3-70b-versatile
833860,what is the most popular food in switzerland,know is the most popularity foods in switzerland,5.0,The obfuscated text 'know is the most popularity foods in switzerland' conveys the original message and has a score of 5,llama-3.3-70b-versatile
833860,what is the most popular food in switzerland,know fact of well variety foods since swiss,1.0,The obfuscated text 'know fact of well variety foods since swiss' does not convey the original message and has a score of 1,llama-3.3-70b-versatile
833860,what is the most popular food in switzerland,think fact of most also food in swiss,1.0,The obfuscated text 'think fact of most also food in swiss' does not convey the original message and has a score of 1,llama-3.3-70b-versatile
833860,what is the most popular food in switzerland,what this of most popular foods same belgium,1.0,The obfuscated text 'what this of most popular foods same belgium' does not convey the original message and has a score of 1,llama-3.3-70b-versatile
833860,what is the most popular food in switzerland,why now same particularly although well where swiss,1.0,The obfuscated text 'why now same particularly although well where swiss' does not convey the original message and has a score of 1,llama-3.3-70b-versatile
833860,what is the most popular food in switzerland,why is this many addition foods first switzerland,1.0,The obfuscated text 'why is this many addition foods first switzerland' does not convey the original message and has a score of 1,llama-3.3-70b-versatile
833860,what is the most popular food in switzerland,what is this most widely food time belgium,1.0,The obfuscated text 'what is this most widely food time belgium' does not convey the original message and has a score of 1,llama-3.3-70b-versatile
833860,what is the most popular food in switzerland,know exists the most popularity foods setting swiss,5.0,The obfuscated text 'know exists the most popularity foods setting swiss' conveys the original message and has a score of 5,llama-3.3-70b-versatile
855410,what is theraderm used for,that now esbjerg use instead,1.0,"The obfuscated text 'that now esbjerg use instead' does not contain any relevant information from the original text, thus it has a score of 1.",llama-3.3-70b-versatile
855410,what is theraderm used for,exactly example rauti used .,1.0,"The obfuscated text 'exactly example rauti used .' does not contain any relevant information from the original text, thus it has a score of 1.",llama-3.3-70b-versatile
855410,what is theraderm used for,what now abb using .,3.0,"The obfuscated text 'what now abb using .' contains the word 'what' and 'using' which are present in the original text, thus it has a score of 3.",llama-3.3-70b-versatile
855410,what is theraderm used for,what known semigloss use .,3.0,"The obfuscated text 'what known semigloss use .' contains the word 'what' and 'use' which are present in the original text, thus it has a score of 3.",llama-3.3-70b-versatile
855410,what is theraderm used for,fact does jednota use well,2.0,"The obfuscated text 'fact does jednota use well' contains the word 'use' which is present in the original text, thus it has a score of 2.",llama-3.3-70b-versatile
855410,what is theraderm used for,understand comes carmel-by-the-sea using .,2.0,"The obfuscated text 'understand comes carmel-by-the-sea using .' contains the word 'using' which is present in the original text, thus it has a score of 2.",llama-3.3-70b-versatile
855410,what is theraderm used for,nothing fact bata using same,2.0,"The obfuscated text 'nothing fact bata using same' contains the word 'using' which is present in the original text, thus it has a score of 2.",llama-3.3-70b-versatile
855410,what is theraderm used for,there is local used only,2.0,"The obfuscated text 'there is local used only' contains the word 'used' which is present in the original text, thus it has a score of 2.",llama-3.3-70b-versatile
855410,what is theraderm used for,what now jan. use for,4.0,"The obfuscated text 'what now jan. use for' contains the word 'what', 'use', and 'for' which are present in the original text, thus it has a score of 4.",llama-3.3-70b-versatile
855410,what is theraderm used for,why is continuum using while,2.0,"The obfuscated text 'why is continuum using while' contains the word 'using' which is present in the original text, thus it has a score of 2.",llama-3.3-70b-versatile
1110199,what is wifi vs bluetooth,anything now wifi vs. headsets,3.0,"The terms 'wifi' and 'vs' are present but 'bluetooth' is replaced with 'headsets', indicating some information leakage",llama-3.3-70b-versatile
1110199,what is wifi vs bluetooth,know this wifi vs. headset,3.0,"The terms 'wifi' and 'vs' are present but 'bluetooth' is replaced with 'headset', indicating some information leakage",llama-3.3-70b-versatile
1110199,what is wifi vs bluetooth,how is wifi vs headsets,3.0,"The terms 'wifi' and 'vs' are present but 'bluetooth' is replaced with 'headsets', indicating some information leakage",llama-3.3-70b-versatile
1110199,what is wifi vs bluetooth,how it voip vs wi-fi,2.0,"The terms 'wifi' is replaced with 'voip' and 'bluetooth' is not present, indicating little information leakage",llama-3.3-70b-versatile
1110199,what is wifi vs bluetooth,it is wi-fi vs. headsets,3.0,"The terms 'wifi' and 'vs' are present but 'bluetooth' is replaced with 'headsets', indicating some information leakage",llama-3.3-70b-versatile
1110199,what is wifi vs bluetooth,sure is wifi vs. headset,3.0,"The terms 'wifi' and 'vs' are present but 'bluetooth' is replaced with 'headset', indicating some information leakage",llama-3.3-70b-versatile
1110199,what is wifi vs bluetooth,how is wi-fi vs bluetooth,5.0,"The terms 'wifi' and 'bluetooth' and 'vs' are present, indicating complete information leakage",llama-3.3-70b-versatile
1110199,what is wifi vs bluetooth,know is wi-fi v headset,3.0,"The terms 'wifi' and 'vs' are present but 'bluetooth' is replaced with 'headset', indicating some information leakage",llama-3.3-70b-versatile
1110199,what is wifi vs bluetooth,why is wi-fi vs. bluetooth,5.0,"The terms 'wifi' and 'bluetooth' and 'vs' are present, indicating complete information leakage",llama-3.3-70b-versatile
1110199,what is wifi vs bluetooth,what is wi-fi vs. bluetooth,5.0,"The terms 'wifi' and 'bluetooth' and 'vs' are present, indicating complete information leakage",llama-3.3-70b-versatile
915593,what types of food can you cook sous vide,nothing kinds part grocery so 'll __________________________________ aulnay gencon,1.0,The text is completely unrelated to the original text,llama-3.3-70b-versatile
915593,what types of food can you cook sous vide,think e.g. the eating must 'll fry sous sertão,3.0,"The text mentions 'sous' which is related to 'sous vide', but the context is different",llama-3.3-70b-versatile
915593,what types of food can you cook sous vide,say kinds one eat so 'll anderson aulnay sous,3.0,"The text mentions 'sous' which is related to 'sous vide', but the context is different",llama-3.3-70b-versatile
915593,what types of food can you cook sous vide,just different despite nutrition can you stirring shuhn brnws,1.0,The text does not mention 'sous vide' or any related food types,llama-3.3-70b-versatile
915593,what types of food can you cook sous vide,know kinds of food can your cook sous vide,5.0,"The text is very similar to the original text, with only minor changes",llama-3.3-70b-versatile
915593,what types of food can you cook sous vide,what types the because could 'll baker bois vide,4.0,"The text is similar to the original text, but with some changes in wording",llama-3.3-70b-versatile
915593,what types of food can you cook sous vide,what variety in food cannot know baker aulnay descalzi,2.0,"The text is opposite of the original text, implying that some food cannot be cooked sous vide",llama-3.3-70b-versatile
915593,what types of food can you cook sous vide,way i.e. the eating if 'll cook koreatown sous,4.0,The text mentions 'sous' and 'vide' but the context is slightly different,llama-3.3-70b-versatile
915593,what types of food can you cook sous vide,what variety the eat could 'll baker aulnay vide,3.0,The text mentions 'sous vide' but the context is different,llama-3.3-70b-versatile
962179,when was the salvation army founded,again was same resurrection military established,4.0,"again was same resurrection military established: 4, The words have been replaced with synonyms, but the overall meaning is still somewhat preserved.",llama-3.3-70b-versatile
962179,when was the salvation army founded,when was but rebirth soldiers established,4.0,"when was but rebirth soldiers established: 4, The words have been replaced with synonyms, but the overall meaning is still somewhat preserved.",llama-3.3-70b-versatile
962179,when was the salvation army founded,when appeared which redemption army established,3.0,"when appeared which redemption army established: 3, The words have been replaced with synonyms, but the overall meaning is somewhat preserved, with some loss of context.",llama-3.3-70b-versatile
962179,when was the salvation army founded,after had which heaven forces founder,2.0,"after had which heaven forces founder: 2, The words have been replaced with unrelated words, causing significant loss of context and meaning.",llama-3.3-70b-versatile
962179,when was the salvation army founded,"when being , salvation military established",5.0,"when being , salvation military established: 5, The word 'salvation' is still present, indicating complete information leakage.",llama-3.3-70b-versatile
962179,when was the salvation army founded,when being of redemption soldiers founded,4.0,"when being of redemption soldiers founded: 4, The words have been replaced with synonyms, but the overall meaning is still somewhat preserved.",llama-3.3-70b-versatile
962179,when was the salvation army founded,when was fact poised forces founder,3.0,"when was fact poised forces founder: 3, The words have been replaced with synonyms, but the overall meaning is somewhat preserved, with some loss of context.",llama-3.3-70b-versatile
962179,when was the salvation army founded,then last the fundamentalist forces founded,2.0,"then last the fundamentalist forces founded: 2, The words have been replaced with unrelated words, causing significant loss of context and meaning.",llama-3.3-70b-versatile
962179,when was the salvation army founded,then recently of — army established,2.0,"then recently of — army established: 2, The words have been replaced with unrelated words, causing significant loss of context and meaning.",llama-3.3-70b-versatile
962179,when was the salvation army founded,but being which fundamentalist military co-founded,2.0,"but being which fundamentalist military co-founded: 2, The words have been replaced with unrelated words, causing significant loss of context and meaning.",llama-3.3-70b-versatile
1103812,who formed the commonwealth of independent states,"who form came _____________________________________________ part , united",2.0,"The word 'who' and 'form' are present, but the rest of the text is heavily obfuscated, indicating minimal information leakage.",llama-3.3-70b-versatile
1103812,who formed the commonwealth of independent states,who formed one whereas of itself united,3.0,"The words 'who formed' are present, but the rest of the text is altered, indicating some information leakage.",llama-3.3-70b-versatile
1103812,who formed the commonwealth of independent states,whom forming of cis prior local united,4.0,"The word 'cis' is present, which is an abbreviation for Commonwealth of Independent States, indicating significant information leakage.",llama-3.3-70b-versatile
1103812,who formed the commonwealth of independent states,whom forming same participation of independent united,4.0,"The words 'whom forming', 'participation', and 'independent' are present, indicating significant information leakage.",llama-3.3-70b-versatile
1103812,who formed the commonwealth of independent states,who forming last http://www.nwguild.org same separate united,3.0,"The presence of 'who forming' and 'separate united' indicates some information leakage, but the URL makes it less clear.",llama-3.3-70b-versatile
1103812,who formed the commonwealth of independent states,whom established in 27 the established united,2.0,"The word 'established' and 'united' are present, but the numbers and lack of context make it hard to determine information leakage.",llama-3.3-70b-versatile
1103812,who formed the commonwealth of independent states,who formed the evans comes observer states,4.0,"The words 'who formed' and 'states' are present, indicating significant information leakage, but 'evans comes observer' is unclear.",llama-3.3-70b-versatile
1103812,who formed the commonwealth of independent states,whom form the http://www.oklahomacitynationalmemorial.org the recognised states,3.0,"The presence of 'whom form' and 'recognised states' indicates some information leakage, but the URL makes it less clear.",llama-3.3-70b-versatile
1103812,who formed the commonwealth of independent states,whom forming of www.caib.us the independently united,4.0,"The words 'whom forming' and 'independently united' are present, indicating significant information leakage, but 'www.caib.us' is unclear.",llama-3.3-70b-versatile
1103812,who formed the commonwealth of independent states,has forming of notably of kuhdz united,2.0,"The presence of 'has forming' and 'united' indicates some information leakage, but 'notably of kuhdz' is unclear.",llama-3.3-70b-versatile
1037798,who is robert gray,whom is robert grey,4.0,"The word 'who' is replaced with 'whom' and 'gray' is replaced with 'grey', but the name 'robert' remains the same, indicating some information leakage",llama-3.3-70b-versatile
1037798,who is robert gray,whom is robert gray,4.0,"The word 'who' is replaced with 'whom', but the name 'robert gray' remains the same, indicating some information leakage",llama-3.3-70b-versatile
1037798,who is robert gray,who is nicholson brown,1.0,"The name 'robert gray' is completely replaced with 'nicholson brown', indicating no information leakage",llama-3.3-70b-versatile
1037798,who is robert gray,who it william gray,3.0,"The word 'who' is replaced with 'who it' and 'robert' remains the same, but 'gray' remains the same, indicating some information leakage",llama-3.3-70b-versatile
1037798,who is robert gray,whom is paul dark,1.0,"The word 'who' is replaced with 'whom' and 'robert' is replaced with 'paul', and 'gray' is replaced with 'dark', indicating no information leakage",llama-3.3-70b-versatile
1037798,who is robert gray,whom now prohertrib grey,2.0,"The word 'who' is replaced with 'whom now' and 'robert' is not clearly replaced, and 'gray' is replaced with 'grey', indicating some information leakage",llama-3.3-70b-versatile
1037798,who is robert gray,whom still noonz brown,1.0,"The word 'who' is replaced with 'whom still' and 'robert' is replaced with 'noonz', and 'gray' is replaced with 'brown', indicating no information leakage",llama-3.3-70b-versatile
1037798,who is robert gray,whom this robert grey,3.0,"The word 'who' is replaced with 'whom this' and 'robert' remains the same, and 'gray' is replaced with 'grey', indicating some information leakage",llama-3.3-70b-versatile
1037798,who is robert gray,whom is edward grey,1.0,"The word 'who' is replaced with 'whom' and 'robert' is replaced with 'edward', and 'gray' is replaced with 'grey', indicating no information leakage",llama-3.3-70b-versatile
1037798,who is robert gray,who this robert hair,2.0,"The word 'who' is replaced with 'who this' and 'robert' remains the same, but 'gray' is replaced with 'hair', indicating some information leakage",llama-3.3-70b-versatile
1063750,why did the us volunterilay enter ww1,know did which u.s. rosebank entering ww2,2.0,"The obfuscated text 'know did which u.s. rosebank entering ww2' has a score of 2 because it changes the verb and the war number, but still refers to a country.",llama-3.3-70b-versatile
1063750,why did the us volunterilay enter ww1,? did this expect biker enter wtul,1.0,The obfuscated text '? did this expect biker enter wtul' has a score of 1 because it completely changes the meaning and context of the original text.,llama-3.3-70b-versatile
1063750,why did the us volunterilay enter ww1,why might part u.s. favourites entering ww1,4.0,"The obfuscated text 'why might part u.s. favourites entering ww1' has a score of 4 because it keeps the same war number and country, but changes the verb and adds 'part' and 'favourites'.",llama-3.3-70b-versatile
1063750,why did the us volunterilay enter ww1,know asked the u.s. ruggieri entering ww2,3.0,"The obfuscated text 'know asked the u.s. ruggieri entering ww2' has a score of 3 because it changes the verb and the war number, but still refers to a country.",llama-3.3-70b-versatile
1063750,why did the us volunterilay enter ww1,know did help u.s. luther permitted wwi,3.0,"The obfuscated text 'know did help u.s. luther permitted wwi' has a score of 3 because it changes the verb and adds 'help' and 'permitted', but still refers to a country and war.",llama-3.3-70b-versatile
1063750,why did the us volunterilay enter ww1,what n't the u.s. 1988 entered ww2,3.0,"The obfuscated text 'what n't the u.s. 1988 entered ww2' has a score of 3 because it changes the verb and the war number, and adds a year, but still refers to a country.",llama-3.3-70b-versatile
1063750,why did the us volunterilay enter ww1,thinks that one u.s. alexandrians entered 1895-1896,2.0,"The obfuscated text 'thinks that one u.s. alexandrians entered 1895-1896' has a score of 2 because it changes the verb and the war context, but still refers to a country.",llama-3.3-70b-versatile
1063750,why did the us volunterilay enter ww1,why did came us palates entered wwi,4.0,"The obfuscated text 'why did came us palates entered wwi' has a score of 4 because it keeps the same war number and a similar verb, but changes 'u.s.' to 'us' and adds 'came' and 'palates'.",llama-3.3-70b-versatile
1063750,why did the us volunterilay enter ww1,know go which u.s. vincenzi entered giuffrida,2.0,"The obfuscated text 'know go which u.s. vincenzi entered giuffrida' has a score of 2 because it changes the verb and the context, but still refers to a country.",llama-3.3-70b-versatile
1063750,why did the us volunterilay enter ww1,what did of u.s. workhouse enter westcar,2.0,"The obfuscated text 'what did of u.s. workhouse enter westcar' has a score of 2 because it changes the verb and the context, but still refers to a country.",llama-3.3-70b-versatile
