id,text,obfuscatedText,score,justification,model
19335,anthropological definition of environment,sociological format of nature,1.0,"The word 'sociological' is different from 'anthropological' and 'format of nature' is different from 'definition of environment', so the score is 1",llama-3.3-70b-versatile
19335,anthropological definition of environment,ethnological definitions of legislation,1.0,"The word 'ethnological' is different from 'anthropological' and 'definitions of legislation' is different from 'definition of environment', so the score is 1",llama-3.3-70b-versatile
19335,anthropological definition of environment,philological definition the resources,1.0,"The word 'philological' is different from 'anthropological' and 'definition the resources' is different from 'definition of environment', so the score is 1",llama-3.3-70b-versatile
19335,anthropological definition of environment,sociological definitions addition environment,3.0,"The word 'sociological' is different from 'anthropological' but 'definitions addition environment' is similar to 'definition of environment', so the score is 3",llama-3.3-70b-versatile
19335,anthropological definition of environment,ethnological definitions initial environment,3.0,"The word 'ethnological' is different from 'anthropological' but 'definitions initial environment' is similar to 'definition of environment', so the score is 3",llama-3.3-70b-versatile
19335,anthropological definition of environment,archaeology definition the environments,2.0,"The word 'archaeology' is different from 'anthropological' and 'definition the environments' is similar to 'definition of environment', so the score is 2",llama-3.3-70b-versatile
19335,anthropological definition of environment,sociological definitions of environment,4.0,"The word 'sociological' is different from 'anthropological' but 'definitions of environment' is the same as 'definition of environment', so the score is 4",llama-3.3-70b-versatile
19335,anthropological definition of environment,ethnology defined part environment,3.0,"The word 'ethnology' is different from 'anthropological' but 'defined part environment' is similar to 'definition of environment', so the score is 3",llama-3.3-70b-versatile
19335,anthropological definition of environment,sociological defines the resources,1.0,"The word 'sociological' is different from 'anthropological' and 'defines the resources' is different from 'definition of environment', so the score is 1",llama-3.3-70b-versatile
19335,anthropological definition of environment,anthropological interpreted the environments,5.0,"The word 'anthropological' is the same as the original and 'interpreted the environments' is similar to 'definition of environment', so the score is 5",llama-3.3-70b-versatile
47923,axon terminals or synaptic knob definition,dendrites terminal which synapses gearshift definition,1.0,"The word 'dendrites' is unrelated to 'axon', and 'gearshift' is unrelated to 'synaptic knob', so the score is 1",llama-3.3-70b-versatile
47923,axon terminals or synaptic knob definition,third-parties terminals instead plasticity knobs specifically,2.0,"The word 'third-parties' is unrelated to 'axon', and 'plasticity' is related to 'synaptic', but 'specifically' is not, so the score is 2",llama-3.3-70b-versatile
47923,axon terminals or synaptic knob definition,axonal configured either plasticity knobs defines,4.0,"The word 'axonal' is related to 'axon', and 'plasticity' is related to 'synaptic', so the score is 4",llama-3.3-70b-versatile
47923,axon terminals or synaptic knob definition,presynaptic furtive and/or presynaptic knobs definitions,3.0,"The word 'presynaptic' is related to 'synaptic', and 'furtive' is unrelated to 'synaptic', so the score is 3",llama-3.3-70b-versatile
47923,axon terminals or synaptic knob definition,axon terminal sometimes synaptic fehér defines,4.0,"The word 'axon' is the same as in the original text, and 'fehér' is unrelated to 'synaptic', so the score is 4",llama-3.3-70b-versatile
47923,axon terminals or synaptic knob definition,"2,260 terminal either synaptic knob definitions",1.0,"The number '2,260' is unrelated to the original text, so the score is 1",llama-3.3-70b-versatile
47923,axon terminals or synaptic knob definition,synapse terminals either synaptic goal_pittsburgh definition,2.0,"The word 'synapse' is related to 'synaptic', and 'goal_pittsburgh' is unrelated to 'synaptic', so the score is 2",llama-3.3-70b-versatile
47923,axon terminals or synaptic knob definition,axon offices rather synaptic knobs definition,3.0,"The word 'axon' is the same as in the original text, but 'offices' is unrelated to 'terminals', so the score is 3",llama-3.3-70b-versatile
47923,axon terminals or synaptic knob definition,presynaptic terminals or synapse knobs definition,5.0,"The word 'presynaptic' is related to 'synaptic', and 'synapse' is related to 'synaptic', so the score is 5",llama-3.3-70b-versatile
47923,axon terminals or synaptic knob definition,pre-programmed terminals rather synaptic knobs defined,2.0,"The word 'pre-programmed' is unrelated to 'axon', and 'terminals' is related to 'terminals', so the score is 2",llama-3.3-70b-versatile
87181,causes of left ventricular hypertrophy,cause bringing right ventricular b-raf,4.0,"The word 'left' is replaced with 'right' and 'ventricular hypertrophy' is replaced with 'b-raf', indicating significant information leakage but not complete.",llama-3.3-70b-versatile
87181,causes of left ventricular hypertrophy,cause brought leaving atrial dilatation,4.0,"The word 'left' is replaced with 'leaving' and 'ventricular hypertrophy' is replaced with 'atrial dilatation', indicating significant information leakage but not complete.",llama-3.3-70b-versatile
87181,causes of left ventricular hypertrophy,cause the injured ventricular hyperplasia,3.0,"The word 'left' is replaced with 'the injured' and 'ventricular hypertrophy' is replaced with 'ventricular hyperplasia', indicating moderate information leakage.",llama-3.3-70b-versatile
87181,causes of left ventricular hypertrophy,causes the leaving atrial hypertrophy,3.0,"The word 'left' is replaced with 'leaving' and 'ventricular hypertrophy' is replaced with 'atrial hypertrophy', indicating moderate information leakage.",llama-3.3-70b-versatile
87181,causes of left ventricular hypertrophy,cause may leaving arrhythmias hypertrophy,3.0,"The word 'left' is replaced with 'may leaving' and 'ventricular hypertrophy' is replaced with 'arrhythmias hypertrophy', indicating moderate information leakage.",llama-3.3-70b-versatile
87181,causes of left ventricular hypertrophy,cause one left atrial hypertrophy,2.0,"The word 'left' is replaced with 'one left' and 'ventricular hypertrophy' is replaced with 'atrial hypertrophy', indicating low information leakage.",llama-3.3-70b-versatile
87181,causes of left ventricular hypertrophy,cause of leaving atrial aliased,4.0,"The word 'left' is replaced with 'leaving' and 'ventricular hypertrophy' is replaced with 'atrial aliased', indicating significant information leakage but not complete.",llama-3.3-70b-versatile
87181,causes of left ventricular hypertrophy,cause part leaving atrial hypertrophy,3.0,"The word 'left' is replaced with 'part leaving' and 'ventricular hypertrophy' is replaced with 'atrial hypertrophy', indicating moderate information leakage.",llama-3.3-70b-versatile
87181,causes of left ventricular hypertrophy,cause what leaving atrial hypertrophy,3.0,"The word 'left' is replaced with 'what leaving' and 'ventricular hypertrophy' is replaced with 'atrial hypertrophy', indicating moderate information leakage.",llama-3.3-70b-versatile
87181,causes of left ventricular hypertrophy,cause around leaving atrial typeset,4.0,"The word 'left' is replaced with 'around leaving' and 'ventricular hypertrophy' is replaced with 'atrial typeset', indicating significant information leakage but not complete.",llama-3.3-70b-versatile
87452,causes of military suicide,causes the military bomber,2.0,The word 'causes' is present but 'military' is replaced with 'bomber' which changes the context,llama-3.3-70b-versatile
87452,causes of military suicide,cause the army bombers,2.0,The word 'cause' is present but 'army' is added which changes the context,llama-3.3-70b-versatile
87452,causes of military suicide,sorts one army attacker,4.0,The word 'sorts' is used instead of 'causes' and 'one army attacker' is unrelated to the original text,llama-3.3-70b-versatile
87452,causes of military suicide,causes media army killing,4.0,The word 'causes' is present but 'media army killing' is unrelated to the original text,llama-3.3-70b-versatile
87452,causes of military suicide,"cause , forces killing",4.0,"The word 'cause' is present but ', forces killing' is unrelated to the original text",llama-3.3-70b-versatile
87452,causes of military suicide,cause and military attacker,3.0,The word 'cause' is present and 'military' is present but 'attacker' changes the context,llama-3.3-70b-versatile
87452,causes of military suicide,cause others forces bomb,4.0,The word 'cause' is present and 'others forces' is unrelated to the original text,llama-3.3-70b-versatile
87452,causes of military suicide,causes part civilian attack,4.0,The word 'causes' is present and 'part civilian attack' is unrelated to the original text,llama-3.3-70b-versatile
87452,causes of military suicide,causes in military suicide,1.0,The word 'causes' is present and 'in military suicide' is closely related to the original text,llama-3.3-70b-versatile
87452,causes of military suicide,causes . forces killing,4.0,"The word 'causes' is present but ', forces killing' is unrelated to the original text",llama-3.3-70b-versatile
104861,cost of interior concrete flooring,costing including interior concrete tile,4.0,"The word 'costing' is similar to 'cost', 'interior' is present, and 'concrete' is replaced with 'tile', indicating some information leakage",llama-3.3-70b-versatile
104861,cost of interior concrete flooring,cost the exterior steps hardwood,2.0,"The word 'cost' is present, but 'interior' is replaced with 'exterior' and 'concrete' is replaced with 'hardwood', indicating low information leakage",llama-3.3-70b-versatile
104861,cost of interior concrete flooring,costs complete ministry concrete .70952,2.0,"The word 'costs' is similar to 'cost', but 'interior' and 'concrete' are not clearly related to 'ministry concrete .70952', indicating low information leakage",llama-3.3-70b-versatile
104861,cost of interior concrete flooring,cost the interior building laminate,4.0,"The word 'cost' is present, 'interior' is present, but 'concrete' is replaced with 'laminate', indicating some information leakage",llama-3.3-70b-versatile
104861,cost of interior concrete flooring,comparable the meanwhile concrete hardwood,2.0,"The word 'comparable' is not similar to 'cost', 'the' is present, 'interior' is not present, 'concrete' is present, and 'hardwood' is not related, indicating low information leakage",llama-3.3-70b-versatile
104861,cost of interior concrete flooring,costing as interior structure laminate,4.0,"The word 'costing' is similar to 'cost', 'interior' is present, and 'structure' is related to 'concrete', but 'laminate' is not, indicating some information leakage",llama-3.3-70b-versatile
104861,cost of interior concrete flooring,pay of ministry precast paneling,3.0,"The word 'pay' is not similar to 'cost', 'ministry' is not related to 'interior', 'precast paneling' is related to 'concrete', indicating low information leakage",llama-3.3-70b-versatile
104861,cost of interior concrete flooring,costing the ministry walls terrazzo,3.0,"The word 'costing' is similar to 'cost', 'ministry' is not related to 'interior', 'walls' is related to 'concrete', and 'terrazzo' is not related, indicating low information leakage",llama-3.3-70b-versatile
104861,cost of interior concrete flooring,costs of exterior concrete tile,4.0,"The word 'costs' is similar to 'cost', 'exterior' is not similar to 'interior', 'concrete' is present, and 'tile' is related, indicating some information leakage",llama-3.3-70b-versatile
104861,cost of interior concrete flooring,cost of noted paved tile,4.0,"The word 'cost' is present, 'noted' is not related to 'interior', 'paved' is related to 'concrete', and 'tile' is related, indicating some information leakage",llama-3.3-70b-versatile
1106007,define visceral?,definitions 31.51,1.0,"The obfuscated text 'definitions 31.51' has no relation to the original text 'define visceral?.', so the score is 1.",llama-3.3-70b-versatile
1106007,define visceral?,define preceding,2.0,"The obfuscated text 'define preceding' has a similar structure to the original text but different meaning, so the score is 2.",llama-3.3-70b-versatile
1106007,define visceral?,define undermine,2.0,"The obfuscated text 'define undermine' has a similar structure to the original text but different meaning, so the score is 2.",llama-3.3-70b-versatile
1106007,define visceral?,transform crookedly,1.0,"The obfuscated text 'transform crookedly' has no relation to the original text 'define visceral?.', so the score is 1.",llama-3.3-70b-versatile
1106007,define visceral?,relationships 46,1.0,"The obfuscated text 'relationships 46' has no relation to the original text 'define visceral?.', so the score is 1.",llama-3.3-70b-versatile
1106007,define visceral?,defining vachss,2.0,"The obfuscated text 'defining vachss' has a similar structure to the original text but different meaning, so the score is 2.",llama-3.3-70b-versatile
1106007,define visceral?,define growth,2.0,"The obfuscated text 'define growth' has a similar structure to the original text but different meaning, so the score is 2.",llama-3.3-70b-versatile
1106007,define visceral?,defined declan,2.0,"The obfuscated text 'defined declan' has a similar structure to the original text but different meaning, so the score is 2.",llama-3.3-70b-versatile
1106007,define visceral?,defining stuck,2.0,"The obfuscated text 'defining stuck' has a similar structure to the original text but different meaning, so the score is 2.",llama-3.3-70b-versatile
1106007,define visceral?,defined endophytic,2.0,"The obfuscated text 'defined endophytic' has a similar structure to the original text but different meaning, so the score is 2.",llama-3.3-70b-versatile
130510,definition declaratory judgment,definition injunctive judgment,4.0,"The word 'injunctive' is used instead of 'declaratory', indicating some information leakage",llama-3.3-70b-versatile
130510,definition declaratory judgment,defined injunctions judgement,4.0,"The word 'injunctions' is used instead of 'declaratory', indicating some information leakage",llama-3.3-70b-versatile
130510,definition declaratory judgment,defined injunctive judgement,4.0,"The word 'injunctive' is used instead of 'declaratory', indicating some information leakage",llama-3.3-70b-versatile
130510,definition declaratory judgment,defined declaratory judgement,1.0,"The word 'declaratory' is used, indicating no information leakage",llama-3.3-70b-versatile
130510,definition declaratory judgment,instance injunctive judgment,4.0,"The word 'injunctive' is used instead of 'declaratory' and 'definition' is replaced with 'instance', indicating some information leakage",llama-3.3-70b-versatile
130510,definition declaratory judgment,defines egans judgment,5.0,"The word 'egans' is used instead of 'declaratory', indicating significant information leakage",llama-3.3-70b-versatile
130510,definition declaratory judgment,implies declaratory judgement,3.0,"The word 'implies' is used instead of 'definition', indicating some information leakage",llama-3.3-70b-versatile
130510,definition declaratory judgment,defined declaratory judgement,1.0,"The word 'declaratory' is used, indicating no information leakage",llama-3.3-70b-versatile
130510,definition declaratory judgment,methodology bare-breasted judgement,5.0,"The word 'bare-breasted' is used instead of 'declaratory', indicating significant information leakage",llama-3.3-70b-versatile
130510,definition declaratory judgment,definition injunctive judgement,4.0,"The word 'injunctive' is used instead of 'declaratory', indicating some information leakage",llama-3.3-70b-versatile
131843,definition of a sigmet,definitions one another dabei,1.0,No keywords related to the original text are found,llama-3.3-70b-versatile
131843,definition of a sigmet,defined instance a dardel,2.0,The word 'defined' is present but not related to 'sigmet',llama-3.3-70b-versatile
131843,definition of a sigmet,definitions whose same parnassos,2.0,The word 'definitions' is present but not related to 'sigmet',llama-3.3-70b-versatile
131843,definition of a sigmet,definitions within another aca,2.0,The word 'definitions' is present but not related to 'sigmet',llama-3.3-70b-versatile
131843,definition of a sigmet,definitions of another maximov,2.0,The word 'definitions' is present but not related to 'sigmet',llama-3.3-70b-versatile
131843,definition of a sigmet,therefore such a midland,1.0,No keywords related to the original text are found,llama-3.3-70b-versatile
131843,definition of a sigmet,defining much another blisworth,2.0,The word 'defining' is present but not related to 'sigmet',llama-3.3-70b-versatile
131843,definition of a sigmet,definitions the a bounds,2.0,The word 'definitions' is present but not related to 'sigmet',llama-3.3-70b-versatile
131843,definition of a sigmet,defines the another humaid,2.0,The word 'defines' is present but not related to 'sigmet',llama-3.3-70b-versatile
131843,definition of a sigmet,applies of another unknot,1.0,No keywords related to the original text are found,llama-3.3-70b-versatile
146187,difference between a mcdouble and a double cheeseburger,difference 15 a prioritized brought another double cheeseburger,3.0,"The obfuscated text still contains 'difference' and 'double cheeseburger', but 'mcdouble' is replaced with '15 a prioritized brought another', which reduces information leakage.",llama-3.3-70b-versatile
146187,difference between a mcdouble and a double cheeseburger,difference between another cn and another handed cheeseburger,4.0,"The obfuscated text still contains 'difference between' and 'cheeseburger', but 'mcdouble' is replaced with 'another cn' and 'double' is replaced with 'handed', which reduces information leakage slightly less than the previous one.",llama-3.3-70b-versatile
146187,difference between a mcdouble and a double cheeseburger,evident may another unilingual both another doubled cheeseburgers,5.0,"The obfuscated text contains 'evident may' instead of 'difference between', but still contains 'doubled cheeseburgers', which indicates a high information leakage.",llama-3.3-70b-versatile
146187,difference between a mcdouble and a double cheeseburger,"difference july a dogaru well a doubled 6,448",1.0,"The obfuscated text does not contain any relevant information, so the information leakage is minimal.",llama-3.3-70b-versatile
146187,difference between a mcdouble and a double cheeseburger,reason between interbk amnesties also another triple 1968-70,1.0,"The obfuscated text does not contain any relevant information, so the information leakage is minimal.",llama-3.3-70b-versatile
146187,difference between a mcdouble and a double cheeseburger,difference both a lipowa both a triple cheeseburgers,2.0,"The obfuscated text contains 'difference both' instead of 'difference between' and 'triple cheeseburgers' instead of 'double cheeseburger', which reduces information leakage slightly.",llama-3.3-70b-versatile
146187,difference between a mcdouble and a double cheeseburger,difference friendship another houten also a triple cheeseburgers,2.0,"The obfuscated text contains 'difference friendship' instead of 'difference between' and 'triple cheeseburgers' instead of 'double cheeseburger', which reduces information leakage slightly.",llama-3.3-70b-versatile
146187,difference between a mcdouble and a double cheeseburger,mean around a resident both another triple cheeseburgers,2.0,"The obfuscated text contains 'mean around' instead of 'difference between' and 'triple cheeseburgers' instead of 'double cheeseburger', which reduces information leakage slightly.",llama-3.3-70b-versatile
146187,difference between a mcdouble and a double cheeseburger,obvious between a morrin and another triple cheeseburgers,2.0,"The obfuscated text contains 'obvious between' instead of 'difference between' and 'triple cheeseburgers' instead of 'double cheeseburger', which reduces information leakage slightly.",llama-3.3-70b-versatile
146187,difference between a mcdouble and a double cheeseburger,"shift may another lspez , a doubled cheeseburgers",3.0,"The obfuscated text contains 'shift may' instead of 'difference between', but still contains 'doubled cheeseburgers', which indicates a moderate information leakage.",llama-3.3-70b-versatile
148538,difference between rn and bsn,difference between 46 and bsn,4.0,"The obfuscated text 'difference between 46 and bsn' still contains 'bsn' which is part of the original text, thus score is 4",llama-3.3-70b-versatile
148538,difference between rn and bsn,distinction both 88 while awesomeness,1.0,"The obfuscated text 'distinction both 88 while awesomeness' does not contain any part of the original text, thus score is 1",llama-3.3-70b-versatile
148538,difference between rn and bsn,precisely encounter .24 way crabbers,1.0,"The obfuscated text 'precisely encounter .24 way crabbers' does not contain any part of the original text, thus score is 1",llama-3.3-70b-versatile
148538,difference between rn and bsn,difference referring rn well wce,4.0,"The obfuscated text 'difference referring rn well wce' contains 'rn' which is part of the original text, thus score is 4",llama-3.3-70b-versatile
148538,difference between rn and bsn,seems both clr and jikiri,1.0,"The obfuscated text 'seems both clr and jikiri' does not contain any part of the original text, thus score is 1",llama-3.3-70b-versatile
148538,difference between rn and bsn,difference both 60 and 1090s,1.0,"The obfuscated text 'difference both 60 and 1090s' does not contain any part of the original text, thus score is 1",llama-3.3-70b-versatile
148538,difference between rn and bsn,"difference where 58 , cads",1.0,"The obfuscated text 'difference where 58 , cads' does not contain any part of the original text, thus score is 1",llama-3.3-70b-versatile
148538,difference between rn and bsn,difference part rn and mbl,4.0,"The obfuscated text 'difference part rn and mbl' contains 'rn' which is part of the original text, thus score is 4",llama-3.3-70b-versatile
148538,difference between rn and bsn,"both 18 49 , wfi",1.0,"The obfuscated text 'both 18 49 , wfi' does not contain any part of the original text, thus score is 1",llama-3.3-70b-versatile
148538,difference between rn and bsn,"contrast and rn , kassler",4.0,"The obfuscated text 'contrast and rn , kassler' contains 'rn' which is part of the original text, thus score is 4",llama-3.3-70b-versatile
156493,do goldfish grow,do goldfish grown,4.0,"The word 'grown' is similar to 'grow', indicating a high level of information leakage.",llama-3.3-70b-versatile
156493,do goldfish grow,n't hamster grown,1.0,"The text is completely different from the original, indicating no information leakage.",llama-3.3-70b-versatile
156493,do goldfish grow,want goldfish grow,3.0,"The word 'grow' is present, but the context is different, indicating some information leakage.",llama-3.3-70b-versatile
156493,do goldfish grow,want alumhg grown,1.0,"The text is completely different from the original, indicating no information leakage.",llama-3.3-70b-versatile
156493,do goldfish grow,cannot hippos grown,1.0,"The text is completely different from the original, indicating no information leakage.",llama-3.3-70b-versatile
156493,do goldfish grow,do taxidermied grows,3.0,"The word 'grows' is similar to 'grow', but the subject is different, indicating some information leakage.",llama-3.3-70b-versatile
156493,do goldfish grow,do bait grown,3.0,"The word 'grown' is similar to 'grow', but the context is different, indicating some information leakage.",llama-3.3-70b-versatile
156493,do goldfish grow,want casu grown,1.0,"The text is completely different from the original, indicating no information leakage.",llama-3.3-70b-versatile
156493,do goldfish grow,you goldfish grow,5.0,"The word 'grow' is present, and the subject is the same, indicating high information leakage.",llama-3.3-70b-versatile
156493,do goldfish grow,n't vitrine grow,1.0,"The text is completely different from the original, indicating no information leakage.",llama-3.3-70b-versatile
168216,does legionella pneumophila cause pneumonia,any legionella pneumophila cause bronchitis,4.0,The obfuscated text 'any legionella pneumophila cause bronchitis' has a score of 4 because it contains the same bacteria but a different disease.,llama-3.3-70b-versatile
168216,does legionella pneumophila cause pneumonia,wo legionella a.flower caused illness,2.0,The obfuscated text 'wo legionella a.flower caused illness' has a score of 2 because it contains the same bacteria but with a typo and a different disease.,llama-3.3-70b-versatile
168216,does legionella pneumophila cause pneumonia,reason vibrio nadhir caused illness,1.0,The obfuscated text 'reason vibrio nadhir caused illness' has a score of 1 because it contains a different bacteria and disease.,llama-3.3-70b-versatile
168216,does legionella pneumophila cause pneumonia,even malassezia valdivielso causes atypical,1.0,The obfuscated text 'even malassezia valdivielso causes atypical' has a score of 1 because it contains a different bacteria and disease.,llama-3.3-70b-versatile
168216,does legionella pneumophila cause pneumonia,does rotifers giardiasis causes infection,1.0,The obfuscated text 'does rotifers giardiasis causes infection' has a score of 1 because it contains a different bacteria and disease.,llama-3.3-70b-versatile
168216,does legionella pneumophila cause pneumonia,wants coli janevski causes pneumonia,3.0,The obfuscated text 'wants coli janevski causes pneumonia' has a score of 3 because it contains a different bacteria but the same disease.,llama-3.3-70b-versatile
168216,does legionella pneumophila cause pneumonia,does zadig pneumophila cause pneumonia,5.0,The obfuscated text 'does zadig pneumophila cause pneumonia' has a score of 5 because it contains the same disease and a similar bacteria name.,llama-3.3-70b-versatile
168216,does legionella pneumophila cause pneumonia,wants legionella sericata causes illness,4.0,The obfuscated text 'wants legionella sericata causes illness' has a score of 4 because it contains the same bacteria but a different disease.,llama-3.3-70b-versatile
168216,does legionella pneumophila cause pneumonia,if p45 maben causes pneumonia,2.0,The obfuscated text 'if p45 maben causes pneumonia' has a score of 2 because it contains the same disease but with a different and unclear bacteria reference.,llama-3.3-70b-versatile
168216,does legionella pneumophila cause pneumonia,if legionella kroenen causes meningitis,4.0,The obfuscated text 'if legionella kroenen causes meningitis' has a score of 4 because it contains the same bacteria but a different disease.,llama-3.3-70b-versatile
182539,example of monotonic function,example bringing pre-conditions functions,2.0,The obfuscated text 'example bringing pre-conditions functions' has a score of 2 because it does not contain the word 'monotonic' but still conveys some information about functions.,llama-3.3-70b-versatile
182539,example of monotonic function,instance of monotonic function,5.0,The obfuscated text 'instance of monotonic function' has a score of 5 because it contains the exact phrase 'monotonic function'.,llama-3.3-70b-versatile
182539,example of monotonic function,instance present decreasing functions,3.0,The obfuscated text 'instance present decreasing functions' has a score of 3 because it conveys some information about the type of function but does not contain the word 'monotonic'.,llama-3.3-70b-versatile
182539,example of monotonic function,example the monotonic functions,5.0,The obfuscated text 'example the monotonic functions' has a score of 5 because it contains the word 'monotonic' and is very similar to the original text.,llama-3.3-70b-versatile
182539,example of monotonic function,example part monotonic function,4.0,The obfuscated text 'example part monotonic function' has a score of 4 because it contains the word 'monotonic' but is not as similar to the original text as some of the other obfuscated texts.,llama-3.3-70b-versatile
182539,example of monotonic function,example which dpe cannot,1.0,The obfuscated text 'example which dpe cannot' has a score of 1 because it does not contain any information about the original text.,llama-3.3-70b-versatile
182539,example of monotonic function,instance same monotonic function,5.0,The obfuscated text 'instance same monotonic function' has a score of 5 because it contains the word 'monotonic' and is very similar to the original text.,llama-3.3-70b-versatile
182539,example of monotonic function,example of non-convex functions,2.0,The obfuscated text 'example of non-convex functions' has a score of 2 because it conveys some information about functions but does not contain the word 'monotonic'.,llama-3.3-70b-versatile
182539,example of monotonic function,"example the 1,256 functions",2.0,"The obfuscated text 'example the 1,256 functions' has a score of 2 because it conveys some information about functions but does not contain the word 'monotonic'.",llama-3.3-70b-versatile
182539,example of monotonic function,example years blather functions,1.0,The obfuscated text 'example years blather functions' has a score of 1 because it does not contain any information about the original text.,llama-3.3-70b-versatile
183378,exons definition biology,kaites necessarily biochemistry,3.0,"The word 'exons' is replaced with 'kaites' and 'biology' is replaced with 'biochemistry', indicating some information leakage",llama-3.3-70b-versatile
183378,exons definition biology,introns view chemistry,3.0,"The word 'exons' is replaced with 'introns' and 'biology' is replaced with 'chemistry', indicating some information leakage",llama-3.3-70b-versatile
183378,exons definition biology,undergrounds concept biochemistry,3.0,"The word 'exons' is replaced with 'undergrounds' and 'biology' is replaced with 'biochemistry', indicating some information leakage",llama-3.3-70b-versatile
183378,exons definition biology,introns definition anthropology,3.0,"The word 'exons' is replaced with 'introns' and 'biology' is replaced with 'anthropology', indicating some information leakage",llama-3.3-70b-versatile
183378,exons definition biology,mrna whereas microbiology,3.0,"The word 'exons' is replaced with 'mrna' and 'biology' is replaced with 'microbiology', indicating some information leakage",llama-3.3-70b-versatile
183378,exons definition biology,introns defining studied,3.0,"The word 'exons' is replaced with 'introns' and 'definition' is replaced with 'defining', indicating some information leakage",llama-3.3-70b-versatile
183378,exons definition biology,ranco clearly biology,3.0,"The word 'exons' is replaced with 'ranco' and 'definition' is replaced with 'clearly', indicating some information leakage",llama-3.3-70b-versatile
183378,exons definition biology,operons definition biology,4.0,"The word 'exons' is replaced with 'operons' and 'biology' remains the same, indicating significant information leakage",llama-3.3-70b-versatile
183378,exons definition biology,splice definitions biochemistry,3.0,"The word 'exons' is replaced with 'splice' and 'definition' is replaced with 'definitions', indicating some information leakage",llama-3.3-70b-versatile
183378,exons definition biology,introns definition mathematics,3.0,"The word 'exons' is replaced with 'introns' and 'biology' is replaced with 'mathematics', indicating some information leakage",llama-3.3-70b-versatile
207786,how are some sharks warm blooded,how especially others predators good cold-blooded,1.0,"The obfuscated text 'how especially others predators good cold-blooded' does not convey the same information as the original text, thus it has a score of 1",llama-3.3-70b-versatile
207786,how are some sharks warm blooded,what these many shark warm astonishingly,3.0,"The obfuscated text 'what these many shark warm astonishingly' conveys some information about the original text, thus it has a score of 3",llama-3.3-70b-versatile
207786,how are some sharks warm blooded,how these others shark warmer cold-blooded,3.0,"The obfuscated text 'how these others shark warmer cold-blooded' conveys some information about the original text, thus it has a score of 3",llama-3.3-70b-versatile
207786,how are some sharks warm blooded,so many more sharks warm ferociously,3.0,"The obfuscated text 'so many more sharks warm ferociously' conveys some information about the original text, thus it has a score of 3",llama-3.3-70b-versatile
207786,how are some sharks warm blooded,but were some shark warm blooded,5.0,"The obfuscated text 'but were some shark warm blooded' conveys the same information as the original text, thus it has a score of 5",llama-3.3-70b-versatile
207786,how are some sharks warm blooded,how are many shark warmed blooded,5.0,"The obfuscated text 'how are many shark warmed blooded' conveys the same information as the original text, thus it has a score of 5",llama-3.3-70b-versatile
207786,how are some sharks warm blooded,why other many dolphins dry blooded,1.0,"The obfuscated text 'why other many dolphins dry blooded' does not convey the same information as the original text, thus it has a score of 1",llama-3.3-70b-versatile
207786,how are some sharks warm blooded,understand many perhaps sharks warmth blooded,3.0,"The obfuscated text 'understand many perhaps sharks warmth blooded' conveys some information about the original text, thus it has a score of 3",llama-3.3-70b-versatile
207786,how are some sharks warm blooded,how these many shark warm heartless,3.0,"The obfuscated text 'how these many shark warm heartless' conveys some information about the original text, thus it has a score of 3",llama-3.3-70b-versatile
207786,how are some sharks warm blooded,why be have cats chilly chilling,1.0,"The obfuscated text 'why be have cats chilly chilling' does not convey the same information as the original text, thus it has a score of 1",llama-3.3-70b-versatile
1133167,how is the weather in jamaica,reveal now second weather 16 jamaica,4.0,"The obfuscated text 'reveal now second weather 16 jamaica' contains the word 'jamaica' and 'weather', which is similar to the original text, thus score is 4",llama-3.3-70b-versatile
1133167,how is the weather in jamaica,way is end meteorologists where tobago,2.0,"The obfuscated text 'way is end meteorologists where tobago' does not contain 'jamaica' but contains a related term 'meteorologists', thus score is 2",llama-3.3-70b-versatile
1133167,how is the weather in jamaica,what this part inclement many jamaica,4.0,"The obfuscated text 'what this part inclement many jamaica' contains the word 'jamaica' and a related term 'inclement', thus score is 4",llama-3.3-70b-versatile
1133167,how is the weather in jamaica,what is once noted where jamaica,3.0,"The obfuscated text 'what is once noted where jamaica' contains the word 'jamaica', thus score is 3",llama-3.3-70b-versatile
1133167,how is the weather in jamaica,surprised a the weather in barbados,2.0,"The obfuscated text 'surprised a the weather in barbados' contains the word 'weather' but not 'jamaica', thus score is 2",llama-3.3-70b-versatile
1133167,how is the weather in jamaica,really is this weather time barbados,2.0,"The obfuscated text 'really is this weather time barbados' contains the word 'weather' but not 'jamaica', thus score is 2",llama-3.3-70b-versatile
1133167,how is the weather in jamaica,what now the weather part jamaica,5.0,"The obfuscated text 'what now the weather part jamaica' contains the word 'jamaica' and 'weather', thus score is 5",llama-3.3-70b-versatile
1133167,how is the weather in jamaica,what is which weather elsewhere jamaica,5.0,"The obfuscated text 'what is which weather elsewhere jamaica' contains the word 'jamaica' and 'weather', thus score is 5",llama-3.3-70b-versatile
1133167,how is the weather in jamaica,why is given inclement in jamaica,4.0,"The obfuscated text 'why is given inclement in jamaica' contains the word 'jamaica' and a related term 'inclement', thus score is 4",llama-3.3-70b-versatile
1133167,how is the weather in jamaica,what means its conditions last tobago,2.0,"The obfuscated text 'what means its conditions last tobago' does not contain 'jamaica' but contains a related term 'conditions', thus score is 2",llama-3.3-70b-versatile
264014,how long is life cycle of flea,what long which kind cycles of bitten,1.0,"The obfuscated text 'what long which kind cycles of bitten' does not contain the word 'flea' or 'life cycle', thus it has a score of 1",llama-3.3-70b-versatile
264014,how long is life cycle of flea,example longer same all cycles years phytosaur,1.0,"The obfuscated text 'example longer same all cycles years phytosaur' does not contain the word 'flea' or 'life cycle', thus it has a score of 1",llama-3.3-70b-versatile
264014,how long is life cycle of flea,things longer is life cycles edge flea,4.0,"The obfuscated text 'things longer is life cycles edge flea' contains the word 'flea' and 'life cycles', thus it has a score of 4",llama-3.3-70b-versatile
264014,how long is life cycle of flea,how short which he cycle put raccoon,1.0,"The obfuscated text 'how short which he cycle put raccoon' does not contain the word 'flea' or 'life cycle', thus it has a score of 1",llama-3.3-70b-versatile
264014,how long is life cycle of flea,how perhaps also life stages despite herbst,1.0,"The obfuscated text 'how perhaps also life stages despite herbst' does not contain the word 'flea' or 'life cycle', thus it has a score of 1",llama-3.3-70b-versatile
264014,how long is life cycle of flea,why long does lives cycles conflict snakes,1.0,"The obfuscated text 'why long does lives cycles conflict snakes' does not contain the word 'flea' or 'life cycle', thus it has a score of 1",llama-3.3-70b-versatile
264014,how long is life cycle of flea,tried long it lifetime cycles of flea,5.0,"The obfuscated text 'tried long it lifetime cycles of flea' contains the word 'flea' and 'lifetime cycles', thus it has a score of 5",llama-3.3-70b-versatile
264014,how long is life cycle of flea,how extending is lives cycles in biotechtrst,1.0,"The obfuscated text 'how extending is lives cycles in biotechtrst' does not contain the word 'flea' or 'life cycle', thus it has a score of 1",llama-3.3-70b-versatile
264014,how long is life cycle of flea,difficult means is well cycle of fireflies,1.0,"The obfuscated text 'difficult means is well cycle of fireflies' does not contain the word 'flea' or 'life cycle', thus it has a score of 1",llama-3.3-70b-versatile
264014,how long is life cycle of flea,what long considered certain cycles put hibernating,1.0,"The obfuscated text 'what long considered certain cycles put hibernating' does not contain the word 'flea' or 'life cycle', thus it has a score of 1",llama-3.3-70b-versatile
359349,how to find the midsegment of a trapezoid,"what to there the 1,848 10 another huhhot",1.0,"The obfuscated text 'what to there the 1,848 10 another huhhot' has no relation to the original text.",llama-3.3-70b-versatile
359349,how to find the midsegment of a trapezoid,how able come last vandam included which smajlovic,1.0,The obfuscated text 'how able come last vandam included which smajlovic' has no relation to the original text.,llama-3.3-70b-versatile
359349,how to find the midsegment of a trapezoid,how take find the gusto another if fixated,2.0,The obfuscated text 'how take find the gusto another if fixated' has some similar words but the meaning is completely different.,llama-3.3-70b-versatile
359349,how to find the midsegment of a trapezoid,determined help finding the silsoe the a trapezoid,4.0,The obfuscated text 'determined help finding the silsoe the a trapezoid' contains the word 'trapezoid' which is a key term in the original text.,llama-3.3-70b-versatile
359349,how to find the midsegment of a trapezoid,how take finds second karleusa new another trapezoid,4.0,The obfuscated text 'how take finds second karleusa new another trapezoid' contains the word 'trapezoid' which is a key term in the original text.,llama-3.3-70b-versatile
359349,how to find the midsegment of a trapezoid,how to finding where aggressivity of a ashihara,2.0,The obfuscated text 'how to finding where aggressivity of a ashihara' has some similar words but the meaning is completely different.,llama-3.3-70b-versatile
359349,how to find the midsegment of a trapezoid,how to finding which laeisz of marked trapezoid,4.0,The obfuscated text 'how to finding which laeisz of marked trapezoid' contains the word 'trapezoid' which is a key term in the original text.,llama-3.3-70b-versatile
359349,how to find the midsegment of a trapezoid,how to finding of perfected 30 a omphalotropis,2.0,The obfuscated text 'how to finding of perfected 30 a omphalotropis' has some similar words but the meaning is completely different.,llama-3.3-70b-versatile
359349,how to find the midsegment of a trapezoid,explain decided why the sneh the a +.14,1.0,The obfuscated text 'explain decided why the sneh the a +.14' has no relation to the original text.,llama-3.3-70b-versatile
359349,how to find the midsegment of a trapezoid,understand the finding this helium of another hochdorf,2.0,The obfuscated text 'understand the finding this helium of another hochdorf' has some similar words but the meaning is completely different.,llama-3.3-70b-versatile
1129237,hydrogen is a liquid below what temperature,hydrogen nothing a microwave above believe temperatures,1.0,The word 'hydrogen' is present but the context is completely changed to 'microwave' and 'above' which has no relation to the original text,llama-3.3-70b-versatile
1129237,hydrogen is a liquid below what temperature,nitrogen is a liquid below come temperatures,2.0,The word 'is a liquid below' is present but 'hydrogen' is replaced with 'nitrogen' which changes the meaning,llama-3.3-70b-versatile
1129237,hydrogen is a liquid below what temperature,peroxide now another cans below fact temperatures,1.0,"The context is completely changed to 'peroxide', 'cans', and 'fact' which has no relation to the original text",llama-3.3-70b-versatile
1129237,hydrogen is a liquid below what temperature,peroxide is another liquid above why temperatures,1.0,The word 'peroxide' is used instead of 'hydrogen' and 'above' is used instead of 'below' which changes the meaning,llama-3.3-70b-versatile
1129237,hydrogen is a liquid below what temperature,helium incredibly another liquids above believe temperatures,1.0,The word 'helium' is used instead of 'hydrogen' and 'incredibly another liquids' is used instead of 'is a liquid' which changes the meaning,llama-3.3-70b-versatile
1129237,hydrogen is a liquid below what temperature,hydrogen this another liquids above what temperature,2.0,The word 'hydrogen' and 'above' is used instead of 'below' which changes the meaning,llama-3.3-70b-versatile
1129237,hydrogen is a liquid below what temperature,methanol is another solid above how temperatures,1.0,The word 'methanol' is used instead of 'hydrogen' and 'solid' is used instead of 'liquid' which changes the meaning,llama-3.3-70b-versatile
1129237,hydrogen is a liquid below what temperature,helium is a liquids above happened temperatures,1.0,The word 'helium' is used instead of 'hydrogen' and 'liquids' is used instead of 'liquid' which changes the meaning,llama-3.3-70b-versatile
1129237,hydrogen is a liquid below what temperature,helium is another light above that temperatures,1.0,The word 'helium' is used instead of 'hydrogen' and 'light' is used instead of 'liquid' which changes the meaning,llama-3.3-70b-versatile
1129237,hydrogen is a liquid below what temperature,hydrogen is a ink above it temperatures,2.0,The word 'hydrogen' is present but 'ink' is used instead of 'liquid' which changes the meaning,llama-3.3-70b-versatile
405717,is cdg airport in main paris,part en-route airport 2002 principal paris,4.0,"The obfuscated text 'part en-route airport 2002 principal paris' does not contain 'cdg' or 'is', but still refers to the main airport in Paris, thus score is 4",llama-3.3-70b-versatile
405717,is cdg airport in main paris,means frolinat airport . key prohertrib,1.0,"The obfuscated text 'means frolinat airport . key prohertrib' does not contain any information about the original text, thus score is 1",llama-3.3-70b-versatile
405717,is cdg airport in main paris,this cdg airport last main prohertrib,5.0,"The obfuscated text 'this cdg airport last main prohertrib' contains 'cdg' and refers to the main airport, thus score is 5",llama-3.3-70b-versatile
405717,is cdg airport in main paris,appears cdg airport while primary prohertrib,5.0,"The obfuscated text 'appears cdg airport while primary prohertrib' contains 'cdg' and refers to the primary airport, thus score is 5",llama-3.3-70b-versatile
405717,is cdg airport in main paris,is iecc airports same namely paris,3.0,"The obfuscated text 'is iecc airports same namely paris' does not contain 'cdg' but refers to airports in Paris, thus score is 3",llama-3.3-70b-versatile
405717,is cdg airport in main paris,a gerad airports held main stockholm,1.0,"The obfuscated text 'a gerad airports held main stockholm' does not contain any information about the original text, thus score is 1",llama-3.3-70b-versatile
405717,is cdg airport in main paris,today encapsulated airport found main france,4.0,"The obfuscated text 'today encapsulated airport found main france' does not contain 'cdg' or 'is' but refers to the main airport in France, thus score is 4",llama-3.3-70b-versatile
405717,is cdg airport in main paris,fact 4:6 airports year principal france,3.0,"The obfuscated text 'fact 4:6 airports year principal france' does not contain 'cdg' or 'is' but refers to airports in France, thus score is 3",llama-3.3-70b-versatile
405717,is cdg airport in main paris,appears lingwei airport 1976 major prohertrib,1.0,"The obfuscated text 'appears lingwei airport 1976 major prohertrib' does not contain any information about the original text, thus score is 1",llama-3.3-70b-versatile
405717,is cdg airport in main paris,only projeto airports others main france,3.0,"The obfuscated text 'only projeto airports others main france' does not contain 'cdg' or 'is' but refers to airports in France, thus score is 3",llama-3.3-70b-versatile
443396,lps laws definition,45s law definition,3.0,"The number '45s' is a clear replacement for 'lps', indicating some information leakage",llama-3.3-70b-versatile
443396,lps laws definition,78s law definition,1.0,"The number '78s' is unrelated to 'lps', indicating no information leakage",llama-3.3-70b-versatile
443396,lps laws definition,lps enforcing defined,4.0,"The word 'enforcing' is related to 'laws', but 'lps' is still present, indicating some information leakage",llama-3.3-70b-versatile
443396,lps laws definition,reissues law definition,1.0,"The word 'reissues' is unrelated to 'lps', indicating no information leakage",llama-3.3-70b-versatile
443396,lps laws definition,trialed laws defined,1.0,"The word 'trialed' is unrelated to 'lps', indicating no information leakage",llama-3.3-70b-versatile
443396,lps laws definition,lps laws definition,5.0,"The text is identical to the original, indicating complete information leakage",llama-3.3-70b-versatile
443396,lps laws definition,sixty regulations defined,1.0,"The word 'sixty' is unrelated to 'lps', indicating no information leakage",llama-3.3-70b-versatile
443396,lps laws definition,45s enforce defined,3.0,"The number '45s' is a clear replacement for 'lps', indicating some information leakage",llama-3.3-70b-versatile
443396,lps laws definition,vinyl laws definition,2.0,"The word 'vinyl' is related to 'lps', indicating some information leakage",llama-3.3-70b-versatile
443396,lps laws definition,45s statutes definitions,3.0,"The number '45s' is a clear replacement for 'lps', indicating some information leakage",llama-3.3-70b-versatile
451602,medicare's definition of mechanical ventilation,1995 defined of mechanics lubrication,1.0,The obfuscated text '1995 defined of mechanics lubrication' has no relation to the original text.,llama-3.3-70b-versatile
451602,medicare's definition of mechanical ventilation,amisha definition second mechanical exhaust,2.0,The obfuscated text 'amisha definition second mechanical exhaust' has some relation to the word 'mechanical' in the original text but the context is different.,llama-3.3-70b-versatile
451602,medicare's definition of mechanical ventilation,retire defines of engineers exhaust,1.0,The obfuscated text 'retire defines of engineers exhaust' has no relation to the original text.,llama-3.3-70b-versatile
451602,medicare's definition of mechanical ventilation,scuffs defined part malfunction ventilation,2.0,The obfuscated text 'scuffs defined part malfunction ventilation' has some relation to the word 'ventilation' in the original text but the context is different.,llama-3.3-70b-versatile
451602,medicare's definition of mechanical ventilation,savior defines included utilizing air-conditioning,1.0,The obfuscated text 'savior defines included utilizing air-conditioning' has no relation to the original text.,llama-3.3-70b-versatile
451602,medicare's definition of mechanical ventilation,hoard sort in engineers ventilation,2.0,The obfuscated text 'hoard sort in engineers ventilation' has some relation to the word 'ventilation' in the original text but the context is different.,llama-3.3-70b-versatile
451602,medicare's definition of mechanical ventilation,fernandez definition latest electrical cooling,1.0,The obfuscated text 'fernandez definition latest electrical cooling' has no relation to the original text.,llama-3.3-70b-versatile
451602,medicare's definition of mechanical ventilation,midwesterners definition than electrical shafts,1.0,The obfuscated text 'midwesterners definition than electrical shafts' has no relation to the original text.,llama-3.3-70b-versatile
451602,medicare's definition of mechanical ventilation,toilette definition prior hydraulic stairwells,1.0,The obfuscated text 'toilette definition prior hydraulic stairwells' has no relation to the original text.,llama-3.3-70b-versatile
451602,medicare's definition of mechanical ventilation,operated definitions present robotic plumbing,1.0,The obfuscated text 'operated definitions present robotic plumbing' has no relation to the original text.,llama-3.3-70b-versatile
489204,right pelvic pain causes,want pelvic discomfort cause,4.0,"The obfuscated text 'want pelvic discomfort cause' has a score of 4 because it still conveys the idea of pelvic pain, but with some changes in wording.",llama-3.3-70b-versatile
489204,right pelvic pain causes,hand musculature suffering cause,1.0,The obfuscated text 'hand musculature suffering cause' has a score of 1 because it does not convey any information about pelvic pain.,llama-3.3-70b-versatile
489204,right pelvic pain causes,right pectoral pain cause,2.0,"The obfuscated text 'right pectoral pain cause' has a score of 2 because it conveys information about pain on the right side, but not specifically about pelvic pain.",llama-3.3-70b-versatile
489204,right pelvic pain causes,right vertebral excruciating cause,2.0,"The obfuscated text 'right vertebral excruciating cause' has a score of 2 because it conveys information about pain on the right side, but not specifically about pelvic pain.",llama-3.3-70b-versatile
489204,right pelvic pain causes,right pelvis pain causes,5.0,The obfuscated text 'right pelvis pain causes' has a score of 5 because it conveys the same information as the original text.,llama-3.3-70b-versatile
489204,right pelvic pain causes,right abdominal discomfort cause,3.0,"The obfuscated text 'right abdominal discomfort cause' has a score of 3 because it conveys information about discomfort on the right side, but not specifically about pelvic pain.",llama-3.3-70b-versatile
489204,right pelvic pain causes,edge musculature pain cause,1.0,The obfuscated text 'edge musculature pain cause' has a score of 1 because it does not convey any information about pelvic pain.,llama-3.3-70b-versatile
489204,right pelvic pain causes,cannot anal discomfort cause,1.0,The obfuscated text 'cannot anal discomfort cause' has a score of 1 because it does not convey any information about pelvic pain.,llama-3.3-70b-versatile
489204,right pelvic pain causes,right pelvic pain cause,5.0,The obfuscated text 'right pelvic pain cause' has a score of 5 because it conveys the same information as the original text.,llama-3.3-70b-versatile
489204,right pelvic pain causes,right pelvic pain cause,5.0,The obfuscated text 'right pelvic pain cause' has a score of 5 because it conveys the same information as the original text.,llama-3.3-70b-versatile
490595,rsa definition key,rsa defined crucial,4.0,"Similar keywords 'rsa' and 'definition' are present, indicating high information leakage",llama-3.3-70b-versatile
490595,rsa definition key,hnkj defined key,1.0,"No similar keywords are present, indicating no information leakage",llama-3.3-70b-versatile
490595,rsa definition key,rsa essentially essential,3.0,"Similar keyword 'rsa' is present, but 'definition' is replaced, indicating moderate information leakage",llama-3.3-70b-versatile
490595,rsa definition key,renard standard crucial,1.0,"No similar keywords are present, indicating no information leakage",llama-3.3-70b-versatile
490595,rsa definition key,aes256-sha definitions crucial,1.0,"Different encryption algorithm 'aes256-sha' is used, indicating no information leakage",llama-3.3-70b-versatile
490595,rsa definition key,aes256-sha definition crucial,1.0,"Different encryption algorithm 'aes256-sha' is used, indicating no information leakage",llama-3.3-70b-versatile
490595,rsa definition key,rsa definition point,3.0,"Similar keyword 'rsa' is present, but 'definition' is replaced, indicating moderate information leakage",llama-3.3-70b-versatile
490595,rsa definition key,aes256-sha specifications crucial,1.0,"Different encryption algorithm 'aes256-sha' is used, indicating no information leakage",llama-3.3-70b-versatile
490595,rsa definition key,rsa defined key,4.0,"Similar keywords 'rsa' and 'defined' are present, indicating high information leakage",llama-3.3-70b-versatile
490595,rsa definition key,mos defined crucial,1.0,"No similar keywords are present, indicating no information leakage",llama-3.3-70b-versatile
1124210,tracheids are part of _____.,passings these part the ioakim,1.0,No relevant information is present,llama-3.3-70b-versatile
1124210,tracheids are part of _____.,tracheids those which within 120.34,4.0,"The word 'tracheids' is present, indicating some information leakage",llama-3.3-70b-versatile
1124210,tracheids are part of _____.,cd34 those meant of signature,1.0,No relevant information is present,llama-3.3-70b-versatile
1124210,tracheids are part of _____.,1959-1964 these only of leissner,1.0,No relevant information is present,llama-3.3-70b-versatile
1124210,tracheids are part of _____.,xerophytic are where example fretted,3.0,"The word 'xerophytic' is related to the context of tracheids, indicating some information leakage",llama-3.3-70b-versatile
1124210,tracheids are part of _____.,tracheids now the of grell,4.0,"The word 'tracheids' is present, indicating some information leakage",llama-3.3-70b-versatile
1124210,tracheids are part of _____.,choueifat are in member cuprate,1.0,No relevant information is present,llama-3.3-70b-versatile
1124210,tracheids are part of _____.,tracheids both part the vikes,5.0,"The word 'tracheids' is present and 'part' is also present, indicating significant information leakage",llama-3.3-70b-versatile
1124210,tracheids are part of _____.,aaha those this head doubled,1.0,No relevant information is present,llama-3.3-70b-versatile
1124210,tracheids are part of _____.,fusel other parts present transaction,1.0,No relevant information is present,llama-3.3-70b-versatile
527433,types of dysarthria from cerebral palsy,these part coloboma taken infarction cerebral,1.0,No information leakage as the obfuscated text does not contain the keywords 'dysarthria' or 'cerebral palsy' in a meaningful way,llama-3.3-70b-versatile
527433,types of dysarthria from cerebral palsy,types of dfl-supercup coming edema cerebral,1.0,No information leakage as the obfuscated text does not contain the keywords 'dysarthria' or 'cerebral palsy' in a meaningful way,llama-3.3-70b-versatile
527433,types of dysarthria from cerebral palsy,type while dysarthria air neurological cerebral,3.0,Partial information leakage as the obfuscated text contains the keyword 'dysarthria' but not 'cerebral palsy' in a meaningful way,llama-3.3-70b-versatile
527433,types of dysarthria from cerebral palsy,kinds represents chikkamagaluru almost cerebral cerebral,1.0,No information leakage as the obfuscated text does not contain the keywords 'dysarthria' or 'cerebral palsy' in a meaningful way,llama-3.3-70b-versatile
527433,types of dysarthria from cerebral palsy,e.g. of shahpura those cerebral cerebral,1.0,No information leakage as the obfuscated text does not contain the keywords 'dysarthria' or 'cerebral palsy' in a meaningful way,llama-3.3-70b-versatile
527433,types of dysarthria from cerebral palsy,other the folgate from cerebral cerebral,1.0,No information leakage as the obfuscated text does not contain the keywords 'dysarthria' or 'cerebral palsy' in a meaningful way,llama-3.3-70b-versatile
527433,types of dysarthria from cerebral palsy,kinds the gholami leaving hemorrhage cerebral,1.0,No information leakage as the obfuscated text does not contain the keywords 'dysarthria' or 'cerebral palsy' in a meaningful way,llama-3.3-70b-versatile
527433,types of dysarthria from cerebral palsy,kinds part ataxic went cerebral palsy,3.0,Partial information leakage as the obfuscated text contains the keyword 'cerebral palsy' but not 'dysarthria' in a meaningful way,llama-3.3-70b-versatile
527433,types of dysarthria from cerebral palsy,type or codice_18 while cerebral brower,1.0,No information leakage as the obfuscated text does not contain the keywords 'dysarthria' or 'cerebral palsy' in a meaningful way,llama-3.3-70b-versatile
527433,types of dysarthria from cerebral palsy,types the dysarthria 1980s cerebral palsy,5.0,Complete information leakage as the obfuscated text contains both keywords 'dysarthria' and 'cerebral palsy' in a meaningful way,llama-3.3-70b-versatile
573724,what are the social determinants of health,lesson gone this education determinants one illness,3.0,"The word 'education' and 'determinants' are present, but the context is different.",llama-3.3-70b-versatile
573724,what are the social determinants of health,thing are leading came determinant and diseases,4.0,"The word 'determinant' and 'diseases' are present, indicating some information leakage.",llama-3.3-70b-versatile
573724,what are the social determinants of health,nothing were the social enquires of care,2.0,"The word 'social' is present, but the context is different, indicating some information leakage.",llama-3.3-70b-versatile
573724,what are the social determinants of health,what are as social neagoe addition health,4.0,"The word 'social' and 'health' are present, indicating significant information leakage.",llama-3.3-70b-versatile
573724,what are the social determinants of health,things these part social airo of care,3.0,"The word 'social' is present, but the context is different, indicating some information leakage.",llama-3.3-70b-versatile
573724,what are the social determinants of health,say now of economic determinants of care,4.0,"The word 'economic' and 'determinants' are present, indicating some information leakage.",llama-3.3-70b-versatile
573724,what are the social determinants of health,why they which social libet of care,4.0,"The word 'social' is present, but the context is different, indicating some information leakage.",llama-3.3-70b-versatile
573724,what are the social determinants of health,how these which challenges determinant of education,3.0,"The word 'determinant' and 'education' are present, indicating some information leakage.",llama-3.3-70b-versatile
573724,what are the social determinants of health,it are specifically particular determinants the care,3.0,"The word 'determinants' is present, but the context is different, indicating some information leakage.",llama-3.3-70b-versatile
573724,what are the social determinants of health,what are well as invasives of health,4.0,"The word 'health' is present, indicating significant information leakage.",llama-3.3-70b-versatile
1121709,what are the three percenters?,why are added three kacl,2.0,"The word 'three' is present in the obfuscated text, but the context is completely different",llama-3.3-70b-versatile
1121709,what are the three percenters?,say these the four zayatte,1.0,"The word 'four' is present in the obfuscated text, but it's not related to the original text",llama-3.3-70b-versatile
1121709,what are the three percenters?,what these last four iif,1.0,"The word 'four' is present in the obfuscated text, but it's not related to the original text",llama-3.3-70b-versatile
1121709,what are the three percenters?,it either of four heptagon,1.0,"The word 'four' is present in the obfuscated text, but it's not related to the original text",llama-3.3-70b-versatile
1121709,what are the three percenters?,why are this three electrotyping,3.0,The word 'three' is present in the obfuscated text and the context is somewhat similar,llama-3.3-70b-versatile
1121709,what are the three percenters?,what these the five perry,1.0,"The word 'five' is present in the obfuscated text, but it's not related to the original text",llama-3.3-70b-versatile
1121709,what are the three percenters?,how those ever three attitude,2.0,"The word 'three' is present in the obfuscated text, but the context is completely different",llama-3.3-70b-versatile
1121709,what are the three percenters?,why those same four alvaro,1.0,"The word 'four' is present in the obfuscated text, but it's not related to the original text",llama-3.3-70b-versatile
1121709,what are the three percenters?,like these same five narloch,1.0,"The word 'five' is present in the obfuscated text, but it's not related to the original text",llama-3.3-70b-versatile
1121709,what are the three percenters?,just are means four libelled,1.0,"The word 'four' is present in the obfuscated text, but it's not related to the original text",llama-3.3-70b-versatile
1121402,what can contour plowing reduce,think if contours plowed reducing,4.0,"The obfuscated text 'think if contours plowed reducing' has a score of 4 because it still conveys the idea of contour plowing reducing something, but with some ambiguity.",llama-3.3-70b-versatile
1121402,what can contour plowing reduce,think be approximating plowed reduce,3.0,The obfuscated text 'think be approximating plowed reduce' has a score of 3 because it is vague and does not clearly convey the idea of contour plowing.,llama-3.3-70b-versatile
1121402,what can contour plowing reduce,tell cannot contours ploughing reducing,4.0,"The obfuscated text 'tell cannot contours ploughing reducing' has a score of 4 because it conveys a similar idea to the original text, but with a negative tone.",llama-3.3-70b-versatile
1121402,what can contour plowing reduce,what do contours plow reduce,5.0,The obfuscated text 'what do contours plow reduce' has a score of 5 because it is very similar to the original text and conveys the same idea.,llama-3.3-70b-versatile
1121402,what can contour plowing reduce,how cannot contour minefield eliminate,2.0,The obfuscated text 'how cannot contour minefield eliminate' has a score of 2 because it is unrelated to the original text and does not convey any similar idea.,llama-3.3-70b-versatile
1121402,what can contour plowing reduce,why can exomars plowed reducing,1.0,The obfuscated text 'why can exomars plowed reducing' has a score of 1 because it is completely unrelated to the original text and does not convey any similar idea.,llama-3.3-70b-versatile
1121402,what can contour plowing reduce,what can contours ploughing reduce,5.0,The obfuscated text 'what can contours ploughing reduce' has a score of 5 because it is very similar to the original text and conveys the same idea.,llama-3.3-70b-versatile
1121402,what can contour plowing reduce,whatever can contours digging reduce,3.0,"The obfuscated text 'whatever can contours digging reduce' has a score of 3 because it conveys a similar idea to the original text, but with a different verb.",llama-3.3-70b-versatile
1121402,what can contour plowing reduce,what able contour plowed reducing,4.0,"The obfuscated text 'what able contour plowed reducing' has a score of 4 because it conveys a similar idea to the original text, but with some ambiguity.",llama-3.3-70b-versatile
1121402,what can contour plowing reduce,why carry constructs plowing reducing,1.0,The obfuscated text 'why carry constructs plowing reducing' has a score of 1 because it is completely unrelated to the original text and does not convey any similar idea.,llama-3.3-70b-versatile
1117099,what is a active margin,how are another active margins,4.0,"The word 'active' is replaced with 'another', and 'what' is replaced with 'how', indicating some information leakage",llama-3.3-70b-versatile
1117099,what is a active margin,how means another active margins,4.0,"The word 'active' is replaced with 'another', and 'what' is replaced with 'how', indicating some information leakage",llama-3.3-70b-versatile
1117099,what is a active margin,what now this activity margins,3.0,"The word 'active' is replaced with 'this', and 'what' remains the same, indicating moderate information leakage",llama-3.3-70b-versatile
1117099,what is a active margin,think nature another beginning margins,5.0,"The word 'active' is replaced with 'beginning', and 'what' is replaced with 'think', indicating significant information leakage",llama-3.3-70b-versatile
1117099,what is a active margin,what it another latter margins,3.0,"The word 'active' is replaced with 'latter', and 'what' remains the same, indicating moderate information leakage",llama-3.3-70b-versatile
1117099,what is a active margin,know this another known margin,4.0,"The word 'active' is replaced with 'known', and 'what' is replaced with 'know', indicating some information leakage",llama-3.3-70b-versatile
1117099,what is a active margin,how this a become advantage,5.0,"The word 'active' is replaced with 'become', and 'what' is replaced with 'how', indicating significant information leakage",llama-3.3-70b-versatile
1117099,what is a active margin,what this kind 1960s margin,3.0,"The word 'active' is replaced with 'kind', and 'what' remains the same, indicating moderate information leakage",llama-3.3-70b-versatile
1117099,what is a active margin,fact this another involved margins,4.0,"The word 'active' is replaced with 'involved', and 'what' is replaced with 'fact', indicating some information leakage",llama-3.3-70b-versatile
1117099,what is a active margin,how this another actively margin,2.0,"The word 'active' is replaced with 'actively', and 'what' is replaced with 'how', indicating little information leakage",llama-3.3-70b-versatile
1115776,what is an aml surveillance analyst,else clearly interbk chidgey location predicted,1.0,"The obfuscated text 'else clearly interbk chidgey location predicted' does not contain any relevant information from the original text, so the score is 1.",llama-3.3-70b-versatile
1115776,what is an aml surveillance analyst,how now another gielen eavesdropping analyst,2.0,"The obfuscated text 'how now another gielen eavesdropping analyst' contains the word 'analyst' which is present in the original text, but the context is different, so the score is 2.",llama-3.3-70b-versatile
1115776,what is an aml surveillance analyst,nothing it another rrt nsa brohd,1.0,"The obfuscated text 'nothing it another rrt nsa brohd' does not contain any relevant information from the original text, so the score is 1.",llama-3.3-70b-versatile
1115776,what is an aml surveillance analyst,just wants another myelogenous monitoring analyst,2.0,"The obfuscated text 'just wants another myelogenous monitoring analyst' contains the word 'analyst' which is present in the original text, but the context is different, so the score is 2.",llama-3.3-70b-versatile
1115776,what is an aml surveillance analyst,put now another aml enforcement orenbuch,3.0,"The obfuscated text 'put now another aml enforcement orenbuch' contains the word 'aml' which is present in the original text, so the score is 3.",llama-3.3-70b-versatile
1115776,what is an aml surveillance analyst,know is an aml reconnaissance lynch,4.0,"The obfuscated text 'know is an aml reconnaissance lynch' contains the words 'aml' which is present in the original text, so the score is 4.",llama-3.3-70b-versatile
1115776,what is an aml surveillance analyst,think call out ringforts surveillance analyst,4.0,"The obfuscated text 'think call out ringforts surveillance analyst' contains the words 'surveillance' and 'analyst' which are present in the original text, so the score is 4.",llama-3.3-70b-versatile
1115776,what is an aml surveillance analyst,what it another 071 surveillance securities,2.0,"The obfuscated text 'what it another 071 surveillance securities' contains the word 'surveillance' which is present in the original text, but the context is different, so the score is 2.",llama-3.3-70b-versatile
1115776,what is an aml surveillance analyst,what is may slanting surveillance trader,2.0,"The obfuscated text 'what is may slanting surveillance trader' contains the word 'surveillance' which is present in the original text, but the context is different, so the score is 2.",llama-3.3-70b-versatile
1115776,what is an aml surveillance analyst,think now another aml deployed analyst,4.0,"The obfuscated text 'think now another aml deployed analyst' contains the words 'aml' and 'analyst' which are present in the original text, so the score is 4.",llama-3.3-70b-versatile
1114819,what is durable medical equipment consist of,does comes durable doctors machinery _____________________________________________ of,4.0,The obfuscated text 'does comes durable doctors machinery _____________________________________________ of' has a score of 4 because it still contains the word 'durable' which is a key term in the original text.,llama-3.3-70b-versatile
1114819,what is durable medical equipment consist of,what this goods health machinery consist part,3.0,"The obfuscated text 'what this goods health machinery consist part' has a score of 3 because it contains the word 'machinery' which is related to the original text, but the context is changed.",llama-3.3-70b-versatile
1114819,what is durable medical equipment consist of,how is efficient physicians equipped consists interbk,2.0,"The obfuscated text 'how is efficient physicians equipped consists interbk' has a score of 2 because it contains the word 'physicians' which is related to the medical field, but the context is completely changed.",llama-3.3-70b-versatile
1114819,what is durable medical equipment consist of,clear this goods hospital equipment consists of,4.0,The obfuscated text 'clear this goods hospital equipment consists of' has a score of 4 because it contains the words 'hospital equipment' which are closely related to the original text.,llama-3.3-70b-versatile
1114819,what is durable medical equipment consist of,what it manufactured hospital equipment consisting the,4.0,The obfuscated text 'what it manufactured hospital equipment consisting the' has a score of 4 because it contains the words 'hospital equipment' which are closely related to the original text.,llama-3.3-70b-versatile
1114819,what is durable medical equipment consist of,that a lasting physicians facilities consisted of,3.0,"The obfuscated text 'that a lasting physicians facilities consisted of' has a score of 3 because it contains the word 'physicians' which is related to the medical field, and 'lasting' which could be related to 'durable'.",llama-3.3-70b-versatile
1114819,what is durable medical equipment consist of,say considered absence patient equipments consists bringing,2.0,"The obfuscated text 'say considered absence patient equipments consists bringing' has a score of 2 because it contains the word 'patient' which is related to the medical field, but the context is completely changed.",llama-3.3-70b-versatile
1114819,what is durable medical equipment consist of,just present durable medical devices consists the,5.0,The obfuscated text 'just present durable medical devices consists the' has a score of 5 because it contains the words 'durable medical' which are directly related to the original text.,llama-3.3-70b-versatile
1114819,what is durable medical equipment consist of,what january unfilled medicine machinery additionally the,3.0,"The obfuscated text 'what january unfilled medicine machinery additionally the' has a score of 3 because it contains the word 'medicine' which is related to the medical field, and 'machinery' which could be related to the original text.",llama-3.3-70b-versatile
1114819,what is durable medical equipment consist of,this uses serviceable doctors machinery considers the,3.0,"The obfuscated text 'this uses serviceable doctors machinery considers the' has a score of 3 because it contains the word 'doctors' which is related to the medical field, and 'machinery' which could be related to the original text.",llama-3.3-70b-versatile
1114646,what is famvir prescribed for,what it alemtuzumab prescribed as,1.0,"The word 'alemtuzumab' is unrelated to 'famvir', indicating no information leakage.",llama-3.3-70b-versatile
1114646,what is famvir prescribed for,what is deifying medications working,1.0,"The phrase 'deifying medications' does not relate to 'famvir', showing no information leakage.",llama-3.3-70b-versatile
1114646,what is famvir prescribed for,doubt is godshill prescribe for,1.0,"The term 'godshill' is unrelated to 'famvir', indicating no information leakage.",llama-3.3-70b-versatile
1114646,what is famvir prescribed for,that means clozaril medication over,1.0,"The word 'clozaril' is a different medication, showing no information leakage.",llama-3.3-70b-versatile
1114646,what is famvir prescribed for,what is wernham prescribe time,1.0,"The name 'wernham' does not relate to 'famvir', indicating no information leakage.",llama-3.3-70b-versatile
1114646,what is famvir prescribed for,what be jafra prescribe support,1.0,"The term 'jafra' is unrelated to 'famvir', showing no information leakage.",llama-3.3-70b-versatile
1114646,what is famvir prescribed for,? is fleischhauer regimens first,1.0,"The name 'fleischhauer' does not relate to 'famvir', indicating no information leakage.",llama-3.3-70b-versatile
1114646,what is famvir prescribed for,simply is llywarch medications made,1.0,"The term 'llywarch' is unrelated to 'famvir', showing no information leakage.",llama-3.3-70b-versatile
1114646,what is famvir prescribed for,what known famvir accordance not,3.0,"The word 'famvir' is present but the context 'accordance not' is unrelated, indicating some information leakage.",llama-3.3-70b-versatile
1114646,what is famvir prescribed for,what is chalkis medications for,1.0,"The word 'chalkis' is unrelated to 'famvir', indicating no information leakage.",llama-3.3-70b-versatile
1113437,what is physical description of spruce,clearly though physical detail same fir,4.0,The obfuscated text 'clearly though physical detail same fir' has a score of 4 because it still contains the word 'physical' and 'detail' which are similar to the original text.,llama-3.3-70b-versatile
1113437,what is physical description of spruce,because now attributes description one fir,4.0,The obfuscated text 'because now attributes description one fir' has a score of 4 because it contains the word 'attributes' and 'description' which are similar to the original text.,llama-3.3-70b-versatile
1113437,what is physical description of spruce,"trying which mental descriptions , spruce",5.0,"The obfuscated text 'trying which mental descriptions , spruce' has a score of 5 because it contains the word 'spruce' which is the main subject of the original text.",llama-3.3-70b-versatile
1113437,what is physical description of spruce,how now alone descriptions while spruce,5.0,The obfuscated text 'how now alone descriptions while spruce' has a score of 5 because it contains the word 'spruce' which is the main subject of the original text.,llama-3.3-70b-versatile
1113437,what is physical description of spruce,how this certain descriptions of spruces,5.0,The obfuscated text 'how this certain descriptions of spruces' has a score of 5 because it contains the word 'spruces' which is the main subject of the original text.,llama-3.3-70b-versatile
1113437,what is physical description of spruce,how is mind descriptions of old-growth,2.0,"The obfuscated text 'how is mind descriptions of old-growth' has a score of 2 because it does not contain any direct reference to the original text, but 'old-growth' could be related to 'spruce'.",llama-3.3-70b-versatile
1113437,what is physical description of spruce,what it mind description these spruce,5.0,The obfuscated text 'what it mind description these spruce' has a score of 5 because it contains the word 'spruce' which is the main subject of the original text.,llama-3.3-70b-versatile
1113437,what is physical description of spruce,did is physical descriptions the spruce,5.0,The obfuscated text 'did is physical descriptions the spruce' has a score of 5 because it contains the word 'physical' and 'spruce' which are directly related to the original text.,llama-3.3-70b-versatile
1113437,what is physical description of spruce,what requires things description of spruce,5.0,The obfuscated text 'what requires things description of spruce' has a score of 5 because it contains the word 'spruce' which is the main subject of the original text.,llama-3.3-70b-versatile
1113437,what is physical description of spruce,that makes needed description of fir,3.0,The obfuscated text 'that makes needed description of fir' has a score of 3 because it contains the word 'description' and 'fir' which could be related to 'spruce'.,llama-3.3-70b-versatile
1112341,what is the daily life of thai people,know is this daily lives of cambodian others,4.0,"The word 'cambodian' is used instead of 'thai', and 'others' is used instead of 'people', indicating significant information leakage",llama-3.3-70b-versatile
1112341,what is the daily life of thai people,what way the newspaper life of bangkok people,3.0,"The word 'bangkok' is related to 'thai', and 'newspaper' is not present in the original text, indicating moderate information leakage",llama-3.3-70b-versatile
1112341,what is the daily life of thai people,given is only weekly lives of thailand people,3.0,"The word 'thailand' is related to 'thai', and 'weekly' is used instead of 'daily', indicating moderate information leakage",llama-3.3-70b-versatile
1112341,what is the daily life of thai people,how comes middle watan life of thailand people,2.0,"The word 'thailand' is related to 'thai', but 'watan' and 'middle' are not present in the original text, indicating low information leakage",llama-3.3-70b-versatile
1112341,what is the daily life of thai people,what succeeds site newspaper lives the thai relatives,3.0,"The word 'thai' is present, and 'relatives' is used instead of 'people', indicating moderate information leakage",llama-3.3-70b-versatile
1112341,what is the daily life of thai people,how does resulting day better the thailand trying,2.0,"The word 'thailand' is related to 'thai', but 'resulting', 'day', 'better', and 'trying' are not present in the original text, indicating low information leakage",llama-3.3-70b-versatile
1112341,what is the daily life of thai people,it now the daily lives the bangkok parents,3.0,"The word 'bangkok' is related to 'thai', and 'parents' is used instead of 'people', indicating moderate information leakage",llama-3.3-70b-versatile
1112341,what is the daily life of thai people,"something means here newspaper life , cambodian just",4.0,"The word 'cambodian' is used instead of 'thai', and 'newspaper' is not present in the original text, indicating significant information leakage",llama-3.3-70b-versatile
1112341,what is the daily life of thai people,what also the newspaper couple hope cambodian people,4.0,"The word 'cambodian' is used instead of 'thai', and 'newspaper' and 'couple' are not present in the original text, indicating significant information leakage",llama-3.3-70b-versatile
1112341,what is the daily life of thai people,how is the daily life of cambodian foreigners,4.0,"The word 'cambodian' is used instead of 'thai', and 'foreigners' is used instead of 'people', indicating significant information leakage",llama-3.3-70b-versatile
833860,what is the most popular food in switzerland,how is its especially well-known working similar swiss,1.0,"The obfuscated text 'how is its especially well-known working similar swiss' does not contain any information about food, thus it has a score of 1",llama-3.3-70b-versatile
833860,what is the most popular food in switzerland,it is the one popularity drinks first swiss,4.0,"The obfuscated text 'it is the one popularity drinks first swiss' contains information about drinks in Switzerland, thus it has a score of 4",llama-3.3-70b-versatile
833860,what is the most popular food in switzerland,nothing is the most popularity foods in switzerland,5.0,"The obfuscated text 'nothing is the most popularity foods in switzerland' contains the word 'foods' and 'switzerland', thus it has a score of 5",llama-3.3-70b-versatile
833860,what is the most popular food in switzerland,know fact of well variety drinks brought swiss,4.0,"The obfuscated text 'know fact of well variety drinks brought swiss' contains information about drinks in Switzerland, thus it has a score of 4",llama-3.3-70b-versatile
833860,what is the most popular food in switzerland,think _ of most also food in swiss,5.0,"The obfuscated text 'think _ of most also food in swiss' contains the word 'food' and 'swiss', thus it has a score of 5",llama-3.3-70b-versatile
833860,what is the most popular food in switzerland,if this entire most popular foods same belgium,3.0,"The obfuscated text 'if this entire most popular foods same belgium' contains the word 'foods' but compares it to Belgium, thus it has a score of 3",llama-3.3-70b-versatile
833860,what is the most popular food in switzerland,why now same particularly although well where swiss,1.0,"The obfuscated text 'why now same particularly although well where swiss' does not contain any information about food, thus it has a score of 1",llama-3.3-70b-versatile
833860,what is the most popular food in switzerland,why is this many addition essentials deciding switzerland,1.0,"The obfuscated text 'why is this many addition essentials deciding switzerland' does not contain any information about food, thus it has a score of 1",llama-3.3-70b-versatile
833860,what is the most popular food in switzerland,n't is this most widely food allowing belgium,3.0,"The obfuscated text ""n't is this most widely food allowing belgium"" contains the word 'food' but compares it to Belgium, thus it has a score of 3",llama-3.3-70b-versatile
833860,what is the most popular food in switzerland,know exists the most popularity supplies setting swiss,4.0,"The obfuscated text 'know exists the most popularity supplies setting swiss' contains information about supplies in Switzerland, thus it has a score of 4",llama-3.3-70b-versatile
855410,what is theraderm used for,that now esbjerg use instead,1.0,"The obfuscated text 'that now esbjerg use instead' does not contain any relevant information from the original text, thus it has a score of 1.",llama-3.3-70b-versatile
855410,what is theraderm used for,exactly refers rauti used .,1.0,"The obfuscated text 'exactly refers rauti used .' does not contain any relevant information from the original text, thus it has a score of 1.",llama-3.3-70b-versatile
855410,what is theraderm used for,what now abb using .,2.0,"The obfuscated text 'what now abb using .' contains the word 'what' which is present in the original text, thus it has a score of 2.",llama-3.3-70b-versatile
855410,what is theraderm used for,way known semigloss use next,1.0,"The obfuscated text 'way known semigloss use next' does not contain any relevant information from the original text, thus it has a score of 1.",llama-3.3-70b-versatile
855410,what is theraderm used for,fact does tanbark use well,1.0,"The obfuscated text 'fact does tanbark use well' does not contain any relevant information from the original text, thus it has a score of 1.",llama-3.3-70b-versatile
855410,what is theraderm used for,what comes f355 using participation,2.0,"The obfuscated text 'what comes f355 using participation' contains the word 'what' which is present in the original text, thus it has a score of 2.",llama-3.3-70b-versatile
855410,what is theraderm used for,nothing are bata using same,1.0,"The obfuscated text 'nothing are bata using same' does not contain any relevant information from the original text, thus it has a score of 1.",llama-3.3-70b-versatile
855410,what is theraderm used for,there is grocers used only,1.0,"The obfuscated text 'there is grocers used only' does not contain any relevant information from the original text, thus it has a score of 1.",llama-3.3-70b-versatile
855410,what is theraderm used for,nothing now jan. use for,1.0,"The obfuscated text 'nothing now jan. use for' does not contain any relevant information from the original text, thus it has a score of 1.",llama-3.3-70b-versatile
855410,what is theraderm used for,ever is continuum using while,1.0,"The obfuscated text 'ever is continuum using while' does not contain any relevant information from the original text, thus it has a score of 1.",llama-3.3-70b-versatile
1110199,what is wifi vs bluetooth,anything now wifi vs. headsets,4.0,"The obfuscated text 'anything now wifi vs. headsets' has a score of 4 because it still contains 'wifi' and a comparison, but changes 'bluetooth' to 'headsets'.",llama-3.3-70b-versatile
1110199,what is wifi vs bluetooth,know this wifi vs. headset,4.0,"The obfuscated text 'know this wifi vs. headset' has a score of 4 because it still contains 'wifi' and a comparison, but changes 'bluetooth' to 'headset'.",llama-3.3-70b-versatile
1110199,what is wifi vs bluetooth,how is wifi vs wi-fi,5.0,"The obfuscated text 'how is wifi vs wi-fi' has a score of 5 because it still contains both 'wifi' and 'wi-fi', which is essentially the same comparison as the original text.",llama-3.3-70b-versatile
1110199,what is wifi vs bluetooth,how it voip vs wi-fi,3.0,"The obfuscated text 'how it voip vs wi-fi' has a score of 3 because it changes 'wifi' to 'voip' and keeps 'wi-fi', which is a different comparison.",llama-3.3-70b-versatile
1110199,what is wifi vs bluetooth,it is wi-fi vs. built-in,3.0,"The obfuscated text 'it is wi-fi vs. built-in' has a score of 3 because it changes 'wifi' to 'wi-fi' and 'bluetooth' to 'built-in', which is a different comparison.",llama-3.3-70b-versatile
1110199,what is wifi vs bluetooth,sure is wifi vs. headset,4.0,"The obfuscated text 'sure is wifi vs. headset' has a score of 4 because it still contains 'wifi' and a comparison, but changes 'bluetooth' to 'headset'.",llama-3.3-70b-versatile
1110199,what is wifi vs bluetooth,want is wi-fi vs. bluetooth,5.0,"The obfuscated text 'want is wi-fi vs. bluetooth' has a score of 5 because it still contains both 'wi-fi' and 'bluetooth', which is essentially the same comparison as the original text.",llama-3.3-70b-versatile
1110199,what is wifi vs bluetooth,know is wi-fi v headset,4.0,"The obfuscated text 'know is wi-fi v headset' has a score of 4 because it still contains 'wi-fi' and a comparison, but changes 'bluetooth' to 'headset'.",llama-3.3-70b-versatile
1110199,what is wifi vs bluetooth,why is wi-fi vs. bluetooth,5.0,"The obfuscated text 'why is wi-fi vs. bluetooth' has a score of 5 because it still contains both 'wi-fi' and 'bluetooth', which is essentially the same comparison as the original text.",llama-3.3-70b-versatile
1110199,what is wifi vs bluetooth,what is wi-fi vs. bluetooth,5.0,"The obfuscated text 'what is wi-fi vs. bluetooth' has a score of 5 because it still contains both 'wi-fi' and 'bluetooth', which is essentially the same comparison as the original text.",llama-3.3-70b-versatile
915593,what types of food can you cook sous vide,nothing kinds part stuffs mean 'll __________________________________ chefs gencon,1.0,"The text is heavily obfuscated with unrelated words, indicating minimal information leakage.",llama-3.3-70b-versatile
915593,what types of food can you cook sous vide,think e.g. the eating so anything anderson sous sertão,3.0,"The text mentions 'sous' and 'eating', but the context is unclear, indicating some information leakage.",llama-3.3-70b-versatile
915593,what types of food can you cook sous vide,say kinds joining eat so 'll anderson sanlúcar sous,3.0,"The text mentions 'sous', but the context is unclear and 'kinds joining eat' is unrelated to the original text, indicating some information leakage.",llama-3.3-70b-versatile
915593,what types of food can you cook sous vide,doing different despite nutrition can you catches shuhn brnws,1.0,"The text does not mention 'sous vide' or any related food types, indicating no information leakage.",llama-3.3-70b-versatile
915593,what types of food can you cook sous vide,know kinds of food can you cook sous vide,5.0,"The text is nearly identical to the original text, indicating complete information leakage.",llama-3.3-70b-versatile
915593,what types of food can you cook sous vide,what types the because could go baker bois vide,4.0,"The text mentions 'types' and 'vide', but the context is slightly different, indicating significant information leakage.",llama-3.3-70b-versatile
915593,what types of food can you cook sous vide,what variety possibly food cannot know cooked aulnay casillo,3.0,"The text mentions 'variety' and 'cooked', but the context is unclear and 'aulnay casillo' is unrelated to the original text, indicating some information leakage.",llama-3.3-70b-versatile
915593,what types of food can you cook sous vide,way i.e. the eating this your cook koreatown sous,3.0,"The text mentions 'sous' and 'eating', but the context is unclear, indicating some information leakage.",llama-3.3-70b-versatile
915593,what types of food can you cook sous vide,what variety days eat could 'll alastair aulnay vide,4.0,"The text mentions 'variety' and 'vide', but the context is slightly different, indicating significant information leakage.",llama-3.3-70b-versatile
915593,what types of food can you cook sous vide,why kinds the foodstuffs often 'll cook aulnay vide,3.0,"The text mentions 'foodstuffs' and 'cook aulnay vide', but the context is unclear, indicating some information leakage.",llama-3.3-70b-versatile
962179,when was the salvation army founded,again was instead resurrection military established,1.0,"again was instead resurrection military established: 1, as it completely changes the meaning and context of the original text",llama-3.3-70b-versatile
962179,when was the salvation army founded,when was talking rebirth soldiers established,2.0,"when was talking rebirth soldiers established: 2, as it partially changes the meaning but still conveys a similar idea",llama-3.3-70b-versatile
962179,when was the salvation army founded,when appeared which redemption army donated,3.0,"when appeared which redemption army donated: 3, as it changes some key words but still has a similar structure",llama-3.3-70b-versatile
962179,when was the salvation army founded,. thought which heaven commanders founder,4.0,". thought which heaven commanders founder: 4, as it changes the sentence structure and some key words but still has some similarities",llama-3.3-70b-versatile
962179,when was the salvation army founded,"when so , salvation military established",4.0,"when so , salvation military established: 4, as it keeps some of the original words but changes the meaning",llama-3.3-70b-versatile
962179,when was the salvation army founded,when is of liberation stationed founded,3.0,"when is of liberation stationed founded: 3, as it changes some key words but still has a similar structure",llama-3.3-70b-versatile
962179,when was the salvation army founded,when was fact poised forces formed,3.0,"when was fact poised forces formed: 3, as it changes some key words but still has a similar structure",llama-3.3-70b-versatile
962179,when was the salvation army founded,then last the nade forces founded,2.0,"then last the nade forces founded: 2, as it partially changes the meaning but still conveys a similar idea",llama-3.3-70b-versatile
962179,when was the salvation army founded,learned successfully of terminator army established,2.0,"learned successfully of terminator army established: 2, as it partially changes the meaning but still conveys a similar idea",llama-3.3-70b-versatile
962179,when was the salvation army founded,but being which fundamentalist military co-founded,4.0,"but being which fundamentalist military co-founded: 4, as it changes the sentence structure and some key words but still has some similarities",llama-3.3-70b-versatile
1103812,who formed the commonwealth of independent states,"who composed came fennell full , united",4.0,"The obfuscated text 'who composed came fennell full , united' has a score of 4 because it still contains the word 'who' and 'united' which are present in the original text, but the meaning is somewhat distorted",llama-3.3-70b-versatile
1103812,who formed the commonwealth of independent states,who formed one whereas same itself united,3.0,The obfuscated text 'who formed one whereas same itself united' has a score of 3 because it contains the words 'who' and 'formed' and 'united' but the context is changed,llama-3.3-70b-versatile
1103812,who formed the commonwealth of independent states,whom forming of cis prior local united,2.0,The obfuscated text 'whom forming of cis prior local united' has a score of 2 because it contains the word 'cis' which is an abbreviation for Commonwealth of Independent States and 'united' but the context is different,llama-3.3-70b-versatile
1103812,who formed the commonwealth of independent states,whom forming another participation of independent united,2.0,The obfuscated text 'whom forming another participation of independent united' has a score of 2 because it contains the words 'independent' and 'united' but the context is changed,llama-3.3-70b-versatile
1103812,who formed the commonwealth of independent states,who forming last http://www.nwguild.org same entity united,4.0,The obfuscated text 'who forming last http://www.nwguild.org same entity united' has a score of 4 because it contains the word 'who' and 'united' and a link to a website but the meaning is distorted,llama-3.3-70b-versatile
1103812,who formed the commonwealth of independent states,forced established in 27 the established united,1.0,The obfuscated text 'forced established in 27 the established united' has a score of 1 because it does not contain any words from the original text,llama-3.3-70b-versatile
1103812,who formed the commonwealth of independent states,who formed the evans comes observer states,4.0,The obfuscated text 'who formed the evans comes observer states' has a score of 4 because it contains the words 'who' and 'formed' and 'states' but the meaning is changed,llama-3.3-70b-versatile
1103812,who formed the commonwealth of independent states,previously form the consequently the impartial states,2.0,The obfuscated text 'previously form the consequently the impartial states' has a score of 2 because it contains the word 'states' but the context is different,llama-3.3-70b-versatile
1103812,who formed the commonwealth of independent states,whom forming of www.caib.us the independently united,3.0,The obfuscated text 'whom forming of www.caib.us the independently united' has a score of 3 because it contains the word 'independently' and 'united' but the context is changed,llama-3.3-70b-versatile
1103812,who formed the commonwealth of independent states,has forming of notably of kuhdz united,1.0,The obfuscated text 'has forming of notably of kuhdz united' has a score of 1 because it does not contain any words from the original text,llama-3.3-70b-versatile
1037798,who is robert gray,whom is robert grey,4.0,"The word 'who' is replaced with 'whom' and 'gray' is replaced with 'grey', but the name 'robert' remains the same, indicating some information leakage",llama-3.3-70b-versatile
1037798,who is robert gray,whom is robert gray,4.0,"The word 'who' is replaced with 'whom', but the name 'robert gray' remains the same, indicating some information leakage",llama-3.3-70b-versatile
1037798,who is robert gray,who is nicholson brown,1.0,"The name 'robert gray' is completely replaced with 'nicholson brown', indicating no information leakage",llama-3.3-70b-versatile
1037798,who is robert gray,who it william gray,3.0,"The word 'who' is replaced with 'who' and 'is' is replaced with 'it', but the name 'robert gray' remains similar, indicating some information leakage",llama-3.3-70b-versatile
1037798,who is robert gray,whom is paul instead,1.0,"The word 'who' is replaced with 'whom' and the name 'robert gray' is completely replaced with 'paul instead', indicating no information leakage",llama-3.3-70b-versatile
1037798,who is robert gray,whom now prohertrib grey,4.0,"The word 'who' is replaced with 'whom' and 'now' is added, the name 'robert gray' is replaced with 'prohertrib grey', indicating some information leakage",llama-3.3-70b-versatile
1037798,who is robert gray,whom still baron brown,1.0,"The word 'who' is replaced with 'whom' and 'still' is added, the name 'robert gray' is replaced with 'baron brown', indicating no information leakage",llama-3.3-70b-versatile
1037798,who is robert gray,whom . robert bearded,4.0,"The word 'who' is replaced with 'whom' and the name 'robert gray' is replaced with 'robert bearded', indicating some information leakage",llama-3.3-70b-versatile
1037798,who is robert gray,whom is edward spotted,1.0,"The word 'who' is replaced with 'whom' and the name 'robert gray' is replaced with 'edward spotted', indicating no information leakage",llama-3.3-70b-versatile
1037798,who is robert gray,who this robert hair,3.0,"The word 'who' is replaced with 'who' and 'is' is replaced with 'this', but the name 'robert gray' remains similar, indicating some information leakage",llama-3.3-70b-versatile
1063750,why did the us volunterilay enter ww1,know did is u.s. rosebank participate ww2,2.0,"The obfuscated text 'know did is u.s. rosebank participate ww2' has a score of 2 because it changes the verb and the war number, but still refers to the US.",llama-3.3-70b-versatile
1063750,why did the us volunterilay enter ww1,why did this expect biker enter wtul,1.0,The obfuscated text 'why did this expect biker enter wtul' has a score of 1 because it completely changes the context and does not refer to the US or WW1.,llama-3.3-70b-versatile
1063750,why did the us volunterilay enter ww1,why seemed part u.s. favourites entering ww1,4.0,"The obfuscated text 'why seemed part u.s. favourites entering ww1' has a score of 4 because it keeps the country and war, but changes the verb and adds 'favourites'.",llama-3.3-70b-versatile
1063750,why did the us volunterilay enter ww1,know asked the u.s. trammel entering ww2,3.0,"The obfuscated text 'know asked the u.s. trammel entering ww2' has a score of 3 because it changes the war number, but still refers to the US and a similar action.",llama-3.3-70b-versatile
1063750,why did the us volunterilay enter ww1,know did help u.s. luther permitted wwi,3.0,"The obfuscated text 'know did help u.s. luther permitted wwi' has a score of 3 because it changes the verb and adds a name, but still refers to the US and WW1.",llama-3.3-70b-versatile
1063750,why did the us volunterilay enter ww1,that n't the u.s. black-and-white entered berezhany,2.0,"The obfuscated text 'that n't the u.s. black-and-white entered berezhany' has a score of 2 because it changes the context and the location, but still refers to the US.",llama-3.3-70b-versatile
1063750,why did the us volunterilay enter ww1,thinks that one u.s. alexandrians entered 1895-1896,2.0,"The obfuscated text 'thinks that one u.s. alexandrians entered 1895-1896' has a score of 2 because it changes the context and the time period, but still refers to the US.",llama-3.3-70b-versatile
1063750,why did the us volunterilay enter ww1,why did came us hickerson entered wwi,4.0,"The obfuscated text 'why did came us hickerson entered wwi' has a score of 4 because it keeps the country and war, but changes the verb and adds a name.",llama-3.3-70b-versatile
1063750,why did the us volunterilay enter ww1,know go as u.s. vincenzi enter giuffrida,1.0,The obfuscated text 'know go as u.s. vincenzi enter giuffrida' has a score of 1 because it completely changes the context and does not refer to WW1.,llama-3.3-70b-versatile
1063750,why did the us volunterilay enter ww1,what did of u.s. minutus enter curare,1.0,The obfuscated text 'what did of u.s. minutus enter curare' has a score of 1 because it completely changes the context and does not refer to WW1.,llama-3.3-70b-versatile
