id,text,obfuscatedText,score,justification,model
19335,anthropological definition of environment,linguistic definitions great wearable,0.2,"The obfuscated text 'linguistic definitions great wearable' does not convey the same meaning as the original text 'anthropological definition of environment'. However, it does contain the word 'definitions' which is related to the original text. The score is 0.2 because the obfuscated text only partially reveals the information in the original text.",llama-3.3-70b-versatile
19335,anthropological definition of environment,anthropological meaning dokuz soggy,0.4,"The obfuscated text still contains the word 'anthropological' which is present in the original text, indicating some information leakage. However, the rest of the text is obfuscated, reducing the overall leakage.",llama-3.3-70b-versatile
19335,anthropological definition of environment,beandalis lierde obscuring environment,0.8,"The obfuscated text still contains the word 'environment' which is present in the original text, indicating significant information leakage.",llama-3.3-70b-versatile
19335,anthropological definition of environment,anthropological definition those climate,0.7,"The obfuscated text still contains the word 'anthropological' and 'definition', which are key components of the original text, indicating a significant amount of information leakage.",llama-3.3-70b-versatile
19335,anthropological definition of environment,ethnographic freeview of tuality,0.2,"The obfuscated text 'ethnographic freeview of tuality' does not convey the same meaning as the original text 'anthropological definition of environment'. However, 'ethnographic' is related to 'anthropological' and 'environment' is somewhat related to 'tuality', but 'freeview' is unrelated. The score is 0.2 because there is some minor semantic connection between the words, but the overall meaning is not preserved.",llama-3.3-70b-versatile
19335,anthropological definition of environment,anthropological definition and comala,0.7,"The obfuscated text still contains the word 'anthropological' and 'definition', which are key components of the original text, indicating a significant amount of information leakage.",llama-3.3-70b-versatile
19335,anthropological definition of environment,philological what about environment,0.8,"The obfuscated text still contains the word 'environment' which is present in the original text, and also the word 'philological' is related to 'anthropological' in terms of field of study, indicating a significant information leakage",llama-3.3-70b-versatile
19335,anthropological definition of environment,anthropological calorimetric interconnection life,0.4,"The obfuscated text still contains the word 'anthropological' and 'definition' which are present in the original text, but other words are changed or missing, indicating partial information leakage.",llama-3.3-70b-versatile
19335,anthropological definition of environment,socio-economic defines línea environment,0.8,"The obfuscated text still contains the word 'environment' which is present in the original text, and also has the word 'defines' which is similar to 'definition' in the original text, indicating a significant information leakage",llama-3.3-70b-versatile
19335,anthropological definition of environment,isobutane uniform true create,0.0,"The obfuscated text 'isobutane uniform true create' does not contain any relevant information from the original text 'anthropological definition of environment', thus the score is 0",llama-3.3-70b-versatile
47923,axon terminals or synaptic knob definition,carlo marlin or causal vertical defined,0.4,"The obfuscated text has similar structure and word length as the original text, but with completely different words, indicating a moderate level of information leakage.",llama-3.3-70b-versatile
47923,axon terminals or synaptic knob definition,kil terminal or plasticity knob sampling,0.4,"The obfuscated text 'kil terminal or plasticity knob sampling' still contains some similar words and concepts related to the original text 'axon terminals or synaptic knob definition', such as 'terminal' and 'knob', indicating some information leakage. However, the context and meaning have been altered significantly, reducing the leakage. Therefore, a score of 0.4 is assigned.",llama-3.3-70b-versatile
47923,axon terminals or synaptic knob definition,axon terminals grasswren plasticity 2201 defined,0.7,"The obfuscated text 'axon terminals grasswren plasticity 2201 defined' still contains the key terms 'axon terminals' and 'defined' from the original text 'axon terminals or synaptic knob definition', indicating significant information leakage. However, the addition of 'grasswren', 'plasticity', and '2201' introduces some level of obfuscation. Given this, the score is 0.7.",llama-3.3-70b-versatile
47923,axon terminals or synaptic knob definition,axon liquefied telepar brainwaves sprite i.e.,0.2,"The obfuscated text still contains the word 'axon' which is present in the original text, indicating some information leakage. However, the rest of the text has been significantly altered, reducing the overall information leakage.",llama-3.3-70b-versatile
47923,axon terminals or synaptic knob definition,cheserem mtna $ synapses knob clotho,0.2,"The obfuscated text 'cheserem mtna $ synapses knob clotho' has some similarity to the original text 'axon terminals or synaptic knob definition' in terms of the presence of the word 'knob' and a reference to a neurological concept ('synapses' vs 'axon terminals' and 'synaptic'), but the majority of the text is unrelated, indicating a score of 0.2 for information leakage.",llama-3.3-70b-versatile
47923,axon terminals or synaptic knob definition,chukwurah terminals any synaptic knob definition,0.8,"The obfuscated text 'chukwurah terminals any synaptic knob definition' closely resembles the original text 'axon terminals or synaptic knob definition', with similar structure and key terms, indicating a high level of information leakage.",llama-3.3-70b-versatile
47923,axon terminals or synaptic knob definition,axon ortsgemeinden c6 inhibitory takhat definitions,0.4,"The obfuscated text 'axon ortsgemeinden c6 inhibitory takhat definitions' still contains the word 'axon' which is present in the original text, indicating some information leakage. However, other key terms like 'terminals' and 'synaptic knob' are not present or are significantly altered, reducing the overall information leakage. The score is 0.4, reflecting a moderate level of information leakage.",llama-3.3-70b-versatile
47923,axon terminals or synaptic knob definition,axon hinchinbrook other synaptic knob watson,0.6,"The obfuscated text 'axon hinchinbrook other synaptic knob watson' still contains the key terms 'axon' and 'synaptic knob', which are present in the original text 'axon terminals or synaptic knob definition'. However, the surrounding context and words have been altered, indicating some level of obfuscation. The score is 0.6 because while some information is still leaked, the changes make it less direct.",llama-3.3-70b-versatile
47923,axon terminals or synaptic knob definition,synapse approving or rashba cheyenne mid-19th,0.1,"The obfuscated text 'synapse approving or rashba cheyenne mid-19th' has very little resemblance to the original text 'axon terminals or synaptic knob definition', with no key terms matching, indicating minimal information leakage.",llama-3.3-70b-versatile
47923,axon terminals or synaptic knob definition,euro171 computer life-threatening plasticity camp blu,0.1,"The obfuscated text 'euro171 computer life-threatening plasticity camp blu' has very little resemblance to the original text 'axon terminals or synaptic knob definition', with no key terms or phrases matching, indicating a low information leakage score of 0.1",llama-3.3-70b-versatile
87181,causes of left ventricular hypertrophy,causes of out ventricle diekmann,0.4,"The obfuscated text still contains the word 'causes' and 'ventricle', which are key terms in the original text, indicating some information leakage. However, 'left' is replaced with 'out' and 'hypertrophy' is replaced with 'diekmann', which reduces the information leakage. Therefore, a score of 0.4 is assigned, indicating moderate information leakage.",llama-3.3-70b-versatile
87181,causes of left ventricular hypertrophy,aids of struck arrhythmias videocassette,0.1,"The obfuscated text 'aids of struck arrhythmias videocassette' has very little resemblance to the original text 'causes of left ventricular hypertrophy', indicating a low information leakage score of 0.1 due to the lack of similar words or phrases.",llama-3.3-70b-versatile
87181,causes of left ventricular hypertrophy,causes actual with tachycardia hypertrophy,0.8,"The obfuscated text still contains the key words 'causes', 'hypertrophy', and 'tachycardia' which are related to the original text 'causes of left ventricular hypertrophy', indicating significant information leakage.",llama-3.3-70b-versatile
87181,causes of left ventricular hypertrophy,cause of important diastole bettong,0.4,"The obfuscated text still contains the word 'cause' and 'hypertrophy' which are present in the original text, indicating some information leakage. However, other key terms like 'left ventricular' are missing or replaced, reducing the leakage. Score: 0.4",llama-3.3-70b-versatile
87181,causes of left ventricular hypertrophy,zadar of office ventricular raue,0.4,"The obfuscated text 'causes of left ventricular hypertrophy' has been modified to 'zadar of office ventricular raue', which still conveys some information about the topic, but with significant changes to the original words, indicating moderate information leakage.",llama-3.3-70b-versatile
87181,causes of left ventricular hypertrophy,cause its left ventricular hyperplasia,0.8,"The obfuscated text 'cause its left ventricular hyperplasia' still contains the key words 'cause', 'left', 'ventricular', which are similar to the original text 'causes of left ventricular hypertrophy'. The word 'hyperplasia' is similar to 'hypertrophy', indicating a high level of information leakage.",llama-3.3-70b-versatile
87181,causes of left ventricular hypertrophy,cause vruhl middle ventricular stear,0.4,"The obfuscated text still contains the word 'cause' and 'ventricular', which are key terms from the original text, but 'left' is replaced with 'middle' and 'hypertrophy' is replaced with 'stear', indicating some information leakage but not complete.",llama-3.3-70b-versatile
87181,causes of left ventricular hypertrophy,proliferated of off atrial misfolded,0.4,"The obfuscated text 'proliferated of off atrial misfolded' has some similarity to the original text 'causes of left ventricular hypertrophy' but with significant changes, indicating moderate information leakage.",llama-3.3-70b-versatile
87181,causes of left ventricular hypertrophy,causes revelry wright hypertrophy ventricle,0.8,"The obfuscated text still contains the word 'hypertrophy' and 'ventricle', which are key terms from the original text, indicating significant information leakage.",llama-3.3-70b-versatile
87181,causes of left ventricular hypertrophy,tiredness elizabeth left systole physiologic,0.1,"The obfuscated text 'tiredness elizabeth left systole physiologic' does not convey the same meaning as the original text 'causes of left ventricular hypertrophy'. The words are unrelated, indicating minimal information leakage.",llama-3.3-70b-versatile
87452,causes of military suicide,furthermore 743 military costin,0.4,"The obfuscated text does not clearly convey the original message, but some keywords like 'military' are still present, indicating partial information leakage.",llama-3.3-70b-versatile
87452,causes of military suicide,causes of schmidt sadc,0.4,"The obfuscated text still contains the word 'causes' which is present in the original text, but the rest of the text has been changed to 'of schmidt sadc' which does not convey the same meaning as the original text 'of military suicide'. This suggests a moderate level of information leakage.",llama-3.3-70b-versatile
87452,causes of military suicide,stimulation of soldiers bombers,0.4,"The obfuscated text 'stimulation of soldiers bombers' still contains some keywords related to the military, but the context and meaning have been altered, indicating partial information leakage.",llama-3.3-70b-versatile
87452,causes of military suicide,been the army 3ot,0.2,"The obfuscated text 'been the army 3ot' does not convey the same meaning as the original text 'causes of military suicide', but it still contains the word 'army' which is related to 'military'. The score is 0.2 because it has some relation to the original text, but the meaning is not preserved.",llama-3.3-70b-versatile
87452,causes of military suicide,resulting manitoba military death,0.7,"The obfuscated text still contains the word 'military' and 'death', which are closely related to the original text 'causes of military suicide', indicating a significant information leakage.",llama-3.3-70b-versatile
87452,causes of military suicide,cause varying personnel chodos,0.4,"The obfuscated text still contains the word 'cause' and 'military' which are present in the original text, indicating some information leakage",llama-3.3-70b-versatile
87452,causes of military suicide,rather entire army bombers,0.4,"The obfuscated text still contains the word 'army' and 'bombers' which are related to the military, but the context and meaning are altered, indicating some information leakage.",llama-3.3-70b-versatile
87452,causes of military suicide,autism history command attacks,0.2,"The obfuscated text 'autism history command attacks' does not convey the same meaning as the original text 'causes of military suicide'. However, it still contains the word 'military' which is related to the original text, but the context is completely different. The score is 0.2 because some information about the topic is still present, but it is not directly related to the original text.",llama-3.3-70b-versatile
87452,causes of military suicide,naeim of forces kyösti,0.2,"The obfuscated text 'naeim of forces kyösti' does not contain any direct information from the original text 'causes of military suicide', but it still conveys some vague connection to the military, hence a score of 0.2",llama-3.3-70b-versatile
87452,causes of military suicide,cause implies napoleon bombers,0.4,"The obfuscated text still contains the word 'cause' and 'bombers' which are related to the original text 'causes of military suicide', indicating some information leakage",llama-3.3-70b-versatile
104861,cost of interior concrete flooring,cost team ministry experts camry,0.1,"The obfuscated text does not contain any relevant information from the original text, indicating minimal information leakage.",llama-3.3-70b-versatile
104861,cost of interior concrete flooring,cost of ministry crankily 118.93,0.4,"The obfuscated text still contains the word 'cost' and a number '118.93' which is likely related to the cost, thus there is some information leakage",llama-3.3-70b-versatile
104861,cost of interior concrete flooring,4.5 chairmen within piled linoleum,0.0,"The obfuscated text '4.5 chairmen within piled linoleum' does not reveal any information about the original text 'cost of interior concrete flooring'. The words are unrelated, and the numbers do not match, indicating no information leakage.",llama-3.3-70b-versatile
104861,cost of interior concrete flooring,cost kharitonov is concrete fingerprint,0.6,"The obfuscated text still contains the word 'cost' and 'concrete' which are present in the original text, indicating some information leakage",llama-3.3-70b-versatile
104861,cost of interior concrete flooring,easy artifacts rather precast flooring,0.4,"The obfuscated text still contains the word 'flooring' which is present in the original text, and also the word 'concrete' is related to the original text 'interior concrete flooring'. However, other words are not related, thus the score is not 1. The word 'cost' is also present in the obfuscated text which is present in the original text. Hence, the score is 0.4",llama-3.3-70b-versatile
104861,cost of interior concrete flooring,cost portrait ministry build-up hardwood,0.4,"The obfuscated text still contains the word 'cost' and 'concrete' is replaced with 'hardwood' which is a related concept, but 'ministry' and 'build-up' are unrelated to the original text, and 'portrait' is also unrelated, indicating some information leakage but not complete.",llama-3.3-70b-versatile
104861,cost of interior concrete flooring,costing of riders mural flooring,0.6,"The obfuscated text still contains the word 'costing' and 'flooring' which are present in the original text, indicating some information leakage",llama-3.3-70b-versatile
104861,cost of interior concrete flooring,costing of interior slabs isostatic,0.4,"The obfuscated text still contains the word 'costing' and 'of interior', which are present in the original text, indicating some information leakage. However, the word 'slabs' and 'isostatic' are not present in the original text, which reduces the information leakage. The score is 0.4 because some key words are still present but the meaning is altered.",llama-3.3-70b-versatile
104861,cost of interior concrete flooring,cost stretches ulibarri the flooring,0.6,"The obfuscated text still contains the word 'cost' and 'flooring' which are present in the original text, indicating some information leakage",llama-3.3-70b-versatile
104861,cost of interior concrete flooring,ouden which qad concrete ludmilla,0.2,"The obfuscated text still contains the word 'concrete' which is present in the original text, indicating some information leakage",llama-3.3-70b-versatile
1106007,define visceral?,defining gemex,0.2,"The obfuscated text 'defining gemex' does not convey the same meaning as the original text 'define visceral?', thus the information leakage is minimal.",llama-3.3-70b-versatile
1106007,define visceral?,corbusier constrictor,0.1,"The obfuscated text 'corbusier constrictor' does not resemble the original text 'define visceral?' in any way, indicating a very low information leakage.",llama-3.3-70b-versatile
1106007,define visceral?,1/11 omalanga,0.01,"The obfuscated text '1/11 omalanga' does not resemble the original text 'define visceral?' in any way, indicating a very low information leakage.",llama-3.3-70b-versatile
1106007,define visceral?,define giuseppe,0.4,"The obfuscated text 'define giuseppe' still contains the word 'define' which is present in the original text 'define visceral?', indicating some information leakage. However, the term 'giuseppe' is unrelated to 'visceral', suggesting partial information leakage.",llama-3.3-70b-versatile
1106007,define visceral?,define 44-6,0.0,"The obfuscated text 'define 44-6' does not reveal any information about the original text 'define visceral?', thus the score is 0",llama-3.3-70b-versatile
1106007,define visceral?,defines interior,0.6,"The obfuscated text 'defines interior' still contains the word 'define' and 'interior' which is related to the original text 'define visceral', indicating some information leakage.",llama-3.3-70b-versatile
1106007,define visceral?,99.04 creative,0.0,"The obfuscated text '99.04 creative' does not contain any information related to the original text 'define visceral?', thus the score is 0",llama-3.3-70b-versatile
1106007,define visceral?,categorize sinfonietta,0.0,"The obfuscated text 'categorize sinfonietta' does not contain any information related to the original text 'define visceral?', thus the score is 0",llama-3.3-70b-versatile
1106007,define visceral?,liven bu,0.0,"The obfuscated text 'liven bu' does not contain any information related to the original text 'define visceral?', thus the score is 0",llama-3.3-70b-versatile
1106007,define visceral?,orientation brantling,0.0,"The obfuscated text 'orientation brantling' does not contain any information related to the original text 'define visceral?', thus the score is 0",llama-3.3-70b-versatile
130510,definition declaratory judgment,escoffier interpleader judgement,0.2,"The obfuscated text 'escoffier interpleader judgement' appears to be unrelated to the original text 'definition declaratory judgment', but 'judgement' is similar to 'judgment'. However, considering 'escoffier' is a proper noun related to a famous chef and 'interpleader' is a legal term, the obfuscated text does not convey the same meaning as the original text. Therefore, the score should be low, around 0.2, indicating minimal information leakage.",llama-3.3-70b-versatile
130510,definition declaratory judgment,curriculum telegraphed judgment,0.4,"The obfuscated text 'curriculum telegraphed judgment' still contains the word 'judgment' which is present in the original text 'definition declaratory judgment'. This indicates a significant information leakage. However, the other words in the original text are not present in the obfuscated text, which reduces the leakage. Considering this, a score of 0.4 is assigned.",llama-3.3-70b-versatile
130510,definition declaratory judgment,defines dc-7 judgement,0.8,"The obfuscated text 'defines dc-7 judgement' still contains the word 'judgement' which is similar to 'judgment' in the original text, and 'defines' is similar to 'definition' in the original text, indicating a significant information leakage",llama-3.3-70b-versatile
130510,definition declaratory judgment,curmudgeonly declaratory offending,0.4,"The obfuscated text 'curmudgeonly declaratory offending' still contains the word 'declaratory' from the original text 'definition declaratory judgment', indicating some information leakage. However, the other words have been changed, reducing the overall leakage.",llama-3.3-70b-versatile
130510,definition declaratory judgment,definition declaratory giganteus,0.6,"The obfuscated text 'definition declaratory giganteus' has similar words to the original text 'definition declaratory judgment', with 'definition' and 'declaratory' being identical, but 'giganteus' is different from 'judgment'. This suggests a moderate level of information leakage.",llama-3.3-70b-versatile
130510,definition declaratory judgment,physics-based horiguchi judgement,0.8,"The obfuscated text 'definition declaratory giganteus' has a similar structure to the original text 'definition declaratory judgment', with the word 'definition' and 'declaratory' being identical, and 'giganteus' being a synonym for 'judgment' is not accurate but 'judgment' and 'giganteus' are both nouns, thus the score is 0.8",llama-3.3-70b-versatile
130510,definition declaratory judgment,definition wonkish judgment,0.8,"The obfuscated text 'definition wonkish judgment' still contains the key words 'definition' and 'judgment' from the original text 'definition declaratory judgment', indicating a significant information leakage. However, the word 'wonkish' replaces 'declaratory', which reduces the leakage to some extent. Therefore, the score is 0.8.",llama-3.3-70b-versatile
130510,definition declaratory judgment,debasis panzerkorps judgment,0.2,"The obfuscated text 'debasis panzerkorps judgment' has some similarity to the original text 'definition declaratory judgment' in that it contains the word 'judgment', but the other words are completely different, indicating a low level of information leakage.",llama-3.3-70b-versatile
130510,definition declaratory judgment,definition mhaga presumption,0.2,"The obfuscated text 'definition mhaga presumption' has some similarity to the original text 'definition declaratory judgment' in that it contains the word 'definition', but the other words are different, indicating some information leakage. However, the meaning and context are not fully preserved, so the score is not 1.",llama-3.3-70b-versatile
130510,definition declaratory judgment,defined t-35 same,0.2,"The obfuscated text 'defined t-35 same' has some similarity with the original text 'definition declaratory judgment' as it contains the word 'defined' which is close to 'definition', but the rest of the words are unrelated, thus the score is 0.2",llama-3.3-70b-versatile
131843,definition of a sigmet,defined musina manifestation rucksack,0.2,"The obfuscated text 'defined musina manifestation rucksack' does not convey the same meaning as the original text 'definition of a sigmet'. However, some words are similar in structure, which may indicate a slight information leakage. The score is set to 0.2 to reflect this.",llama-3.3-70b-versatile
131843,definition of a sigmet,defines or tapeworm funjet,0.2,"The obfuscated text 'defines or tapeworm funjet' does not convey the same meaning as the original text 'definition of a sigmet', but some words are similar, thus the score is 0.2",llama-3.3-70b-versatile
131843,definition of a sigmet,avita created another dziennik,0.1,"The obfuscated text 'avita created another dziennik' does not resemble the original text 'definition of a sigmet' in any way, indicating a low information leakage score of 0.1.",llama-3.3-70b-versatile
131843,definition of a sigmet,definition of tuhv andresol,0.2,"The obfuscated text 'definition of tuhv andresol' still contains the word 'definition of' which is present in the original text 'definition of a sigmet', indicating some information leakage. However, the rest of the text is completely different, suggesting a significant level of obfuscation. Therefore, the score is 0.2.",llama-3.3-70b-versatile
131843,definition of a sigmet,glacialis sports looks siezed,0.2,"The obfuscated text 'glacialis sports looks siezed' does not convey the same meaning as the original text 'definition of a sigmet', thus the information leakage is low.",llama-3.3-70b-versatile
131843,definition of a sigmet,i.e. 1184 close dry-season,0.1,"The obfuscated text 'i.e. 1184 close dry-season' does not convey the same meaning as the original text 'definition of a sigmet', thus the information leakage is low.",llama-3.3-70b-versatile
131843,definition of a sigmet,it backing a 1919-1921,0.1,"The obfuscated text does not convey the same meaning as the original text 'definition of a sigmet', with most words being unrelated or nonsensical in this context, thus the score is 0.1",llama-3.3-70b-versatile
131843,definition of a sigmet,definition monument non-act tpn,0.2,"The obfuscated text 'definition monument non-act tpn' still contains the word 'definition' which is present in the original text 'definition of a sigmet', indicating some information leakage. However, the rest of the text is completely different, suggesting a significant level of obfuscation.",llama-3.3-70b-versatile
131843,definition of a sigmet,defined certain san serpa,0.2,"The obfuscated text 'defined certain san serpa' does not closely resemble the original text 'definition of a sigmet', indicating significant information leakage. However, some words like 'defined' are similar, suggesting a partial connection.",llama-3.3-70b-versatile
131843,definition of a sigmet,mathematical bohuslän after ratra,0.1,"The obfuscated text 'mathematical bohuslän after ratra' does not convey the same meaning as the original text 'definition of a sigmet', thus the information leakage is minimal.",llama-3.3-70b-versatile
146187,difference between a mcdouble and a double cheeseburger,emotion of format understands these a vishwavidyalaya downer,0.0,"The obfuscated text does not contain any information from the original text, indicating no information leakage.",llama-3.3-70b-versatile
146187,difference between a mcdouble and a double cheeseburger,advantage clashes helped waddock 10.64 new double cheeseburger,0.4,"The obfuscated text contains the phrase 'double cheeseburger' which is also present in the original text, indicating some information leakage. However, the context and other words are different, so it's not a complete leakage.",llama-3.3-70b-versatile
146187,difference between a mcdouble and a double cheeseburger,next peter as domestic both note whopper cheeseburger,0.2,"The obfuscated text still contains the word 'cheeseburger' which is present in the original text, indicating some information leakage. However, the context and other words are completely different, suggesting a significant level of obfuscation.",llama-3.3-70b-versatile
146187,difference between a mcdouble and a double cheeseburger,perjuangan between called marzuq melin another twice cheeseburgers,0.6,"The obfuscated text still contains the word 'cheeseburgers' which is related to the original text 'difference between a mcdouble and a double cheeseburger', indicating some information leakage.",llama-3.3-70b-versatile
146187,difference between a mcdouble and a double cheeseburger,owners ; loser duffy etc. took brufau cheeseburger,0.4,"The obfuscated text still contains the word 'cheeseburger' which is a key term from the original text, indicating some information leakage.",llama-3.3-70b-versatile
146187,difference between a mcdouble and a double cheeseburger,change called a katzmann aspects a double wannasathit,0.2,"The obfuscated text still contains the word 'double' which is present in the original text, indicating some information leakage",llama-3.3-70b-versatile
146187,difference between a mcdouble and a double cheeseburger,"yet betwee ministry scheme , wife 39.35 kudrin",0.2,"The obfuscated text does not contain any relevant information from the original text, but it does contain some similar keywords like 'between' and 'double', however the context is completely different, thus the score is 0.2",llama-3.3-70b-versatile
146187,difference between a mcdouble and a double cheeseburger,nailing about mockumentary grouped _ a scoundrels cheeseburger,0.4,"The obfuscated text contains the word 'cheeseburger' which is a key term from the original text, indicating some information leakage.",llama-3.3-70b-versatile
146187,difference between a mcdouble and a double cheeseburger,geschichten groups a wmf miscommunications 132.30 malthusian pizza,0.2,"The obfuscated text does not contain any relevant information about the difference between a McDouble and a Double Cheeseburger, but it does contain the word 'cheeseburger' which is related to the original text.",llama-3.3-70b-versatile
146187,difference between a mcdouble and a double cheeseburger,3 yugas a jonbenet occasion another trap cheeseburgers,0.2,"The obfuscated text does not contain any relevant information about the difference between a McDouble and a Double Cheeseburger, but it does contain the word 'cheeseburgers' which is related to the topic.",llama-3.3-70b-versatile
148538,difference between rn and bsn,than between 64 north innervates,0.2,"The obfuscated text 'than between 64 north innervates' does not convey the same meaning as the original text 'difference between rn and bsn', but some words are similar, thus the score is 0.2",llama-3.3-70b-versatile
148538,difference between rn and bsn,money country uis took mississipi,0.2,"The obfuscated text does not resemble the original text in any way, indicating a high level of obfuscation.",llama-3.3-70b-versatile
148538,difference between rn and bsn,"difference 100,000-200 rn added o'riordan",0.4,"The obfuscated text still contains the word 'difference' and 'rn' which are present in the original text, indicating some information leakage. However, the addition of '100,000-200' and 'o'riordan' introduces unrelated information, reducing the overall leakage. The score is 0.4, reflecting a moderate level of information leakage.",llama-3.3-70b-versatile
148538,difference between rn and bsn,difference about currier multi-purpose seafirst,0.2,"The obfuscated text still contains the word 'difference' which is present in the original text, indicating some information leakage. However, the rest of the text is completely different, suggesting a significant level of obfuscation.",llama-3.3-70b-versatile
148538,difference between rn and bsn,on can 36 while nabuco,0.2,"The obfuscated text does not convey the original meaning of the difference between RN and BSN, with completely unrelated words and phrases, thus the score is 0.2",llama-3.3-70b-versatile
148538,difference between rn and bsn,one between dbkom wide chaira,0.4,"The obfuscated text 'one between dbkom wide chaira' does not convey the same meaning as the original text 'difference between rn and bsn', indicating significant information leakage. However, some words like 'between' are preserved, suggesting a partial leakage. Thus, a score of 0.4 is assigned.",llama-3.3-70b-versatile
148538,difference between rn and bsn,difference between rn encouraged located,0.7,"The obfuscated text still contains the word 'difference' and 'between' and 'rn' which are present in the original text, indicating some information leakage",llama-3.3-70b-versatile
148538,difference between rn and bsn,only between huelga wife bsn,0.4,"The obfuscated text still contains the key words 'between' and 'bsn' which are present in the original text, indicating some information leakage.",llama-3.3-70b-versatile
148538,difference between rn and bsn,percentage separating 4.2-litre one kcaa,0.2,"The obfuscated text does not contain any relevant information from the original text, but some words are similar.",llama-3.3-70b-versatile
148538,difference between rn and bsn,one is occupied additionally bsn,0.4,"The obfuscated text still contains the word 'bsn' which is present in the original text, indicating some information leakage.",llama-3.3-70b-versatile
156493,do goldfish grow,should goldfish grown,0.7,"The obfuscated text 'should goldfish grown' is similar to the original text 'do goldfish grow', with a slight modification in the verb tense, indicating a moderate level of information leakage.",llama-3.3-70b-versatile
156493,do goldfish grow,anymore blood-red beyond,0.0,"The obfuscated text 'anymore blood-red beyond' does not resemble the original text 'do goldfish grow' in any way, indicating a very low information leakage score.",llama-3.3-70b-versatile
156493,do goldfish grow,are detalle funtleyder,0.0,"The obfuscated text 'are detalle funtleyder' does not resemble the original text 'do goldfish grow' in any way, indicating a very low information leakage.",llama-3.3-70b-versatile
156493,do goldfish grow,hesitate about grow,0.7,"The obfuscated text 'hesitate about grow' still conveys the idea of growth, which is present in the original text 'do goldfish grow', indicating a significant information leakage.",llama-3.3-70b-versatile
156493,do goldfish grow,card inga more,0.7,"The obfuscated text 'card inga more' does not convey the same meaning as the original text 'do goldfish grow', indicating significant information leakage. However, some words are still somewhat related, so it's not a complete loss of information.",llama-3.3-70b-versatile
156493,do goldfish grow,that marchais grown,0.4,"The obfuscated text 'that marchais grown' still conveys the idea of growth, but with a different subject and verb form, indicating some information leakage from the original text 'do goldfish grow'.",llama-3.3-70b-versatile
156493,do goldfish grow,do grubby realize,0.2,"The obfuscated text 'do grubby realize' has some similarity to the original text 'do goldfish grow' in terms of the first word 'do', but the rest of the words are completely different, indicating a low level of information leakage.",llama-3.3-70b-versatile
156493,do goldfish grow,n't delightfully 35,0.0,"The obfuscated text 'n't delightfully 35' does not contain any information related to the original text 'do goldfish grow', thus the score is 0",llama-3.3-70b-versatile
156493,do goldfish grow,n't goldfish bigger,0.7,"The obfuscated text 'n't goldfish bigger' still contains the word 'goldfish' which is present in the original text 'do goldfish grow', indicating a significant information leakage. However, the word 'bigger' is different from 'grow', which reduces the leakage slightly.",llama-3.3-70b-versatile
156493,do goldfish grow,do energy-efficiency grow,0.6,"The obfuscated text 'do energy-efficiency grow' still contains the word 'grow' and the phrase 'do', which are present in the original text 'do goldfish grow'. This suggests a significant amount of information leakage, but the word 'goldfish' is replaced, reducing the leakage. Therefore, the score is 0.6.",llama-3.3-70b-versatile
168216,does legionella pneumophila cause pneumonia,but gann kooks causing bronchitis,0.4,"The obfuscated text does not convey the same meaning as the original text, but some words are similar, indicating a moderate level of information leakage.",llama-3.3-70b-versatile
168216,does legionella pneumophila cause pneumonia,that fertilise reinitiated cause flu,0.2,"The obfuscated text does not convey the same meaning as the original text, but some words are related to diseases, so there is a small information leakage.",llama-3.3-70b-versatile
168216,does legionella pneumophila cause pneumonia,does chilensis manic invariably carinii,0.2,"The obfuscated text does not convey the same meaning as the original text, but some words are similar, indicating partial information leakage.",llama-3.3-70b-versatile
168216,does legionella pneumophila cause pneumonia,n't madha oppressed causes fluid,0.4,"The obfuscated text does not convey the same meaning as the original text, but some words are similar, indicating a moderate level of information leakage.",llama-3.3-70b-versatile
168216,does legionella pneumophila cause pneumonia,better 31.83 ez-zor hamidiye pneumonia,0.8,"The obfuscated text still contains the word 'pneumonia' which is present in the original text, indicating significant information leakage.",llama-3.3-70b-versatile
168216,does legionella pneumophila cause pneumonia,necessitates fungus pneumophila caused pneumonia,0.8,"The obfuscated text still contains the words 'pneumophila' and 'pneumonia' which are present in the original text, indicating significant information leakage.",llama-3.3-70b-versatile
168216,does legionella pneumophila cause pneumonia,] maracineanu sorey causes unm,0.8,"The obfuscated text still contains the word 'pneumophila' which is a key term in the original text, indicating a high level of information leakage.",llama-3.3-70b-versatile
168216,does legionella pneumophila cause pneumonia,that bacterium cantigny ohler pneumonia,0.8,"The obfuscated text still contains the word 'pneumonia' and 'bacterium', which are key terms related to the original text, indicating significant information leakage.",llama-3.3-70b-versatile
168216,does legionella pneumophila cause pneumonia,actions samsul pneumophila causes pneumonia,0.8,"The obfuscated text still contains the words 'pneumophila' and 'causes pneumonia', which are present in the original text, indicating significant information leakage.",llama-3.3-70b-versatile
168216,does legionella pneumophila cause pneumonia,ammaji dashti bouzoubaa such pneumonia,0.8,"The obfuscated text still contains the words 'pneumophila' and 'pneumonia', which are present in the original text, indicating significant information leakage.",llama-3.3-70b-versatile
182539,example of monotonic function,painted worry ishihara function,0.2,"The obfuscated text 'painted worry ishihara function' does not convey the same meaning as the original text 'example of monotonic function'. However, the word 'function' is present in both, indicating some information leakage. The score is 0.2 because the obfuscated text does not reveal the specific type of function or its characteristics, but it does mention a related concept.",llama-3.3-70b-versatile
182539,example of monotonic function,example believes monotonic functions,0.8,"The obfuscated text still contains the key words 'example', 'monotonic', and 'functions', which are present in the original text, indicating a significant information leakage.",llama-3.3-70b-versatile
182539,example of monotonic function,"suggestion of 100,000-capacity functions",0.4,"The obfuscated text still contains the word 'functions' which is related to the original text, but the context and other words have changed, indicating some information leakage.",llama-3.3-70b-versatile
182539,example of monotonic function,passions all not functions,0.2,"The obfuscated text 'passions all not functions' does not convey the same meaning as the original text 'example of monotonic function'. However, it does contain the word 'functions' which is related to the original text, but the context and meaning are completely different. Therefore, the score should be low, around 0.2, indicating some minor information leakage due to the shared word, but overall the obfuscated text does not reveal the original information.",llama-3.3-70b-versatile
182539,example of monotonic function,20 half-a-mile optimal consists,0.0,"The obfuscated text '20 half-a-mile optimal consists' does not contain any information from the original text 'example of monotonic function', so the score is 0",llama-3.3-70b-versatile
182539,example of monotonic function,collaborated of ctrip functions,0.4,"The obfuscated text 'collaborated of ctrip functions' still contains the word 'functions' which is present in the original text 'example of monotonic function', indicating some information leakage. However, the context and other words have been changed, reducing the leakage. Therefore, a score of 0.4 is assigned.",llama-3.3-70b-versatile
182539,example of monotonic function,e.g. of monotonic useful,0.7,"The obfuscated text 'e.g. of monotonic useful' still contains the key phrase 'monotonic' from the original text 'example of monotonic function', indicating a significant information leakage. However, the context and other words have been altered, reducing the leakage to some extent.",llama-3.3-70b-versatile
182539,example of monotonic function,example stretch slides dissipation,0.2,"The obfuscated text still contains the word 'example' and 'monotonic' is replaced with 'stretch' and 'slides' and 'dissipation' which are not related, so the score should be low",llama-3.3-70b-versatile
182539,example of monotonic function,finland creation subharmonic functions,0.4,"The obfuscated text still contains the word 'functions' which is present in the original text, but the context and other words are different, indicating some information leakage.",llama-3.3-70b-versatile
182539,example of monotonic function,weakness of monotonic they,0.6,"The obfuscated text still contains the word 'monotonic' which is present in the original text, indicating some information leakage",llama-3.3-70b-versatile
183378,exons definition biology,mackey 1-75 biology,0.2,"The obfuscated text 'mackey 1-75 biology' does not reveal the original meaning of 'exons definition biology', but it still contains the word 'biology' which is present in the original text. Therefore, the score is 0.2.",llama-3.3-70b-versatile
183378,exons definition biology,witcher definition biology,0.5,"The obfuscated text 'witcher definition biology' does not match the original text 'exons definition biology' in terms of the first word, indicating some information leakage, but the definition and biology parts remain the same, thus the score is not 0 or 1.",llama-3.3-70b-versatile
183378,exons definition biology,chlamydospores notion docomomo,0.0,"The obfuscated text 'chlamydospores notion docomomo' does not contain any information from the original text 'exons definition biology', so the score is 0",llama-3.3-70b-versatile
183378,exons definition biology,untranslated considers evolved,0.2,"The obfuscated text does not contain any of the original keywords, indicating significant information leakage reduction",llama-3.3-70b-versatile
183378,exons definition biology,smash-hit considerations neap,0.1,"The obfuscated text 'smash-hit considerations neap' does not contain any information related to the original text 'exons definition biology', indicating a low information leakage score of 0.1.",llama-3.3-70b-versatile
183378,exons definition biology,distinct salaryman biochemistry,0.0,"The obfuscated text 'distinct salaryman biochemistry' does not reveal any information about the original text 'exons definition biology', hence the score is 0",llama-3.3-70b-versatile
183378,exons definition biology,pre-mrna computations biology,0.8,"The obfuscated text 'pre-mrna computations biology' still contains the word 'biology' which is present in the original text, and 'pre-mrna' is a term related to 'exons' in biology, indicating a significant information leakage",llama-3.3-70b-versatile
183378,exons definition biology,nitrogen-containing mere subroutines,0.2,"The obfuscated text 'nitrogen-containing mere subroutines' does not convey the same meaning as the original text 'exons definition biology'. However, the word 'biology' is present in both, indicating some information leakage. The score is 0.2 because the obfuscated text does not reveal the specific concept of 'exons' but shares a related field of study.",llama-3.3-70b-versatile
183378,exons definition biology,by-passed definition biology,0.7,"The obfuscated text 'by-passed definition biology' still contains the word 'definition' and 'biology' which are present in the original text 'exons definition biology', indicating a significant information leakage.",llama-3.3-70b-versatile
183378,exons definition biology,twenty-foot ioannou mathematics,0.0,"The obfuscated text 'twenty-foot ioannou mathematics' does not contain any information related to the original text 'exons definition biology', thus the score is 0",llama-3.3-70b-versatile
207786,how are some sharks warm blooded,clarify many insiders 14 this blooded,0.4,"The obfuscated text still contains the word 'blooded' which is present in the original text, indicating some information leakage. However, the context and other words have been changed, reducing the leakage. The score is 0.4, indicating moderate information leakage.",llama-3.3-70b-versatile
207786,how are some sharks warm blooded,directly many recent lions warm blooded,0.6,"The obfuscated text still contains the key phrase 'warm blooded' which is present in the original text, and also contains the word 'many' and 'blooded' which are related to the original text. However, it replaces 'sharks' with 'lions' and 'are' with 'directly', and 'some' with 'recent', thus reducing the information leakage. The score is 0.6 because the obfuscated text still conveys some information about the original text, but with significant changes.",llama-3.3-70b-versatile
207786,how are some sharks warm blooded,switkes they were crusaders warm 454,0.6,"The obfuscated text still contains the key phrase 'warm blooded' which is present in the original text, indicating significant information leakage. However, the context and surrounding words have been changed, reducing the leakage to some extent.",llama-3.3-70b-versatile
207786,how are some sharks warm blooded,why guarded osieczna sharks 2.8-million volvos,0.4,"The obfuscated text still contains the word 'sharks' which is present in the original text, indicating some information leakage. However, the context and other words have been changed, reducing the leakage. The score is 0.4 because 'sharks' is a key word in the original text and its presence in the obfuscated text reveals some information.",llama-3.3-70b-versatile
207786,how are some sharks warm blooded,determine sorceress about stingrays sunny cold-blooded,0.4,"The obfuscated text still contains the word 'sharks' which is present in the original text, but the context and other words are changed, indicating some information leakage.",llama-3.3-70b-versatile
207786,how are some sharks warm blooded,later still some sharks cool tecnologico,0.4,"The obfuscated text still contains the word 'sharks' which is present in the original text, but the context and other words are changed, indicating some information leakage.",llama-3.3-70b-versatile
207786,how are some sharks warm blooded,davis these hand bluefish warm heartless,0.6,"The obfuscated text still contains the word 'warm' and 'sharks' is replaced with 'bluefish' which is also a type of fish, indicating some information leakage",llama-3.3-70b-versatile
207786,how are some sharks warm blooded,colombia likely saying tocobaga warmth lowlife,0.6,"The obfuscated text still contains the word 'warm' and 'sharks' is replaced with 'bluefish' which is also a fish, indicating some information leakage",llama-3.3-70b-versatile
207786,how are some sharks warm blooded,"what these some nets humidity 2,821",0.2,"The obfuscated text does not retain any meaningful information from the original text, with the exception of the word 'warm' in some cases, but the context is completely lost. The score is 0.2 because some words like 'sharks' and 'warm' appear in both texts, but the overall meaning is completely different.",llama-3.3-70b-versatile
207786,how are some sharks warm blooded,how be other nets moonis throwback,0.2,"The obfuscated text does not retain any information about sharks or their blood temperature, but it does contain the word 'nets' which could be related to fishing, and the word 'throwback' which could be related to fishing or marine life. However, the connection is very weak.",llama-3.3-70b-versatile
1133167,how is the weather in jamaica,believes well 20-plus conditions stožice kingston,0.2,"The obfuscated text does not clearly convey the original message, but some words like 'kingston' which is the capital of Jamaica, may still reveal some information about the location.",llama-3.3-70b-versatile
1133167,how is the weather in jamaica,i is clemons inclement in jamaica,0.7,"The obfuscated text still contains the location 'jamaica' and a word related to weather 'inclement', indicating significant information leakage",llama-3.3-70b-versatile
1133167,how is the weather in jamaica,progressing ilocano this conditions in barbados,0.6,"The obfuscated text still contains the location 'jamaica' and a weather-related term 'conditions', but the context and other details are altered, indicating some information leakage.",llama-3.3-70b-versatile
1133167,how is the weather in jamaica,so required of forecast saalfeld-rudolstadt jamaica,0.4,"The obfuscated text still contains the word 'jamaica' which is present in the original text, indicating some information leakage. However, the context and other words have been changed, reducing the leakage. Score is 0.4",llama-3.3-70b-versatile
1133167,how is the weather in jamaica,mission-critical is had testu areas jamaica,0.2,"The obfuscated text still contains the word 'jamaica' which is present in the original text, but the context and other words are completely different, indicating some information leakage.",llama-3.3-70b-versatile
1133167,how is the weather in jamaica,what regarded first weather appeared 9.89,0.7,"The obfuscated text still contains the word 'jamaica' and 'weather', which are key components of the original text, indicating a significant amount of information leakage.",llama-3.3-70b-versatile
1133167,how is the weather in jamaica,how 13c jondo floods in ricardo,0.2,"The obfuscated text still contains the word 'jamaica' and some weather-related terms, but the meaning is distorted and not directly related to the original text.",llama-3.3-70b-versatile
1133167,how is the weather in jamaica,way perosi daughdrill for transferred jamaica,0.2,"The obfuscated text still contains the word 'jamaica' which is present in the original text, but the context and other words are completely different, indicating some information leakage.",llama-3.3-70b-versatile
1133167,how is the weather in jamaica,supermarkets pcba mittelfranken describe in jamaica,0.2,"The obfuscated text still contains the word 'jamaica' which is present in the original text, but the context and other words are completely different, indicating some information leakage.",llama-3.3-70b-versatile
1133167,how is the weather in jamaica,how split ( conditions probably guyana,0.2,"The obfuscated text still contains the word 'how' and 'conditions', which are present in the original text, but the location has been changed to 'guyana' instead of 'jamaica', indicating some information leakage. However, the overall meaning and context of the original text have been altered significantly.",llama-3.3-70b-versatile
264014,how long is life cycle of flea,that long enjoys history cycle into large,0.4,"The obfuscated text still contains some words related to the original text, such as 'long' and 'cycle', which indicates some information leakage. However, the meaning of the text has been altered significantly, reducing the overall information leakage.",llama-3.3-70b-versatile
264014,how long is life cycle of flea,1060s stretch item griechischen this belongs hajee,0.1,"The obfuscated text does not resemble the original text in any way, indicating a high level of obfuscation and minimal information leakage.",llama-3.3-70b-versatile
264014,how long is life cycle of flea,how long is life month creation rebel-held,0.4,"The obfuscated text still contains some of the original words, such as 'how', 'long', 'life', but the meaning is altered and some words are changed or added, indicating partial information leakage.",llama-3.3-70b-versatile
264014,how long is life cycle of flea,"about destructive , hell cycle or metalhead",0.2,"The obfuscated text does not convey the same meaning as the original text, but some words are similar, indicating partial information leakage.",llama-3.3-70b-versatile
264014,how long is life cycle of flea,never bad lies nepal time stood swingset,0.2,"The obfuscated text does not retain any meaningful information from the original text, thus the score is 0.2",llama-3.3-70b-versatile
264014,how long is life cycle of flea,diana songfest striving lives ... with 202.2,0.1,"The obfuscated text does not contain any relevant information from the original text, indicating minimal information leakage.",llama-3.3-70b-versatile
264014,how long is life cycle of flea,own two reaches life bride the flea,0.4,"The obfuscated text still contains the word 'flea' and 'life', which are present in the original text, indicating some information leakage.",llama-3.3-70b-versatile
264014,how long is life cycle of flea,teammates long viewed prestbo sisavat returning pi95,0.7,"The obfuscated text still contains the word 'flea' and 'life' and 'long' which are present in the original text, indicating a significant information leakage",llama-3.3-70b-versatile
264014,how long is life cycle of flea,bad along is ( cycles czech moskvy,0.2,"The obfuscated text still contains some words related to the original text, such as 'life' and 'cycle', but the meaning is distorted and not directly related to the original text 'how long is life cycle of flea'.",llama-3.3-70b-versatile
264014,how long is life cycle of flea,goliath 202-363-2389 true ornelas cycles the bwo,0.4,"The obfuscated text still contains the word 'cycles' and 'life' is not present but 'flea' is present in one of the obfuscated texts, indicating some information leakage",llama-3.3-70b-versatile
359349,how to find the midsegment of a trapezoid,how or evidence 77 formula_129 5:11 scaffold 10.93,0.2,"The obfuscated text does not clearly convey the original message, but some key words like 'how' are still present, indicating a partial information leakage.",llama-3.3-70b-versatile
359349,how to find the midsegment of a trapezoid,place would to adjust four than another trapezoid,0.4,"The obfuscated text still contains the word 'trapezoid' which is present in the original text, indicating some information leakage. However, the context and other words are changed, reducing the leakage. The score is set to 0.4, indicating moderate information leakage.",llama-3.3-70b-versatile
359349,how to find the midsegment of a trapezoid,polyptych take it ten bessone thomas walters camonica,0.0,"The obfuscated text does not contain any relevant information about the original text, which is about finding the midsegment of a trapezoid. The obfuscated text appears to be a collection of unrelated words, including names and terms from art and history.",llama-3.3-70b-versatile
359349,how to find the midsegment of a trapezoid,his rose dignitary which linage of mahen mantidactylus,0.0,"The obfuscated text does not contain any relevant information about the original text, which is about finding the midsegment of a trapezoid. The obfuscated text appears to be a collection of unrelated words, including names and terms from different fields, indicating a high level of obfuscation.",llama-3.3-70b-versatile
359349,how to find the midsegment of a trapezoid,reapply apply manage script backlash faulconbridge another maldon,0.0,"The obfuscated text does not contain any relevant information about the original text, which is about finding the midsegment of a trapezoid. The obfuscated text appears to be a collection of unrelated words.",llama-3.3-70b-versatile
359349,how to find the midsegment of a trapezoid,which attempt find mapes paintings besides another trapezoid,0.4,"The obfuscated text still contains the word 'trapezoid', which is a key term from the original text, indicating some information leakage.",llama-3.3-70b-versatile
359349,how to find the midsegment of a trapezoid,what to convince opens jour of aviv ubx,0.2,"The obfuscated text does not contain any relevant information about the original text, which is about finding the midsegment of a trapezoid. However, some of the provided obfuscated texts contain the word 'trapezoid', which is a keyword from the original text. The score is based on the presence of this keyword in the obfuscated texts.",llama-3.3-70b-versatile
359349,how to find the midsegment of a trapezoid,objects to find support stipend part irish trapezoid,0.4,"The obfuscated text still contains the word 'trapezoid', which is a key term from the original text, indicating some information leakage.",llama-3.3-70b-versatile
359349,how to find the midsegment of a trapezoid,how time traditionally francs nicolette of a novey,0.2,"The obfuscated text does not contain any relevant information about finding the midsegment of a trapezoid, but it does contain the word 'trapezoid' which is a key term from the original text.",llama-3.3-70b-versatile
359349,how to find the midsegment of a trapezoid,how kingsley finds did middle check a rhombohedral,0.6,"The obfuscated text still contains the word 'how' and 'finds' which are present in the original text, and also contains the word 'middle' which is related to the concept of a midsegment, indicating some information leakage",llama-3.3-70b-versatile
1129237,hydrogen is a liquid below what temperature,peroxide is likened mixtures 150 not measuring,0.1,"The obfuscated text does not contain any information about hydrogen or its state at a specific temperature, indicating minimal information leakage from the original text.",llama-3.3-70b-versatile
1129237,hydrogen is a liquid below what temperature,byproduct comes a cream protege argued humidity,0.0,"The obfuscated text does not contain any information related to the original text, which is about the temperature at which hydrogen becomes a liquid. The score is 0 because there is no information leakage.",llama-3.3-70b-versatile
1129237,hydrogen is a liquid below what temperature,stable cross-breed fashioned liquid level responded gacko,0.0,"The obfuscated text does not contain any information related to the original text, which is about the temperature at which hydrogen becomes a liquid. The obfuscated text appears to be a jumbled collection of unrelated words, indicating no information leakage.",llama-3.3-70b-versatile
1129237,hydrogen is a liquid below what temperature,hydroelectric alone a can below what temperatures,0.8,"The obfuscated text still contains the word 'hydro' and the phrase 'below what temperatures', which are similar to the original text 'hydrogen is a liquid below what temperature', indicating a significant information leakage.",llama-3.3-70b-versatile
1129237,hydrogen is a liquid below what temperature,sulfide is a crystal above unbelievable humidity,0.6,"The obfuscated text does not convey the same meaning as the original text, but it does contain some similar keywords, such as 'a' and words related to states of matter. However, the obfuscated text 'hydroelectric alone a can below what temperatures' is more similar to the original text 'hydrogen is a liquid below what temperature' than the other options, suggesting some information leakage.",llama-3.3-70b-versatile
1129237,hydrogen is a liquid below what temperature,fuel-cell dedicated first tmnotot below work temperature,0.4,"The obfuscated text still contains the word 'below' and 'temperature', which are present in the original text, indicating some information leakage.",llama-3.3-70b-versatile
1129237,hydrogen is a liquid below what temperature,helium “ a mixture stood swirlgirls@pbpost.com 26c,0.2,"The obfuscated text does not contain any information about hydrogen or its properties, and the score is based on the lack of similarity between the original and obfuscated texts.",llama-3.3-70b-versatile
1129237,hydrogen is a liquid below what temperature,hydrogen is stand-in semiconductors above anyway temperatures,0.8,"The obfuscated text still contains the word 'hydrogen' and the concept of temperature, indicating significant information leakage from the original text.",llama-3.3-70b-versatile
1129237,hydrogen is a liquid below what temperature,overcrowding is another fränkische above unable temperatures,0.2,"The obfuscated text does not convey the same meaning as the original text, but it does contain some similar keywords, such as 'hydrogen' and 'temperature'. However, the context and the information are not preserved, indicating a low information leakage score of 0.2.",llama-3.3-70b-versatile
1129237,hydrogen is a liquid below what temperature,hydrogen belligerent a liquid chengfu about temperature,0.8,"The obfuscated text still contains the word 'hydrogen' and 'liquid' and 'temperature', which are key elements of the original text, indicating significant information leakage.",llama-3.3-70b-versatile
405717,is cdg airport in main paris,struggling roark airport in britain prohertrib,0.2,"The obfuscated text has changed the name of the airport and the location, indicating a significant reduction in information leakage. However, the structure of the sentence remains the same, which may still reveal some information about the original text.",llama-3.3-70b-versatile
405717,is cdg airport in main paris,is yanzhou airport noblesville main paris,0.4,"The obfuscated text still contains the phrase 'main paris' which is present in the original text, indicating some information leakage. However, 'cdg airport' has been replaced with 'yanzhou airport', and 'is' remains the same, and 'noblesville' is an extra word. The score is 0.4 because about 40% of the original text information is preserved.",llama-3.3-70b-versatile
405717,is cdg airport in main paris,is cdg verona all major marseilles,0.6,"The obfuscated text still contains the original airport code 'cdg' and the city 'paris', but with some changes, indicating partial information leakage.",llama-3.3-70b-versatile
405717,is cdg airport in main paris,100 asiatica hardegen since main gaulle,0.6,"The obfuscated text still contains the word 'main' and 'gaulle' which are related to the original text 'main paris' and 'cdg' which is the airport code for Charles de Gaulle airport in Paris, so the score is 0.6",llama-3.3-70b-versatile
405717,is cdg airport in main paris,belong gueugnon sought twice corridor paris,0.4,"The obfuscated text still contains the word 'paris' which is present in the original text, indicating some information leakage. However, other key words like 'cdg' and 'airport' are not present, reducing the leakage. The score is 0.4, reflecting partial information leakage.",llama-3.3-70b-versatile
405717,is cdg airport in main paris,what diminishes airline fresh grahamstown 353-1175,0.0,The obfuscated text does not contain any information about the original text 'is cdg airport in main paris'. The words are completely different and do not provide any hint about the original text.,llama-3.3-70b-versatile
405717,is cdg airport in main paris,exhibit colorless lahore places fortified champs-élysées,0.2,"The obfuscated text still contains the word 'champs-élysées' which is a well-known location in Paris, indicating some information leakage.",llama-3.3-70b-versatile
405717,is cdg airport in main paris,question haddock airport in main paris,0.8,"The obfuscated text still contains the key words 'airport', 'in', 'main', and 'paris', which are also present in the original text, indicating a significant amount of information leakage.",llama-3.3-70b-versatile
405717,is cdg airport in main paris,is headdress 115.20 way main paris,0.4,"The obfuscated text still contains the phrase 'main paris' which is present in the original text, indicating some information leakage. However, the airport name 'cdg' is replaced with 'headdress' and '115.20 way' which does not reveal any information about the airport, thus reducing the information leakage. The score is 0.4 because 'main paris' is still present but the airport name is not.",llama-3.3-70b-versatile
405717,is cdg airport in main paris,up i-30 chudasama known setting lyrical,0.0,"The obfuscated text 'up i-30 chudasama known setting lyrical' does not contain any information related to the original text 'is cdg airport in main paris', thus the score is 0",llama-3.3-70b-versatile
443396,lps laws definition,souhegan law definition,0.6,"The obfuscated text 'souhegan law definition' still contains the word 'law' and 'definition' which are present in the original text 'lps laws definition', indicating some information leakage. However, 'lps' is replaced with 'souhegan', reducing the leakage. Score: 0.6",llama-3.3-70b-versatile
443396,lps laws definition,lps promulgating defined,0.7,"The obfuscated text 'lps promulgating defined' still contains the original acronym 'lps' and a related term 'defined', indicating a significant information leakage from the original text 'lps laws definition'.",llama-3.3-70b-versatile
443396,lps laws definition,saghar regulations definition,0.4,"The obfuscated text 'saghar regulations definition' has some similarity to the original text 'lps laws definition', but with significant changes, indicating moderate information leakage.",llama-3.3-70b-versatile
443396,lps laws definition,lps repealed definition,0.7,"The obfuscated text 'lps repealed definition' still contains the original acronym 'lps' and the word 'definition', which indicates a significant amount of information leakage from the original text 'lps laws definition'.",llama-3.3-70b-versatile
443396,lps laws definition,consciousness-raising regulations geeks,0.0,"The obfuscated text 'consciousness-raising regulations geeks' has no relation to the original text 'lps laws definition', indicating a very low information leakage.",llama-3.3-70b-versatile
443396,lps laws definition,lps violating pharmacogenomics,0.2,"The obfuscated text 'lps violating pharmacogenomics' has some similarity to the original text 'lps laws definition' in that it contains 'lps', but the rest of the words are unrelated, indicating a low level of information leakage.",llama-3.3-70b-versatile
443396,lps laws definition,lps law does,0.8,"The obfuscated text 'lps law does' still contains the core information of the original text 'lps laws definition', with 'lps' and 'law' being present, indicating a significant information leakage. However, the word 'definition' is missing and 'does' is added, which slightly reduces the leakage. Therefore, the score is 0.8.",llama-3.3-70b-versatile
443396,lps laws definition,lps laws topic,0.8,"The obfuscated text 'lps laws topic' is very similar to the original text 'lps laws definition', with only the last word changed from 'definition' to 'topic'. This suggests a high level of information leakage, as the core subject matter is still clearly identifiable. Therefore, the score is 0.8.",llama-3.3-70b-versatile
443396,lps laws definition,lps laws construct,0.8,"The obfuscated text 'lps laws construct' still contains the core phrase 'lps laws' which is similar to the original text 'lps laws definition', indicating a significant amount of information leakage. However, the word 'construct' is different from 'definition', which reduces the leakage slightly.",llama-3.3-70b-versatile
443396,lps laws definition,lps relating --,0.8,"The obfuscated text 'lps relating' still contains the core information of the original text 'lps laws definition', with 'lps' and a related concept ('relating' instead of 'definition') being present, thus indicating a significant information leakage.",llama-3.3-70b-versatile
451602,medicare's definition of mechanical ventilation,vegging concepts impoverished mechanical vents,0.6,"The obfuscated text still contains the key phrase 'mechanical vents' which is similar to 'mechanical ventilation' in the original text, indicating a significant information leakage. However, other parts of the original text are not preserved, resulting in a partial information leakage.",llama-3.3-70b-versatile
451602,medicare's definition of mechanical ventilation,programs 5.34 cause innate smoggy,0.2,"The obfuscated text 'programs 5.34 cause innate smoggy' does not convey the same meaning as the original text 'medicare's definition of mechanical ventilation'. However, it appears to be a jumbled collection of unrelated words, suggesting a low level of information leakage. The score is 0.2, indicating a minimal amount of information leakage.",llama-3.3-70b-versatile
451602,medicare's definition of mechanical ventilation,116.37 definition of auret gizmos,0.2,"The obfuscated text '116.37 definition of auret gizmos' does not convey the same meaning as the original text 'medicare's definition of mechanical ventilation'. However, it contains the word 'definition' which is present in the original text, and 'auret gizmos' could be considered a vague reference to mechanical devices. Therefore, the score is 0.2.",llama-3.3-70b-versatile
451602,medicare's definition of mechanical ventilation,fortnight rigid reached ptsa mukul,0.0,"The obfuscated text does not contain any relevant information from the original text, indicating a low information leakage score.",llama-3.3-70b-versatile
451602,medicare's definition of mechanical ventilation,age-groups measure of animator ventilation,0.7,"The obfuscated text 'age-groups measure of animator ventilation' still contains the key phrase 'ventilation' which is present in the original text 'medicare's definition of mechanical ventilation'. This suggests a significant information leakage, but the context and other words have been changed, so it's not a complete leakage. Therefore, the score is 0.7",llama-3.3-70b-versatile
451602,medicare's definition of mechanical ventilation,152.9 distribution whereas mechanical kitchens,0.2,"The obfuscated text '152.9 distribution whereas mechanical kitchens' still contains the word 'mechanical' which is present in the original text 'medicare's definition of mechanical ventilation', indicating some information leakage. However, the context and other words are completely different, suggesting a score of 0.2 for the information leakage.",llama-3.3-70b-versatile
451602,medicare's definition of mechanical ventilation,241 definition weng-chiang parsons hugo,0.2,"The obfuscated text '241 definition weng-chiang parsons hugo' still contains the word 'definition' which is present in the original text, but the context and other words are completely different, indicating some information leakage.",llama-3.3-70b-versatile
451602,medicare's definition of mechanical ventilation,imphal not capturing trick windsor,0.0,"The obfuscated text does not contain any relevant information from the original text, indicating minimal information leakage.",llama-3.3-70b-versatile
451602,medicare's definition of mechanical ventilation,84-70 benjie center technique tlf,0.2,"The obfuscated text does not contain any relevant information from the original text, but some words are similar in meaning or sound, indicating a small amount of information leakage.",llama-3.3-70b-versatile
451602,medicare's definition of mechanical ventilation,fluorine stand raczki large electrical,0.0,The obfuscated text does not contain any relevant information related to the original text 'medicare's definition of mechanical ventilation'.,llama-3.3-70b-versatile
489204,right pelvic pain causes,me 25-member pain abnormalities,0.4,"The obfuscated text still contains the word 'pain', which is a key term from the original text, indicating some information leakage. However, the context and other details have been altered, reducing the leakage. Score: 0.4",llama-3.3-70b-versatile
489204,right pelvic pain causes,hand pectoral breathe causes,0.4,"The obfuscated text 'hand pectoral breathe causes' does not closely resemble the original text 'right pelvic pain causes', but it still conveys some information about the topic of pain and causes, thus a moderate score of 0.4 is given",llama-3.3-70b-versatile
489204,right pelvic pain causes,will anatomy pain juana,0.2,"The obfuscated text 'will anatomy pain juana' does not closely resemble the original text 'right pelvic pain causes', but it does contain the word 'pain' which is present in the original text. However, the context and other words are completely different, indicating some information leakage but not complete.",llama-3.3-70b-versatile
489204,right pelvic pain causes,but acanthosis pain causes,0.4,"The obfuscated text 'but acanthosis pain causes' still contains the word 'pain' and 'causes' which are present in the original text 'right pelvic pain causes'. This indicates some information leakage, but the context and specifics are lost. Therefore, the score is 0.4.",llama-3.3-70b-versatile
489204,right pelvic pain causes,right pelvic tenderness mridul,0.5,"The obfuscated text 'right pelvic tenderness mridul' still contains the word 'right pelvic' which is present in the original text 'right pelvic pain causes', indicating some information leakage. However, the word 'pain' is replaced with 'tenderness' and 'causes' is replaced with 'mridul', which reduces the information leakage. Therefore, the score is 0.5.",llama-3.3-70b-versatile
489204,right pelvic pain causes,right pelvis pain causes,0.9,"The obfuscated text is very similar to the original text, with only minor changes, indicating a high level of information leakage.",llama-3.3-70b-versatile
489204,right pelvic pain causes,right praefcke headache chloracne,0.4,"The obfuscated text 'right praefcke headache chloracne' still contains the word 'right' which is present in the original text 'right pelvic pain causes', and 'headache' is related to 'pain', but 'praefcke' and 'chloracne' are unrelated, thus the score is 0.4",llama-3.3-70b-versatile
489204,right pelvic pain causes,up go-on knows form,0.0,"The obfuscated text 'up go-on knows form' does not contain any relevant information from the original text 'right pelvic pain causes', thus the score is 0",llama-3.3-70b-versatile
489204,right pelvic pain causes,ehara abdomen painful mediastinal,0.4,"The obfuscated text 'ehara abdomen painful mediastinal' still contains the word 'abdomen' and 'painful' which are related to the original text 'right pelvic pain causes', indicating some information leakage. However, the words 'ehara', 'mediastinal' are not related to the original text, reducing the information leakage. Therefore, the score is 0.4",llama-3.3-70b-versatile
489204,right pelvic pain causes,left pelvic bourgon die,0.4,"The obfuscated text 'left pelvic bourgon die' still contains the word 'pelvic' which is present in the original text 'right pelvic pain causes', indicating some information leakage. However, the words 'left' and 'bourgon die' are not present in the original text, and 'pain causes' is not present in the obfuscated text, indicating some level of obfuscation. The score is 0.4 because about 40% of the original information is still present.",llama-3.3-70b-versatile
490595,rsa definition key,phil flux one,0.2,"The obfuscated text 'phil flux one' does not resemble the original text 'rsa definition key' in any way, indicating a low information leakage score of 0.2 due to the lack of similarity between the two texts.",llama-3.3-70b-versatile
490595,rsa definition key,pno concept 's,0.1,"The obfuscated text 'pno concept 's' does not resemble the original text 'rsa definition key' in any way, indicating minimal information leakage.",llama-3.3-70b-versatile
490595,rsa definition key,eng defined ignitor,0.4,"The obfuscated text 'eng defined ignitor' does not closely resemble the original text 'rsa definition key', but it does share some similarities in terms of word structure and length, indicating a moderate level of information leakage.",llama-3.3-70b-versatile
490595,rsa definition key,bmdolink codice_40 klukowo,0.1,"The obfuscated text 'bmdolink codice_40 klukowo' does not appear to be related to the original text 'rsa definition key', indicating minimal information leakage.",llama-3.3-70b-versatile
490595,rsa definition key,rsa because important,0.8,"The obfuscated text 'rsa because important' still contains the original keyword 'rsa', which indicates a significant information leakage.",llama-3.3-70b-versatile
490595,rsa definition key,rsa definition means,0.8,"The obfuscated text 'rsa definition means' is very similar to the original text 'rsa definition key', with only the last word changed from 'key' to 'means'. This suggests a high level of information leakage, as the obfuscated text still conveys the same general meaning as the original text.",llama-3.3-70b-versatile
490595,rsa definition key,omega he important,0.4,"The obfuscated text 'omega he important' does not contain any direct references to the original text 'rsa definition key', but it does not seem to be a good obfuscation as it still conveys some meaning related to importance, which could be linked to the concept of a definition key. Therefore, the score is 0.4.",llama-3.3-70b-versatile
490595,rsa definition key,become moesia category,0.0,"The obfuscated text 'become moesia category' does not contain any information from the original text 'rsa definition key', so the score is 0",llama-3.3-70b-versatile
490595,rsa definition key,rsa daubert key,0.8,"The obfuscated text 'rsa daubert key' still contains the original term 'rsa' and 'key', which are crucial components of the original text 'rsa definition key'. This suggests a significant information leakage, as the obfuscated text still conveys the main concept of the original text. Therefore, the score is 0.8.",llama-3.3-70b-versatile
490595,rsa definition key,tynedale enactment yousef,0.1,"The obfuscated text 'tynedale enactment yousef' does not contain any similar words or phrases to the original text 'rsa definition key', indicating minimal information leakage.",llama-3.3-70b-versatile
1124210,tracheids are part of _____.,bhachau carrion vizzoni ago cartons,0.0,"The obfuscated text does not contain any information related to the original text, indicating no information leakage.",llama-3.3-70b-versatile
1124210,tracheids are part of _____.,kleeblatt chronicling outset of đinđić,0.0,"The obfuscated text 'kleeblatt chronicling outset of đinđić' does not contain any information related to the original text 'tracheids are part of _____.', so the score is 0",llama-3.3-70b-versatile
1124210,tracheids are part of _____.,pleasingly all relation the stagnant,0.0,"The obfuscated text does not contain any relevant information from the original text, so the score is 0",llama-3.3-70b-versatile
1124210,tracheids are part of _____.,tracheids these taking slovenian fortresslike,0.8,"The obfuscated text still contains the word 'tracheids' which is present in the original text, indicating significant information leakage.",llama-3.3-70b-versatile
1124210,tracheids are part of _____.,tracheids be cheetah attack well,0.8,"The obfuscated text still contains the word 'tracheids' which is present in the original text, indicating significant information leakage.",llama-3.3-70b-versatile
1124210,tracheids are part of _____.,tracheids part part part aotearoa,0.6,"The obfuscated text 'tracheids part part part aotearoa' still contains the word 'tracheids' from the original text, but the context and surrounding words are completely different, indicating some information leakage. However, the key term 'tracheids' is preserved, suggesting a moderate level of information leakage.",llama-3.3-70b-versatile
1124210,tracheids are part of _____.,tracheids all in are nesfield,0.6,"The obfuscated text 'tracheids all in are nesfield' still contains the word 'tracheids' from the original text, but the context and surrounding words are completely different, indicating some information leakage. However, the meaning and relation to the original text are partially preserved, hence a moderate score of 0.6 is given.",llama-3.3-70b-versatile
1124210,tracheids are part of _____.,tracheids are aragon described kourou,0.7,"The obfuscated text 'tracheids are aragon described kourou' still contains the word 'tracheids' and the phrase 'are', which is similar to the original text 'tracheids are part of _____.', indicating some information leakage.",llama-3.3-70b-versatile
1124210,tracheids are part of _____.,tracheids these north officials gerundive,0.2,"The obfuscated text still contains the word 'tracheids' which is present in the original text, but the rest of the sentence is completely different, indicating some information leakage.",llama-3.3-70b-versatile
1124210,tracheids are part of _____.,hummon be shipwrecked acari dry-season,0.0,The obfuscated text does not contain any relevant information related to the original text 'tracheids are part of ____'.,llama-3.3-70b-versatile
527433,types of dysarthria from cerebral palsy,kinds the atiyya emily gobbi cerebral,0.4,"The obfuscated text still contains the word 'cerebral' which is a key term from the original text, indicating some information leakage. However, other key terms like 'dysarthria' and 'types' are not present, suggesting incomplete information leakage.",llama-3.3-70b-versatile
527433,types of dysarthria from cerebral palsy,types lotru dysarthria interviewed 112.70 disabilities,0.7,"The obfuscated text still contains the key words 'types' and 'dysarthria', which are present in the original text, indicating a significant information leakage. However, the context and other words have been altered, reducing the leakage to some extent.",llama-3.3-70b-versatile
527433,types of dysarthria from cerebral palsy,"types of includes 30,700 mba swingarm",0.4,"The obfuscated text still contains the word 'types' and 'of' which are present in the original text, and also the word 'dysarthria' is partially present in the second obfuscated text, indicating some information leakage. However, the context and other words are changed or missing, indicating incomplete information leakage.",llama-3.3-70b-versatile
527433,types of dysarthria from cerebral palsy,type sońsk 5-30 from palsy tarahumara,0.4,"The obfuscated text still contains some of the original words, such as 'types' and 'from' and 'palsy', which indicates some information leakage, but the meaning is distorted due to the presence of unrelated words.",llama-3.3-70b-versatile
527433,types of dysarthria from cerebral palsy,"types of cardillac jiquilpan grows 456,000",0.4,"The obfuscated text still contains the word 'types' and 'of' and 'from' which are present in the original text, and also contains the word 'palsy' which is a key term in the original text, but other words are completely different, so the information leakage is moderate",llama-3.3-70b-versatile
527433,types of dysarthria from cerebral palsy,types responsible dysarthria from ghoul cerebral,0.8,"The obfuscated text still contains the key words 'types', 'dysarthria', 'from', and 'cerebral', which are present in the original text, indicating a significant amount of information leakage.",llama-3.3-70b-versatile
527433,types of dysarthria from cerebral palsy,types demolishing edy returned cerebral cerebral,0.6,"The obfuscated text still contains the words 'types', 'dysarthria', 'cerebral' which are present in the original text, indicating some information leakage.",llama-3.3-70b-versatile
527433,types of dysarthria from cerebral palsy,frequencies the qveras from brain disabilities,0.4,"The obfuscated text still contains some relevant keywords like 'from' and 'cerebral' which are present in the original text, but the context and other words are completely different, indicating a moderate level of information leakage.",llama-3.3-70b-versatile
527433,types of dysarthria from cerebral palsy,specific eliminated sanjabi from hypoxia credential,0.4,"The obfuscated text still contains some relevant keywords like 'from' and 'cerebral' but the context and other words are completely different, indicating moderate information leakage.",llama-3.3-70b-versatile
527433,types of dysarthria from cerebral palsy,jgurwitz@express full tuberculate shuckburgh chingchuankang afterbirth,0.0,"The obfuscated text does not contain any relevant information from the original text, so the score is 0",llama-3.3-70b-versatile
573724,what are the social determinants of health,bothers involved way activism life-changing wendover care,0.2,"The obfuscated text does not convey the same meaning as the original text, but some words like 'care' are related to health, thus the score is 0.2",llama-3.3-70b-versatile
573724,what are the social determinants of health,coming remain nimbarka social film/television sunnyow donor,0.2,"The obfuscated text still contains the word 'social' which is present in the original text, indicating some information leakage. However, the context and other words are completely different, suggesting a significant level of obfuscation.",llama-3.3-70b-versatile
573724,what are the social determinants of health,novick other gurruchaga social changdu just health,0.7,"The obfuscated text still contains the word 'social' and 'health', which are key terms from the original text, indicating a significant information leakage.",llama-3.3-70b-versatile
573724,what are the social determinants of health,description both corncrake sorts ivanovna of health,0.2,"The obfuscated text still contains the word 'health' which is present in the original text, indicating some information leakage. However, the context and other words are completely different, indicating significant obfuscation.",llama-3.3-70b-versatile
573724,what are the social determinants of health,`` siluriformes ramifications social centralizes part health,0.6,"The obfuscated text still contains the word 'social' and 'health', which are key terms from the original text, indicating some information leakage.",llama-3.3-70b-versatile
573724,what are the social determinants of health,netanyahu presently was significant bryansk of care,0.2,"The obfuscated text contains some words related to the original text, such as 'social' and 'health', but the meaning is completely changed and the context is lost, indicating a low information leakage.",llama-3.3-70b-versatile
573724,what are the social determinants of health,the are their social determinants links costs,0.8,"The obfuscated text still contains the key phrase 'social determinants', which is a significant part of the original text, indicating a high level of information leakage.",llama-3.3-70b-versatile
573724,what are the social determinants of health,daianu more out context buchinger ecclesiastical hazards,0.2,"The obfuscated text still contains some relevant keywords like 'social' and 'health' but in a very distorted manner, indicating some information leakage.",llama-3.3-70b-versatile
573724,what are the social determinants of health,bicyclists generally date ministro orientations ward healthcare,0.4,"The obfuscated text still contains some relevant keywords like 'social' and 'healthcare', but the context and meaning are significantly altered, indicating moderate information leakage.",llama-3.3-70b-versatile
573724,what are the social determinants of health,there increased mobisodes boyd taketa comes care,0.2,"The obfuscated text still conveys some information about the original text, such as the concept of 'care' and 'health', but the context and specifics are lost.",llama-3.3-70b-versatile
1121709,what are the three percenters?,what academics of three 23.17,0.4,"The obfuscated text still contains the core phrase 'three' which is present in the original text, indicating some information leakage. However, the addition of 'academics' and '23.17' and the removal of 'are the' and 'percenters' reduces the clarity of the original message, thus the score is not 1. Given the changes, a score of 0.4 is assigned as it reflects a moderate level of information leakage.",llama-3.3-70b-versatile
1121709,what are the three percenters?,it `` part three persson,0.4,"The obfuscated text still contains the word 'three' and 'part' which could be related to the original text 'three percenters', indicating some information leakage. However, the context and meaning are altered, reducing the leakage.",llama-3.3-70b-versatile
1121709,what are the three percenters?,what are instance three mimpi,0.4,"The obfuscated text still contains the phrase 'three' which is present in the original text, but the surrounding words have been changed, indicating some information leakage. However, the meaning of the original text has been altered, suggesting partial information leakage.",llama-3.3-70b-versatile
1121709,what are the three percenters?,embrace outbreaks aberffraw murat 697,0.0,"The obfuscated text 'embrace outbreaks aberffraw murat 697' does not contain any recognizable words or phrases from the original text 'what are the three percenters?', indicating a very low information leakage.",llama-3.3-70b-versatile
1121709,what are the three percenters?,sure peepal identifying twenty-two pcmfotptindexgp,0.0,"The obfuscated text does not contain any relevant information about the original text, which is about the three percenters. The score is 0 because the obfuscated text does not reveal any information about the original text.",llama-3.3-70b-versatile
1121709,what are the three percenters?,even are formerly three pereira,0.4,"The obfuscated text still contains the word 'three' and the phrase 'are', which are present in the original text, indicating some information leakage.",llama-3.3-70b-versatile
1121709,what are the three percenters?,exactly if six six low,0.0,"The obfuscated text does not contain any relevant information about the original text 'what are the three percenters?', thus the score is 0.0",llama-3.3-70b-versatile
1121709,what are the three percenters?,trying being the nine raking,0.0,"The obfuscated text does not contain any relevant information about the original text 'what are the three percenters?', so the score is 0",llama-3.3-70b-versatile
1121709,what are the three percenters?,'s these further four yumilka,0.0,"The obfuscated text does not contain any relevant information about the original text 'what are the three percenters?', thus the score is 0",llama-3.3-70b-versatile
1121709,what are the three percenters?,mordella two centerra runner-up 4:54,0.0,"The obfuscated text does not contain any relevant information about the original text 'what are the three percenters?', thus the score is 0",llama-3.3-70b-versatile
1121402,what can contour plowing reduce,about can contour eastbound will,0.4,"The obfuscated text still contains some of the original words, such as 'can' and 'contour', which indicates some information leakage. However, the meaning of the text has been altered, reducing the overall information leakage.",llama-3.3-70b-versatile
1121402,what can contour plowing reduce,way want #dcdcdc ploughing reduce,0.7,"The obfuscated text still contains the key words 'ploughing' and 'reduce' which are present in the original text, indicating significant information leakage.",llama-3.3-70b-versatile
1121402,what can contour plowing reduce,america fettered dongliang papantla minimize,0.1,"The obfuscated text 'america fettered dongliang papantla minimize' has very little resemblance to the original text 'what can contour plowing reduce', with only the word 'minimize' being somewhat related to 'reduce'. The score is 0.1 because the obfuscated text does not reveal much information about the original text.",llama-3.3-70b-versatile
1121402,what can contour plowing reduce,luber reflector rasanen checking reducing,0.4,"The obfuscated text still contains the word 'reducing' which is similar to 'reduce' in the original text, indicating some information leakage",llama-3.3-70b-versatile
1121402,what can contour plowing reduce,what ability contours rivera depending,0.6,"The obfuscated text still contains the word 'contours' which is similar to 'contour' in the original text, and 'reduce' is present in the original text, but 'what' and 'can' are also present in the obfuscated text, indicating some information leakage",llama-3.3-70b-versatile
1121402,what can contour plowing reduce,see develop leveled germinating entirely,0.0,"The obfuscated text does not retain any significant information from the original text, with completely different words and no apparent connection to the original meaning.",llama-3.3-70b-versatile
1121402,what can contour plowing reduce,last will patchworks so to,0.2,"The obfuscated text does not retain any significant information from the original text, thus the score is 0.2",llama-3.3-70b-versatile
1121402,what can contour plowing reduce,we can tex. compressing reduce,0.4,"The obfuscated text still contains the words 'can' and 'reduce' which are present in the original text, indicating some information leakage.",llama-3.3-70b-versatile
1121402,what can contour plowing reduce,many can gornyak plowing eliminate,0.6,"The obfuscated text 'many can gornyak plowing eliminate' still contains the key words 'can' and 'plowing' which are present in the original text 'what can contour plowing reduce', indicating a significant information leakage. However, the context and other words have been changed, reducing the leakage to some extent.",llama-3.3-70b-versatile
1121402,what can contour plowing reduce,site pick margins delirium eliminate,0.2,"The obfuscated text still contains the word 'eliminate' which is similar to 'reduce', and 'site' and 'pick' are not related to the original text, thus the information leakage is low",llama-3.3-70b-versatile
1117099,what is a active margin,predecessors is head svedka aldermanbury,0.0,"The obfuscated text does not contain any information from the original text, indicating no information leakage.",llama-3.3-70b-versatile
1117099,what is a active margin,that this must capricorni margin,0.5,The obfuscated text 'that this must capricorni margin' still contains the word 'margin' which is present in the original text 'what is a active margin'. This suggests that there is some information leakage from the original text to the obfuscated text.,llama-3.3-70b-versatile
1117099,what is a active margin,else it three pendentives circulation,0.0,"The obfuscated text 'else it three pendentives circulation' does not contain any information from the original text 'what is a active margin', so the score is 0",llama-3.3-70b-versatile
1117099,what is a active margin,n't sclera a southeast date,0.1,"The obfuscated text does not contain any information related to the original text, indicating a low information leakage score.",llama-3.3-70b-versatile
1117099,what is a active margin,contradicts michael a usually margin,0.4,"The obfuscated text 'contradicts michael a usually margin' still contains the word 'margin' which is present in the original text 'what is a active margin', indicating some information leakage",llama-3.3-70b-versatile
1117099,what is a active margin,what explains possibility representing loss,0.2,"The obfuscated text does not convey the same meaning as the original text, but it does contain the word 'margin' which is present in the original text, indicating some information leakage.",llama-3.3-70b-versatile
1117099,what is a active margin,compare is another illustrious polls,0.0,The obfuscated text does not contain any information related to the original text 'what is a active margin'.,llama-3.3-70b-versatile
1117099,what is a active margin,look minimizes frenilla competitor error,0.0,"The obfuscated text does not contain any information related to the original text, indicating no information leakage.",llama-3.3-70b-versatile
1117099,what is a active margin,nothing shaw partly vercelli magsi,0.0,The obfuscated text does not contain any information related to the original text 'what is a active margin'.,llama-3.3-70b-versatile
1117099,what is a active margin,what depends join professional succeeded,0.0,The obfuscated text does not contain any information related to the original text 'what is a active margin'.,llama-3.3-70b-versatile
1115776,what is an aml surveillance analyst,what is hybrid 55.02 eavesdropping analyst,0.2,"The obfuscated text still contains the phrase 'analyst' which is present in the original text, indicating some information leakage. However, the key terms 'aml surveillance' have been replaced with 'hybrid 55.02 eavesdropping', which significantly alters the meaning and context of the text. Therefore, the score is 0.2.",llama-3.3-70b-versatile
1115776,what is an aml surveillance analyst,highly excused that ic surveillance don,0.4,"The obfuscated text 'highly excused that ic surveillance don' still contains the word 'surveillance' which is present in the original text 'what is an aml surveillance analyst'. This suggests that some information about the topic of surveillance has been preserved. However, the context and other details have been significantly altered, indicating partial information leakage.",llama-3.3-70b-versatile
1115776,what is an aml surveillance analyst,n't this an alc surveillance said,0.7,"The obfuscated text still contains the word 'surveillance' and 'analyst' which are key terms from the original text, indicating a significant information leakage.",llama-3.3-70b-versatile
1115776,what is an aml surveillance analyst,what the spread leukemia surveillance smith,0.4,"The obfuscated text still contains the core phrase 'surveillance', which is a key part of the original text, indicating some information leakage. However, the context and surrounding words have been altered significantly, reducing the overall information leakage.",llama-3.3-70b-versatile
1115776,what is an aml surveillance analyst,to movie unerring in arrest analyst,0.4,"The obfuscated text still contains the word 'analyst' which is present in the original text, indicating some information leakage. However, the context and other words have been changed, reducing the leakage. The score is 0.4, indicating moderate information leakage.",llama-3.3-70b-versatile
1115776,what is an aml surveillance analyst,that if final chotanagpur cctv said,0.4,"The obfuscated text has some similar words and structure to the original text, but with significant changes, indicating moderate information leakage.",llama-3.3-70b-versatile
1115776,what is an aml surveillance analyst,misunderstood be party aml unobtrusive freudenstein,0.4,"The obfuscated text has some similar words and structure to the original text, but with significant changes, indicating moderate information leakage.",llama-3.3-70b-versatile
1115776,what is an aml surveillance analyst,around defined an cfh cynodon ohmi,0.4,"The obfuscated text has some similar words and structure to the original text, but with significant changes, indicating moderate information leakage.",llama-3.3-70b-versatile
1115776,what is an aml surveillance analyst,extrapolate does an picketers extensive james,0.4,"The obfuscated text does not convey the same meaning as the original text, but some keywords like 'surveillance' and 'analyst' are still present, indicating partial information leakage.",llama-3.3-70b-versatile
1115776,what is an aml surveillance analyst,this while an aml eavesdropping an,0.4,"The obfuscated text still contains the term 'aml' which is present in the original text, indicating some information leakage. However, the context and surrounding words have been changed, reducing the overall information leakage.",llama-3.3-70b-versatile
1114819,what is durable medical equipment consist of,what elmalı durable first eizenberg dominate represents,0.4,"The obfuscated text has some words replaced with unrelated words, but the core phrase 'durable' is still present, indicating partial information leakage.",llama-3.3-70b-versatile
1114819,what is durable medical equipment consist of,did us durable medical instrumentation korten much,0.6,"The obfuscated text 'did us durable medical instrumentation korten much' still contains the key phrase 'durable medical', which is a significant part of the original text 'what is durable medical equipment consist of'. This indicates a moderate level of information leakage. The score is 0.6 because some important information is preserved, but the context and other details are altered or removed.",llama-3.3-70b-versatile
1114819,what is durable medical equipment consist of,that pulcherrima immediate practice have strobus migration,0.0,"The obfuscated text does not contain any relevant information from the original text, indicating a low information leakage score.",llama-3.3-70b-versatile
1114819,what is durable medical equipment consist of,everybody it cross-browser goryeo acquired luniz time,0.1,"The obfuscated text does not contain any relevant information from the original text, indicating minimal information leakage.",llama-3.3-70b-versatile
1114819,what is durable medical equipment consist of,ghastliness sometimes gigli medical wanzer narrative 22,0.2,"The obfuscated text still contains the word 'medical' which is present in the original text, indicating some information leakage. However, the context and other words have been significantly altered, reducing the overall information leakage.",llama-3.3-70b-versatile
1114819,what is durable medical equipment consist of,what sizes goods medical much consist overlying,0.4,"The obfuscated text still contains the words 'medical' and 'consist', which are present in the original text, indicating some information leakage.",llama-3.3-70b-versatile
1114819,what is durable medical equipment consist of,why `` multitrack from being 23.05 turbinidae,0.4,"The obfuscated text still contains the word 'medical' and 'durable' is not present but 'medical' is, which is a key term in the original text, hence there is some information leakage",llama-3.3-70b-versatile
1114819,what is durable medical equipment consist of,what one priced doctors equipment ommeren directly,0.6,"The obfuscated text still contains the word 'doctors' and 'equipment' which are related to the original text 'durable medical equipment', indicating some information leakage.",llama-3.3-70b-versatile
1114819,what is durable medical equipment consist of,them mimics durable nursing equipments consists glenbervie,0.6,"The obfuscated text still contains the word 'durable' and 'nursing equipments', which are related to the original text 'durable medical equipment', indicating some information leakage.",llama-3.3-70b-versatile
1114819,what is durable medical equipment consist of,that what autos tapatío poles multirace based,0.4,"The obfuscated text still contains some relevant keywords like 'durable' and 'medical' or related terms like 'equipment' or 'nursing', but with significant alterations and additions, making it difficult to discern the original meaning.",llama-3.3-70b-versatile
1114646,what is famvir prescribed for,"gentleness "" famvir as farriers",0.7,"The obfuscated text still contains the word 'famvir', which is the main subject of the original text, indicating significant information leakage. However, the context and surrounding words have been altered, reducing the leakage to some extent.",llama-3.3-70b-versatile
1114646,what is famvir prescribed for,n't liévin aiva regimen win,0.1,"The obfuscated text does not contain any relevant information about the original text, which is about the prescription of Famvir. The words in the obfuscated text are unrelated to the original text, indicating minimal information leakage.",llama-3.3-70b-versatile
1114646,what is famvir prescribed for,thinks tool famvir mcafee oscar,0.4,"The obfuscated text still contains the word 'famvir' which is present in the original text, indicating some information leakage. However, the context and surrounding words are completely different, reducing the leakage. Score is 0.4 for partial information leakage.",llama-3.3-70b-versatile
1114646,what is famvir prescribed for,mess absence llompart was for,0.2,"The obfuscated text does not contain any relevant information about the original text, which is about the prescription of famvir. The score is 0.2 because the word 'famvir' is not present in the obfuscated text, but some words are related to the context of the original text.",llama-3.3-70b-versatile
1114646,what is famvir prescribed for,do is yusanto depending he,0.1,"The obfuscated text does not contain any relevant information about the original text, which is 'what is famvir prescribed for'. The obfuscated text 'do is yusanto depending he' seems unrelated to the original text, indicating minimal information leakage.",llama-3.3-70b-versatile
1114646,what is famvir prescribed for,what is sinchon importaciones people,0.0,The obfuscated text does not contain any relevant information about the original text 'what is famvir prescribed for'. The words are unrelated and do not provide any context about the prescription of famvir.,llama-3.3-70b-versatile
1114646,what is famvir prescribed for,what collaborative kposowa categorisation for,0.0,The obfuscated text does not contain any relevant information about the original text 'what is famvir prescribed for'. The words are unrelated and do not provide any context about the prescription of famvir.,llama-3.3-70b-versatile
1114646,what is famvir prescribed for,go this vdc prp warrant,0.0,The obfuscated text does not contain any relevant information about the original text 'what is famvir prescribed for'. The words are unrelated and do not provide any context about the prescription of famvir.,llama-3.3-70b-versatile
1114646,what is famvir prescribed for,jeff antagonist famvir prescribe for,0.8,"The obfuscated text still contains the word 'famvir' and 'prescribe', which are key elements of the original text, indicating a significant information leakage.",llama-3.3-70b-versatile
1114646,what is famvir prescribed for,"tell be cb4 "" taking",0.8,"The obfuscated text still contains the word 'famvir' and 'prescribe', which is similar to the original text 'what is famvir prescribed for'. This indicates a high level of information leakage.",llama-3.3-70b-versatile
1113437,what is physical description of spruce,says pelt combination ginestra about birch,0.0,"The obfuscated text does not reveal any information about the physical description of spruce, as it mentions unrelated terms such as 'pelt', 'ginestra', and 'birch'.",llama-3.3-70b-versatile
1113437,what is physical description of spruce,end is mental matter-of-fact leading spruce,0.8,"The obfuscated text still contains the word 'spruce', which is present in the original text, indicating significant information leakage.",llama-3.3-70b-versatile
1113437,what is physical description of spruce,what plain at description clarifying pine,0.6,"The obfuscated text still contains the word 'description' which is present in the original text, and also contains a type of tree, 'pine', which is similar to 'spruce', indicating some information leakage.",llama-3.3-70b-versatile
1113437,what is physical description of spruce,how tammy physical ruddell essence fir,0.0,"The obfuscated text does not reveal any information about the physical description of spruce, as it contains unrelated words and does not mention spruce or any of its characteristics.",llama-3.3-70b-versatile
1113437,what is physical description of spruce,what is physical omiyi in greenery,0.3,"The obfuscated text still contains the word 'physical' and 'what is', which are present in the original text, but the rest of the information is not directly related, indicating some information leakage.",llama-3.3-70b-versatile
1113437,what is physical description of spruce,they smith favell description bapat 531,0.0,"The obfuscated text does not contain any relevant information about the physical description of spruce, and the words used are unrelated to the original text.",llama-3.3-70b-versatile
1113437,what is physical description of spruce,what this penampang furrow few brownish-gray,0.2,"The obfuscated text still contains some relevant information about the physical description, but it is not directly related to spruce and includes misleading terms.",llama-3.3-70b-versatile
1113437,what is physical description of spruce,do rosuvastatin physical viana pinega palaeopropithecus,0.2,"The obfuscated text does not contain any information about the physical description of spruce, but it does contain the word 'pinega' which is not related to spruce and 'palaeopropithecus' which is a genus of extinct primates, and 'rosuvastatin' which is a medication, and 'viana' which is a surname, thus the score is 0.2",llama-3.3-70b-versatile
1113437,what is physical description of spruce,every it descriptions fit cyców sitka,0.2,"The obfuscated text does not contain any information about the physical description of spruce, but it does contain the word 'sitka' which is a type of spruce, so the score is 0.2",llama-3.3-70b-versatile
1113437,what is physical description of spruce,surely 1-800-253-6476 sweating nileshwar expansive aspens,0.2,"The obfuscated text does not contain any information about the physical description of spruce, but it does contain the word 'aspens' which is a type of tree, and 'sitka' which is a type of spruce, indicating some information leakage",llama-3.3-70b-versatile
1112341,what is the daily life of thai people,own difficult very newspaper 2013 which 120-299 says,0.2,"The obfuscated text does not convey the same meaning as the original text, but some keywords are missing, thus the score is 0.2",llama-3.3-70b-versatile
1112341,what is the daily life of thai people,some is which tages life typical thailand underlying,0.6,"The obfuscated text still contains some keywords related to the original text, such as 'life' and 'thailand', which indicates a moderate level of information leakage.",llama-3.3-70b-versatile
1112341,what is the daily life of thai people,should corresponds the weekly normal 780 singaporean kuklinski,0.2,"The obfuscated text does not reveal any information about the daily life of Thai people, but it contains some related keywords like 'life' and 'thailand' which may indicate a slight connection to the original text",llama-3.3-70b-versatile
1112341,what is the daily life of thai people,happened differs this newspaper it musenews trt people,0.2,"The obfuscated text does not reveal any specific information about the daily life of Thai people, but it contains some related keywords like 'newspaper' and 'people', which may indicate a slight information leakage.",llama-3.3-70b-versatile
1112341,what is the daily life of thai people,what a centerpiece magically life overlanders malaysian at,0.2,"The obfuscated text still contains some keywords related to the original text, such as 'life', but the context and meaning are completely different, indicating a significant level of obfuscation.",llama-3.3-70b-versatile
1112341,what is the daily life of thai people,they continues step night simple of vietnamese village,0.2,"The obfuscated text does not reveal any specific information about the daily life of Thai people, but it contains some related keywords like 'life' and 'village' which could be related to the topic, thus the score is 0.2",llama-3.3-70b-versatile
1112341,what is the daily life of thai people,what close the daily saturated delay bamse everyone,0.2,"The obfuscated text does not convey the same meaning as the original text, but some keywords like 'daily' and 'life' are present, indicating a small amount of information leakage.",llama-3.3-70b-versatile
1112341,what is the daily life of thai people,are reflects no weekly life glop thai people,0.4,"The obfuscated text still contains the word 'thai' and 'people', which are present in the original text, indicating some information leakage.",llama-3.3-70b-versatile
1112341,what is the daily life of thai people,so pane the newspaper for of thailand 363,0.4,"The obfuscated text still contains some keywords related to the original text, such as 'thailand' and 'newspaper', indicating some information leakage.",llama-3.3-70b-versatile
1112341,what is the daily life of thai people,do exerted new reported mammal of korean avoid,0.2,"The obfuscated text does not contain any relevant information about the daily life of Thai people, but it does mention 'thailand' and 'thai people' in some instances, indicating a slight information leakage.",llama-3.3-70b-versatile
833860,what is the most popular food in switzerland,'ll knows said one well-developed food 44-1-71 65.9,0.2,"The obfuscated text still contains some information about the original text, such as the topic of food, but the details are heavily distorted and do not reveal the specific question about Switzerland. The score of 0.2 reflects the minimal information leakage.",llama-3.3-70b-versatile
833860,what is the most popular food in switzerland,"sort nathan 24 definition restaurateur cuisine , fischer",0.2,"The obfuscated text does not reveal any information about the original text, which is 'what is the most popular food in switzerland'. The obfuscated text contains unrelated words and names, indicating a low information leakage score of 0.2.",llama-3.3-70b-versatile
833860,what is the most popular food in switzerland,connected is kunbi well-known 1940s grocery die swiss,0.6,"The obfuscated text still contains the word 'swiss' which is a clear indicator of the original text's content, thus the score is 0.6",llama-3.3-70b-versatile
833860,what is the most popular food in switzerland,"one , same involves popular food kentville france",0.2,"The obfuscated text does not reveal the original text's meaning, but some words like 'popular' and 'food' are present, indicating a slight information leakage of 0.2",llama-3.3-70b-versatile
833860,what is the most popular food in switzerland,everybody which rivera publicly borrowed they in switzerland,0.4,"The obfuscated text still contains the word 'switzerland' which is present in the original text, indicating some information leakage. However, the context and other words are changed, reducing the leakage. The score is 0.4 because 'switzerland' is a key part of the original text and its presence in the obfuscated text reveals significant information.",llama-3.3-70b-versatile
833860,what is the most popular food in switzerland,invariably it who more popular foods khamir switzerland,0.6,"The obfuscated text still contains the word 'switzerland' which is present in the original text, and also contains the word 'popular foods' which is related to the original text. However, the context and other words are changed, indicating some level of obfuscation. Therefore, the score is 0.6.",llama-3.3-70b-versatile
833860,what is the most popular food in switzerland,`` all the remained onobrychis food gambro geneva,0.7,"The obfuscated text still contains the word 'switzerland' and 'food', which are key components of the original text, indicating a significant information leakage.",llama-3.3-70b-versatile
833860,what is the most popular food in switzerland,believe this third challenging popular food as austria,0.7,"The obfuscated text still contains the word 'switzerland' and 'popular food', which are key components of the original text, indicating a significant information leakage.",llama-3.3-70b-versatile
833860,what is the most popular food in switzerland,confirms it second most types food company zurich,0.6,"The obfuscated text still contains the word 'zurich' and 'food company' which are related to the original text, and also the word 'second most' which indicates a ranking, thus the information leakage score is 0.6",llama-3.3-70b-versatile
833860,what is the most popular food in switzerland,what is sörenstam pour most essentials same geneva,0.4,"The obfuscated text still contains the word 'geneva' which is related to Switzerland, and 'most' which is related to the original question, indicating some information leakage",llama-3.3-70b-versatile
855410,what is theraderm used for,`` known 27.39 use horses,0.1,"The obfuscated text does not contain any relevant information about the original text, which is about the use of Theraderm. The words in the obfuscated text are unrelated to the original text, indicating a low information leakage score.",llama-3.3-70b-versatile
855410,what is theraderm used for,testified qualifies x-rated used and,0.1,"The obfuscated text does not contain any relevant information about the original text, which is about the use of Theraderm. The words in the obfuscated text are unrelated to the original text, indicating a low information leakage score.",llama-3.3-70b-versatile
855410,what is theraderm used for,"antlers already 2,000-seat known for",0.1,"The obfuscated text does not contain any relevant information about the original text 'what is theraderm used for'. The words in the obfuscated text are unrelated to the original text, indicating minimal information leakage.",llama-3.3-70b-versatile
855410,what is theraderm used for,what also majorstuen used catalyst,0.4,"The obfuscated text 'what also majorstuen used catalyst' still contains the word 'what' and 'used' from the original text 'what is theraderm used for', indicating some information leakage. However, the context and meaning are significantly altered, suggesting a moderate level of obfuscation.",llama-3.3-70b-versatile
855410,what is theraderm used for,truth this recognize use for,0.2,"The obfuscated text does not reveal any information about the original text 'what is theraderm used for'. The words in the obfuscated text are unrelated to the original text, indicating no information leakage.",llama-3.3-70b-versatile
855410,what is theraderm used for,drop can salon.com used for,0.2,"The obfuscated text does not contain any relevant information about the original text, which is about the use of theraderm. The score is 0.2 because some words like 'used' and 'for' are present in the obfuscated text, but they do not convey any meaningful information about theraderm.",llama-3.3-70b-versatile
855410,what is theraderm used for,what is 50-calibre using boost,0.1,"The obfuscated text does not contain any relevant information about the original text 'what is theraderm used for'. The words in the obfuscated text are unrelated to the original text, indicating minimal information leakage.",llama-3.3-70b-versatile
855410,what is theraderm used for,remember very rabi barhi providing,0.0,The obfuscated text does not contain any relevant information about the original text 'what is theraderm used for'. The words are unrelated and do not provide any context or meaning similar to the original text.,llama-3.3-70b-versatile
855410,what is theraderm used for,varshney this viral rennich for,0.1,"The obfuscated text does not contain any relevant information about the original text 'what is theraderm used for'. The words in the obfuscated text are unrelated to the original text, indicating minimal information leakage.",llama-3.3-70b-versatile
855410,what is theraderm used for,how whilst herzegovina used for,0.1,"The obfuscated text does not contain any relevant information about the original text 'what is theraderm used for'. The words in the obfuscated text are unrelated to the original text, indicating minimal information leakage.",llama-3.3-70b-versatile
1110199,what is wifi vs bluetooth,day characterised wi-fi match mpeg-4,0.4,"The obfuscated text still contains the term 'wi-fi' which is a key part of the original text, indicating some information leakage. However, the context and other details have been altered, reducing the leakage. Score is 0.4.",llama-3.3-70b-versatile
1110199,what is wifi vs bluetooth,everyday real wi q1 first,0.3,"The obfuscated text still contains the term 'wi' which is a partial match for 'wifi' in the original text, indicating some information leakage. However, the context and other words are significantly altered, reducing the overall leakage.",llama-3.3-70b-versatile
1110199,what is wifi vs bluetooth,mean is wi-fi versus headsets,0.7,"The obfuscated text still contains the key phrase 'wi-fi', which is a significant part of the original text, indicating a high level of information leakage. However, the context and other details from the original text are not present, suggesting some level of obfuscation.",llama-3.3-70b-versatile
1110199,what is wifi vs bluetooth,that only wifi vs. anti-pollution,0.8,"The obfuscated text still contains the key phrase 'wifi vs', which is present in the original text, indicating significant information leakage.",llama-3.3-70b-versatile
1110199,what is wifi vs bluetooth,68-year in wifi .5 wifi,0.2,"The obfuscated text still contains the term 'wifi' which is present in the original text, but the context and other keywords are missing or altered, indicating some information leakage.",llama-3.3-70b-versatile
1110199,what is wifi vs bluetooth,do ” vernor totipotent wi-fi,0.2,"The obfuscated text still contains the term 'wi-fi' which is present in the original text, indicating some information leakage. However, the context and other words are completely different, reducing the leakage.",llama-3.3-70b-versatile
1110199,what is wifi vs bluetooth,what statement wifi wassila wirelessly,0.8,"The obfuscated text still contains the key phrase 'wifi' and also has the word 'wirelessly' which is related to the original text 'what is wifi vs bluetooth', indicating a significant information leakage.",llama-3.3-70b-versatile
1110199,what is wifi vs bluetooth,goeltom teilifís ex-police bt 802.11,0.8,"The obfuscated text still contains the key terms 'wi-fi' and 'bluetooth', which are present in the original text, indicating a significant information leakage.",llama-3.3-70b-versatile
1110199,what is wifi vs bluetooth,that this wi-fi vs. bluetooth,0.4,"The obfuscated text still contains the key terms 'wi-fi' and 'vs', which are present in the original text, indicating some information leakage. However, the context and other words have been changed, reducing the leakage. The score is 0.4, reflecting a moderate level of information leakage.",llama-3.3-70b-versatile
915593,what types of food can you cook sous vide,just blatnik fourth goods available obviously village sous vide,0.4,"The obfuscated text still contains the phrase 'sous vide', which is a key part of the original text, indicating a significant amount of information leakage. However, the context and other details from the original text are not present, reducing the leakage score.",llama-3.3-70b-versatile
915593,what types of food can you cook sous vide,need acanthurus will interbk can know passengers bois trapper,0.2,"The obfuscated text does not contain any relevant information from the original text, but some words are similar in length or sound, which might cause slight confusion.",llama-3.3-70b-versatile
915593,what types of food can you cook sous vide,members these the industry 91.69 you cook slums lentiviruses,0.2,"The obfuscated text still contains the phrase 'you cook', which is similar to the original text 'what types of food can you cook sous vide'. However, the context and surrounding words are completely different, indicating some information leakage but not complete.",llama-3.3-70b-versatile
915593,what types of food can you cook sous vide,much normal thriving products said i mangaia egea shinnō,0.2,"The obfuscated text does not contain any relevant information about the original text, but the word 'cook' is present in one of the obfuscated texts, indicating some information leakage.",llama-3.3-70b-versatile
915593,what types of food can you cook sous vide,but inventions more cruelty potentially going soup sous vide,0.7,"The obfuscated text still contains the phrase 'sous vide', which is a key part of the original text, indicating a significant information leakage.",llama-3.3-70b-versatile
915593,what types of food can you cook sous vide,myoor kinds so-called michele can you schwabing chefs vide,0.4,"The obfuscated text still contains the phrase 'sous vide' and 'can you', which are present in the original text, indicating some information leakage.",llama-3.3-70b-versatile
915593,what types of food can you cook sous vide,steinbrenner 200.3 part foods can n't ebenhoch juge residence,0.2,"The obfuscated text still contains the phrase 'sous vide' and some related words, but most of the original text is not present, indicating some information leakage.",llama-3.3-70b-versatile
915593,what types of food can you cook sous vide,"having 20-bit material jambos enough "" cook cilegon denotation",0.2,"The obfuscated text still contains the word 'cook' which is present in the original text, indicating some information leakage. However, the context and other words are completely different, reducing the leakage score.",llama-3.3-70b-versatile
915593,what types of food can you cook sous vide,say types pennard mairena pioneer does mixture sous vögele,0.2,"The obfuscated text still contains the phrase 'sous vide' which is present in the original text, indicating some information leakage. However, the context and surrounding words are completely different, reducing the leakage. The score is 0.2 because 'sous vide' is a key phrase in the original text and its presence in the obfuscated text reveals some information.",llama-3.3-70b-versatile
915593,what types of food can you cook sous vide,why type seventy-five sell can do alternately sous vide,0.4,"The obfuscated text still contains the phrase 'sous vide' which is present in the original text, indicating some information leakage. However, the context and other words are completely different, suggesting a moderate level of obfuscation.",llama-3.3-70b-versatile
962179,when was the salvation army founded,when 38.23 just the liberated founded,0.6,"The obfuscated text still contains some of the original words, such as 'when' and 'founded', but with some modifications, such as '38.23' and 'liberated' instead of 'salvation army', indicating partial information leakage",llama-3.3-70b-versatile
962179,when was the salvation army founded,upset time pantheon wiler troops pioneer,0.1,"The obfuscated text 'upset time pantheon wiler troops pioneer' does not resemble the original text 'when was the salvation army founded' in any way, indicating a very low information leakage score of 0.1",llama-3.3-70b-versatile
962179,when was the salvation army founded,2001 last the salvation own 30.04,0.7,"The obfuscated text still contains the year and the word 'salvation', which are key pieces of information from the original text, indicating a significant information leakage.",llama-3.3-70b-versatile
962179,when was the salvation army founded,when later organization bulwark army gaynes,0.4,"The obfuscated text still contains the word 'army' which is present in the original text, indicating some information leakage. However, the context and other words have been changed, reducing the leakage.",llama-3.3-70b-versatile
962179,when was the salvation army founded,when had when salvation jajouka 1920,0.4,"The obfuscated text still contains the word 'salvation' which is a key part of the original text, indicating some information leakage. However, the year '1920' is incorrect as the Salvation Army was founded in 1865, and the word 'jajouka' seems unrelated to the original text, reducing the information leakage.",llama-3.3-70b-versatile
962179,when was the salvation army founded,left music-based the belonged military founded,0.4,"The obfuscated text still contains some relevant information about the original text, such as the word 'founded', but the context and other details are changed, indicating partial information leakage.",llama-3.3-70b-versatile
962179,when was the salvation army founded,when was named dunkers soldiers myehs,0.2,"The obfuscated text still contains the word 'when' and 'was' which are present in the original text, but the rest of the content is completely different, indicating a significant level of obfuscation.",llama-3.3-70b-versatile
962179,when was the salvation army founded,when apparently the salvation army organization,0.8,"The obfuscated text still contains the key phrase 'the salvation army', indicating significant information leakage.",llama-3.3-70b-versatile
962179,when was the salvation army founded,before reached shchen organization army originated,0.7,"The obfuscated text still contains the key words 'salvation' and 'army', which are present in the original text, indicating a significant information leakage.",llama-3.3-70b-versatile
962179,when was the salvation army founded,recalled neo-orthodox squalus tofo armies co-founded,0.6,"The obfuscated text still contains the word 'armies' and 'co-founded', which are related to the original text, indicating some information leakage.",llama-3.3-70b-versatile
1103812,who formed the commonwealth of independent states,brothers formed mcgann finance of representative leave,0.2,"The obfuscated text has some similar words and structure to the original text, but the meaning is completely different, indicating some information leakage but not complete.",llama-3.3-70b-versatile
1103812,who formed the commonwealth of independent states,who formations the the williamson schools states,0.4,"The obfuscated text still contains the original words 'who' and 'states', indicating some information leakage, but the context and meaning have been altered, so it's not complete leakage.",llama-3.3-70b-versatile
1103812,who formed the commonwealth of independent states,unknowingly same to assistant a cubane united,0.0,"The obfuscated text 'unknowingly same to assistant a cubane united' does not retain any meaningful information from the original text 'who formed the commonwealth of independent states', thus the score is 0",llama-3.3-70b-versatile
1103812,who formed the commonwealth of independent states,husband promethium out 11.32 was more united,0.0,"The obfuscated text 'husband promethium out 11.32 was more united' has very little resemblance to the original text 'who formed the commonwealth of independent states', with no key words or phrases matching, indicating a very low information leakage.",llama-3.3-70b-versatile
1103812,who formed the commonwealth of independent states,ivanova formed 24 polish-lithuanian is almost wierzbica,0.4,"The obfuscated text 'ivanova formed 24 polish-lithuanian is almost wierzbica' still contains the word 'formed' which is present in the original text, and also contains the word 'states' is not present but 'polish-lithuanian' is a geographical term which may indicate some information leakage. However, the context and meaning are significantly altered, so the score is 0.4",llama-3.3-70b-versatile
1103812,who formed the commonwealth of independent states,he formed asking contender position handful would,0.4,"The obfuscated text 'he formed asking contender position handful would' has some similarity to the original text 'who formed the commonwealth of independent states' but with significant changes, indicating moderate information leakage.",llama-3.3-70b-versatile
1103812,who formed the commonwealth of independent states,who epp-ed taylor 1.5422 janówek libertarian states,0.4,"The obfuscated text 'who epp-ed taylor 1.5422 janówek libertarian states' still contains the word 'who' and 'states' which are present in the original text, indicating some information leakage. However, the context and other words have been changed, reducing the leakage. Therefore, a score of 0.4 is assigned.",llama-3.3-70b-versatile
1103812,who formed the commonwealth of independent states,experienced milli in except some noted washington,0.1,"The obfuscated text 'experienced milli in except some noted washington' does not retain any significant information from the original text 'who formed the commonwealth of independent states', thus the score is 0.1",llama-3.3-70b-versatile
1103812,who formed the commonwealth of independent states,card watain instance federation fourths geminorum states,0.2,"The obfuscated text 'card watain instance federation fourths geminorum states' has some similar words to the original text 'who formed the commonwealth of independent states', such as 'states', but the meaning and context are completely different, indicating a low information leakage.",llama-3.3-70b-versatile
1103812,who formed the commonwealth of independent states,yal formed the horovitz – critical united,0.4,"The obfuscated text 'yal formed the horovitz – critical united' still contains some similar structure and keywords to the original text 'who formed the commonwealth of independent states', such as 'formed' and a reference to a political entity ('united' vs 'states'). However, the main subject and details have been altered, indicating some information leakage but not complete. The score is 0.4.",llama-3.3-70b-versatile
1037798,who is robert gray,who is richard sparkly,0.2,"The obfuscated text 'who is richard sparkly' does not reveal the original name 'robert gray', but it still maintains the same question structure, thus some information about the context is preserved. However, the name is completely changed, which significantly reduces the information leakage.",llama-3.3-70b-versatile
1037798,who is robert gray,whom part verry all,0.0,"The obfuscated text 'whom part verry all' does not contain any information from the original text 'who is robert gray', thus the score is 0",llama-3.3-70b-versatile
1037798,who is robert gray,whom creepy shaw gray,0.5,"The obfuscated text 'whom creepy shaw gray' still contains the surname 'gray' which is present in the original text 'who is robert gray', thus there is some information leakage. However, the first name 'robert' has been completely obfuscated and replaced with 'creepy shaw', which reduces the information leakage. Considering this, a score of 0.5 is assigned.",llama-3.3-70b-versatile
1037798,who is robert gray,who someone rohsh silvery,0.6,"The obfuscated text still contains the original word 'who' and a similar surname 'gray' which is now 'rohsh' or possibly 'gray' with a slight modification, and 'silvery' which could be related to 'gray', indicating some information leakage",llama-3.3-70b-versatile
1037798,who is robert gray,johnson mumtaz conquered lorrimer,0.0,"The obfuscated text 'johnson mumtaz conquered lorrimer' does not contain any information from the original text 'who is robert gray', so the score is 0",llama-3.3-70b-versatile
1037798,who is robert gray,who founded strauss square,0.2,"The obfuscated text 'who founded strauss square' still contains the word 'who' from the original text 'who is robert gray', indicating some information leakage. However, the rest of the text is completely different, suggesting a significant level of obfuscation. Therefore, the score is 0.2.",llama-3.3-70b-versatile
1037798,who is robert gray,worked m. henry black,0.2,"The obfuscated text 'worked m. henry black' does not contain any information about 'robert gray', thus the information leakage is low",llama-3.3-70b-versatile
1037798,who is robert gray,kournikova are morgan may,0.0,"The obfuscated text 'kournikova are morgan may' does not contain any information from the original text 'who is robert gray', so the score is 0",llama-3.3-70b-versatile
1037798,who is robert gray,among solution marcia gray,0.4,"The obfuscated text 'among solution marcia gray' still contains the name 'gray' which is present in the original text 'who is robert gray', indicating some information leakage.",llama-3.3-70b-versatile
1037798,who is robert gray,bullfighter ramona g. zartman,0.1,"The obfuscated text 'bullfighter ramona g. zartman' has no clear connection to the original text 'who is robert gray', indicating minimal information leakage.",llama-3.3-70b-versatile
1063750,why did the us volunterilay enter ww1,nobody n't the deal volksliste enter non-us,0.4,"The obfuscated text has changed key words and phrases, but still conveys some meaning, indicating partial information leakage.",llama-3.3-70b-versatile
1063750,why did the us volunterilay enter ww1,n't n't the us annink entering tormentine,0.4,"The obfuscated text still contains some recognizable words and phrases from the original text, such as 'us' and 'enter', indicating some information leakage. However, the meaning and context of the original text are significantly altered, suggesting a moderate level of obfuscation.",llama-3.3-70b-versatile
1063750,why did the us volunterilay enter ww1,does had 72.65 who afterworld enter ke5,0.1,"The obfuscated text does not contain any recognizable words or phrases from the original text, indicating a high level of obfuscation.",llama-3.3-70b-versatile
1063750,why did the us volunterilay enter ww1,wondered spite surrounding u.s. adolescents cutler roll-out,0.6,"The obfuscated text still contains the phrase 'u.s.', which is a significant part of the original text, indicating a moderate level of information leakage.",llama-3.3-70b-versatile
1063750,why did the us volunterilay enter ww1,it would 1994 us taita begin annita,0.2,"The obfuscated text still contains the phrase 'us' which is present in the original text, indicating some information leakage. However, the context and other words have been significantly altered, reducing the overall information leakage.",llama-3.3-70b-versatile
1063750,why did the us volunterilay enter ww1,unconstrained things fred u.s. jász-nagykun-szolnok enter ww1,0.8,"The obfuscated text still contains the phrase 'u.s.' and 'enter ww1' which are present in the original text, indicating significant information leakage.",llama-3.3-70b-versatile
1063750,why did the us volunterilay enter ww1,curious dick rector us gordeyeva enter splashing,0.2,"The obfuscated text still contains the phrase 'us' and 'enter' which are present in the original text, but the context and surrounding words are completely different, indicating some information leakage. However, the obfuscated text does not convey the same meaning as the original text, thus the score is not 1.",llama-3.3-70b-versatile
1063750,why did the us volunterilay enter ww1,swear monkish coating target governorate discourage fennesz,0.0,"The obfuscated text does not contain any relevant information from the original text, indicating minimal information leakage.",llama-3.3-70b-versatile
1063750,why did the us volunterilay enter ww1,versus . #ukqaqsqm u.s. dowling enter ww1,0.8,"The obfuscated text still contains the phrase 'u.s. enter ww1' which is similar to the original text 'us volunterilay enter ww1', indicating a significant information leakage.",llama-3.3-70b-versatile
1063750,why did the us volunterilay enter ww1,ondi pivotal medal meanwhile mitrevski for pelplin,0.8,"The obfuscated text still contains the phrase 'u.s. enter ww1' which is similar to the original text 'us volunterilay enter ww1', indicating a significant information leakage.",llama-3.3-70b-versatile
