id,text,obfuscatedText,score,justification,model
19335,anthropological definition of environment,sociological definitions the environments,0.6,"The obfuscated text 'sociological definitions the environments' still conveys the general idea of the original text 'anthropological definition of environment', but with some changes in wording and structure, thus indicating a moderate level of information leakage.",llama-3.3-70b-versatile
19335,anthropological definition of environment,anthropological definitions of environmental,0.9,"The obfuscated text is very similar to the original text, with only minor changes in wording, indicating a high level of information leakage.",llama-3.3-70b-versatile
19335,anthropological definition of environment,ethnological definition the environment,0.9,"The obfuscated text is very similar to the original text, with only minor changes in wording, indicating a high level of information leakage.",llama-3.3-70b-versatile
19335,anthropological definition of environment,ethnological definition those environment,0.8,"The obfuscated text is very similar to the original text, with only a slight change in the word 'anthropological' to 'ethnological' and 'of' to 'those', indicating a high level of information leakage",llama-3.3-70b-versatile
19335,anthropological definition of environment,ethnographic defined of environments,0.6,"The obfuscated text 'ethnographic defined of environments' has some similarity to the original text 'anthropological definition of environment', but with changes in the field of study and the definition, thus the score is 0.6",llama-3.3-70b-versatile
19335,anthropological definition of environment,anthropological definition the environments,0.9,"The obfuscated text is very similar to the original text, with only a small change from 'of environment' to 'the environments', which still conveys the same general meaning. This suggests a high level of information leakage.",llama-3.3-70b-versatile
19335,anthropological definition of environment,sociological defined the environment,0.8,"The obfuscated text is very similar to the original text, with only minor changes in wording, indicating a high level of information leakage.",llama-3.3-70b-versatile
19335,anthropological definition of environment,anthropological definitions the environments,0.8,"The obfuscated text is very similar to the original text, with only minor changes in wording, such as 'definitions' instead of 'definition' and 'the environments' instead of 'of environment'. This suggests a high level of information leakage, but not complete, as some details have been altered.",llama-3.3-70b-versatile
19335,anthropological definition of environment,anthropological defines of environment,0.9,"The obfuscated text is very similar to the original text, with only minor changes in wording, such as 'defines' instead of 'definition' and 'of environment' instead of 'of environment'. This suggests a high level of information leakage, as the obfuscated text still conveys the same meaning as the original text.",llama-3.3-70b-versatile
19335,anthropological definition of environment,ethnological defined the environments,0.8,"The obfuscated text is very similar to the original text, with only minor changes in wording, indicating a high level of information leakage.",llama-3.3-70b-versatile
47923,axon terminals or synaptic knob definition,axonal terminal either synapse knob defined,0.8,"The obfuscated text is similar to the original text, with some minor changes in wording, such as 'axon terminals' becoming 'axonal terminal' and 'synaptic knob' becoming 'synapse knob'. However, the overall meaning and content of the text remains the same, indicating a high level of information leakage.",llama-3.3-70b-versatile
47923,axon terminals or synaptic knob definition,axon terminal either plasticity knob defines,0.7,"The obfuscated text 'axon terminal either plasticity knob defines' still conveys the core concepts of 'axon terminals' and 'synaptic knob' from the original text 'axon terminals or synaptic knob definition', but with some rewording and added terms like 'plasticity', which slightly alters the meaning. The score of 0.7 reflects a moderate level of information leakage, as the essential terms are still recognizable but the context and specifics have been somewhat obscured.",llama-3.3-70b-versatile
47923,axon terminals or synaptic knob definition,axon terminals either plasticity knobs defined,0.8,"The obfuscated text is very similar to the original text, with only minor changes in wording and punctuation, indicating a high level of information leakage.",llama-3.3-70b-versatile
47923,axon terminals or synaptic knob definition,axon terminals either plasticity knobs definitions,0.8,"The obfuscated text is very similar to the original text, with only minor changes in wording and punctuation, indicating a high level of information leakage.",llama-3.3-70b-versatile
47923,axon terminals or synaptic knob definition,kd96 terminals either plasticity knob definitions,0.4,"The obfuscated text has changed significantly from the original text, with 'kd96' replacing 'axon', and 'knob' instead of 'synaptic knob', indicating a moderate level of information leakage",llama-3.3-70b-versatile
47923,axon terminals or synaptic knob definition,synapse terminals either synaptic knob definition,0.8,"The obfuscated text still contains key terms related to the original text, such as 'synapse', 'terminals', 'synaptic', and 'knob', indicating a significant amount of information leakage.",llama-3.3-70b-versatile
47923,axon terminals or synaptic knob definition,axon terminals either plasticity knobs definition,0.8,"The obfuscated text is very similar to the original text, with only minor changes in wording, such as 'either' and 'plasticity', which do not significantly alter the meaning. Therefore, the information leakage from the original text to the obfuscated text is high.",llama-3.3-70b-versatile
47923,axon terminals or synaptic knob definition,axon terminal either synaptic knob defined,0.8,"The obfuscated text is very similar to the original text, with only minor changes in wording, such as 'terminal' instead of 'terminals' and 'synaptic' instead of 'synapse'.",llama-3.3-70b-versatile
47923,axon terminals or synaptic knob definition,synapse terminal or plasticity knobs defined,0.8,"The obfuscated text is very similar to the original text, with some minor changes in wording, but the overall meaning is preserved, so the score is 0.8",llama-3.3-70b-versatile
47923,axon terminals or synaptic knob definition,axonal terminal or plasticity knobs defines,0.8,"The obfuscated text is very similar to the original text, with only minor changes in wording, such as 'axonal' instead of 'axon' and 'defines' instead of 'definition'. The core meaning and key terms are still present, indicating a high level of information leakage.",llama-3.3-70b-versatile
87181,causes of left ventricular hypertrophy,causes of leaving atrial sarcoplasmic,0.6,"The obfuscated text still contains similar keywords related to heart conditions, but with some changes in wording, indicating a moderate level of information leakage.",llama-3.3-70b-versatile
87181,causes of left ventricular hypertrophy,cause part leaving arrhythmias myocardium,0.4,"The obfuscated text still contains some relevant keywords such as 'cause' and 'myocardium' which are related to the original text, but the meaning is altered and some key terms are changed or missing, indicating partial information leakage.",llama-3.3-70b-versatile
87181,causes of left ventricular hypertrophy,causes actual left atrial hypertrophy,0.9,"The obfuscated text is very similar to the original text, with only a slight modification from 'ventricular' to 'atrial', indicating a high level of information leakage.",llama-3.3-70b-versatile
87181,causes of left ventricular hypertrophy,cause of leaving atrial myocytes,0.6,"The obfuscated text still contains the word 'cause' and 'atrial', which are similar to the original text 'causes of left ventricular hypertrophy'. However, 'ventricular' is replaced with 'atrial', and 'hypertrophy' is replaced with 'myocytes', indicating some information leakage but not complete.",llama-3.3-70b-versatile
87181,causes of left ventricular hypertrophy,cause of leaving ventricular hypertrophy,0.9,"The obfuscated text is very similar to the original text, with only a small change from 'left' to 'leaving', indicating a high level of information leakage.",llama-3.3-70b-versatile
87181,causes of left ventricular hypertrophy,causes the leaving ventricular hyperplasia,0.6,"The obfuscated text 'causes the leaving ventricular hyperplasia' still contains the key words 'causes', 'leaving', and 'ventricular', which are similar to the original text 'causes of left ventricular hypertrophy'. However, 'hyperplasia' is different from 'hypertrophy', and 'leaving' is different from 'left'. The score is 0.6 because some information is preserved, but not all.",llama-3.3-70b-versatile
87181,causes of left ventricular hypertrophy,cause of leaving ventricular lvh,0.8,"The obfuscated text 'cause of leaving ventricular lvh' still contains the key terms 'leaving ventricular' and 'lvh' which is a common abbreviation for left ventricular hypertrophy, indicating a significant information leakage from the original text.",llama-3.3-70b-versatile
87181,causes of left ventricular hypertrophy,cause the leaving atrial hypertrophy,0.8,"The obfuscated text is very similar to the original text, with only minor changes, indicating a high level of information leakage.",llama-3.3-70b-versatile
87181,causes of left ventricular hypertrophy,causes same leaving atrial ventricle,0.6,"The obfuscated text still contains the word 'causes' and 'atrial' and 'ventricle', which are similar to the original text, indicating some information leakage",llama-3.3-70b-versatile
87181,causes of left ventricular hypertrophy,cause the left atrial lvh,0.8,"The obfuscated text still contains the word 'left' and 'lvh' which is similar to 'left ventricular hypertrophy', indicating a high level of information leakage",llama-3.3-70b-versatile
87452,causes of military suicide,cause the military killing,0.7,"The obfuscated text still conveys the general idea of the original text, which is about the military and a negative action, but the words are changed, so it's not a direct copy. The score is 0.7 because some information is still leaked, but the wording is different.",llama-3.3-70b-versatile
87452,causes of military suicide,causes of army bombings,0.7,"The obfuscated text still conveys the general idea of the original text, which is about the causes of violent acts related to the military, but uses different words, such as 'army' instead of 'military' and 'bombings' instead of 'suicide'. This suggests a moderate level of information leakage.",llama-3.3-70b-versatile
87452,causes of military suicide,cause of army attacks,0.6,"The obfuscated text still conveys the general idea of the original text, which is about the causes of violent events related to the military, but uses different words, thus reducing information leakage to 0.6",llama-3.3-70b-versatile
87452,causes of military suicide,cause of army suicide,0.9,"The obfuscated text 'cause of army suicide' is very similar to the original text 'causes of military suicide', with only minor changes in wording, indicating a high level of information leakage.",llama-3.3-70b-versatile
87452,causes of military suicide,cause of military bomber,0.6,"The obfuscated text still contains the word 'military' and 'cause', which are present in the original text, but the word 'suicide' is replaced with 'bomber', indicating some information leakage. However, the core concept of 'cause' and 'military' remains, resulting in a moderate information leakage score of 0.6.",llama-3.3-70b-versatile
87452,causes of military suicide,cause and army attacker,0.6,"The obfuscated text still contains the word 'cause' and 'army', which are similar to the original text 'causes of military suicide', indicating some information leakage. However, the words 'attacker' is different from 'suicide', reducing the information leakage.",llama-3.3-70b-versatile
87452,causes of military suicide,causes part army attacks,0.7,"The obfuscated text still conveys the idea of a cause related to the military and a negative action, but with some changes in wording, so the score is 0.7",llama-3.3-70b-versatile
87452,causes of military suicide,causes the forces attacks,0.7,"The obfuscated text still conveys the idea of military-related violence, but with some changes in wording, so the score is 0.7",llama-3.3-70b-versatile
87452,causes of military suicide,cause the forces suicide,0.8,"The obfuscated text still conveys the idea of a cause related to military or army and the concept of suicide, which is similar to the original text.",llama-3.3-70b-versatile
87452,causes of military suicide,cause the army bombers,0.6,"The obfuscated text still conveys the idea of a cause related to the military or army, but changes the specific term 'suicide' to 'bombers', which reduces the information leakage to 0.6",llama-3.3-70b-versatile
104861,cost of interior concrete flooring,cost same ministry reinforced paneling,0.2,"The obfuscated text still contains the word 'cost' which is present in the original text, indicating some information leakage. However, the rest of the text has been changed to 'same ministry reinforced paneling' which does not convey the same meaning as 'interior concrete flooring'. Therefore, the score is 0.2.",llama-3.3-70b-versatile
104861,cost of interior concrete flooring,cost of ministry brick laminate,0.2,"The obfuscated text still contains the word 'cost' and 'of' which are present in the original text, but the rest of the words are different. The word 'ministry' is not related to the original text, and 'brick laminate' is a different type of flooring. Therefore, the score is 0.2 because some information about the cost is preserved, but the type of flooring is completely changed.",llama-3.3-70b-versatile
104861,cost of interior concrete flooring,costs besides exterior piles linoleum,0.4,"The obfuscated text 'costs besides exterior piles linoleum' has some similarity to the original text 'cost of interior concrete flooring' but with significant changes, including 'costs' instead of 'cost', 'besides' instead of 'of', 'exterior' instead of 'interior', 'piles' instead of 'concrete', and 'linoleum' instead of 'flooring'. This suggests a moderate level of information leakage.",llama-3.3-70b-versatile
104861,cost of interior concrete flooring,cost of ministry concrete tile,0.4,"The obfuscated text still contains the word 'cost' and 'concrete' which are present in the original text, but 'ministry' and 'tile' are different from 'interior' and 'flooring'. This indicates some information leakage, but not complete. The score is 0.4 because 'cost' and 'concrete' are preserved, but 'interior' and 'flooring' are not.",llama-3.3-70b-versatile
104861,cost of interior concrete flooring,costs the ministry precast flooring,0.6,"The obfuscated text still contains the word 'cost' and 'ministry' which are present in the original text, but 'concrete' and 'flooring' are replaced with 'precast' and 'flooring' respectively, indicating some information leakage",llama-3.3-70b-versatile
104861,cost of interior concrete flooring,costs of ministry concrete hardwood,0.6,"The obfuscated text still contains the word 'cost' and 'concrete' which are present in the original text, but 'ministry' and 'hardwood' are not, indicating some information leakage",llama-3.3-70b-versatile
104861,cost of interior concrete flooring,costs of exterior slab flooring,0.6,"The obfuscated text still contains the word 'costs' and 'concrete' and 'flooring' which are present in the original text, but some words are changed or replaced, so the information leakage score is 0.6",llama-3.3-70b-versatile
104861,cost of interior concrete flooring,"costs , interior slabs flooring",0.6,"The obfuscated text still contains the word 'costs' and 'interior' and 'slabs' and 'flooring' which are similar to the original text, indicating some information leakage",llama-3.3-70b-versatile
104861,cost of interior concrete flooring,costs of ministry slab flooring,0.4,"The obfuscated text still contains the word 'costs' and 'slab flooring' which are similar to the original text 'cost of interior concrete flooring', indicating some information leakage. However, the word 'ministry' is unrelated to the original text, reducing the leakage score.",llama-3.3-70b-versatile
104861,cost of interior concrete flooring,costs the interior concrete roofing,0.6,"The obfuscated text still contains the word 'costs' and 'concrete' which are present in the original text, and 'interior' which is also present in the original text, but 'roofing' is different from 'flooring'. The score is 0.6 because some information is still leaked, but not all.",llama-3.3-70b-versatile
1106007,define visceral?,define jurisprudential,0.0,"The obfuscated text 'define jurisprudential' does not reveal any information about the original text 'define visceral?', thus the score is 0",llama-3.3-70b-versatile
1106007,define visceral?,defined marvelled,0.2,"The obfuscated text 'defined marvelled' does not convey the same meaning as the original text 'define visceral?', thus the information leakage is low.",llama-3.3-70b-versatile
1106007,define visceral?,defined ubinas,0.2,"The obfuscated text 'defined ubinas' does not convey the same meaning as the original text 'define visceral?', thus the information leakage is minimal.",llama-3.3-70b-versatile
1106007,define visceral?,defining cyberarts,0.0,"The obfuscated text 'defining cyberarts' does not reveal any information about the original text 'define visceral?', thus the score is 0",llama-3.3-70b-versatile
1106007,define visceral?,define plimpton,0.0,"The obfuscated text 'define plimpton' does not reveal any information about the original text 'define visceral?', thus the score is 0",llama-3.3-70b-versatile
1106007,define visceral?,defines tide,0.0,"The obfuscated text 'defines tide' does not reveal any information about the original text 'define visceral?', thus the score is 0",llama-3.3-70b-versatile
1106007,define visceral?,defining ice-cold,0.0,"The obfuscated text 'defining ice-cold' does not reveal any information about the original text 'define visceral?', thus the score is 0",llama-3.3-70b-versatile
1106007,define visceral?,define vortices,0.0,"The obfuscated text 'define vortices' does not reveal any information about the original text 'define visceral?', thus the score is 0",llama-3.3-70b-versatile
1106007,define visceral?,distinguish 417,0.1,"The obfuscated text 'distinguish 417' does not resemble the original text 'define visceral?' in any way, indicating a high level of obfuscation and minimal information leakage.",llama-3.3-70b-versatile
1106007,define visceral?,defining consecutives,0.0,"The obfuscated text 'defining consecutives' does not reveal any information about the original text 'define visceral?', thus the score is 0",llama-3.3-70b-versatile
130510,definition declaratory judgment,defined injunctive judgement,0.7,"The obfuscated text 'defined injunctive judgement' still conveys the general meaning of the original text 'definition declaratory judgment', but with some changes in wording, thus the score is 0.7",llama-3.3-70b-versatile
130510,definition declaratory judgment,defined injunctive judgment,0.7,"The obfuscated text 'defined injunctive judgment' is similar to the original text 'definition declaratory judgment', but with some changes in wording, indicating a moderate level of information leakage.",llama-3.3-70b-versatile
130510,definition declaratory judgment,defined declaratory judgement,0.9,"The obfuscated text is very similar to the original text, with only minor changes in wording, such as 'defined' instead of 'definition' and 'declaratory' and 'judgement' being in the same order, indicating a high level of information leakage",llama-3.3-70b-versatile
130510,definition declaratory judgment,defined declaratory judgement,0.9,"The obfuscated text is very similar to the original text, with only minor changes in wording, such as 'defined' instead of 'definition' and 'judgement' instead of 'judgment'. This suggests a high level of information leakage, as the obfuscated text still conveys the same meaning as the original text.",llama-3.3-70b-versatile
130510,definition declaratory judgment,definition declaratory judgement,0.95,"The obfuscated text is almost identical to the original text, with only a minor spelling variation in the first word, indicating very little information leakage.",llama-3.3-70b-versatile
130510,definition declaratory judgment,definition injunctive judgement,0.6,"The obfuscated text 'definition injunctive judgement' has a similar structure to the original text 'definition declaratory judgment', but with a different keyword 'injunctive' instead of 'declaratory', indicating some information leakage. However, the core concept of 'definition' and 'judgement' remains intact, suggesting a moderate level of information leakage.",llama-3.3-70b-versatile
130510,definition declaratory judgment,definition injunctive judgment,0.7,"The obfuscated text 'definition injunctive judgment' has a similar structure to the original text 'definition declaratory judgment', but with some key differences in wording, indicating a moderate level of information leakage.",llama-3.3-70b-versatile
130510,definition declaratory judgment,definitions injunctive judgment,0.6,"The obfuscated text 'definitions injunctive judgment' has a different word 'definitions' instead of 'definition' and 'injunctive' instead of 'declaratory', which indicates some information leakage, but the word 'judgment' is the same as in the original text, so the score is not 1.",llama-3.3-70b-versatile
130510,definition declaratory judgment,definition injunctive judgement,0.6,"The obfuscated text 'definition injunctive judgement' has a similar structure to the original text 'definition declaratory judgment', but with some key differences in wording, indicating a moderate level of information leakage.",llama-3.3-70b-versatile
130510,definition declaratory judgment,defined drysuit judgement,0.4,"The obfuscated text 'defined drysuit judgement' has changed the word 'declaratory' to 'drysuit', which is unrelated to the original text, and also changed 'definition' to 'defined', which is a minor modification. However, 'judgement' remains the same. The score should reflect a moderate level of information leakage.",llama-3.3-70b-versatile
131843,definition of a sigmet,defined the another orakei,0.2,"The obfuscated text 'defined the another orakei' does not convey the same meaning as the original text 'definition of a sigmet'. However, it appears to be a poorly attempted obfuscation, as some words are similar. The score of 0.2 is given because a small amount of information is still present, such as the word 'defined' which is related to 'definition'.",llama-3.3-70b-versatile
131843,definition of a sigmet,defined the a mcx,0.2,"The obfuscated text 'defined the a mcx' has some similarity to the original text 'definition of a sigmet', but it does not convey the same meaning. The word 'defined' is similar to 'definition', and 'a' is present in both texts. However, 'mcx' does not relate to 'sigmet'. Therefore, the score is 0.2.",llama-3.3-70b-versatile
131843,definition of a sigmet,defines the another tourisme,0.2,"The obfuscated text 'defines the another tourisme' has some similarity to the original text 'definition of a sigmet', but the meaning is not preserved. The word 'defines' is similar to 'definition', but 'the another tourisme' does not convey the same information as 'of a sigmet'. Therefore, the score is 0.2.",llama-3.3-70b-versatile
131843,definition of a sigmet,definition of a kanth,0.5,"The obfuscated text 'definition of a kanth' still contains the word 'definition of a' which is similar to the original text 'definition of a sigmet', indicating some information leakage. However, the word 'kanth' is different from 'sigmet', reducing the information leakage. Therefore, the score is 0.5.",llama-3.3-70b-versatile
131843,definition of a sigmet,definition the another siezed,0.4,"The obfuscated text 'definition the another siezed' still contains the word 'definition' and 'the' which are present in the original text 'definition of a sigmet', indicating some information leakage. However, the word 'another' and 'siezed' are not related to the original text, and 'of a' is replaced with 'the', which reduces the information leakage. Therefore, the score is 0.4.",llama-3.3-70b-versatile
131843,definition of a sigmet,defined the another bose,0.4,"The obfuscated text 'defined the another bose' has some similarity to the original text 'definition of a sigmet' but with significant changes, indicating moderate information leakage.",llama-3.3-70b-versatile
131843,definition of a sigmet,definition example another 1919-1921,0.2,"The obfuscated text has some similarities with the original text, but the key terms are different, indicating some information leakage.",llama-3.3-70b-versatile
131843,definition of a sigmet,definition the a csd,0.6,"The obfuscated text 'definition the a csd' has some similarity to the original text 'definition of a sigmet', with 'definition' and 'a' being the same, but 'the' instead of 'of' and 'csd' instead of 'sigmet', indicating partial information leakage",llama-3.3-70b-versatile
131843,definition of a sigmet,definition the another krasnov,0.2,"The obfuscated text has some similarities with the original text, but it does not convey the same meaning. The word 'definition' is present in both texts, but the rest of the words are different. The score is 0.2 because the obfuscated text still contains the word 'definition' which is a key part of the original text, but the rest of the information is not preserved.",llama-3.3-70b-versatile
131843,definition of a sigmet,definition the another yemini,0.3,"The obfuscated text still contains the word 'definition' and 'the', which are present in the original text, but the rest of the content is different, indicating some information leakage.",llama-3.3-70b-versatile
146187,difference between a mcdouble and a double cheeseburger,obvious of another fear both a triple cheeseburgers,0.4,"The obfuscated text still contains the word 'cheeseburgers' which is similar to the original text 'double cheeseburger', indicating some information leakage. However, the context and other details are changed, so it's not a complete leakage.",llama-3.3-70b-versatile
146187,difference between a mcdouble and a double cheeseburger,"moreover both another hujeilan , another triple cheeseburgers",0.4,"The obfuscated text does not convey the same meaning as the original text, but some key words are still present, indicating partial information leakage.",llama-3.3-70b-versatile
146187,difference between a mcdouble and a double cheeseburger,fact both another .000434 both another triple cheeseburger,0.4,"The obfuscated text still contains the key phrase 'triple cheeseburger' which is related to the original text 'difference between a mcdouble and a double cheeseburger', indicating some information leakage. However, the context and other details are obscured, reducing the leakage.",llama-3.3-70b-versatile
146187,difference between a mcdouble and a double cheeseburger,"indeed between another rentería , another triple cheeseburger",0.4,"The obfuscated text still contains the word 'triple cheeseburger' and 'another', which are related to the original text 'difference between a mcdouble and a double cheeseburger', indicating some information leakage. However, the obfuscated text has replaced key words with unrelated terms, reducing the information leakage. The score is 0.4, reflecting a moderate level of information leakage.",llama-3.3-70b-versatile
146187,difference between a mcdouble and a double cheeseburger,"obvious both a compares , a double cheeseburger",0.4,"The obfuscated text still contains key words related to the original text, such as 'double cheeseburger', indicating some information leakage, but the context and other details are altered or missing, thus not a complete leakage",llama-3.3-70b-versatile
146187,difference between a mcdouble and a double cheeseburger,instance both a raggi both a double cheeseburgers,0.6,"The obfuscated text still contains the key words 'double cheeseburgers' which is similar to the original text 'double cheeseburger', indicating some information leakage.",llama-3.3-70b-versatile
146187,difference between a mcdouble and a double cheeseburger,"fact between another jj , another triple cheeseburgers",0.6,"The obfuscated text still contains the key words 'between', 'another', and 'triple cheeseburgers' which are related to the original text, but the context and some words are changed, indicating some information leakage.",llama-3.3-70b-versatile
146187,difference between a mcdouble and a double cheeseburger,putting both another multi-man both a double cheeseburger,0.4,"The obfuscated text still contains the key words 'double cheeseburger' which is present in the original text, indicating some information leakage. However, the context and other words are changed, reducing the leakage. Therefore, a moderate score of 0.4 is assigned.",llama-3.3-70b-versatile
146187,difference between a mcdouble and a double cheeseburger,importantly two a wmf both another double cheeseburgers,0.6,"The obfuscated text still contains the key words 'double cheeseburgers' which is similar to the original text 'double cheeseburger', indicating some information leakage",llama-3.3-70b-versatile
146187,difference between a mcdouble and a double cheeseburger,fact both another doubled both another triple cheeseburgers,0.6,"The obfuscated text still contains the key words 'double cheeseburgers' and 'triple cheeseburgers' which are related to the original text, indicating some information leakage.",llama-3.3-70b-versatile
148538,difference between rn and bsn,"fact between 57 , bankamericard",0.2,"The obfuscated text has changed the original words to unrelated words, but the word 'between' remains the same, indicating some information leakage. However, the context and meaning of the original text are completely lost.",llama-3.3-70b-versatile
148538,difference between rn and bsn,"maybe both nymkt , posbank",0.4,"The obfuscated text 'maybe both nymkt , posbank' does not clearly convey the original meaning of 'difference between rn and bsn', but some words like 'both' might hint at a comparison, thus a moderate score of information leakage is assigned.",llama-3.3-70b-versatile
148538,difference between rn and bsn,difference between rn both supt,0.4,"The obfuscated text still contains the word 'difference' and 'between' which are present in the original text, indicating some information leakage. However, the words 'rn' and 'bsn' have been replaced with 'rn' and 'both' and 'supt' which reduces the information leakage. Therefore, a score of 0.4 is assigned.",llama-3.3-70b-versatile
148538,difference between rn and bsn,"difference both 61 , seafirst",0.4,"The obfuscated text 'difference both 61 , seafirst' still contains the word 'difference' and 'both' which are present in the original text 'difference between rn and bsn', indicating some information leakage. However, the words 'rn' and 'bsn' are replaced with '61' and 'seafirst' which are unrelated, reducing the information leakage. Therefore, a score of 0.4 is assigned.",llama-3.3-70b-versatile
148538,difference between rn and bsn,fact both 63 while nabuco,0.6,"The obfuscated text 'fact both 63 while nabuco' does not closely resemble the original text 'difference between rn and bsn', indicating significant information leakage. However, some words are similar, suggesting a partial leakage.",llama-3.3-70b-versatile
148538,difference between rn and bsn,fact between 49 and posbank,0.2,"The obfuscated text 'fact between 49 and posbank' still conveys the idea of a comparison, but the original terms 'rn' and 'bsn' are replaced with numbers and unrelated words, reducing information leakage significantly.",llama-3.3-70b-versatile
148538,difference between rn and bsn,difference between rn well bb94,0.4,"The obfuscated text 'difference between rn well bb94' still contains the word 'difference' and 'between' which are present in the original text, but 'rn' is present instead of a clear reference to 'rn' as in 'registered nurse', and 'well' and 'bb94' seem unrelated to the original text 'bsn' as in 'bachelor of science in nursing'. The score is 0.4 because some of the original words are preserved, but their context and related terms are not.",llama-3.3-70b-versatile
148538,difference between rn and bsn,fact between 78 when bsn,0.6,"The obfuscated text still contains the word 'between' and 'bsn' which are present in the original text, indicating some information leakage",llama-3.3-70b-versatile
148538,difference between rn and bsn,reason respectively 61 both pnb,0.4,"The obfuscated text 'reason respectively 61 both pnb' has some similarity with the original text 'difference between rn and bsn' but with significant changes, including different words and numbers, indicating moderate information leakage.",llama-3.3-70b-versatile
148538,difference between rn and bsn,example both 55 both bsn,0.4,"The obfuscated text still contains the word 'bsn' which is present in the original text, indicating some information leakage",llama-3.3-70b-versatile
156493,do goldfish grow,n't goldfish grown,0.6,"The obfuscated text 'n't goldfish grown' still contains the word 'goldfish', which is a key piece of information from the original text 'do goldfish grow'. However, the verb 'grow' has been changed to 'grown' and a negation 'n't' has been added, which alters the meaning of the sentence. Considering this, the score should be around 0.6, indicating moderate information leakage.",llama-3.3-70b-versatile
156493,do goldfish grow,ca mmmals grown,0.4,"The obfuscated text 'ca mmmals grown' still conveys some information about the original text 'do goldfish grow', such as the general topic of growth, but the specifics are obscured, so the score is 0.4",llama-3.3-70b-versatile
156493,do goldfish grow,n't goldfish grow,0.9,"The obfuscated text 'n't goldfish grow' is very similar to the original text 'do goldfish grow', with only a small difference in the first word, indicating a high level of information leakage.",llama-3.3-70b-versatile
156493,do goldfish grow,n't incidentally grow,0.2,"The obfuscated text 'n't incidentally grow' still conveys some information about the original text 'do goldfish grow' as it contains the word 'grow', but the subject 'goldfish' is completely removed and replaced with 'incidentally', which is not related to the original subject, thus reducing the information leakage. The word 'n't' is also added, which changes the meaning of the sentence. Therefore, the score is 0.2.",llama-3.3-70b-versatile
156493,do goldfish grow,do oly-2004-weightlifting grows,0.4,"The obfuscated text 'do oly-2004-weightlifting grows' has some similarity to the original text 'do goldfish grow', but it has been significantly altered with the addition of 'oly-2004-weightlifting', which is unrelated to the original text. However, the structure and some keywords like 'do' and 'grow' are still present, indicating some information leakage.",llama-3.3-70b-versatile
156493,do goldfish grow,n't pooch grow,0.2,"The obfuscated text 'n't pooch grow' has some similarity to the original text 'do goldfish grow' in terms of the word 'grow', but the subject 'goldfish' has been completely replaced with 'pooch', indicating significant information leakage reduction. However, the word 'grow' remains, which still conveys some information about the original text.",llama-3.3-70b-versatile
156493,do goldfish grow,n't pooch grown,0.2,"The obfuscated text 'n't pooch grown' has some similarity to the original text 'do goldfish grow' in terms of the word 'grow' and 'grown', but the subject 'goldfish' is completely replaced with 'pooch', indicating a significant reduction in information leakage. However, the word 'grow' and 'grown' still conveys some information about the original text.",llama-3.3-70b-versatile
156493,do goldfish grow,n't oddball grown,0.4,"The obfuscated text 'n't oddball grown' has some similarity to the original text 'do goldfish grow' but with significant changes, including the use of 'n't' instead of 'do', 'oddball' instead of 'goldfish', and 'grown' instead of 'grow'. This suggests a moderate level of information leakage, but the changes are substantial enough to reduce the leakage. Therefore, the score is 0.4.",llama-3.3-70b-versatile
156493,do goldfish grow,n't goldfish grown,0.7,"The obfuscated text 'n't goldfish grown' still contains the word 'goldfish' which is present in the original text, indicating significant information leakage. However, the word 'do' is replaced with 'n't' and 'grow' is replaced with 'grown', which reduces the information leakage to some extent.",llama-3.3-70b-versatile
156493,do goldfish grow,do .0208 grow,0.1,"The obfuscated text 'do .0208 grow' has very little resemblance to the original text 'do goldfish grow', indicating a low information leakage score of 0.1",llama-3.3-70b-versatile
168216,does legionella pneumophila cause pneumonia,does pneumophila pneumophila causing infection,0.7,"The obfuscated text still contains the name of the bacteria, pneumophila, which is a key piece of information from the original text, indicating a significant information leakage.",llama-3.3-70b-versatile
168216,does legionella pneumophila cause pneumonia,does bordetella aída cause complications,0.4,"The obfuscated text still contains the word 'cause', which is present in the original text, and 'complications' is related to 'pneumonia'. However, 'bordetella' is a different bacterium from 'legionella pneumophila', which reduces the information leakage. The score is 0.4 because some information is preserved, but the main subject is changed.",llama-3.3-70b-versatile
168216,does legionella pneumophila cause pneumonia,if pneumophila donovani causes atypical,0.4,"The obfuscated text still contains the word 'pneumophila' which is a key term in the original text, indicating some information leakage. However, the context and other terms have been altered, reducing the leakage. The score is 0.4, reflecting a moderate level of information leakage.",llama-3.3-70b-versatile
168216,does legionella pneumophila cause pneumonia,n't pneumophila str94 causes respiratory,0.4,"The obfuscated text still contains the word 'pneumophila' which is a key term in the original text, indicating some information leakage. However, the context and other terms have been altered, reducing the leakage.",llama-3.3-70b-versatile
168216,does legionella pneumophila cause pneumonia,if vibrio http://www.opel.com causes pneumonia,0.4,"The obfuscated text still contains the word 'pneumonia' which is present in the original text, but the bacteria name has been changed to 'vibrio' and a URL has been added, indicating some information leakage, but not complete.",llama-3.3-70b-versatile
168216,does legionella pneumophila cause pneumonia,comes pneumophila pneumophila cause pneumonia,0.8,"The obfuscated text still contains the word 'pneumophila' and 'pneumonia', which are key terms in the original text, indicating significant information leakage.",llama-3.3-70b-versatile
168216,does legionella pneumophila cause pneumonia,if pneumophila kervin causes pneumonia,0.7,"The obfuscated text still contains the word 'pneumophila' and 'pneumonia', which are key terms in the original text, indicating a significant information leakage.",llama-3.3-70b-versatile
168216,does legionella pneumophila cause pneumonia,not pneumophila bluhnt causes pneumonia,0.7,"The obfuscated text still contains the word 'pneumophila' and 'pneumonia', which are key terms in the original text, indicating a significant information leakage.",llama-3.3-70b-versatile
168216,does legionella pneumophila cause pneumonia,if pneumophila pneumophila causes pneumonia,0.8,"The obfuscated text still contains the key terms 'pneumophila' and 'pneumonia', which are present in the original text, indicating significant information leakage.",llama-3.3-70b-versatile
168216,does legionella pneumophila cause pneumonia,thinks legionella pneumophila cause pneumonia,0.8,"The obfuscated text still contains the original keywords 'legionella pneumophila' and 'pneumonia', indicating significant information leakage.",llama-3.3-70b-versatile
182539,example of monotonic function,example even oly-2004-tennis function,0.4,"The obfuscated text still contains the word 'example' and 'function' which are present in the original text, indicating some information leakage. However, the word 'monotonic' has been replaced with 'even', and 'oly-2004-tennis' has been added, which reduces the information leakage. Therefore, a score of 0.4 is assigned.",llama-3.3-70b-versatile
182539,example of monotonic function,instance of monotonic functions,0.9,"The obfuscated text is very similar to the original text, with only a slight modification from 'example' to 'instance' and 'function' to 'functions', indicating a high level of information leakage.",llama-3.3-70b-versatile
182539,example of monotonic function,instance of mmmals functions,0.4,"The obfuscated text 'instance of mmmals functions' has some similarity to the original text 'example of monotonic function', but with significant changes, such as 'mmmals' instead of 'monotonic', indicating moderate information leakage.",llama-3.3-70b-versatile
182539,example of monotonic function,example one monotonic functions,0.9,"The obfuscated text is very similar to the original text, with only minor changes, such as replacing 'of' with 'one' and adding an 's' to 'function', indicating a high level of information leakage.",llama-3.3-70b-versatile
182539,example of monotonic function,instance part conversely function,0.4,"The obfuscated text 'instance part conversely function' has some similarity with the original text 'example of monotonic function' but with significant changes, indicating moderate information leakage.",llama-3.3-70b-versatile
182539,example of monotonic function,instance of cyanopepla functions,0.4,"The obfuscated text 'instance of cyanopepla functions' has some similarity to the original text 'example of monotonic function' but with significant changes, including the replacement of 'example' with 'instance', 'monotonic' with 'cyanopepla', and the addition of 'functions' instead of 'function'. This suggests a moderate level of information leakage, as some of the original meaning is preserved but with notable alterations.",llama-3.3-70b-versatile
182539,example of monotonic function,example of monotonic functions,0.9,"The obfuscated text is almost identical to the original text, with only a minor difference in the plural form of 'function'.",llama-3.3-70b-versatile
182539,example of monotonic function,instance the monotonic functions,0.9,"The obfuscated text is very similar to the original text, with only minor changes, so the information leakage is high",llama-3.3-70b-versatile
182539,example of monotonic function,instance creation monotonic functions,0.9,"The obfuscated text is very similar to the original text, with only minor changes, so the information leakage is high",llama-3.3-70b-versatile
182539,example of monotonic function,instance of monotonic functions,0.9,"The obfuscated text is very similar to the original text, with only minor changes, indicating a high level of information leakage.",llama-3.3-70b-versatile
183378,exons definition biology,exons defines biochemistry,0.6,"The obfuscated text 'exons defines biochemistry' still contains the key term 'exons' from the original text 'exons definition biology', but changes 'definition' to 'defines' and 'biology' to 'biochemistry'. This suggests some information leakage, as the main subject 'exons' is preserved, but the context and specifics are altered. Given this, a moderate level of information leakage is present.",llama-3.3-70b-versatile
183378,exons definition biology,introns defines biology,0.6,"The obfuscated text 'introns defines biology' has changed the term 'exons' to 'introns' and 'definition' to 'defines', and also changed 'biochemistry' to 'biology', which indicates a significant information leakage, but not complete. The score is 0.6 because some information is still present, but the changes have altered the meaning of the text.",llama-3.3-70b-versatile
183378,exons definition biology,introns definitions biochemistry,0.6,"The obfuscated text has changed 'exons' to 'introns' and 'definition' to 'definitions', and 'biology' to 'biochemistry', indicating a significant change in meaning, but still related to biological concepts, so the score is 0.6",llama-3.3-70b-versatile
183378,exons definition biology,operons defined biochemistry,0.4,"The obfuscated text 'operons defined biochemistry' has some similarity to the original text 'exons definition biology', but with significant changes, including the replacement of 'exons' with 'operons' and 'definition' with 'defined', and 'biology' with 'biochemistry'. This suggests a moderate level of information leakage.",llama-3.3-70b-versatile
183378,exons definition biology,introns definition biochemistry,0.6,"The obfuscated text 'introns definition biochemistry' has some similarity to the original text 'exons definition biology', but with changes in the key terms 'exons' to 'introns' and 'biology' to 'biochemistry', indicating a moderate level of information leakage.",llama-3.3-70b-versatile
183378,exons definition biology,introns definitions biochemistry,0.4,"The obfuscated text 'introns definitions biochemistry' has some similarity to the original text 'exons definition biology', but with significant changes in the key terms, indicating moderate information leakage.",llama-3.3-70b-versatile
183378,exons definition biology,introns defined biology,0.4,"The obfuscated text 'introns defined biology' has some similarity to the original text 'exons definition biology', but with changes in the key terms 'exons' to 'introns' and 'defined' instead of 'definition', indicating a moderate level of information leakage",llama-3.3-70b-versatile
183378,exons definition biology,operons definition biochemistry,0.2,"The obfuscated text 'operons definition biochemistry' has changed the term 'exons' to 'operons' and 'biology' to 'biochemistry', indicating a significant change in meaning, thus the score is 0.2",llama-3.3-70b-versatile
183378,exons definition biology,encodes defined biology,0.4,"The obfuscated text 'encodes defined biology' has some similarity to the original text 'exons definition biology' but with significant changes, indicating moderate information leakage.",llama-3.3-70b-versatile
183378,exons definition biology,introns defined biochemistry,0.4,"The obfuscated text 'introns defined biochemistry' has some similarity to the original text 'exons definition biology', but with significant changes, indicating moderate information leakage.",llama-3.3-70b-versatile
207786,how are some sharks warm blooded,how are some shark cool heartless,0.6,"The obfuscated text has changed 'sharks' to 'shark' and 'warm blooded' to 'cool heartless', which alters the meaning of the original text, but still conveys some information about sharks, thus the score is 0.6",llama-3.3-70b-versatile
207786,how are some sharks warm blooded,so these few penguins warm blooded,0.7,"The obfuscated text has changed the subject from sharks to penguins and also changed the adjective from cool heartless to warm blooded, which indicates a significant information leakage, but not complete as the topic of warm bloodedness is still present",llama-3.3-70b-versatile
207786,how are some sharks warm blooded,why those many shark warm cold-blooded,0.4,"The obfuscated text still contains the word 'shark' and mentions temperature regulation, but changes 'warm blooded' to 'warm cold-blooded', which is a contradictory and nonsensical phrase, indicating significant information leakage reduction.",llama-3.3-70b-versatile
207786,how are some sharks warm blooded,why ones few sharks cool heartless,0.2,"The obfuscated text has changed the subject from 'sharks' to 'penguins' and the adjective from 'warm blooded' to 'warm blooded', but the original meaning is completely different, so the score should be low",llama-3.3-70b-versatile
207786,how are some sharks warm blooded,how these many sharks cool blooded,0.6,"The obfuscated text still contains the word 'sharks' and 'cool blooded' which is similar to 'warm blooded', indicating some information leakage",llama-3.3-70b-versatile
207786,how are some sharks warm blooded,why these some sharks cool blooded,0.6,"The obfuscated text still contains the word 'sharks' and 'cool blooded' which is related to the original text, but the meaning is altered, indicating some information leakage.",llama-3.3-70b-versatile
207786,how are some sharks warm blooded,what these many shark warm heartless,0.6,"The obfuscated text has changed the word 'are' to 'these', 'sharks' to 'shark', and 'warm blooded' to 'warm heartless', indicating a moderate level of information leakage",llama-3.3-70b-versatile
207786,how are some sharks warm blooded,how are many stingrays cool cold-blooded,0.4,"The obfuscated text still contains some similar words and structure to the original text, but with significant changes, indicating moderate information leakage",llama-3.3-70b-versatile
207786,how are some sharks warm blooded,what these many coyotes cool cold-blooded,0.2,"The obfuscated text has changed the subject from sharks to coyotes and also changed the description from warm blooded to cool cold-blooded, indicating significant information leakage reduction",llama-3.3-70b-versatile
207786,how are some sharks warm blooded,what these many panthers warmth cold-blooded,0.2,"The obfuscated text has changed the subject from sharks to panthers and also changed the description from warm blooded to warmth cold-blooded, indicating significant information leakage reduction",llama-3.3-70b-versatile
1133167,how is the weather in jamaica,what now of conditions addition barbados,0.3,"The obfuscated text does not reveal any direct information about the original text, but it contains a similar geographical location (Barbados is near Jamaica) which may indicate some information leakage. However, the words and structure are significantly different, indicating a low to moderate level of information leakage.",llama-3.3-70b-versatile
1133167,how is the weather in jamaica,what is of inclement in jamaica,0.7,"The obfuscated text still contains the location 'jamaica' and a word related to weather conditions 'inclement', which is similar to the original text. However, the phrase 'what is of' is quite different from 'how is the', and 'inclement' is not exactly the same as 'weather'. Therefore, the score should be between 0 and 1, indicating some information leakage.",llama-3.3-70b-versatile
1133167,how is the weather in jamaica,how now this conditions in barbados,0.4,"The obfuscated text still contains the same question structure and a similar location, indicating some information leakage, but the location has been changed to barbados, reducing the leakage",llama-3.3-70b-versatile
1133167,how is the weather in jamaica,how which of conditions instance jamaica,0.6,"The obfuscated text still contains the name of the location 'jamaica' and a word related to weather conditions, indicating some information leakage.",llama-3.3-70b-versatile
1133167,how is the weather in jamaica,understand is the inclement where jamaica,0.7,"The obfuscated text still contains the location 'jamaica' and a word related to weather 'inclement', which is similar to the original text, indicating a significant information leakage.",llama-3.3-70b-versatile
1133167,how is the weather in jamaica,how considered which weather first jamaica,0.8,"The obfuscated text still contains the key words 'how', 'weather', and 'jamaica', which are present in the original text, indicating significant information leakage.",llama-3.3-70b-versatile
1133167,how is the weather in jamaica,how appears of inclement in barbados,0.6,"The obfuscated text still contains the word 'inclement' which is related to weather and the location 'barbados' which is similar to 'jamaica', indicating some information leakage",llama-3.3-70b-versatile
1133167,how is the weather in jamaica,what now the weather in jamaica,0.8,"The obfuscated text 'what now the weather in jamaica' is very similar to the original text 'how is the weather in jamaica', with only a few words changed, indicating a high level of information leakage.",llama-3.3-70b-versatile
1133167,how is the weather in jamaica,how now prohertrib weather first barbados,0.8,"The obfuscated text 'what now the weather in jamaica' has similar wording and structure to the original text 'how is the weather in jamaica', with only minor changes in wording, indicating a high level of information leakage.",llama-3.3-70b-versatile
1133167,how is the weather in jamaica,how is which inclement first barbados,0.6,"The obfuscated text has similar structure and some of the same words as the original text, but with some words changed or replaced, indicating partial information leakage.",llama-3.3-70b-versatile
264014,how long is life cycle of flea,how but now lives cycles the flicker,0.6,"The obfuscated text still contains some of the original words, such as 'how' and 'lives' and 'cycles', which indicates some information leakage. However, the meaning of the sentence has been altered, and some words have been replaced or rearranged, which reduces the information leakage. Therefore, the score is 0.6.",llama-3.3-70b-versatile
264014,how long is life cycle of flea,why short now lives cycles of mangxamba,0.4,"The obfuscated text 'why short now lives cycles of mangxamba' has some similarity to the original text 'how long is life cycle of flea' in terms of word order and structure, but the meaning is altered and some words are replaced, indicating partial information leakage.",llama-3.3-70b-versatile
264014,how long is life cycle of flea,how years is life cycles part http://www.opel.com,0.4,"The obfuscated text still contains some of the original keywords such as 'how', 'life', and 'cycles', but the context and meaning have been altered, indicating partial information leakage.",llama-3.3-70b-versatile
264014,how long is life cycle of flea,what long now even cycles the mangxamba,0.4,"The obfuscated text still contains some similar words and structure to the original text, but with significant changes, indicating moderate information leakage.",llama-3.3-70b-versatile
264014,how long is life cycle of flea,what long comes lives cycles the http://www.nifc.gov/,0.4,"The obfuscated text still contains some relevant keywords like 'long' and 'cycles' which are present in the original text, but the context and other words have been changed, indicating some information leakage. However, the addition of 'http://www.nifc.gov/' seems unrelated to the original text, and 'what' and 'comes' and 'lives' are not in the same context as the original text, thus the score is 0.4",llama-3.3-70b-versatile
264014,how long is life cycle of flea,why long is lives cycles the gahsh,0.4,"The obfuscated text still contains some similar words and structure to the original text, but with significant changes, indicating moderate information leakage.",llama-3.3-70b-versatile
264014,how long is life cycle of flea,what but comes life cycles the prohertrib,0.4,"The obfuscated text still contains some similar words and structure to the original text, but with significant changes, indicating moderate information leakage.",llama-3.3-70b-versatile
264014,how long is life cycle of flea,learned long now life cycles the mmmals,0.4,"The obfuscated text still contains some similar words to the original text, such as 'long' and 'life cycles', but the meaning is altered and some words are replaced with nonsensical words, indicating a moderate level of information leakage.",llama-3.3-70b-versatile
264014,how long is life cycle of flea,"what short is , cycles the vermin",0.4,"The obfuscated text still contains some words related to the original text, such as 'cycles', but the meaning and context are altered, indicating some information leakage.",llama-3.3-70b-versatile
264014,how long is life cycle of flea,why longer now life cycles the flea,0.8,"The obfuscated text still contains the word 'flea' and 'life cycles', which are key components of the original text, indicating significant information leakage.",llama-3.3-70b-versatile
359349,how to find the midsegment of a trapezoid,how would find which polesworth of a geraniol,0.1,"The obfuscated text has completely different words and does not convey the same meaning as the original text, indicating very little information leakage.",llama-3.3-70b-versatile
359349,how to find the midsegment of a trapezoid,what would find the waiting the a trapezoid,0.4,"The obfuscated text still contains the word 'trapezoid' which is present in the original text, indicating some information leakage. However, the context and other words have been changed, reducing the leakage. Therefore, a score of 0.4 is assigned.",llama-3.3-70b-versatile
359349,how to find the midsegment of a trapezoid,actually take so latter toledo the another sencion,0.1,"The obfuscated text does not retain any meaningful information from the original text, indicating a low information leakage score.",llama-3.3-70b-versatile
359349,how to find the midsegment of a trapezoid,what give finding which customizing of another trapezoid,0.4,"The obfuscated text still contains the word 'trapezoid' which is present in the original text, indicating some information leakage. However, the context and other words have been changed, reducing the leakage. The score is set to 0.4 to reflect this partial leakage.",llama-3.3-70b-versatile
359349,how to find the midsegment of a trapezoid,what would able entire divert of another +.14,0.2,"The obfuscated text still contains the word 'trapezoid' which is present in the original text, but other key words are changed or missing, indicating some information leakage.",llama-3.3-70b-versatile
359349,how to find the midsegment of a trapezoid,how tried hoping came vestiges besides a trapezoid,0.4,"The obfuscated text still contains the word 'trapezoid' which is present in the original text, indicating some information leakage, but the context and other words are changed, so the leakage is not complete.",llama-3.3-70b-versatile
359349,how to find the midsegment of a trapezoid,what able find supposed advent of another micropentila,0.4,"The obfuscated text still contains the word 'trapezoid' which is present in the original text, but other key words are changed or missing, indicating some information leakage.",llama-3.3-70b-versatile
359349,how to find the midsegment of a trapezoid,what to find this 1967-68 part another trapezoid,0.4,"The obfuscated text still contains the word 'trapezoid' which is present in the original text, indicating some information leakage, but the context and other words are changed, so the leakage is not complete.",llama-3.3-70b-versatile
359349,how to find the midsegment of a trapezoid,what help finding same appendices of a hoshihananomia,0.2,"The obfuscated text still contains the word 'trapezoid' which is present in the original text, but other key words are changed or missing, indicating some information leakage.",llama-3.3-70b-versatile
359349,how to find the midsegment of a trapezoid,what help find came represents the a trapezoidal,0.8,"The obfuscated text still contains the word 'trapezoidal', which is closely related to the original text 'trapezoid', indicating a significant information leakage.",llama-3.3-70b-versatile
1129237,hydrogen is a liquid below what temperature,peroxide is another liquids above know temperatures,0.2,"The obfuscated text does not reveal the original information about hydrogen, but it does mention a different substance and a vague reference to temperature, which is not directly related to the original text. The score is 0.2 because the obfuscated text does not provide any direct information about the original text, but it does mention a related concept (temperature) in a vague way.",llama-3.3-70b-versatile
1129237,hydrogen is a liquid below what temperature,helium comes another liquids above why temperatures,0.4,"The obfuscated text does not reveal the original information about hydrogen, but it still mentions a temperature-related concept, indicating some level of information leakage.",llama-3.3-70b-versatile
1129237,hydrogen is a liquid below what temperature,hydrogen is another liquid above what temperatures,0.7,"The obfuscated text still contains the word 'hydrogen' and the phrase 'above what temperatures', which is similar to the original text 'hydrogen is a liquid below what temperature'. This suggests a significant amount of information leakage, but not complete, as the word 'liquid' is replaced with 'liquid' and 'below' is replaced with 'above'.",llama-3.3-70b-versatile
1129237,hydrogen is a liquid below what temperature,peroxide this a mixture above what temperature,0.4,"The obfuscated text still contains the key phrase 'above what temperature', which is similar to the original text 'below what temperature'. However, the main subject 'hydrogen' is replaced with 'peroxide' and the state 'liquid' is replaced with 'mixture'. This indicates some information leakage, but not complete. The score is 0.4 because the obfuscated text still conveys some information about the original text, but with significant changes.",llama-3.3-70b-versatile
1129237,hydrogen is a liquid below what temperature,peroxide this a liquids above nothing temperatures,0.6,"The obfuscated text has changed 'hydrogen' to 'peroxide', 'liquid' to 'liquids', and 'what' to 'nothing', indicating significant information leakage, but some key words like 'above' and 'temperatures' remain, so the score is 0.6",llama-3.3-70b-versatile
1129237,hydrogen is a liquid below what temperature,helium now another liquids below just temperature,0.4,"The obfuscated text still conveys the idea of a substance and its state at a certain temperature, but with significant changes in the specific substance and details, indicating moderate information leakage.",llama-3.3-70b-versatile
1129237,hydrogen is a liquid below what temperature,helium example a mixture below why temperature,0.6,"The obfuscated text still conveys the idea of a substance and its state below a certain temperature, but changes the substance from 'hydrogen' to 'helium' and the descriptor from 'liquid' to 'mixture', and changes 'what' to 'why', indicating some information leakage, but not complete.",llama-3.3-70b-versatile
1129237,hydrogen is a liquid below what temperature,hydrogen is a liquids above what temperatures,0.7,"The obfuscated text still contains the original keyword 'hydrogen' and the word 'liquid' which is similar to 'liquids', indicating a high level of information leakage. However, the temperature condition has been altered from 'below' to 'above', which reduces the leakage slightly.",llama-3.3-70b-versatile
1129237,hydrogen is a liquid below what temperature,peroxide though another liquid above yet temperatures,0.6,"The obfuscated text still contains the word 'hydrogen' and the phrase 'above what temperatures', which is similar to the original text. However, the word 'is a liquid' has been changed to 'is a liquids', and 'below' has been changed to 'above', which reduces the information leakage. The score is 0.6 because the obfuscated text still reveals some information about the original text, but with significant changes.",llama-3.3-70b-versatile
1129237,hydrogen is a liquid below what temperature,hydrogen it another liquid below actually temperature,0.8,"The obfuscated text still contains the word 'hydrogen' and 'liquid' and 'below' and 'temperature', which are key elements of the original text, indicating significant information leakage.",llama-3.3-70b-versatile
405717,is cdg airport in main paris,now lpo04 airport the one prohertrib,0.4,"The obfuscated text still contains the word 'airport' which is present in the original text, and the word 'now' does not add any significant obfuscation. However, 'lpo04' and 'prohertrib' do not clearly correspond to 'cdg' and 'paris' or 'main', indicating some level of obfuscation. The score is 0.4 because about 40% of the original information is still discernible.",llama-3.3-70b-versatile
405717,is cdg airport in main paris,example -8.00 airport instance main prohertrib,0.4,"The obfuscated text still contains the word 'airport' and 'main' which are present in the original text, indicating some information leakage. However, the context and other words have been changed, reducing the leakage. The score is 0.4, indicating moderate information leakage.",llama-3.3-70b-versatile
405717,is cdg airport in main paris,is cdg airports the major prohertrib,0.7,"The obfuscated text 'is cdg airports the major prohertrib' still contains the original airport code 'cdg' and the word 'airports', which is similar to the original text 'is cdg airport in main paris'. This suggests a significant amount of information leakage. However, the word 'paris' is replaced with 'prohertrib', which reduces the leakage. Considering these factors, a score of 0.7 is assigned.",llama-3.3-70b-versatile
405717,is cdg airport in main paris,this fahnt logan since main prohertrib,0.4,"The obfuscated text still contains the word 'main' and 'prohertrib' which are present in the original text, but the airport name 'cdg' is replaced with 'fahnt logan', indicating some information leakage. However, the context of the sentence is still somewhat preserved, hence a moderate score of 0.4 is given.",llama-3.3-70b-versatile
405717,is cdg airport in main paris,now jukić airports in part paris,0.4,"The obfuscated text still contains the word 'airports' and 'paris', which are present in the original text, indicating some information leakage. However, the name of the airport 'cdg' is replaced with 'jukić', which reduces the information leakage. Therefore, the score is 0.4.",llama-3.3-70b-versatile
405717,is cdg airport in main paris,is 24aou94 airports where principal prohertrib,0.4,"The obfuscated text 'is 24aou94 airports where principal prohertrib' has some similarities with the original text 'is cdg airport in main paris', but the airport code and location have been changed, indicating some information leakage. However, the changes make it difficult to determine the exact original text, thus the score is 0.4",llama-3.3-70b-versatile
405717,is cdg airport in main paris,now ayts airports where key prohertrib,0.4,"The obfuscated text still contains the word 'airports' and 'prohertrib' which is similar to 'paris', indicating some information leakage, but the original text 'cdg airport in main paris' is not fully preserved, hence a score of 0.4",llama-3.3-70b-versatile
405717,is cdg airport in main paris,comes -8.00 airport in main paris,0.7,"The obfuscated text still contains the key information 'airport' and 'main paris', which are present in the original text, indicating significant information leakage.",llama-3.3-70b-versatile
405717,is cdg airport in main paris,is -8.00 airport which main paris,0.4,"The obfuscated text still contains the key information about the location of the airport, which is 'main paris', but the airport name is completely changed to '-8.00', indicating significant information leakage reduction. However, the context and some keywords remain the same, so it's not complete information leakage reduction.",llama-3.3-70b-versatile
405717,is cdg airport in main paris,now -8.00 airport the the prohertrib,0.6,"The obfuscated text still contains the word 'airport' and 'paris' which are present in the original text, but the airport code '-8.00' does not match the original text 'cdg', thus the information leakage is partial",llama-3.3-70b-versatile
443396,lps laws definition,lps law definition,0.9,"The obfuscated text 'lps law definition' is very similar to the original text 'lps laws definition', with only a minor change from 'laws' to 'law', indicating a high level of information leakage.",llama-3.3-70b-versatile
443396,lps laws definition,lps law definition,0.9,"The obfuscated text 'lps law definition' is very similar to the original text 'lps laws definition', with only a minor change from 'laws' to 'law', indicating a high level of information leakage.",llama-3.3-70b-versatile
443396,lps laws definition,lps regulations definition,0.7,"The obfuscated text 'lps regulations definition' is similar to the original text 'lps laws definition', but replaces 'laws' with 'regulations', which is a related concept. This suggests some information leakage, but not complete, as the meaning is still somewhat preserved. The score is 0.7.",llama-3.3-70b-versatile
443396,lps laws definition,lps laws definition,0.9,"The obfuscated text 'lps laws definition' is very similar to the original text 'lps laws definition', with only minor changes, indicating a high level of information leakage.",llama-3.3-70b-versatile
443396,lps laws definition,45s regulations defined,0.6,"The obfuscated text '45s regulations defined' has changed the original term 'lps laws definition' significantly, but still conveys a similar concept of laws and definitions, thus the score is 0.6",llama-3.3-70b-versatile
443396,lps laws definition,lps regulations definition,0.8,"The obfuscated text 'lps regulations definition' is very similar to the original text 'lps laws definition', with only a slight change from 'laws' to 'regulations', which is a synonym. This suggests a high level of information leakage, but not complete, as the meaning is preserved but the exact wording is changed.",llama-3.3-70b-versatile
443396,lps laws definition,lps law defined,0.9,"The obfuscated text 'lps law defined' is very similar to the original text 'lps laws definition', with only a slight modification in the word 'laws' to 'law' and 'definition' to 'defined', indicating a high level of information leakage.",llama-3.3-70b-versatile
443396,lps laws definition,lps regulations defined,0.9,"The obfuscated text 'lps regulations defined' is very similar to the original text 'lps laws definition', with only minor changes in wording, indicating a high level of information leakage.",llama-3.3-70b-versatile
443396,lps laws definition,lps laws defined,0.9,"The obfuscated text 'lps laws defined' is very similar to the original text 'lps laws definition', with only a slight modification from 'definition' to 'defined', indicating a high level of information leakage.",llama-3.3-70b-versatile
443396,lps laws definition,lps laws defined,0.9,"The obfuscated text 'lps laws defined' is very similar to the original text 'lps laws definition', with only a slight modification from 'definition' to 'defined', indicating a high level of information leakage.",llama-3.3-70b-versatile
451602,medicare's definition of mechanical ventilation,herbe definitions bringing mechanical conditioning,0.4,"The obfuscated text still contains the key phrase 'mechanical', which is a crucial part of the original text. However, other important words like 'medicare' and 'ventilation' are not present or are obfuscated, indicating some level of information protection. The score of 0.4 reflects a moderate level of information leakage, as some key information is still discernible but the context and specifics are obscured.",llama-3.3-70b-versatile
451602,medicare's definition of mechanical ventilation,restoring definition the consequence ventilating,0.6,"The obfuscated text 'restoring definition the consequence ventilating' still conveys the core concept of mechanical ventilation, but with some ambiguity and lack of specificity, thus the score is 0.6",llama-3.3-70b-versatile
451602,medicare's definition of mechanical ventilation,haller definition the mechanical ventilators,0.8,"The obfuscated text 'haller definition the mechanical ventilators' still contains the key phrases 'definition', 'mechanical', and 'ventilators' which are closely related to the original text 'medicare's definition of mechanical ventilation'. This suggests a significant amount of information leakage, but not complete as some words are changed or missing. Therefore, the score is 0.8.",llama-3.3-70b-versatile
451602,medicare's definition of mechanical ventilation,2013 defined the hydraulic ventilation,0.4,"The obfuscated text '2013 defined the hydraulic ventilation' still contains the core concept of 'ventilation' and 'definition', but changes 'mechanical' to 'hydraulic' and adds the year '2013', which reduces the information leakage. However, the key terms are still somewhat preserved, so the score is not 0.",llama-3.3-70b-versatile
451602,medicare's definition of mechanical ventilation,amoretti defined of electrical ventilation,0.4,"The obfuscated text 'amoretti defined of electrical ventilation' does not closely match the original text 'medicare's definition of mechanical ventilation'. However, it does contain the word 'ventilation' and the concept of definition, but the context and specifics are altered, indicating some information leakage. The score is 0.4 because it retains some relevant keywords but changes the context and specifics.",llama-3.3-70b-versatile
451602,medicare's definition of mechanical ventilation,appetising defined the mechanical ventilation,0.8,"The obfuscated text 'appetising defined the mechanical ventilation' still contains the key phrase 'mechanical ventilation' which is present in the original text, indicating a high level of information leakage.",llama-3.3-70b-versatile
451602,medicare's definition of mechanical ventilation,remainder defined bringing engineering conditioning,0.4,"The obfuscated text 'remainder defined bringing engineering conditioning' has some similar words to the original text, but the meaning is not preserved. The word 'remainder' is unrelated to 'medicare', 'defined' is similar to 'definition', 'bringing' is similar to 'definition of', 'engineering' is similar to 'mechanical', and 'conditioning' is similar to 'ventilation'. However, the overall meaning is not the same, so the information leakage is moderate.",llama-3.3-70b-versatile
451602,medicare's definition of mechanical ventilation,377 defined of electrical air-conditioning,0.2,"The obfuscated text '377 defined of electrical air-conditioning' does not closely match the original text 'medicare's definition of mechanical ventilation'. However, it does contain the word 'defined' and 'air-conditioning' which is somewhat related to 'ventilation', but the context and meaning are different. The score is 0.2 because some related words are present, but the overall meaning is not preserved.",llama-3.3-70b-versatile
451602,medicare's definition of mechanical ventilation,98-percent defines the electrical hvac,0.6,"The obfuscated text '98-percent defines the electrical hvac' still contains the core concept of 'electrical' and 'hvac' which is related to the original text 'medicare's definition of mechanical ventilation'. However, the context and specific details have been altered, indicating some information leakage. The score is 0.6 because it partially preserves the original meaning.",llama-3.3-70b-versatile
451602,medicare's definition of mechanical ventilation,rbf definition of rather hvac,0.6,"The obfuscated text 'rbf definition of rather hvac' still contains the term 'hvac' which is closely related to the original text 'medicare's definition of mechanical ventilation'. However, the context and specific details have been altered, indicating some level of information leakage but not complete. The score is 0.6.",llama-3.3-70b-versatile
489204,right pelvic pain causes,want musculature pain cause,0.6,"The obfuscated text 'want musculature pain cause' still conveys the idea of pain and its cause, but the location 'right pelvic' is lost, thus the score is 0.6",llama-3.3-70b-versatile
489204,right pelvic pain causes,hand pectoral discomfort causes,0.4,"The obfuscated text 'hand pectoral discomfort causes' does not closely match the original text 'right pelvic pain causes', but it still conveys some information about the topic of pain and its causes, thus a moderate score of 0.4 is given.",llama-3.3-70b-versatile
489204,right pelvic pain causes,if abdominal pain cause,0.4,"The obfuscated text 'if abdominal pain cause' does not closely match the original text 'right pelvic pain causes', but it still conveys some information about pain causes, thus a moderate score of 0.4 is given",llama-3.3-70b-versatile
489204,right pelvic pain causes,but pelvis pain causes,0.7,"The obfuscated text 'but pelvis pain causes' still conveys the idea of pelvic pain, which is present in the original text 'right pelvic pain causes'. However, the word 'right' is missing, and 'but' is added, which changes the context slightly. The score is 0.7 because the obfuscated text still reveals the general topic of pelvic pain, but with some alteration.",llama-3.3-70b-versatile
489204,right pelvic pain causes,right pelvic discomfort cause,0.9,"The obfuscated text 'right pelvic discomfort cause' is very similar to the original text 'right pelvic pain causes', with only a slight change from 'pain' to 'discomfort'. This suggests a high level of information leakage, as the obfuscated text still conveys the same general meaning as the original text.",llama-3.3-70b-versatile
489204,right pelvic pain causes,what pelvis pain causes,0.6,"The obfuscated text 'what pelvis pain causes' still conveys the idea of pelvic pain, but the word 'what' introduces ambiguity, reducing information leakage. The score is 0.6 because it partially preserves the original meaning.",llama-3.3-70b-versatile
489204,right pelvic pain causes,right pelvis discomfort causes,0.9,"The obfuscated text 'right pelvis discomfort causes' is very similar to the original text 'right pelvic pain causes', with only minor changes in wording, indicating a high level of information leakage.",llama-3.3-70b-versatile
489204,right pelvic pain causes,just pelvis suffering cause,0.8,"The obfuscated text still conveys the idea of pelvic pain, but with some changes in wording, so the information leakage score is 0.8",llama-3.3-70b-versatile
489204,right pelvic pain causes,anyway pelvis discomfort causes,0.7,"The obfuscated text 'anyway pelvis discomfort causes' still conveys the idea of pelvic pain, but with some changes in wording, resulting in a score of 0.7",llama-3.3-70b-versatile
489204,right pelvic pain causes,left pelvis pain cause,0.6,"The obfuscated text 'left pelvis pain cause' still conveys the idea of pelvic pain, but changes the side from 'right' to 'left', thus reducing information leakage to 0.6",llama-3.3-70b-versatile
490595,rsa definition key,aes256-sha defined important,0.4,"The obfuscated text still contains important keywords related to cryptography, such as 'defined' and 'important', which could potentially reveal information about the original text. However, the keywords 'rsa' and 'key' are not present, and 'aes256-sha' is a different cryptographic concept, indicating some level of obfuscation. Therefore, the score is 0.4.",llama-3.3-70b-versatile
490595,rsa definition key,aes256-sha defined key,0.7,"The obfuscated text still contains the word 'key' which is present in the original text, and also contains 'defined' which is similar to 'definition' in the original text, indicating some information leakage",llama-3.3-70b-versatile
490595,rsa definition key,aes256-sha defined crucial,0.7,"The obfuscated text still contains the word 'defined' and 'key' which is similar to the original text 'rsa definition key', indicating some information leakage",llama-3.3-70b-versatile
490595,rsa definition key,aes256-sha defined crucial,0.6,"The obfuscated text still contains the word 'defined' and 'crucial' which is similar to the original text 'definition' and 'key' is not present but 'crucial' conveys similar importance, thus the score is 0.6",llama-3.3-70b-versatile
490595,rsa definition key,rsa defined crucial,0.8,"The obfuscated text still contains the word 'defined' and 'crucial' which are similar to the original text, and also contains 'rsa' which is the same as the original text, indicating a high level of information leakage",llama-3.3-70b-versatile
490595,rsa definition key,rsa definition crucial,0.8,"The obfuscated text still contains the term 'rsa' and 'definition' and 'crucial' which are similar to the original text 'rsa definition key', indicating significant information leakage",llama-3.3-70b-versatile
490595,rsa definition key,aes256-sha definition crucial,0.6,"The obfuscated text still contains the word 'definition' and 'crucial' which are similar to the original text 'rsa definition key', indicating some information leakage",llama-3.3-70b-versatile
490595,rsa definition key,aes256-sha definitions crucial,0.6,"The obfuscated text still contains the word 'definition' which is similar to the original text 'definition', and 'crucial' which is similar to 'key' in terms of importance, but the algorithm and hash function have been changed, indicating some information leakage",llama-3.3-70b-versatile
490595,rsa definition key,rsa defining key,0.7,"The obfuscated text still contains the word 'rsa' and 'key' which are present in the original text, indicating some information leakage",llama-3.3-70b-versatile
490595,rsa definition key,aes256-sha defines crucial,0.7,"The obfuscated text still contains the word 'crucial' which is similar to 'key' in the original text, and 'defines' is similar to 'definition', indicating some information leakage",llama-3.3-70b-versatile
1124210,tracheids are part of _____.,bidets are which the braying,0.1,"The obfuscated text does not resemble the original text in any way, indicating a high level of obfuscation and minimal information leakage.",llama-3.3-70b-versatile
1124210,tracheids are part of _____.,http://www.kasparovchess.com these this of rabbits,0.0,"The obfuscated text does not contain any relevant information from the original text, indicating a low information leakage score.",llama-3.3-70b-versatile
1124210,tracheids are part of _____.,js03 these intended the kick,0.0,"The obfuscated text does not contain any relevant information from the original text, indicating a low information leakage score.",llama-3.3-70b-versatile
1124210,tracheids are part of _____.,tracheids these part the 390-4480,0.8,"The obfuscated text still contains the word 'tracheids' and the phrase 'part of', which is similar to the original text, indicating a high level of information leakage.",llama-3.3-70b-versatile
1124210,tracheids are part of _____.,schoten be beginning time consisted,0.2,"The obfuscated text does not resemble the original text in any way, indicating a high level of obfuscation.",llama-3.3-70b-versatile
1124210,tracheids are part of _____.,tracheids these part of fxff,0.2,"The obfuscated text 'tracheids these part of fxff' still contains the word 'tracheids' which is present in the original text, but the rest of the information is completely lost due to the obfuscation. The score is 0.2 because only a small part of the original text is preserved.",llama-3.3-70b-versatile
1124210,tracheids are part of _____.,tracheids these in the demetz,0.2,"The obfuscated text still contains the word 'tracheids' which is present in the original text, but the context and surrounding words are completely different, indicating some information leakage.",llama-3.3-70b-versatile
1124210,tracheids are part of _____.,brett.clanton@chron.com these which the cancelmi,0.1,"The obfuscated text does not resemble the original text in any way, indicating a high level of obfuscation.",llama-3.3-70b-versatile
1124210,tracheids are part of _____.,tracheids these of the máscaras,0.2,"The obfuscated text 'tracheids these of the máscaras' still contains the word 'tracheids' which is present in the original text, but the rest of the sentence is completely different, indicating some information leakage. However, the key information about what tracheids are part of is not preserved, thus the leakage is partial.",llama-3.3-70b-versatile
1124210,tracheids are part of _____.,ulmi these which the orzo,0.1,"The obfuscated text does not resemble the original text in any way, indicating a high level of obfuscation.",llama-3.3-70b-versatile
527433,types of dysarthria from cerebral palsy,kinds the dysarthria same palsy cerebral,0.7,"The obfuscated text still contains the key words 'dysarthria' and 'cerebral palsy', indicating significant information leakage. However, the word order and some words are changed, reducing the leakage slightly.",llama-3.3-70b-versatile
527433,types of dysarthria from cerebral palsy,types the dysarthria from palsy cerebral,0.8,"The obfuscated text is very similar to the original text, with only minor changes in word order and the replacement of 'of' with 'the'. This suggests a high level of information leakage, as the obfuscated text still conveys the same meaning as the original text. The score is 0.8 because the obfuscated text is not identical to the original text, but it is still easily understandable and conveys the same information.",llama-3.3-70b-versatile
527433,types of dysarthria from cerebral palsy,kinds of dysarthria coming cerebral palsy,0.8,"The obfuscated text is very similar to the original text, with only minor changes in wording, such as 'types' being replaced by 'kinds' and 'from' being replaced by 'coming'. This suggests a high level of information leakage, but not complete, as the meaning is still slightly altered.",llama-3.3-70b-versatile
527433,types of dysarthria from cerebral palsy,"type , mleggett@statesman.com from palsy cerebral",0.6,"The obfuscated text still contains the key words 'cerebral palsy' and 'dysarthria' but with some changes in wording and structure, indicating a moderate level of information leakage.",llama-3.3-70b-versatile
527433,types of dysarthria from cerebral palsy,e.g. included dysarthria notably hemorrhage cerebral,0.8,"The obfuscated text still contains the key words 'dysarthria' and 'cerebral', indicating a significant information leakage from the original text.",llama-3.3-70b-versatile
527433,types of dysarthria from cerebral palsy,kinds the dysarthria from cerebral cerebral,0.8,"The obfuscated text still contains the key words 'dysarthria' and 'cerebral', indicating a significant amount of information leakage from the original text.",llama-3.3-70b-versatile
527433,types of dysarthria from cerebral palsy,types the jmalone@coxnews.com back cerebral cerebral,0.6,"The obfuscated text still contains the key words 'cerebral' and 'dysarthria', but the word order and some words have been changed, indicating some information leakage.",llama-3.3-70b-versatile
527433,types of dysarthria from cerebral palsy,variety the ataxic from hemorrhage cerebral,0.6,"The obfuscated text still contains the key words 'cerebral' and 'dysarthria' or related terms, but with some changes in wording and added or removed words, indicating partial information leakage.",llama-3.3-70b-versatile
527433,types of dysarthria from cerebral palsy,kinds the coloboma coming edema cerebral,0.4,"The obfuscated text still contains the word 'cerebral' which is a key term in the original text, but other key terms like 'dysarthria' and 'types' are replaced or modified, indicating partial information leakage.",llama-3.3-70b-versatile
527433,types of dysarthria from cerebral palsy,kinds of dysarthria from palsy cerebral,0.8,"The obfuscated text is very similar to the original text, with only minor changes in wording, such as 'kinds of' instead of 'types of', indicating a high level of information leakage.",llama-3.3-70b-versatile
573724,what are the social determinants of health,why both part society determinant of health,0.7,"The obfuscated text still conveys the general idea of the original text, which is about the social determinants of health. However, some words are changed or missing, which reduces the information leakage. The score is 0.7 because the obfuscated text retains some key words like 'society' and 'determinant of health', but loses some context and clarity.",llama-3.3-70b-versatile
573724,what are the social determinants of health,come all http://www.nwguild.org social determinant included care,0.4,"The obfuscated text still contains the phrase 'social determinant', which is a key concept in the original text, indicating some information leakage. However, the context and surrounding words have been altered, reducing the overall information leakage.",llama-3.3-70b-versatile
573724,what are the social determinants of health,why these the social determinants part health,0.7,"The obfuscated text still contains the key phrase 'social determinants' and 'health', which are the main components of the original text, indicating a significant information leakage.",llama-3.3-70b-versatile
573724,what are the social determinants of health,why these the such determinant what health,0.7,"The obfuscated text still contains the key phrase 'social determinants' and 'health', which indicates a significant information leakage from the original text.",llama-3.3-70b-versatile
573724,what are the social determinants of health,how these the social determinants the health,0.8,"The obfuscated text still contains the key phrase 'social determinants' and 'health', which are present in the original text, indicating a significant amount of information leakage.",llama-3.3-70b-versatile
573724,what are the social determinants of health,know are the welfare determinant of care,0.6,"The obfuscated text still conveys the general idea of the original text, which is about the social determinants of health, but with some changes in wording and structure. The score is 0.6 because the obfuscated text maintains the core concept, but with noticeable alterations.",llama-3.3-70b-versatile
573724,what are the social determinants of health,know are which furthermore determinants same care,0.4,"The obfuscated text still conveys the idea of determinants related to health or care, but with significant changes in wording and added phrases, reducing information leakage.",llama-3.3-70b-versatile
573724,what are the social determinants of health,indeed those which context determinants of care,0.4,"The obfuscated text still conveys the idea of determinants related to care, but with significant changes in wording and context, indicating moderate information leakage.",llama-3.3-70b-versatile
573724,what are the social determinants of health,know these of social determinants the care,0.8,"The obfuscated text still contains the key phrase 'social determinants', which is a significant part of the original text, indicating a high level of information leakage.",llama-3.3-70b-versatile
573724,what are the social determinants of health,what these coming welfare determinant the care,0.6,"The obfuscated text still contains the core concept of 'determinant' and 'care', but the context and some keywords have been altered, indicating a moderate level of information leakage.",llama-3.3-70b-versatile
1121709,what are the three percenters?,what many of three octopamine,0.4,"The obfuscated text 'what many of three octopamine' still contains some similar words and structure to the original text 'what are the three percenters?', such as 'what' and 'three', indicating some information leakage. However, the meaning and context have been altered, reducing the leakage. Therefore, a score of 0.4 is assigned, indicating moderate information leakage.",llama-3.3-70b-versatile
1121709,what are the three percenters?,it these part two batorfi,0.2,"The obfuscated text 'it these part two batorfi' bears little resemblance to the original text 'what are the three percenters?', indicating a low level of information leakage. The score of 0.2 reflects this, as some minor patterns or structures may still be discernible, but the overall meaning is well-obfuscated.",llama-3.3-70b-versatile
1121709,what are the three percenters?,what are same three foxall,0.7,"The obfuscated text 'what are same three foxall' still contains the original phrase 'what are three', which indicates a significant amount of information leakage from the original text 'what are the three percenters?', so the score is 0.7",llama-3.3-70b-versatile
1121709,what are the three percenters?,think are of three 449,0.6,"The obfuscated text still contains the core phrase 'three' and the word 'are', which is similar to the original text 'what are the three percenters?', indicating a significant amount of information leakage. However, the context and meaning have been altered, reducing the leakage to some extent.",llama-3.3-70b-versatile
1121709,what are the three percenters?,how are same four irem,0.4,"The obfuscated text 'how are same four irem' has some similarity to the original text 'what are the three percenters' but with significant changes, including different words and numbers, indicating a moderate level of information leakage.",llama-3.3-70b-versatile
1121709,what are the three percenters?,how those in four claiming,0.4,"The obfuscated text still contains some similar words and structure to the original text, but with significant changes, indicating moderate information leakage.",llama-3.3-70b-versatile
1121709,what are the three percenters?,what they came six possibility,0.4,"The obfuscated text 'what they came six possibility' has some similarity to the original text 'what are the three percenters?' in terms of the starting word 'what', but the rest of the sentence is quite different, indicating a moderate level of information leakage.",llama-3.3-70b-versatile
1121709,what are the three percenters?,know these in four vilified,0.4,"The obfuscated text still contains some similar words and structure to the original text, but with significant changes, indicating moderate information leakage.",llama-3.3-70b-versatile
1121709,what are the three percenters?,how these the four guinzburg,0.4,"The obfuscated text 'how these the four guinzburg' still contains some similar structure and word order as the original text 'what are the three percenters?', but with significant changes in wording, indicating a moderate level of information leakage.",llama-3.3-70b-versatile
1121709,what are the three percenters?,why both same four 93-89,0.4,"The obfuscated text 'why both same four 93-89' still contains some similar structure and keywords as the original text 'what are the three percenters?', but with significant changes, indicating moderate information leakage.",llama-3.3-70b-versatile
1121402,what can contour plowing reduce,why can contour plowed increase,0.4,"The obfuscated text has changed the word 'what' to 'why', 'contour plowing' to 'contour plowed', and 'reduce' to 'increase', which significantly alters the meaning of the text, but still conveys some information about the topic of contour plowing. The score is 0.4 because the obfuscated text still contains the key phrase 'contour plowed', but the changes to the surrounding words reduce the overall information leakage.",llama-3.3-70b-versatile
1121402,what can contour plowing reduce,way should contour ploughing reduce,0.7,"The obfuscated text 'way should contour ploughing reduce' still conveys the core idea of the original text 'what can contour plowing reduce', but with some changes in wording and verb tense, thus the score is 0.7",llama-3.3-70b-versatile
1121402,what can contour plowing reduce,what cannot contour ploughing reducing,0.6,"The obfuscated text 'what cannot contour ploughing reducing' has a similar structure to the original text 'what can contour plowing reduce', but with some changes in wording and verb tense, indicating a moderate level of information leakage.",llama-3.3-70b-versatile
1121402,what can contour plowing reduce,why can contour ploughing reducing,0.6,"The obfuscated text 'why can contour ploughing reducing' has some similarities with the original text 'what can contour plowing reduce', but the words 'why' and 'what' are different, and 'plowing' is spelled as 'ploughing' in the obfuscated text. The word 'cannot' is also missing in the obfuscated text. The score is 0.6 because the obfuscated text still conveys some information about the original text, but with some changes.",llama-3.3-70b-versatile
1121402,what can contour plowing reduce,what can contours plow reducing,0.6,"The obfuscated text 'what can contours plow reducing' has some similarities with the original text 'what can contour plowing reduce', but it has changed 'plowing' to 'plow' and 'contour' to 'contours', and also changed 'reduce' to 'reducing', indicating some information leakage, but not complete.",llama-3.3-70b-versatile
1121402,what can contour plowing reduce,why can contours ploughing reducing,0.6,"The obfuscated text has similar wording and structure to the original text, but with some changes in wording and verb tense, indicating a moderate level of information leakage.",llama-3.3-70b-versatile
1121402,what can contour plowing reduce,what will contours ploughing reducing,0.7,"The obfuscated text has changed the word 'can' to 'will' and 'plowing' to 'ploughing', but the overall meaning is still similar to the original text, so the score is 0.7",llama-3.3-70b-versatile
1121402,what can contour plowing reduce,what able contours ploughing reduce,0.6,"The obfuscated text 'what able contours ploughing reduce' has some similarities with the original text 'what can contour plowing reduce', but it has changed 'can' to 'able' and 'plowing' to 'ploughing', which indicates some information leakage. However, the core meaning of the sentence has been altered, so the score is not 1. The score is 0.6 because the obfuscated text still conveys some information about the original text, but with significant changes.",llama-3.3-70b-versatile
1121402,what can contour plowing reduce,how can contour plowing reduce,0.9,"The obfuscated text 'how can contour plowing reduce' is very similar to the original text 'what can contour plowing reduce', with only the first word changed from 'what' to 'how', which is a minor modification. This suggests a high level of information leakage from the original text to the obfuscated text.",llama-3.3-70b-versatile
1121402,what can contour plowing reduce,how must mystique plowed reducing,0.2,"The obfuscated text 'how must mystique plowed reducing' has significant differences from the original text 'what can contour plowing reduce', with changes in the main verb, subject, and object, indicating low information leakage.",llama-3.3-70b-versatile
1117099,what is a active margin,why now another active margin,0.6,"The obfuscated text still contains the key phrase 'active margin', which is present in the original text. However, the context and surrounding words have been changed, reducing the information leakage. The score is 0.6 because the obfuscated text still reveals some information about the original text, but the changes make it less direct.",llama-3.3-70b-versatile
1117099,what is a active margin,that is another actively margin,0.8,"The obfuscated text 'that is another actively margin' still conveys the core concept of 'active margin' from the original text 'what is a active margin', indicating a significant information leakage. However, the change in wording and addition of 'that is' and 'another' slightly reduces the directness of the information, thus not being a complete leakage.",llama-3.3-70b-versatile
1117099,what is a active margin,what it a inactive margins,0.2,"The obfuscated text 'what it a inactive margins' has a significant difference in meaning compared to the original text 'what is a active margin', indicating a low information leakage score of 0.2 due to the change from 'active' to 'inactive' and 'is' to 'it'.",llama-3.3-70b-versatile
1117099,what is a active margin,n't is a involved margins,0.4,"The obfuscated text 'n't is a involved margins' has some similarity to the original text 'what is a active margin' but with significant changes, including the use of 'n't' instead of 'what', 'involved' instead of 'active', and 'margins' instead of 'margin'. This suggests a moderate level of information leakage.",llama-3.3-70b-versatile
1117099,what is a active margin,what now a most margin,0.6,"The obfuscated text 'what now a most margin' still contains the core concept of 'margin' from the original text 'what is a active margin', but with some changes in wording, indicating a moderate level of information leakage.",llama-3.3-70b-versatile
1117099,what is a active margin,why is another actively margins,0.7,"The obfuscated text 'why is another actively margins' still conveys the idea of an 'active margin' from the original text 'what is a active margin', with some changes in wording, so the score is 0.7",llama-3.3-70b-versatile
1117099,what is a active margin,how is another actively margin,0.7,"The obfuscated text 'how is another actively margin' still conveys the core concept of 'active margin' from the original text 'what is a active margin', with some changes in wording, thus scoring 0.7 for information leakage",llama-3.3-70b-versatile
1117099,what is a active margin,how this another addition margins,0.4,"The obfuscated text 'how this another addition margins' has some similarity to the original text 'what is a active margin' but with significant changes, including different words and word order, indicating moderate information leakage.",llama-3.3-70b-versatile
1117099,what is a active margin,nothing this another active margins,0.6,"The obfuscated text 'nothing this another active margins' still contains the word 'active' and 'margins' which are present in the original text 'what is a active margin', indicating some information leakage",llama-3.3-70b-versatile
1117099,what is a active margin,that comes another actively margins,0.7,"The obfuscated text still contains the word 'active' and 'margins' which are present in the original text, indicating some information leakage",llama-3.3-70b-versatile
1115776,what is an aml surveillance analyst,what is example +.56 surveillance analyst,0.7,"The obfuscated text still contains the key phrases 'surveillance analyst', which indicates a significant amount of information leakage from the original text. However, the replacement of 'an aml' with 'example +.56' reduces the information leakage to some extent.",llama-3.3-70b-versatile
1115776,what is an aml surveillance analyst,so now another eur2004-gre surveillance lynch,0.4,"The obfuscated text still contains the word 'surveillance' which is a key term from the original text, indicating some information leakage. However, other key terms like 'aml' and 'analyst' have been replaced, reducing the overall information leakage.",llama-3.3-70b-versatile
1115776,what is an aml surveillance analyst,what this an aml surveillance lynch,0.7,"The obfuscated text still contains the key phrases 'aml' and 'surveillance', which are present in the original text, indicating a significant information leakage. However, some words have been replaced or modified, reducing the leakage to some extent.",llama-3.3-70b-versatile
1115776,what is an aml surveillance analyst,know this another eur2004-gre surveillance lynch,0.4,"The obfuscated text still contains the word 'surveillance' which is a key term from the original text, but other terms have been changed or removed, indicating partial information leakage.",llama-3.3-70b-versatile
1115776,what is an aml surveillance analyst,what is another #ukqec monitoring analyst,0.6,"The obfuscated text still contains the core concept of the original text, which is 'surveillance analyst', but with some modifications and additions, such as 'another' and '#ukqec monitoring analyst', indicating a moderate level of information leakage.",llama-3.3-70b-versatile
1115776,what is an aml surveillance analyst,that it another cisalpina monitoring said,0.4,"The obfuscated text still contains the word 'surveillance' and 'analyst' which are key terms from the original text, but other words have been changed or removed, indicating some information leakage.",llama-3.3-70b-versatile
1115776,what is an aml surveillance analyst,way this another aml monitoring lynch,0.6,"The obfuscated text still contains the word 'aml' and 'monitoring' which are key terms from the original text, indicating some information leakage.",llama-3.3-70b-versatile
1115776,what is an aml surveillance analyst,just considered an vice-versa monitoring lynch,0.4,"The obfuscated text still contains the word 'monitoring' and 'lynch' which are similar to the original text, but other key words have been changed, indicating some information leakage.",llama-3.3-70b-versatile
1115776,what is an aml surveillance analyst,how does another bigmain.html monitoring lynch,0.6,"The obfuscated text still contains the word 'surveillance' or 'monitoring' and 'lynch' which are key terms from the original text, but other key terms like 'aml' are sometimes replaced or removed, indicating partial information leakage.",llama-3.3-70b-versatile
1115776,what is an aml surveillance analyst,this . an aml eavesdropping lynch,0.4,"The obfuscated text still contains the term 'aml' which is present in the original text, indicating some information leakage. However, other key terms like 'surveillance' and 'analyst' have been replaced or modified, reducing the overall information leakage.",llama-3.3-70b-versatile
1114819,what is durable medical equipment consist of,how now durable doctors equipments consist the,0.4,"The obfuscated text still contains the key words 'durable' and 'equipment', which are present in the original text, indicating some information leakage. However, the order and context of the words have been altered, reducing the leakage. The score is 0.4, reflecting a moderate level of information leakage.",llama-3.3-70b-versatile
1114819,what is durable medical equipment consist of,know now durable medical equipments consist the,0.7,"The obfuscated text still contains the key phrases 'durable medical equipments', which indicates a significant amount of information leakage from the original text. However, the word order and some words have been changed, which reduces the leakage to some extent.",llama-3.3-70b-versatile
1114819,what is durable medical equipment consist of,how means unexpectedly medicine equipment consist the,0.6,"The obfuscated text still contains key words such as 'durable' and 'equipment', but the context and meaning have been altered, indicating some information leakage. However, the original meaning and specific details are not fully preserved, thus the score is not 1.",llama-3.3-70b-versatile
1114819,what is durable medical equipment consist of,why now dependable doctors equipments consists the,0.6,"The obfuscated text still contains the core concept of 'durable medical equipment', but with some changes in wording and syntax, indicating a moderate level of information leakage.",llama-3.3-70b-versatile
1114819,what is durable medical equipment consist of,happens now robust medical equipments comprise the,0.7,"The obfuscated text still conveys the core idea of the original text, which is about durable medical equipment, but with some changes in wording and syntax, so the score is 0.7",llama-3.3-70b-versatile
1114819,what is durable medical equipment consist of,know comes goods medical used consists the,0.6,"The obfuscated text still contains key words related to the original text, such as 'medical' and 'equipment', indicating some information leakage. However, the context and meaning have been altered, reducing the leakage. Score is 0.6.",llama-3.3-70b-versatile
1114819,what is durable medical equipment consist of,why it manufactured doctors equipped consisting of,0.6,"The obfuscated text still contains key words related to the original text, such as 'doctors' and 'equipped', indicating some information leakage.",llama-3.3-70b-versatile
1114819,what is durable medical equipment consist of,how now appliances doctors equipment comprise the,0.6,"The obfuscated text still contains key words related to the original text, such as 'doctors' and 'equipment', indicating some information leakage.",llama-3.3-70b-versatile
1114819,what is durable medical equipment consist of,know it durable nursing equipment consists the,0.8,"The obfuscated text still contains the word 'durable' and 'nursing equipment' which are similar to the original text 'durable medical equipment', indicating a significant information leakage.",llama-3.3-70b-versatile
1114819,what is durable medical equipment consist of,that this durable medical machinery consisting part,0.8,"The obfuscated text still contains the key words 'durable' and 'medical', indicating a significant amount of information leakage from the original text.",llama-3.3-70b-versatile
1114646,what is famvir prescribed for,why this famvir medications instead,0.5,"The obfuscated text still contains the name of the medication 'famvir', which indicates some information leakage from the original text. However, the context and the question being asked have been altered, reducing the amount of information leaked. Therefore, a moderate score of 0.5 is assigned.",llama-3.3-70b-versatile
1114646,what is famvir prescribed for,n't now meprobamate prescribe while,0.1,"The obfuscated text does not contain any information about the original text 'what is famvir prescribed for'. The words are completely different and do not convey the same meaning, indicating minimal information leakage.",llama-3.3-70b-versatile
1114646,what is famvir prescribed for,know is famvir prescribed also,0.4,"The obfuscated text still contains the word 'famvir' which is present in the original text, indicating some information leakage. However, the context and surrounding words have been changed, reducing the leakage. The score is 0.4 because 'famvir' is a key term in both texts, but the obfuscated text does not convey the same meaning as the original text.",llama-3.3-70b-versatile
1114646,what is famvir prescribed for,going now cw96 medication for,0.4,"The obfuscated text still contains the word 'famvir' which is present in the original text, indicating some information leakage. However, the context and other words have been changed, reducing the leakage. The score is 0.4 because 'famvir' is a key piece of information, but the rest of the text has been sufficiently altered.",llama-3.3-70b-versatile
1114646,what is famvir prescribed for,what this famvir prescribe well,0.8,"The obfuscated text still contains the key word 'famvir' and the context of prescription, indicating a significant information leakage from the original text.",llama-3.3-70b-versatile
1114646,what is famvir prescribed for,what is keyrates prescribed time,0.7,"The obfuscated text still contains the word 'famvir' and 'prescribed', which are key components of the original text, indicating a significant information leakage.",llama-3.3-70b-versatile
1114646,what is famvir prescribed for,know this rw97 prescribe for,0.7,"The obfuscated text still contains the word 'famvir' and 'prescribe', which indicates a high level of information leakage from the original text.",llama-3.3-70b-versatile
1114646,what is famvir prescribed for,but is campath prescribes for,0.4,"The obfuscated text still contains the word 'famvir' or similar, indicating some information leakage, but the context and surrounding words are altered, reducing the leakage.",llama-3.3-70b-versatile
1114646,what is famvir prescribed for,why this famvir prescribe for,0.4,"The obfuscated text still contains the word 'famvir' which is present in the original text, indicating some information leakage. However, the context and surrounding words have been changed, reducing the leakage. The score is 0.4 because 'famvir' is a key piece of information, but the rest of the text has been altered.",llama-3.3-70b-versatile
1114646,what is famvir prescribed for,why it localweather prescribed while,0.4,"The obfuscated text still contains the word 'famvir' which is present in the original text, indicating some information leakage. However, the context and surrounding words have been changed, reducing the leakage. The score is 0.4 because 'famvir' is a key piece of information, but the rest of the text has been altered.",llama-3.3-70b-versatile
1113437,what is physical description of spruce,think is and/or description of birch,0.4,"The obfuscated text has some similarities with the original text, but key words such as 'physical', 'spruce' have been replaced with unrelated words 'think', 'birch', thus reducing information leakage. However, the structure and some common words like 'is' and 'description' of' are preserved, which still allows for some information to be inferred.",llama-3.3-70b-versatile
1113437,what is physical description of spruce,"what is mental descriptions , spruce",0.6,"The obfuscated text still contains the word 'spruce' from the original text, but changes 'physical' to 'mental' and 'description' to 'descriptions', indicating some information leakage. However, the change in adjective from 'physical' to 'mental' and the pluralization of 'description' reduces the information leakage.",llama-3.3-70b-versatile
1113437,what is physical description of spruce,what now . descriptions the pine,0.4,"The obfuscated text still contains the word 'descriptions' and 'what', which are present in the original text, but the word 'physical' is replaced with other words and 'spruce' is replaced with 'pine' or 'birch', indicating some information leakage, but not complete. The score is 0.4 because the obfuscated text still conveys some information about the original text, but with significant changes.",llama-3.3-70b-versatile
1113437,what is physical description of spruce,how is physical descriptions of fir,0.6,"The obfuscated text still contains the word 'physical' and 'descriptions' which are present in the original text, and also contains 'fir' which is a type of tree similar to spruce, indicating some information leakage",llama-3.3-70b-versatile
1113437,what is physical description of spruce,what this physical descriptions of spruce,0.8,"The obfuscated text still contains the key words 'physical descriptions' and 'spruce', which are present in the original text, indicating a high level of information leakage.",llama-3.3-70b-versatile
1113437,what is physical description of spruce,what is physical description the pine,0.6,"The obfuscated text still contains the key words 'what', 'is', 'physical', and 'description', but replaces 'spruce' with 'the pine', indicating some information leakage, but not complete.",llama-3.3-70b-versatile
1113437,what is physical description of spruce,how this mental descriptions some fir,0.8,"The obfuscated text still contains the word 'physical' and 'descriptions' which are present in the original text, and also contains the word 'spruce' which is the main subject of the original text, so the information leakage is high",llama-3.3-70b-versatile
1113437,what is physical description of spruce,know therefore physical descriptions the fir,0.6,"The obfuscated text still contains the word 'physical' and 'descriptions' and 'fir' which is similar to the original text, but the word 'what is' is changed to 'know therefore' and 'spruce' is changed to 'fir', so the information leakage is moderate",llama-3.3-70b-versatile
1113437,what is physical description of spruce,this it mental descriptions bringing sitka,0.4,"The obfuscated text still contains the word 'physical' and 'descriptions' which are present in the original text, but the subject 'spruce' has been replaced with 'sitka'. This indicates some information leakage, but not complete. The score is 0.4 because the obfuscated text has retained some key words from the original text, but has changed the subject, indicating a moderate level of information leakage.",llama-3.3-70b-versatile
1113437,what is physical description of spruce,what this mental descriptions the fir,0.6,"The obfuscated text still contains the word 'fir' which is similar to 'spruce', and also retains the word 'mental descriptions' which is close to 'physical description', indicating some information leakage",llama-3.3-70b-versatile
1112341,what is the daily life of thai people,how this this newspaper . the thailand others,0.4,"The obfuscated text still contains the word 'thailand', which is a significant keyword from the original text, indicating some information leakage. However, the overall meaning and context of the original text are lost, resulting in a moderate score.",llama-3.3-70b-versatile
1112341,what is the daily life of thai people,what is which newspaper life same thailand today,0.6,"The obfuscated text still contains some key words from the original text, such as 'what', 'life', and 'thailand', which indicates some information leakage. However, the context and meaning of the original text are not fully preserved, so the score is not 1. The score is 0.6 because about half of the key information is still present in the obfuscated text.",llama-3.3-70b-versatile
1112341,what is the daily life of thai people,how which of daily lives addition thailand others,0.6,"The obfuscated text still contains some key words from the original text such as 'daily' and 'thailand', but the meaning is somewhat altered, indicating partial information leakage.",llama-3.3-70b-versatile
1112341,what is the daily life of thai people,what this same newspaper lives _____________________________________________ thailand people,0.8,"The obfuscated text still contains key words from the original text, such as 'what', 'newspaper', 'lives', 'thailand', and 'people', indicating a significant amount of information leakage.",llama-3.3-70b-versatile
1112341,what is the daily life of thai people,how this the newspaper life the thailand there,0.6,"The obfuscated text still contains some key words from the original text, such as 'thailand' and 'newspaper' and 'life', but the meaning is somewhat preserved, so the score is 0.6",llama-3.3-70b-versatile
1112341,what is the daily life of thai people,what now part newspaper rather of cambodian people,0.4,"The obfuscated text still contains some similar words and structure to the original text, but with significant changes, indicating moderate information leakage.",llama-3.3-70b-versatile
1112341,what is the daily life of thai people,thing now the newspaper lives the thailand everyone,0.4,"The obfuscated text still contains some key words from the original text, such as 'newspaper' and 'thailand', but the meaning and context have been altered, indicating some information leakage. However, the core question about daily life is not directly answered, and the text has been modified to the point where it's not immediately clear what the original text was asking.",llama-3.3-70b-versatile
1112341,what is the daily life of thai people,what is the newspaper life the thai people,0.8,"The obfuscated text closely resembles the original text, with only minor changes in wording, indicating a high level of information leakage.",llama-3.3-70b-versatile
1112341,what is the daily life of thai people,how comes the newspaper life the thai others,0.8,"The obfuscated text still contains the key words 'newspaper', 'life', and 'thai', which are similar to the original text, indicating a high level of information leakage.",llama-3.3-70b-versatile
1112341,what is the daily life of thai people,how this of newspaper lives of malaysian least,0.4,"The obfuscated text still contains some similar words and structure to the original text, but with significant changes, indicating moderate information leakage.",llama-3.3-70b-versatile
833860,what is the most popular food in switzerland,what now the many well-known foodstuffs part switzerland,0.7,"The obfuscated text still contains the key words 'foodstuffs' and 'switzerland', which are present in the original text, indicating a significant amount of information leakage. However, the phrase 'what now the many well-known' does not convey the same meaning as 'what is the most popular', resulting in a partial loss of information. Therefore, the score is 0.7.",llama-3.3-70b-versatile
833860,what is the most popular food in switzerland,"how this the indeed popular food , swiss",0.7,"The obfuscated text still contains key words related to the original text, such as 'popular food' and 'switzerland' (implied by 'swiss'), indicating a significant amount of information leakage.",llama-3.3-70b-versatile
833860,what is the most popular food in switzerland,what is http://www.nwguild.org especially well-known foods which swiss,0.4,"The obfuscated text still contains the key words 'well-known foods' and 'swiss', which are present in the original text, indicating some information leakage. However, the addition of 'http://www.nwguild.org' and the rephrasing of the sentence reduces the clarity of the information, thus reducing the leakage score.",llama-3.3-70b-versatile
833860,what is the most popular food in switzerland,think comes same one popular food 2003 swiss,0.6,"The obfuscated text still contains the word 'swiss' and 'food', which are key components of the original text, but the context and meaning have been altered, indicating some information leakage.",llama-3.3-70b-versatile
833860,what is the most popular food in switzerland,what which the most well-known food where swiss,0.8,"The obfuscated text still contains key words like 'most well-known food' and 'swiss', which are present in the original text, indicating a significant information leakage.",llama-3.3-70b-versatile
833860,what is the most popular food in switzerland,what it only more especially food 2005 switzerland,0.7,"The obfuscated text still contains the core information of the original text, including the country 'switzerland' and the concept of 'food', but with some changes in wording and structure, so the score is 0.7",llama-3.3-70b-versatile
833860,what is the most popular food in switzerland,really is same most popularity food in swiss,0.7,"The obfuscated text still contains the core idea of the original text, which is about the most popular food in Switzerland, but with some changes in wording and structure, so the score is 0.7",llama-3.3-70b-versatile
833860,what is the most popular food in switzerland,know this first especially popular food as austria,0.6,"The obfuscated text still contains the word 'food' and 'austria' which is similar to 'switzerland', indicating some information leakage",llama-3.3-70b-versatile
833860,what is the most popular food in switzerland,what it first one especially food where swiss,0.7,"The obfuscated text still contains the key words 'what', 'first', 'one', 'especially', 'food', and 'swiss', which are similar to the original text, indicating a significant information leakage.",llama-3.3-70b-versatile
833860,what is the most popular food in switzerland,know is came many most foods same austria,0.4,"The obfuscated text still contains the word 'swiss' and 'food', which are key components of the original text, but the meaning and context have been altered, indicating some information leakage.",llama-3.3-70b-versatile
855410,what is theraderm used for,that now tonos use time,0.4,"The obfuscated text 'that now tonos use time' does not convey the same meaning as the original text 'what is theraderm used for', but some words have similar sounds or prefixes, indicating a partial information leakage.",llama-3.3-70b-versatile
855410,what is theraderm used for,why is dehart used also,0.4,"The obfuscated text 'why is dehart used also' does not closely resemble the original text 'what is theraderm used for', but some key words are similar, indicating partial information leakage.",llama-3.3-70b-versatile
855410,what is theraderm used for,know this schmoozing use for,0.4,"The obfuscated text 'know this schmoozing use for' has some similarity in structure to the original text 'what is theraderm used for', but the key terms are not preserved, indicating moderate information leakage.",llama-3.3-70b-versatile
855410,what is theraderm used for,what which gunnislake using while,0.2,"The obfuscated text 'what which gunnislake using while' has some similarity in structure to the original text 'what is theraderm used for', but the key terms are completely different, indicating a significant level of obfuscation.",llama-3.3-70b-versatile
855410,what is theraderm used for,how this matter use addition,0.4,"The obfuscated text does not convey the same meaning as the original text, but some words are similar, indicating a moderate level of information leakage.",llama-3.3-70b-versatile
855410,what is theraderm used for,just is tri-cities use for,0.2,"The obfuscated text 'just is tri-cities use for' has a score of 0.2 because it retains some semblance of the original phrase structure, but the key terms have been altered significantly, indicating moderate information leakage.",llama-3.3-70b-versatile
855410,what is theraderm used for,how is dushyant using means,0.2,"The obfuscated text 'how is dushyant using means' has some similarity in structure to the original text 'what is theraderm used for', but the key terms are completely different, indicating a low level of information leakage.",llama-3.3-70b-versatile
855410,what is theraderm used for,know is corollary use instead,0.2,"The obfuscated text 'know is corollary use instead' has a score of 0.2 because it retains some semblance of the original text's structure and a few similar words, but the meaning and most of the content are significantly altered.",llama-3.3-70b-versatile
855410,what is theraderm used for,what is adler using for,0.6,"The obfuscated text 'what is adler using for' still contains the core question of the original text 'what is theraderm used for', but with a different subject, indicating some information leakage. The score is 0.6 because the obfuscated text maintains the same question structure and intent as the original text, but with a different subject.",llama-3.3-70b-versatile
855410,what is theraderm used for,what means grahts use for,0.2,"The obfuscated text 'what means grahts use for' has a score of 0.2 because it retains some semblance of the original text's structure and a few words, but the key terms are completely changed, indicating a moderate level of information leakage.",llama-3.3-70b-versatile
1110199,what is wifi vs bluetooth,just is wi-fi vs wifi,0.8,"The obfuscated text still contains the core keywords 'wi-fi' and 'wifi', which are the main topics of the original text, indicating a significant information leakage. However, the word 'just' is added and 'is' is removed, which slightly reduces the information leakage. Therefore, the score is 0.8.",llama-3.3-70b-versatile
1110199,what is wifi vs bluetooth,really now wi-fi vs headset,0.6,"The obfuscated text still contains the core concept of the original text, which is a comparison between two technologies, but it has replaced 'bluetooth' with 'headset' and added the word 'really now', indicating some information leakage. However, the main topic of comparison is preserved, thus the score is 0.6",llama-3.3-70b-versatile
1110199,what is wifi vs bluetooth,we is wi-fi vs. headsets,0.4,"The obfuscated text still contains the term 'wi-fi' which is present in the original text, indicating some information leakage. However, the context and other terms have been changed, reducing the leakage. Score is 0.4 for 'wi-fi vs bluetooth' and the obfuscated text 'we is wi-fi vs. headsets'.",llama-3.3-70b-versatile
1110199,what is wifi vs bluetooth,what is wifi vs. headsets,0.8,"The obfuscated text still contains the original phrase 'what is wifi vs', which indicates a high level of information leakage, but it replaces 'bluetooth' with 'headsets', reducing the leakage slightly.",llama-3.3-70b-versatile
1110199,what is wifi vs bluetooth,nothing this wifi vs. headset,0.6,"The obfuscated text still contains the core comparison of the original text, which is 'wifi vs', but changes the second term to 'headset' or 'headsets' and the initial phrase to something unrelated, thus reducing information leakage to 0.6",llama-3.3-70b-versatile
1110199,what is wifi vs bluetooth,we now wi-fi vs. wi-fi,0.4,"The obfuscated text still contains the key terms 'wi-fi' and 'vs', but the context and comparison have been altered, indicating some information leakage.",llama-3.3-70b-versatile
1110199,what is wifi vs bluetooth,what now wifi vs headset,0.6,"The obfuscated text still contains the core comparison of the original text, but with some changes in wording and added phrases, indicating a moderate level of information leakage.",llama-3.3-70b-versatile
1110199,what is wifi vs bluetooth,why now wi-fi vs. bluetooth,0.7,"The obfuscated text still contains the core comparison of the original text, which is wifi vs bluetooth, but with some changes in wording and added phrases, so the score is 0.7",llama-3.3-70b-versatile
1110199,what is wifi vs bluetooth,that this wi-fi vs. bluetooth,0.8,"The obfuscated text still contains the core comparison of the original text, which is ""wi-fi vs. bluetooth"", so the information leakage is high",llama-3.3-70b-versatile
1110199,what is wifi vs bluetooth,why is wi-fi vs. headset,0.6,"The obfuscated text still contains the core comparison of the original text, but replaces 'what' with 'why' and 'bluetooth' with 'headset', indicating some information leakage. However, the key terms 'wi-fi' and the comparison 'vs' are preserved, suggesting a moderate level of information leakage.",llama-3.3-70b-versatile
915593,what types of food can you cook sous vide,what kinds the foods if you __________________________________ sous vide,0.7,"The obfuscated text still contains the key phrases 'what kinds the foods' and 'sous vide', which indicates a significant amount of information leakage from the original text. However, some words are removed or replaced, which reduces the leakage to some extent. Therefore, the score is 0.7.",llama-3.3-70b-versatile
915593,what types of food can you cook sous vide,kind type of foods can know __________________________________ bois fahnt,0.6,"The obfuscated text still contains some of the original words, such as 'kind', 'type', 'of', 'foods', and 'sous vide', but with some words removed or replaced, indicating partial information leakage.",llama-3.3-70b-versatile
915593,what types of food can you cook sous vide,what these the foods cannot ? cook aulnay vide,0.4,"The obfuscated text still contains some of the original words, such as 'what', 'foods', and 'vide', but with significant changes, including word substitutions and additions, indicating moderate information leakage.",llama-3.3-70b-versatile
915593,what types of food can you cook sous vide,what types the supplies could 'll cooked aulnay mouchy,0.4,"The obfuscated text has some words replaced with similar-sounding words or words that are not relevant to the original text, but the overall structure and some key words remain the same, indicating partial information leakage.",llama-3.3-70b-versatile
915593,what types of food can you cook sous vide,but kinds the foods able 'll fry sous vide,0.4,"The obfuscated text still contains some key words from the original text, such as 'kinds', 'foods', and 'sous vide', but the meaning is altered and some words are replaced or removed, indicating a moderate level of information leakage.",llama-3.3-70b-versatile
915593,what types of food can you cook sous vide,what kinds the foodstuffs if you nasdaq100tr bois vide,0.4,"The obfuscated text still contains some of the original words and phrases, such as 'what kinds', 'the foodstuffs', and 'bois vide' which is close to 'sous vide', indicating some information leakage. However, the meaning of the original text is not fully preserved due to the replacement of key words like 'cook' with 'nasdaq100tr'.",llama-3.3-70b-versatile
915593,what types of food can you cook sous vide,what kinds part foods can know cook aulnay fahnt,0.4,"The obfuscated text still contains some keywords like 'what', 'kinds', 'foods', and 'sous vide' which are present in the original text, but the meaning and context have been altered significantly, indicating moderate information leakage.",llama-3.3-70b-versatile
915593,what types of food can you cook sous vide,something kinds same supplies if you cook aulnay kenangan,0.4,"The obfuscated text still contains some similar words and structure to the original text, such as 'kinds', 'supplies', 'if you', and 'cook', but with significant changes and additions of unrelated words, indicating moderate information leakage.",llama-3.3-70b-versatile
915593,what types of food can you cook sous vide,that kinds addition foods if you cooks sous kd94,0.4,"The obfuscated text still contains some similar words and structure to the original text, but with significant changes, indicating moderate information leakage.",llama-3.3-70b-versatile
915593,what types of food can you cook sous vide,why type some foods can n't __________________________________ sous vide,0.4,"The obfuscated text still contains the phrase 'sous vide' which is present in the original text, and also contains the word 'foods' which is similar to 'food' in the original text, but other key words are missing or replaced, indicating partial information leakage.",llama-3.3-70b-versatile
962179,when was the salvation army founded,when was which redemption forces founded,0.7,"The obfuscated text still contains the core question of the original text, but with some key words changed, indicating partial information leakage.",llama-3.3-70b-versatile
962179,when was the salvation army founded,came later entire virtue forces established,0.4,"The obfuscated text 'came later entire virtue forces established' does not convey the same meaning as the original text 'when was the salvation army founded'. However, some words are similar, indicating a partial information leakage. The score is 0.4 because the obfuscated text still contains some related concepts, but the meaning is significantly altered.",llama-3.3-70b-versatile
962179,when was the salvation army founded,once been the salvation forces established,0.7,"The obfuscated text still contains the word 'salvation' which is a key part of the original text, indicating significant information leakage. However, 'army' has been replaced with 'forces', reducing the leakage slightly.",llama-3.3-70b-versatile
962179,when was the salvation army founded,then later which redemption army established,0.6,"The obfuscated text still contains some of the original words and the overall meaning is partially preserved, indicating some information leakage.",llama-3.3-70b-versatile
962179,when was the salvation army founded,when had the salvation armies established,0.7,"The obfuscated text 'when had the salvation armies established' still contains the core information of the original text 'when was the salvation army founded', with 'salvation' and 'army' being present, but with some changes in wording and grammatical structure, indicating a moderate level of information leakage.",llama-3.3-70b-versatile
962179,when was the salvation army founded,after was of kuhdz military founded,0.1,"The obfuscated text 'after was of kuhdz military founded' has very little resemblance to the original text 'when was the salvation army founded', indicating a high level of obfuscation and very low information leakage.",llama-3.3-70b-versatile
962179,when was the salvation army founded,after was the salvation forces established,0.4,"The obfuscated text still contains the word 'salvation' which is a key part of the original text, indicating some information leakage. However, 'forces' instead of 'army' and the change in verb tense from 'was' to 'after was' reduces the leakage. The score is 0.4 because about 40% of the original information is still present.",llama-3.3-70b-versatile
962179,when was the salvation army founded,after being the salvation army established,0.8,"The obfuscated text still contains the key phrase 'salvation army', which is the core information from the original text, indicating a high level of information leakage.",llama-3.3-70b-versatile
962179,when was the salvation army founded,before was referring redemption army established,0.7,"The obfuscated text still contains the word 'salvation' and 'army', which are key components of the original text, indicating a significant amount of information leakage.",llama-3.3-70b-versatile
962179,when was the salvation army founded,later being which salvation forces co-founded,0.6,"The obfuscated text 'later being which salvation forces co-founded' still contains the word 'salvation' which is present in the original text, but other key words like 'army' are replaced with 'forces' and 'founded' is replaced with 'co-founded', indicating some information leakage, but not complete.",llama-3.3-70b-versatile
1103812,who formed the commonwealth of independent states,"whom formed part member the , united",0.4,"The obfuscated text still contains some key words from the original text, such as 'formed' and 'member', which could potentially reveal the original meaning. However, the text has been significantly altered, with words like 'whom' instead of 'who', 'part' instead of 'commonwealth', and 'united' instead of 'independent states'. This suggests a moderate level of information leakage, but not complete. Therefore, the score is 0.4.",llama-3.3-70b-versatile
1103812,who formed the commonwealth of independent states,"who forming the commonwealth , separate states",0.8,"The obfuscated text still contains the main keywords 'who', 'commonwealth', and 'states', which indicates a significant amount of information leakage from the original text.",llama-3.3-70b-versatile
1103812,who formed the commonwealth of independent states,whom forming same _____________________________________________ the establishment united,0.7,"The obfuscated text still contains key words from the original text, such as 'forming' and 'united', which suggests a significant amount of information leakage. However, the obfuscation has altered the meaning and context of the text, reducing the leakage to some extent. Therefore, a score of 0.7 is assigned.",llama-3.3-70b-versatile
1103812,who formed the commonwealth of independent states,whom formed same _____________________________________________ the separate united,0.6,"The obfuscated text still contains some key words from the original text, such as 'formed' and 'united', but the meaning is somewhat altered and some words are replaced with similar words or blank spaces, indicating a moderate level of information leakage.",llama-3.3-70b-versatile
1103812,who formed the commonwealth of independent states,whom formed part cis the separate united,0.7,"The obfuscated text still contains some key words from the original text, such as 'formed' and 'commonwealth' is replaced by 'cis', which indicates a significant amount of information leakage. However, some words are changed or removed, which reduces the leakage. Therefore, the score is 0.7.",llama-3.3-70b-versatile
1103812,who formed the commonwealth of independent states,whom formed of _____________________________________________ the handful united,0.4,"The obfuscated text still contains some key words from the original text, such as 'formed' and 'united', but the meaning is somewhat distorted and some words are missing or replaced with blanks, indicating a moderate level of information leakage.",llama-3.3-70b-versatile
1103812,who formed the commonwealth of independent states,whom forming the commonwealth of independent states,0.95,"The obfuscated text is almost identical to the original text, with only a minor change in the word 'who' to 'whom' and 'formed' to 'forming', indicating very little information leakage.",llama-3.3-70b-versatile
1103812,who formed the commonwealth of independent states,whom forming part except some established united,0.8,"The obfuscated text still contains most of the original information, with only minor changes in wording, such as 'whom' instead of 'who' and 'forming' instead of 'formed'. The core information about the formation of the commonwealth of independent states is still present, indicating a high level of information leakage.",llama-3.3-70b-versatile
1103812,who formed the commonwealth of independent states,whom forming . commonwealth the independent states,0.9,"The obfuscated text is very similar to the original text, with only minor changes in wording and punctuation, indicating a high level of information leakage.",llama-3.3-70b-versatile
1103812,who formed the commonwealth of independent states,whom formed of bb94 of critical united,0.7,"The obfuscated text still contains the core information of the original text, but with some modifications and additions, so the score is 0.7",llama-3.3-70b-versatile
1037798,who is robert gray,whom is richard grey,0.6,"The obfuscated text 'whom is richard grey' still conveys a similar meaning to the original text 'who is robert gray', but with some changes in the words used, indicating a moderate level of information leakage.",llama-3.3-70b-versatile
1037798,who is robert gray,whom part james grey,0.4,"The obfuscated text 'whom part james grey' has some similarity to the original text 'who is robert gray', but with significant changes, including a different verb ('part' instead of 'is') and a different name ('james' instead of 'robert') and a slightly different last name ('grey' instead of 'gray'). However, the word order and some of the words are still similar, indicating some information leakage. Therefore, the score is 0.4.",llama-3.3-70b-versatile
1037798,who is robert gray,whom comes rohch gray,0.4,"The obfuscated text 'whom comes rohch gray' still contains similar sounds and word structures to the original text 'who is robert gray', indicating some information leakage. However, the changes made to the text, such as 'whom' instead of 'who', 'comes' instead of 'is', 'rohch' instead of 'robert', and 'gray' remaining the same, suggest a moderate level of obfuscation. Therefore, the score is 0.4.",llama-3.3-70b-versatile
1037798,who is robert gray,who this rohch gray,0.4,"The obfuscated text 'who this rohch gray' still contains the original subject 'who' and a similar last name 'gray', indicating some information leakage, but the change in the middle part and the first name reduces the leakage",llama-3.3-70b-versatile
1037798,who is robert gray,whom is robert gray,0.9,"The obfuscated text 'whom is robert gray' is very similar to the original text 'who is robert gray', with only a small change in the first word, indicating a high level of information leakage.",llama-3.3-70b-versatile
1037798,who is robert gray,who now robert grey,0.8,"The obfuscated text 'who now robert grey' still contains the original name 'robert' and a similar last name 'grey', indicating a significant information leakage.",llama-3.3-70b-versatile
1037798,who is robert gray,whom now william grey,0.6,"The obfuscated text 'whom now william grey' has changed the original name 'robert' to 'william' and 'gray' to 'grey', and also changed 'is' to 'now', which indicates a moderate level of information leakage",llama-3.3-70b-versatile
1037798,who is robert gray,whom now moore brown,0.2,"The obfuscated text 'whom now moore brown' has completely different words compared to the original text 'who is robert gray', indicating minimal information leakage.",llama-3.3-70b-versatile
1037798,who is robert gray,whom a noonz gray,0.2,"The obfuscated text 'whom a noonz gray' has some similarity to the original text 'who is robert gray', but with significant changes, including 'whom' instead of 'who', 'a' instead of 'is', 'noonz' instead of 'robert', and 'gray' remains the same. The score is 0.2 because only the last name 'gray' remains the same, but with a different first name and verb.",llama-3.3-70b-versatile
1037798,who is robert gray,whom also g. grey,0.4,"The obfuscated text 'whom also g. grey' has a similar structure to the original text 'who is robert gray', but with significant changes to the name, indicating moderate information leakage",llama-3.3-70b-versatile
1063750,why did the us volunterilay enter ww1,why n't the u.s. banez enter ww2,0.4,"The obfuscated text still contains some recognizable words and phrases from the original text, such as 'why', 'enter', and 'ww', which indicates some information leakage. However, the obfuscated text has changed the country from 'us' to 'u.s.' and the war from 'ww1' to 'ww2', and has also added or modified some words, which reduces the information leakage. Therefore, the score is 0.4.",llama-3.3-70b-versatile
1063750,why did the us volunterilay enter ww1,know n't the u.s. landdrost entering garz,0.2,"The obfuscated text has changed significantly from the original text, with many words replaced or altered, indicating a low level of information leakage.",llama-3.3-70b-versatile
1063750,why did the us volunterilay enter ww1,know why . u.s. 127-mile entered ww1,0.6,"The obfuscated text still contains some key words from the original text, such as 'u.s.' and 'ww1', which indicates some information leakage. However, other words have been changed or removed, reducing the overall information leakage.",llama-3.3-70b-versatile
1063750,why did the us volunterilay enter ww1,know never same u.s. insulting enter ww2,0.4,"The obfuscated text still contains some key words from the original text, such as 'u.s.' and 'enter', but the context and other words have been changed, indicating some information leakage. However, the overall meaning and specific details have been altered, reducing the leakage.",llama-3.3-70b-versatile
1063750,why did the us volunterilay enter ww1,what did the us murdock entering ww2,0.4,"The obfuscated text still contains some similar words and phrases to the original text, such as 'us' and 'entering', but the meaning and context have been altered significantly, indicating moderate information leakage.",llama-3.3-70b-versatile
1063750,why did the us volunterilay enter ww1,explain n't which u.s. honeycreepers enter ww1,0.4,"The obfuscated text still contains some recognizable words and phrases from the original text, such as 'u.s.' and 'enter', but the meaning and context have been significantly altered, indicating moderate information leakage.",llama-3.3-70b-versatile
1063750,why did the us volunterilay enter ww1,know n't the us gzy enter ww2,0.4,"The obfuscated text has some similarities with the original text, but many words are changed or replaced with nonsensical words, indicating a moderate level of information leakage.",llama-3.3-70b-versatile
1063750,why did the us volunterilay enter ww1,why did the u.s. sowie entering ww2,0.4,"The obfuscated text still contains the phrase 'u.s.' and 'ww2', which are present in the original text, indicating some information leakage. However, other key words such as 'why did' and 'enter' have been altered or removed, reducing the overall information leakage. The score is 0.4, reflecting a moderate level of information leakage.",llama-3.3-70b-versatile
1063750,why did the us volunterilay enter ww1,what n't of u.s. dowling entering ww1,0.4,"The obfuscated text still contains some recognizable words and phrases from the original text, such as 'u.s.' and 'entering', but with significant changes, including the replacement of 'why did' with 'what n't of' and 'ww1' with 'ww1', indicating a moderate level of information leakage.",llama-3.3-70b-versatile
1063750,why did the us volunterilay enter ww1,reason not the u.s. mitrevski entering ww2,0.4,"The obfuscated text still contains the country name 'u.s.' and the event 'ww2' or 'ww1', indicating some information leakage, but the context and other details are altered, so the score is 0.4",llama-3.3-70b-versatile
