id,text,obfuscatedText,score,justification,model
19335,anthropological definition of environment,linguistic definitions great manipulators,0.4,"The obfuscated text 'linguistic definitions great manipulators' still conveys some information about the original text 'anthropological definition of environment', as it mentions 'definitions' which is related to 'definition', but the context and specifics are altered, thus the score is 0.4",llama-3.3-70b-versatile
19335,anthropological definition of environment,anthropological по dokuz environment,0.7,"The obfuscated text still contains the original words 'anthropological' and 'environment', indicating significant information leakage. However, the addition of 'по dokuz' introduces some level of obfuscation, reducing the leakage. Therefore, a score of 0.7 is assigned.",llama-3.3-70b-versatile
19335,anthropological definition of environment,cartiere lierde glide lluvia,0.1,"The obfuscated text 'cartiere lierde glide lluvia' does not resemble the original text 'anthropological definition of environment' in any way, indicating a very low information leakage.",llama-3.3-70b-versatile
19335,anthropological definition of environment,maokola definition common park,0.2,"The obfuscated text 'maokola definition common park' does not closely resemble the original text 'anthropological definition of environment'. However, it does contain the word 'definition', which is present in the original text. The score is 0.2 because only one word is shared between the two texts, indicating minimal information leakage.",llama-3.3-70b-versatile
19335,anthropological definition of environment,cannibalism freeview of tuality,0.1,"The obfuscated text 'cannibalism freeview of tuality' does not resemble the original text 'anthropological definition of environment' in any way, indicating a very low information leakage.",llama-3.3-70b-versatile
19335,anthropological definition of environment,anthropological nexstar and comala,0.4,"The obfuscated text still contains the word 'anthropological' which is present in the original text, indicating some information leakage. However, the rest of the text has been changed, reducing the overall information leakage.",llama-3.3-70b-versatile
19335,anthropological definition of environment,31.15 what about environment,0.8,"The obfuscated text still contains the word 'environment' which is present in the original text, indicating significant information leakage.",llama-3.3-70b-versatile
19335,anthropological definition of environment,mondeo 370-kilometer of beings,0.0,The obfuscated text 'mondeo 370-kilometer of beings' does not contain any information related to the original text 'anthropological definition of environment'.,llama-3.3-70b-versatile
19335,anthropological definition of environment,socio-economic defines línea 119.05,0.2,"The obfuscated text 'socio-economic defines línea 119.05' does not contain the original words 'anthropological' and 'environment', but it does contain a related concept 'defines' and a word 'socio-economic' which is related to anthropology. However, the score should be low because the obfuscated text does not convey the same meaning as the original text.",llama-3.3-70b-versatile
19335,anthropological definition of environment,anthropological uniform true with,0.7,"The obfuscated text still contains the word 'anthological' which is a key part of the original text, indicating a significant information leakage.",llama-3.3-70b-versatile
47923,axon terminals or synaptic knob definition,carlo marlin ) causal vertical jei,0.0,"The obfuscated text does not contain any relevant information from the original text, indicating a low information leakage score.",llama-3.3-70b-versatile
47923,axon terminals or synaptic knob definition,manolos francophone al plasticity knob definition,0.4,"The obfuscated text still contains the word 'knob definition' which is present in the original text, indicating some information leakage. However, other key terms like 'axon terminals' and 'synaptic' are not present, suggesting partial information leakage.",llama-3.3-70b-versatile
47923,axon terminals or synaptic knob definition,axon terminals grasswren plasticity 2201 defined,0.6,"The obfuscated text still contains key terms from the original text, such as 'axon terminals' and 'plasticity', but with added unrelated words, indicating partial information leakage.",llama-3.3-70b-versatile
47923,axon terminals or synaptic knob definition,axon liquefied communicators consistencies sprite i.e.,0.2,"The obfuscated text still contains the word 'axon' which is present in the original text, but other key terms like 'terminals' and 'synaptic knob definition' are not present or are significantly altered, indicating some information leakage.",llama-3.3-70b-versatile
47923,axon terminals or synaptic knob definition,coxhill mtna $ synapses ambattur clotho,0.2,"The obfuscated text 'coxhill mtna $ synapses ambattur clotho' has some similarity to the original text 'axon terminals or synaptic knob definition' in that it contains the word 'synapses', which is related to 'axon terminals' and 'synaptic knob'. However, the rest of the text is completely unrelated, indicating significant information leakage reduction. Therefore, the score is 0.2.",llama-3.3-70b-versatile
47923,axon terminals or synaptic knob definition,chukwurah terminals any synaptic buck definition,0.8,"The obfuscated text still contains the key terms 'terminals' and 'synaptic' which are present in the original text, indicating a significant information leakage.",llama-3.3-70b-versatile
47923,axon terminals or synaptic knob definition,axon ortsgemeinden tessa inhibitory thompsonville definitions,0.4,"The obfuscated text still contains the word 'axon' and 'inhibitory' which are related to the original text, but other words are changed or added, indicating some information leakage",llama-3.3-70b-versatile
47923,axon terminals or synaptic knob definition,axon hinchinbrook or synaptic 28/29 watson,0.4,"The obfuscated text still contains the words 'axon' and 'synaptic' which are present in the original text, indicating some information leakage.",llama-3.3-70b-versatile
47923,axon terminals or synaptic knob definition,synapse 0700 ottawa rashba knob mid-19th,0.4,"The obfuscated text still contains the word 'synapse' and 'knob' which are related to the original text 'axon terminals or synaptic knob definition', indicating some information leakage.",llama-3.3-70b-versatile
47923,axon terminals or synaptic knob definition,euro171 computer life-threatening glutamate camp definition,0.1,"The obfuscated text 'euro171 computer life-threatening glutamate camp definition' does not closely resemble the original text 'axon terminals or synaptic knob definition', but it does contain the word 'definition' which is present in the original text. However, the context and most of the content are completely different, indicating very little information leakage.",llama-3.3-70b-versatile
87181,causes of left ventricular hypertrophy,symmachus of out ventricle diekmann,0.4,"The obfuscated text appears to be a jumbled version of the original text, with some words replaced by unrelated terms. The word 'symmachus' seems unrelated to 'causes', 'out' is a possible replacement for 'left', 'ventricle' remains the same, and 'diekmann' is unrelated to 'hypertrophy'. Given this, the score should reflect a moderate level of information leakage.",llama-3.3-70b-versatile
87181,causes of left ventricular hypertrophy,aids wińsko struck arrhythmias videocassette,0.1,"The obfuscated text 'aids wińsko struck arrhythmias videocassette' does not convey the original meaning of 'causes of left ventricular hypertrophy' and appears to be a jumbled collection of unrelated words, indicating minimal information leakage.",llama-3.3-70b-versatile
87181,causes of left ventricular hypertrophy,causes asanas with tachycardia hypertrophy,0.8,"The obfuscated text still contains the key words 'causes', 'hypertrophy', and 'tachycardia' which are related to the original text 'causes of left ventricular hypertrophy', indicating significant information leakage.",llama-3.3-70b-versatile
87181,causes of left ventricular hypertrophy,wasting of important diastole bettong,0.8,"The obfuscated text 'causes asanas with tachycardia hypertrophy' still contains the key words 'causes', 'hypertrophy' which are present in the original text 'causes of left ventricular hypertrophy', indicating significant information leakage.",llama-3.3-70b-versatile
87181,causes of left ventricular hypertrophy,biscet of left ventricular raue,0.6,"The obfuscated text 'biscet of left ventricular raue' still contains the phrase 'left ventricular' which is present in the original text 'causes of left ventricular hypertrophy', indicating some information leakage. However, the words 'biscet' and 'raue' do not convey the same meaning as 'causes' and 'hypertrophy', suggesting partial information leakage.",llama-3.3-70b-versatile
87181,causes of left ventricular hypertrophy,cause council tigers ventricular hyperplasia,0.4,"The obfuscated text 'cause council tigers ventricular hyperplasia' still contains the word 'ventricular' which is present in the original text 'causes of left ventricular hypertrophy', indicating some information leakage. However, the meaning and context have been altered, so it's not a complete leakage. The score is 0.4.",llama-3.3-70b-versatile
87181,causes of left ventricular hypertrophy,3 -- ivanov ventricular stear,0.1,"The obfuscated text '3 -- ivanov ventricular stear' does not closely resemble the original text 'causes of left ventricular hypertrophy', indicating minimal information leakage.",llama-3.3-70b-versatile
87181,causes of left ventricular hypertrophy,proliferated shlomo off called qutb,0.0,"The obfuscated text does not retain any significant information from the original text, with completely unrelated words and phrases used.",llama-3.3-70b-versatile
87181,causes of left ventricular hypertrophy,causes 90.75 wright sergiev hypoplastic,0.4,"The obfuscated text 'causes 90.75 wright sergiev hypoplastic' still contains the word 'causes' which is present in the original text, indicating some information leakage. However, the rest of the text is significantly altered, suggesting a moderate level of obfuscation.",llama-3.3-70b-versatile
87181,causes of left ventricular hypertrophy,anaemia anne rapalo pericardial physiologic,0.0,"The obfuscated text does not retain any meaningful information from the original text, with completely unrelated words and phrases used.",llama-3.3-70b-versatile
87452,causes of military suicide,recognizes yixian military petrini,0.4,"The obfuscated text does not convey the same meaning as the original text, but some words are similar, indicating partial information leakage.",llama-3.3-70b-versatile
87452,causes of military suicide,causes of schmidt sadc,0.4,"The obfuscated text still contains the word 'causes' and 'of' which are present in the original text, but the key word 'military' has been replaced with 'sadc' and 'suicide' has been replaced with 'schmidt', indicating some information leakage but not complete.",llama-3.3-70b-versatile
87452,causes of military suicide,opioid of soldiers later,0.4,"The obfuscated text still contains some keywords related to the original text, such as 'of' and words related to the military or suicide, but the meaning is somewhat altered.",llama-3.3-70b-versatile
87452,causes of military suicide,been the army 3ot,0.2,"The obfuscated text 'been the army 3ot' does not convey the same meaning as the original text 'causes of military suicide', but it still contains the word 'army' which is related to 'military'. However, the overall meaning is significantly altered, thus the score is 0.2",llama-3.3-70b-versatile
87452,causes of military suicide,resulting marquet cohen death,0.4,"The obfuscated text still contains some keywords related to the original text, such as 'military' or 'death', but the context and meaning are altered, indicating some information leakage. However, the score is not 1 because the obfuscated text does not directly reveal the original text's meaning.",llama-3.3-70b-versatile
87452,causes of military suicide,cause varying unit dahs,0.4,"The obfuscated text still contains the word 'cause' which is similar to 'causes' in the original text, and 'unit' could be related to 'military', indicating some information leakage",llama-3.3-70b-versatile
87452,causes of military suicide,18th of army khanaqin,0.4,"The obfuscated text '18th of army khanaqin' still contains the word 'army' which is a significant keyword from the original text 'causes of military suicide', indicating some information leakage. However, the context and other keywords are altered, reducing the leakage. Therefore, a moderate score of 0.4 is assigned.",llama-3.3-70b-versatile
87452,causes of military suicide,autism history command attacks,0.2,"The obfuscated text 'autism history command attacks' does not convey the same meaning as the original text 'causes of military suicide', but it still contains the word 'attacks' which could be related to military actions, thus some information leakage is present",llama-3.3-70b-versatile
87452,causes of military suicide,sawhney promised forces kyösti,0.2,"The obfuscated text 'sawhney promised forces kyösti' does not convey the same meaning as the original text 'causes of military suicide', with most words being unrelated, thus the information leakage score is 0.2",llama-3.3-70b-versatile
87452,causes of military suicide,cause pseudoscience futile bombers,0.2,"The obfuscated text 'cause pseudoscience futile bombers' still contains the word 'cause' which is present in the original text 'causes of military suicide', indicating some information leakage. However, the context and other words are completely different, suggesting a low to moderate level of information leakage.",llama-3.3-70b-versatile
104861,cost of interior concrete flooring,exact team ministry experts f250,0.0,"The obfuscated text does not contain any relevant information from the original text, indicating no information leakage.",llama-3.3-70b-versatile
104861,cost of interior concrete flooring,cost of agency rusticated dounreay,0.3,"The obfuscated text still contains the word 'cost' and 'of' which are present in the original text, indicating some information leakage. However, the rest of the text has been changed, reducing the overall information leakage.",llama-3.3-70b-versatile
104861,cost of interior concrete flooring,~ cruisecritic.com within skeletons linoleum,0.0,"The obfuscated text does not contain any relevant information from the original text, indicating minimal information leakage.",llama-3.3-70b-versatile
104861,cost of interior concrete flooring,cost kharitonov is concrete fingerprint,0.6,"The obfuscated text still contains the word 'cost' and 'concrete' which are present in the original text, indicating some information leakage",llama-3.3-70b-versatile
104861,cost of interior concrete flooring,easy possibly rather precast flooring,0.7,"The obfuscated text still contains the word 'flooring' which is present in the original text, and also contains the word 'precast' which is related to concrete flooring, indicating a significant information leakage.",llama-3.3-70b-versatile
104861,cost of interior concrete flooring,cost portrait ministry build-up hardwood,0.4,"The obfuscated text still contains the word 'cost' and 'hardwood' which is related to 'flooring', indicating some information leakage",llama-3.3-70b-versatile
104861,cost of interior concrete flooring,dm2 horn riders dombal small,0.0,"The obfuscated text does not contain any relevant information from the original text, indicating minimal information leakage.",llama-3.3-70b-versatile
104861,cost of interior concrete flooring,costing doubt interior 119.85 isostatic,0.4,"The obfuscated text still contains the word 'costing' and 'interior', which are present in the original text, indicating some information leakage.",llama-3.3-70b-versatile
104861,cost of interior concrete flooring,expense grandclaude støre the 42-1,0.0,The obfuscated text 'expense grandclaude støre the 42-1' does not contain any relevant information related to the original text 'cost of interior concrete flooring'.,llama-3.3-70b-versatile
104861,cost of interior concrete flooring,aldebert office qad concrete celester,0.4,"The obfuscated text still contains the word 'concrete' which is present in the original text, indicating some information leakage.",llama-3.3-70b-versatile
1106007,define visceral?,acceptable bladed,0.2,"The obfuscated text 'acceptable bladed' does not convey the same meaning as the original text 'define visceral?', thus the information leakage is minimal.",llama-3.3-70b-versatile
1106007,define visceral?,corbusier melastomataceae,0.2,"The obfuscated text 'corbusier melastomataceae' does not convey the meaning of the original text 'define visceral?', thus the information leakage is low.",llama-3.3-70b-versatile
1106007,define visceral?,1/11 omalanga,0.2,"The obfuscated text '1/11 omalanga' does not convey the meaning of the original text 'define visceral?', thus the score is 0.2",llama-3.3-70b-versatile
1106007,define visceral?,definition radicchio,0.8,"The obfuscated text 'definition radicchio' still contains the word 'definition' which is closely related to the original text 'define visceral?', thus indicating a significant information leakage.",llama-3.3-70b-versatile
1106007,define visceral?,define fleabane,0.8,"The obfuscated text 'define fleabane' is very similar to the original text 'define visceral?', with the only difference being the word 'fleabane' instead of 'visceral?. This suggests a high level of information leakage, but not complete, as the meaning of the text is still slightly altered.",llama-3.3-70b-versatile
1106007,define visceral?,consultancy interior,0.0,"The obfuscated text 'consultancy interior' does not contain any information related to the original text 'define visceral?', thus the score is 0",llama-3.3-70b-versatile
1106007,define visceral?,99.04 consitution,0.01,"The obfuscated text '99.04 consitution' does not resemble the original text 'define visceral?' in any way, indicating a very low information leakage.",llama-3.3-70b-versatile
1106007,define visceral?,categorize sinfonietta,0.0,"The obfuscated text 'categorize sinfonietta' does not contain any information related to the original text 'define visceral?', thus the score is 0",llama-3.3-70b-versatile
1106007,define visceral?,heermann bu,0.0,"The obfuscated text 'heermann bu' does not provide any meaningful information related to the original text 'define visceral?', thus the score is 0",llama-3.3-70b-versatile
1106007,define visceral?,define sundown,0.2,"The obfuscated text 'define sundown' is similar to the original text 'define visceral' in that it starts with the same word 'define', but the meaning of the words 'sundown' and 'visceral' are completely different. Therefore, the information leakage from the original text to the obfuscated text is low, but not zero due to the shared word 'define'.",llama-3.3-70b-versatile
130510,definition declaratory judgment,tresca interpleader rather,0.4,"The obfuscated text 'tresca interpleader rather' does not convey the same meaning as the original text 'definition declaratory judgment', but some legal terms are preserved, thus a moderate score of 0.4 is given",llama-3.3-70b-versatile
130510,definition declaratory judgment,curriculum telegraphed judgment,0.4,"The obfuscated text 'curriculum telegraphed judgment' still contains the word 'judgment' from the original text 'definition declaratory judgment', indicating some information leakage. However, the other words have been replaced, reducing the overall leakage.",llama-3.3-70b-versatile
130510,definition declaratory judgment,definition declaratory judgment,1.0,"The obfuscated text is identical to the original text, indicating complete information leakage.",llama-3.3-70b-versatile
130510,definition declaratory judgment,curmudgeonly declaratory ranheim,0.3,"The obfuscated text 'curmudgeonly declaratory ranheim' has some similarity to the original text 'definition declaratory judgment' as it retains the word 'declaratory', but changes the other words, thus the score is 0.3",llama-3.3-70b-versatile
130510,definition declaratory judgment,vocal-instrumental declaratory fifty-fifty,0.2,"The obfuscated text 'vocal-instrumental declaratory fifty-fifty' has some similarity to the original text 'definition declaratory judgment' in that it retains the word 'declaratory', but the other words are completely different, indicating a moderate level of information leakage.",llama-3.3-70b-versatile
130510,definition declaratory judgment,physics-based horiguchi undated,0.2,"The obfuscated text 'physics-based horiguchi undated' does not contain any of the original words 'definition', 'declaratory', or 'judgment', indicating significant information leakage reduction.",llama-3.3-70b-versatile
130510,definition declaratory judgment,definition wonkish judgment,0.7,"The obfuscated text 'definition wonkish judgment' has similar structure to the original text 'definition declaratory judgment', with 'wonkish' replacing 'declaratory', indicating moderate information leakage.",llama-3.3-70b-versatile
130510,definition declaratory judgment,debasis emplacement judgment,0.3,"The obfuscated text 'debasis emplacement judgment' has some similarity to the original text 'definition declaratory judgment' in that it contains the word 'judgment', but the other words are quite different, indicating moderate information leakage.",llama-3.3-70b-versatile
130510,definition declaratory judgment,definition mhaga reasoning,0.5,"The obfuscated text 'definition mhaga reasoning' has some similarity to the original text 'definition declaratory judgment' with 'definition' being the same, but 'mhaga' and 'reasoning' are different from 'declaratory' and 'judgment', indicating partial information leakage",llama-3.3-70b-versatile
130510,definition declaratory judgment,notes t-35 same,0.0,"The obfuscated text 'notes t-35 same' has no similarity with the original text 'definition declaratory judgment', indicating a very low information leakage.",llama-3.3-70b-versatile
131843,definition of a sigmet,definition musina manifestation rucksack,0.4,"The obfuscated text has some similar words to the original text, but with some changes, indicating partial information leakage",llama-3.3-70b-versatile
131843,definition of a sigmet,defines reception tapeworm retardants,0.4,"The obfuscated text 'defines reception tapeworm retardants' has some similarity to the original text 'definition of a sigmet', but with significant changes, indicating partial information leakage.",llama-3.3-70b-versatile
131843,definition of a sigmet,ecg ram another dziennik,0.2,"The obfuscated text 'ecg ram another dziennik' does not convey the original meaning of 'definition of a sigmet' as it contains unrelated words, thus the score is 0.2",llama-3.3-70b-versatile
131843,definition of a sigmet,‘ of tuhv andresol,0.2,"The obfuscated text 'of tuhv andresol' does not convey the same meaning as the original text 'definition of a sigmet', indicating significant information leakage. However, some words are similar in structure, but not in meaning, hence a score of 0.2 is given.",llama-3.3-70b-versatile
131843,definition of a sigmet,glacialis ban giant 15-strong,0.2,"The obfuscated text 'glacialis ban giant 15-strong' does not convey the same meaning as the original text 'definition of a sigmet', but some words are similar in length or sound, indicating a small amount of information leakage.",llama-3.3-70b-versatile
131843,definition of a sigmet,geometry kurultai close dry-season,0.0,"The obfuscated text 'geometry kurultai close dry-season' does not contain any information related to the original text 'definition of a sigmet', thus the score is 0",llama-3.3-70b-versatile
131843,definition of a sigmet,about organ coloration 1919-1921,0.1,"The obfuscated text does not contain any relevant information related to the original text 'definition of a sigmet', which refers to a specific weather phenomenon. The obfuscated text appears to be a collection of unrelated words, resulting in minimal information leakage.",llama-3.3-70b-versatile
131843,definition of a sigmet,standard 99.82 gilbert@globe.com tpn,0.0,The obfuscated text does not contain any relevant information from the original text 'definition of a sigmet'.,llama-3.3-70b-versatile
131843,definition of a sigmet,backlashes sufficient part coordinator,0.0,The obfuscated text does not contain any relevant information from the original text 'definition of a sigmet'.,llama-3.3-70b-versatile
131843,definition of a sigmet,mathematical pic after ratra,0.2,"The obfuscated text 'mathematical pic after ratra' does not convey the original meaning of 'definition of a sigmet', which is a meteorological term. However, it does contain some words that could be related to the original text, such as 'mathematical' which might be used in the context of meteorology. The score is 0.2 because there is a slight possibility that someone could guess the original text from the obfuscated text, but it is still very unlikely.",llama-3.3-70b-versatile
146187,difference between a mcdouble and a double cheeseburger,khattabi of featured understands these a in-the-fields downer,0.0,"The obfuscated text does not contain any recognizable words or phrases from the original text, indicating a low level of information leakage.",llama-3.3-70b-versatile
146187,difference between a mcdouble and a double cheeseburger,borrowers pro- says adilgerei 10.64 a double blousy,0.1,"The obfuscated text does not contain any relevant information from the original text, indicating a low information leakage score.",llama-3.3-70b-versatile
146187,difference between a mcdouble and a double cheeseburger,dang referring as government holds a whopper fourth,0.1,"The obfuscated text does not contain any relevant information from the original text, indicating minimal information leakage.",llama-3.3-70b-versatile
146187,difference between a mcdouble and a double cheeseburger,perjuangan across ” nevalainen renovates another beat nonfictional,0.0,"The obfuscated text does not contain any relevant information from the original text, indicating minimal information leakage.",llama-3.3-70b-versatile
146187,difference between a mcdouble and a double cheeseburger,slight ; gay-themed duffy hearts took brufau cheeseburger,0.6,"The obfuscated text contains the word 'cheeseburger' which is a key term from the original text, indicating some information leakage.",llama-3.3-70b-versatile
146187,difference between a mcdouble and a double cheeseburger,change called a binnie maneuvers a double garafalo,0.2,"The obfuscated text does not contain any relevant information from the original text, but 'double' is present in both, which may indicate some minor information leakage",llama-3.3-70b-versatile
146187,difference between a mcdouble and a double cheeseburger,another 10-40 ministry scheme rowan a 20v kudrin,0.2,"The obfuscated text does not contain any relevant information about the difference between a McDouble and a Double Cheeseburger, but it does mention 'double' which is a keyword from the original text.",llama-3.3-70b-versatile
146187,difference between a mcdouble and a double cheeseburger,nailing about mockumentary grouped greene a scoundrels warsop,0.0,"The obfuscated text does not contain any relevant information about the difference between a McDouble and a Double Cheeseburger, indicating minimal information leakage.",llama-3.3-70b-versatile
146187,difference between a mcdouble and a double cheeseburger,geschichten group short nccpl stressed 132.30 malthusian ketchup,0.0,"The obfuscated text does not contain any relevant information about the difference between a McDouble and a Double Cheeseburger, indicating minimal information leakage.",llama-3.3-70b-versatile
146187,difference between a mcdouble and a double cheeseburger,3 yugas backer jonbenet occasion one trap cheeseburger,0.2,"The obfuscated text does not contain any relevant information about the difference between a McDouble and a Double Cheeseburger, but it does contain the word 'cheeseburger' which is related to the original text.",llama-3.3-70b-versatile
148538,difference between rn and bsn,there between rn latham innervates,0.4,"The obfuscated text still contains some similar words and structure to the original text, such as 'between' and 'rn', which could indicate some information leakage. However, the addition of unrelated words like 'latham innervates' and the change in context suggest that the information leakage is not complete.",llama-3.3-70b-versatile
148538,difference between rn and bsn,money country uis golden mississipi,0.0,"The obfuscated text 'money country uis golden mississipi' does not resemble the original text 'difference between rn and bsn' in any way, indicating a very low information leakage.",llama-3.3-70b-versatile
148538,difference between rn and bsn,"coincidence 100,000-200 rn added o'riordan",0.2,"The obfuscated text still contains the phrase 'rn' which is present in the original text, indicating some information leakage. However, the context and surrounding words are completely different, reducing the leakage. The score is set to 0.2 to reflect this partial leakage.",llama-3.3-70b-versatile
148538,difference between rn and bsn,difference about currier multi-purpose seafirst,0.2,"The obfuscated text still contains the word 'difference' which is present in the original text, indicating some information leakage. However, the rest of the text has been changed, reducing the overall leakage.",llama-3.3-70b-versatile
148538,difference between rn and bsn,on between 617-929-2597 while ditan,0.2,"The obfuscated text still contains the word 'between' which is present in the original text, but the surrounding context and words are completely different, indicating some information leakage.",llama-3.3-70b-versatile
148538,difference between rn and bsn,one between contratas wide chaira,0.4,"The obfuscated text still contains the word 'between' which is present in the original text, indicating some information leakage. However, the surrounding context and words have been changed, reducing the leakage. The score is 0.4, reflecting a moderate level of information leakage.",llama-3.3-70b-versatile
148538,difference between rn and bsn,stick between rn cole located,0.4,"The obfuscated text 'stick between rn cole located' still contains the phrase 'between rn' which is similar to the original text 'difference between rn and bsn'. This suggests some information leakage, but the context and surrounding words are different, so it's not a complete leakage.",llama-3.3-70b-versatile
148538,difference between rn and bsn,only between huelga he bsn,0.6,"The obfuscated text still contains the key phrases 'between' and 'rn' or 'bsn', which are present in the original text, indicating some information leakage.",llama-3.3-70b-versatile
148538,difference between rn and bsn,percentage 146.8 foot-operated one kcaa,0.4,"The obfuscated text still contains some similar words and structure to the original text, but with significant changes, indicating moderate information leakage.",llama-3.3-70b-versatile
148538,difference between rn and bsn,book is pompeii rabelo bsn,0.4,"The obfuscated text still contains the keyword 'bsn' which is present in the original text, indicating some information leakage.",llama-3.3-70b-versatile
156493,do goldfish grow,should .71 grown,0.3,"The obfuscated text 'should .71 grown' does not clearly convey the original message 'do goldfish grow', but it contains a number which might indicate a percentage of growth, thus the score is 0.3",llama-3.3-70b-versatile
156493,do goldfish grow,ca blood-red beyond,0.2,"The obfuscated text 'ca blood-red beyond' does not convey the same meaning as the original text 'do goldfish grow', but it does contain a word 'beyond' which could imply growth, thus the score is 0.2",llama-3.3-70b-versatile
156493,do goldfish grow,are detalle funtleyder,0.2,"The obfuscated text 'are detalle funtleyder' does not convey the same meaning as the original text 'do goldfish grow', but it does contain some similar sounds and word structures, indicating a partial information leakage.",llama-3.3-70b-versatile
156493,do goldfish grow,allude goldfish grow,0.8,"The obfuscated text 'allude goldfish grow' still contains the key words 'goldfish' and 'grow', which are present in the original text 'do goldfish grow'. This suggests a significant amount of information leakage.",llama-3.3-70b-versatile
156493,do goldfish grow,card inga succumbed,0.0,"The obfuscated text 'card inga succumbed' does not contain any information from the original text 'do goldfish grow', so the score is 0",llama-3.3-70b-versatile
156493,do goldfish grow,that marchais inadequate,0.0,"The obfuscated text 'that marchais inadequate' does not contain any information from the original text 'do goldfish grow', so the score is 0",llama-3.3-70b-versatile
156493,do goldfish grow,they camillus realize,0.4,"The obfuscated text 'they camillus realize' does not convey the same meaning as the original text 'do goldfish grow', but it does contain some similar sounds and structures, indicating a moderate level of information leakage.",llama-3.3-70b-versatile
156493,do goldfish grow,n't depressingly 35,0.0,"The obfuscated text 'n't depressingly 35' does not contain any information related to the original text 'do goldfish grow', thus the score is 0",llama-3.3-70b-versatile
156493,do goldfish grow,do cordite tactility,0.0,"The obfuscated text 'do cordite tactility' does not contain any information from the original text 'do goldfish grow', so the score is 0",llama-3.3-70b-versatile
156493,do goldfish grow,can energy-efficiency reta,0.0,"The obfuscated text 'can energy-efficiency reta' does not contain any information from the original text 'do goldfish grow', thus the score is 0",llama-3.3-70b-versatile
168216,does legionella pneumophila cause pneumonia,them gann politicians in sanitarium,0.0,"The obfuscated text does not reveal any information about the original text, which is about Legionella pneumophila causing pneumonia. The obfuscated text appears to be unrelated and does not contain any keywords or phrases that could be linked to the original text.",llama-3.3-70b-versatile
168216,does legionella pneumophila cause pneumonia,"that fertilise reinitiated 1,801 flu",0.2,"The obfuscated text does not convey the same meaning as the original text, but some words like 'flu' are related to pneumonia, indicating a small amount of information leakage.",llama-3.3-70b-versatile
168216,does legionella pneumophila cause pneumonia,money chilensis kind satisfy carinii,0.1,"The obfuscated text does not contain any relevant information about Legionella pneumophila or pneumonia, indicating a low information leakage score.",llama-3.3-70b-versatile
168216,does legionella pneumophila cause pneumonia,n't a48 oppressed problem fluid,0.0,"The obfuscated text does not contain any relevant information about the original text, which is about Legionella pneumophila causing pneumonia. The obfuscated text seems to be completely unrelated, with words like 'money', 'chilensis', 'carinii', 'a48', 'oppressed', 'problem', and 'fluid' that do not convey the same meaning as the original text.",llama-3.3-70b-versatile
168216,does legionella pneumophila cause pneumonia,dhs 31.83 ez-zor roscius pneumonia,0.8,"The obfuscated text 'dhs 31.83 ez-zor roscius pneumonia' still contains the word 'pneumonia' which is present in the original text 'does legionella pneumophila cause pneumonia', indicating significant information leakage.",llama-3.3-70b-versatile
168216,does legionella pneumophila cause pneumonia,drudgery fungus pneumophila caused pneumonia,0.8,"The obfuscated text still contains the words 'pneumophila' and 'pneumonia', which are present in the original text, indicating significant information leakage.",llama-3.3-70b-versatile
168216,does legionella pneumophila cause pneumonia,mascherano maracineanu sorey those unm,0.0,"The obfuscated text 'mascherano maracineanu sorey those unm' does not contain any relevant information related to the original text 'does legionella pneumophila cause pneumonia', thus the score is 0",llama-3.3-70b-versatile
168216,does legionella pneumophila cause pneumonia,that guyana clint ohler pneumonia,0.8,"The obfuscated text still contains the word 'pneumonia' which is present in the original text, indicating significant information leakage.",llama-3.3-70b-versatile
168216,does legionella pneumophila cause pneumonia,actions legionella pneumophila chaos pneumonia,1.0,"The obfuscated text contains the exact words 'legionella pneumophila' and 'pneumonia' which are present in the original text, indicating complete information leakage.",llama-3.3-70b-versatile
168216,does legionella pneumophila cause pneumonia,hesitates legionella bouzoubaa city scourges,0.8,"The obfuscated text contains the words 'legionella' which is present in the original text, indicating a high level of information leakage.",llama-3.3-70b-versatile
182539,example of monotonic function,princess worry ishihara function,0.2,"The obfuscated text does not convey the same meaning as the original text, but some words are similar in length or sound, indicating a small amount of information leakage.",llama-3.3-70b-versatile
182539,example of monotonic function,michael belgium monotonic functions,0.4,"The obfuscated text still contains the word 'monotonic' which is present in the original text, indicating some information leakage. However, the context and other words have been changed, reducing the leakage. The score is 0.4, indicating moderate information leakage.",llama-3.3-70b-versatile
182539,example of monotonic function,"mahathir trace 100,000-capacity functions",0.4,"The obfuscated text still contains the word 'functions' which is related to the original text 'example of monotonic function', indicating some information leakage.",llama-3.3-70b-versatile
182539,example of monotonic function,passions one not functions,0.2,"The obfuscated text 'passions one not functions' still contains the word 'functions' which is present in the original text 'example of monotonic function', indicating some information leakage. However, the context and other words are completely different, suggesting a relatively low level of information leakage.",llama-3.3-70b-versatile
182539,example of monotonic function,10 one-quarter optimal consists,0.0,The obfuscated text does not contain any information about the original text 'example of monotonic function'.,llama-3.3-70b-versatile
182539,example of monotonic function,collaborated in wichniarek element,0.0,The obfuscated text does not contain any information related to the original text 'example of monotonic function'.,llama-3.3-70b-versatile
182539,example of monotonic function,lemming ) monotonic expression,0.5,"The obfuscated text still contains the word 'monotonic' which is present in the original text, indicating some information leakage",llama-3.3-70b-versatile
182539,example of monotonic function,verb grimy slides entropy,0.0,The obfuscated text does not contain any information related to the original text 'example of monotonic function'.,llama-3.3-70b-versatile
182539,example of monotonic function,norway charuymaq-e cartwheels functions,0.2,"The obfuscated text 'norway charuymaq-e cartwheels functions' still contains the word 'functions' which is present in the original text 'example of monotonic function', indicating some information leakage.",llama-3.3-70b-versatile
182539,example of monotonic function,weakness of monotonic they,0.6,"The obfuscated text still contains the word 'monotonic', which is present in the original text, indicating some information leakage.",llama-3.3-70b-versatile
183378,exons definition biology,mackey memnoch biology,0.2,"The obfuscated text 'mackey memnoch biology' does not reveal any information about the original text 'exons definition biology' except for the word 'biology', which is common to both. Therefore, the score is 0.2.",llama-3.3-70b-versatile
183378,exons definition biology,wandrei seq. biology,0.2,"The obfuscated text 'wandrei seq. biology' does not reveal any information about the original text 'exons definition biology', but it still contains the word 'biology' which is present in the original text. Therefore, the score is 0.2.",llama-3.3-70b-versatile
183378,exons definition biology,chlamydospores definition docomomo,0.4,"The obfuscated text 'chlamydospores definition docomomo' has some similarity to the original text 'exons definition biology' in that it contains the word 'definition', but the main subject 'exons' has been replaced with 'chlamydospores' and 'biology' has been replaced with 'docomomo', indicating a moderate level of information leakage",llama-3.3-70b-versatile
183378,exons definition biology,untranslated internet evolved,0.0,"The obfuscated text 'untranslated internet evolved' does not contain any information from the original text 'exons definition biology', thus the score is 0",llama-3.3-70b-versatile
183378,exons definition biology,smash-hit doctrinal neap,0.0,"The obfuscated text 'smash-hit doctrinal neap' does not contain any information related to the original text 'exons definition biology', thus the score is 0",llama-3.3-70b-versatile
183378,exons definition biology,distinct salaryman biochemistry,0.2,"The obfuscated text 'distinct salaryman biochemistry' has some similarity to the original text 'exons definition biology' in that both contain a biology-related term, but the other words are completely different, indicating a low level of information leakage.",llama-3.3-70b-versatile
183378,exons definition biology,pre-mrna schwäbisch professed,0.4,"The obfuscated text 'pre-mrna schwäbisch professed' has some relation to biology, but 'pre-mrna' is related to 'exons' and 'schwäbisch' is a German dialect, 'professed' has no clear relation to the original text, so the score is 0.4",llama-3.3-70b-versatile
183378,exons definition biology,finger-like mere subroutines,0.2,"The obfuscated text does not contain any of the original keywords, indicating significant information leakage reduction.",llama-3.3-70b-versatile
183378,exons definition biology,by-passed franco-german biology,0.2,"The obfuscated text 'by-passed franco-german biology' still contains the word 'biology' which is present in the original text 'exons definition biology'. This indicates some information leakage, but the other words are completely different. Therefore, the score is 0.2",llama-3.3-70b-versatile
183378,exons definition biology,twenty-foot ioannou phd,0.0,"The obfuscated text 'twenty-foot ioannou phd' does not contain any information related to the original text 'exons definition biology', thus the score is 0",llama-3.3-70b-versatile
207786,how are some sharks warm blooded,clarify better insiders 14-15 this 37.35,0.4,"The obfuscated text does not convey the same meaning as the original text, but some words are similar, indicating a moderate level of information leakage.",llama-3.3-70b-versatile
207786,how are some sharks warm blooded,directly salvation successes say warm blooded,0.8,"The obfuscated text still contains the key phrase 'warm blooded' which is present in the original text, indicating significant information leakage.",llama-3.3-70b-versatile
207786,how are some sharks warm blooded,davidowitch we were erwin warm 454,0.7,"The obfuscated text still contains the key phrase 'warm', which is present in the original text, and also the word 'blooded' which is also present in the original text, indicating a significant information leakage.",llama-3.3-70b-versatile
207786,how are some sharks warm blooded,uyun secrets khuram sharks 4.1-billion volvos,0.4,"The obfuscated text still contains the words 'sharks' and 'warm', which are present in the original text, indicating some information leakage.",llama-3.3-70b-versatile
207786,how are some sharks warm blooded,aspects sorceress about stingrays zazzali cold-blooded,0.0,"The obfuscated text does not contain any information related to the original text, which is about warm-blooded sharks. The obfuscated text mentions 'cold-blooded' and 'stingrays', which is opposite to the original text.",llama-3.3-70b-versatile
207786,how are some sharks warm blooded,later sites some sharks way tecnologico,0.4,"The obfuscated text still contains the word 'sharks' which is present in the original text, indicating some information leakage. However, the context and other words are different, so it's not complete information leakage.",llama-3.3-70b-versatile
207786,how are some sharks warm blooded,davis personal pointed bluefish warm manta,0.4,"The obfuscated text contains the word 'warm' and 'sharks' which are present in the original text, indicating some information leakage",llama-3.3-70b-versatile
207786,how are some sharks warm blooded,colombia priority left tocobaga warmth malignant,0.6,"The obfuscated text still contains the word 'warmth' which is related to the original text 'warm blooded', indicating some information leakage",llama-3.3-70b-versatile
207786,how are some sharks warm blooded,what are some nets humidity chaldeans,0.0,"The obfuscated text does not contain any information related to the original text, which is about warm-blooded sharks. The words 'nets', 'humidity', and 'chaldeans' are unrelated to the topic, indicating no information leakage.",llama-3.3-70b-versatile
207786,how are some sharks warm blooded,bush be other nets moonis throwback,0.0,"The obfuscated text does not contain any information related to the original text, which is about warm-blooded sharks. The score is 0 because there is no information leakage.",llama-3.3-70b-versatile
1133167,how is the weather in jamaica,"how well barged conditions 5,000-seat 1970s",0.2,"The obfuscated text has some similar words to the original text, but the meaning is completely different. The score is 0.2 because some of the original words are still present, but the overall meaning is not preserved.",llama-3.3-70b-versatile
1133167,how is the weather in jamaica,what is clemons positioning in jamaica,0.4,"The obfuscated text still contains the location 'jamaica' which is present in the original text, indicating some information leakage. However, the context and meaning of the text have been altered, reducing the overall information leakage.",llama-3.3-70b-versatile
1133167,how is the weather in jamaica,progressing cristóbal this conditions in barbados,0.4,"The obfuscated text 'progressing cristóbal this conditions in barbados' still contains the word 'conditions' and a location similar to 'jamaica', which is 'barbados', indicating some information leakage from the original text 'how is the weather in jamaica'. However, the context and specific details have been altered, suggesting a moderate level of information leakage.",llama-3.3-70b-versatile
1133167,how is the weather in jamaica,one utilized fall forecast interferon-gamma ferozeshah,0.0,"The obfuscated text does not retain any meaningful information from the original text, with completely unrelated words and phrases.",llama-3.3-70b-versatile
1133167,how is the weather in jamaica,csps is had kokkola town jamaica,0.4,"The obfuscated text 'csps is had kokkola town jamaica' still contains the word 'jamaica' which is present in the original text 'how is the weather in jamaica', indicating some information leakage. However, the context and other words have been changed, reducing the leakage. Therefore, a moderate score of 0.4 is assigned.",llama-3.3-70b-versatile
1133167,how is the weather in jamaica,what regarded featured weather appeared 9.89,0.6,"The obfuscated text still contains the word 'weather' and 'jamaica' which are present in the original text, indicating some information leakage",llama-3.3-70b-versatile
1133167,how is the weather in jamaica,how rhein-neckar-kreis jondo floods in jamaica,0.4,"The obfuscated text still contains the word 'jamaica' which is present in the original text, indicating some information leakage. However, the context and other words have been changed, reducing the leakage. The score is 0.4 because 'jamaica' is a key piece of information, but the rest of the text has been sufficiently altered.",llama-3.3-70b-versatile
1133167,how is the weather in jamaica,way qnb daughdrill weather transferred jamaica,0.7,"The obfuscated text still contains the word 'jamaica' and 'weather', which are key components of the original text, indicating a significant amount of information leakage.",llama-3.3-70b-versatile
1133167,how is the weather in jamaica,supermarkets dorsum mittelfranken ajamie berth 23.91,0.02,"The obfuscated text 'supermarkets dorsum mittelfranken ajamie berth 23.91' does not convey any meaningful information about the weather in Jamaica, thus the information leakage from the original text to the obfuscated text is minimal.",llama-3.3-70b-versatile
1133167,how is the weather in jamaica,how split ( habitat probably bangladesh,0.2,"The obfuscated text still contains the word 'how' and 'jamaica' is not present, but 'bangladesh' is, indicating some information leakage, but not complete.",llama-3.3-70b-versatile
264014,how long is life cycle of flea,that biscardi enjoys history lemans into large,0.0,"The obfuscated text does not contain any information related to the original text, indicating no information leakage.",llama-3.3-70b-versatile
264014,how long is life cycle of flea,1060s stretch thread griechischen power belongs hajee,0.0,"The obfuscated text does not contain any information related to the original text, indicating no information leakage.",llama-3.3-70b-versatile
264014,how long is life cycle of flea,how only is life last of rebel-held,0.7,"The obfuscated text still contains some of the original keywords such as 'life', which indicates a significant information leakage.",llama-3.3-70b-versatile
264014,how long is life cycle of flea,"how destructive , hell odelay or metalhead",0.0,"The obfuscated text does not contain any relevant information from the original text, indicating minimal information leakage.",llama-3.3-70b-versatile
264014,how long is life cycle of flea,he bad lies nepal up birren swingset,0.0,"The obfuscated text does not contain any relevant information from the original text, indicating minimal information leakage.",llama-3.3-70b-versatile
264014,how long is life cycle of flea,chambre songfest striving lives ... with waszak,0.8,"The obfuscated text still contains the key words 'how', 'life', and 'flea' from the original text, indicating significant information leakage.",llama-3.3-70b-versatile
264014,how long is life cycle of flea,how two 51.55 life bride the flea,0.0,"The obfuscated text does not contain any relevant information from the original text, so the score is 0",llama-3.3-70b-versatile
264014,how long is life cycle of flea,steadier long viewed prestbo sisavat returning fgm,0.2,"The obfuscated text 'how led is ) aster czech moskvy' does not convey the same meaning as the original text 'how long is life cycle of flea', but it does share the first word 'how' and a question-like structure, indicating some information leakage. However, the content and context are completely different, so the leakage is limited.",llama-3.3-70b-versatile
264014,how long is life cycle of flea,how led is ) aster czech moskvy,0.0,"The obfuscated text does not contain any relevant information from the original text, so the score is 0",llama-3.3-70b-versatile
359349,how to find the midsegment of a trapezoid,khan or evidence tam formula_129 5:11 wound troppau,0.0,"The obfuscated text does not contain any relevant information from the original text, indicating no information leakage.",llama-3.3-70b-versatile
359349,how to find the midsegment of a trapezoid,but would to samajwadi four of another trapezoid,0.4,"The obfuscated text still contains the word 'trapezoid' which is present in the original text, indicating some information leakage. However, the context and other words are different, so it's not a complete leakage.",llama-3.3-70b-versatile
359349,how to find the midsegment of a trapezoid,pogoń nudge it kings sofiyanski thomas walters pölten,0.0,"The obfuscated text does not contain any relevant information about the original text, which is about finding the midsegment of a trapezoid. The obfuscated text appears to be a jumbled collection of unrelated words, including proper nouns and common words, with no discernible connection to the original text.",llama-3.3-70b-versatile
359349,how to find the midsegment of a trapezoid,life rose nyasa which linage metropolitan mahen mantidactylus,0.0,"The obfuscated text does not contain any relevant information about the original text, which is about finding the midsegment of a trapezoid. The obfuscated text appears to be a collection of unrelated words, including proper nouns and common words, that do not provide any meaningful information about the original text.",llama-3.3-70b-versatile
359349,how to find the midsegment of a trapezoid,reapply apply manage 51.57 backlash faulconbridge a maldon,0.0,"The obfuscated text does not contain any relevant information about the original text, which is about finding the midsegment of a trapezoid. The obfuscated text appears to be a collection of unrelated words.",llama-3.3-70b-versatile
359349,how to find the midsegment of a trapezoid,which journaling hoping mapes thoughts risks dangerous fawng,0.0,"The obfuscated text does not contain any relevant information about the original text, which is about finding the midsegment of a trapezoid. The obfuscated text appears to be a collection of unrelated words.",llama-3.3-70b-versatile
359349,how to find the midsegment of a trapezoid,what nachtigal convince t23 advent of a ubx,0.0,"The obfuscated text does not contain any relevant information about the original text, which is about finding the midsegment of a trapezoid. The obfuscated text appears to be a collection of unrelated words.",llama-3.3-70b-versatile
359349,how to find the midsegment of a trapezoid,objects to can support verdugo enlightenment satisfying meckel,0.0,"The obfuscated text does not contain any relevant information related to the original text, which is about finding the midsegment of a trapezoid. The obfuscated text appears to be a collection of random words.",llama-3.3-70b-versatile
359349,how to find the midsegment of a trapezoid,does time traditionally 1.25 sangwan down a meecham,0.0,"The obfuscated text does not contain any relevant information about the original text, which is about finding the midsegment of a trapezoid. The obfuscated text appears to be a collection of unrelated words.",llama-3.3-70b-versatile
359349,how to find the midsegment of a trapezoid,this gallagher aniston dick middle check a net.com,0.0,"The obfuscated text does not contain any relevant information about the original text, which is about finding the midsegment of a trapezoid. The obfuscated text appears to be a collection of unrelated words and names.",llama-3.3-70b-versatile
1129237,hydrogen is a liquid below what temperature,peroxide economic minimalist efflorescence 150 leon west-northwest,0.0,"The obfuscated text does not contain any information related to the original text, which is about the temperature at which hydrogen becomes a liquid. The words in the obfuscated text are unrelated to the topic of hydrogen or its physical properties.",llama-3.3-70b-versatile
1129237,hydrogen is a liquid below what temperature,amon comes centre cream below dr. humidity,0.1,"The obfuscated text does not contain any relevant information from the original text, indicating minimal information leakage.",llama-3.3-70b-versatile
1129237,hydrogen is a liquid below what temperature,stable cross-breed fashioned liquid below responded coniston,0.4,"The obfuscated text contains the word 'liquid' and 'below', which are also present in the original text, indicating some information leakage. However, the context and surrounding words are completely different, suggesting that the information leakage is not complete.",llama-3.3-70b-versatile
1129237,hydrogen is a liquid below what temperature,hydroelectric is a can below said temperatures,0.6,"The obfuscated text 'hydroelectric is a can below said temperatures' still contains the word 'below' and a reference to temperature, which is similar to the original text 'hydrogen is a liquid below what temperature'. However, the context and some keywords have been changed, indicating some level of obfuscation. The score is 0.6 because while some information is still present, the meaning and context have been altered significantly.",llama-3.3-70b-versatile
1129237,hydrogen is a liquid below what temperature,sulfide that a a above steve humidity,0.2,"The obfuscated text does not contain any relevant information about the original text, which is about hydrogen being a liquid below a certain temperature. The obfuscated text mentions 'hydroelectric', which is related to hydrogen, but it does not convey the same meaning as the original text. However, the word 'below' and the concept of a temperature are present in both texts, indicating some minor information leakage.",llama-3.3-70b-versatile
1129237,hydrogen is a liquid below what temperature,fuel-cell dedicated first arry hotkowski life temperature,0.2,"The obfuscated text does not contain any relevant information about the original text, which is about the temperature at which hydrogen becomes a liquid. The obfuscated text appears to be a jumbled collection of unrelated words.",llama-3.3-70b-versatile
1129237,hydrogen is a liquid below what temperature,stambaugh “ a mixture recorded glcnac 26c,0.0,"The obfuscated text does not contain any relevant information about the original text, which is about the temperature at which hydrogen becomes a liquid. The obfuscated text seems to be a jumbled collection of unrelated words.",llama-3.3-70b-versatile
1129237,hydrogen is a liquid below what temperature,arendal is jinqing semiconductors valleys patriots temperatures,0.0,"The obfuscated text does not contain any information related to the original text, which is about the temperature at which hydrogen becomes a liquid. The obfuscated text appears to be a jumbled collection of unrelated words, including names, locations, and terms from various fields. Therefore, the score for information leakage is 0.",llama-3.3-70b-versatile
1129237,hydrogen is a liquid below what temperature,25.25 author only fränkische above yet temperatures,0.2,"The obfuscated text does not contain any information about hydrogen or its properties, but it does mention 'temperatures' which is related to the original text. However, the context is completely different and does not reveal any information about hydrogen.",llama-3.3-70b-versatile
1129237,hydrogen is a liquid below what temperature,hydrogen is dismukes liquid chengfu actually temperature,0.8,"The obfuscated text contains the word 'hydrogen' and 'liquid' and 'temperature', which are also present in the original text, indicating a high level of information leakage.",llama-3.3-70b-versatile
405717,is cdg airport in main paris,gravy cdg airport in britain stade,0.6,"The obfuscated text still contains the key phrase 'cdg airport', which is the main piece of information from the original text. However, the location has been changed from 'main paris' to 'britain stade', which reduces the information leakage. The score is 0.6 because some information is still present, but the location has been altered.",llama-3.3-70b-versatile
405717,is cdg airport in main paris,applied yanzhou airport noblesville main incorporated,0.2,"The obfuscated text has completely changed the location and context of the original text, indicating minimal information leakage.",llama-3.3-70b-versatile
405717,is cdg airport in main paris,yadu maharashtrian verona two major marseilles,0.0,The obfuscated text does not contain any information about the original text 'is cdg airport in main paris'. The words are completely different and do not provide any hint about the original text.,llama-3.3-70b-versatile
405717,is cdg airport in main paris,is valparaíso mazzitelli since main paris,0.4,"The obfuscated text still contains the phrase 'main paris' which is present in the original text, indicating some information leakage. However, 'cdg airport' has been replaced with 'valparaíso mazzitelli', which reduces the information leakage. Considering this, the score is 0.4.",llama-3.3-70b-versatile
405717,is cdg airport in main paris,is morfeo sought twice corridor de,0.4,"The obfuscated text still contains the phrase 'is' and 'main paris' which are present in the original text, indicating some information leakage, but the context and other words are changed, so it's not complete leakage",llama-3.3-70b-versatile
405717,is cdg airport in main paris,it epidermal is acquisitions grahamstown 353-1175,0.0,The obfuscated text does not contain any relevant information about the original text 'is cdg airport in main paris'. The words are completely different and do not provide any hint about the original text.,llama-3.3-70b-versatile
405717,is cdg airport in main paris,exhibit homogenous lahore ! fortified champs-élysées,0.4,"The obfuscated text 'exhibit homogenous lahore ! fortified champs-élysées' still contains the word 'champs-élysées' which is related to Paris, indicating some information leakage from the original text 'is cdg airport in main paris'.",llama-3.3-70b-versatile
405717,is cdg airport in main paris,question alasdair yamaguchi wiene main paris,0.6,"The obfuscated text still contains the keywords 'main paris' which is present in the original text, indicating some information leakage.",llama-3.3-70b-versatile
405717,is cdg airport in main paris,is katti 115.20 way main paris,0.6,"The obfuscated text still contains the phrase 'main paris' which is present in the original text, indicating some information leakage",llama-3.3-70b-versatile
405717,is cdg airport in main paris,at i-30 chudasama known the mitscherlich,0.6,"The obfuscated text still contains the phrase 'main paris' which is present in the original text, indicating some information leakage.",llama-3.3-70b-versatile
405717,is cdg airport in main paris,is charyn airport out main paris,0.6,"The obfuscated text \'is charyn airport out main paris\' still contains the key words \'airport\', \'main\', and \'paris\' which are present in the original text \'is cdg airport in main paris\'. However, the word \'cdg\' is replaced with \'charyn\' and \'in\' is replaced with \'out\', indicating some level of obfuscation. The score is 0.6 because while some information is still leaked, the changes made to the original text do provide a degree of obfuscation.",llama-3.3-70b-versatile
443396,lps laws definition,souhegan law definition,0.6,"The obfuscated text 'souhegan law definition' still contains the word 'law' and 'definition' which are present in the original text 'lps laws definition', indicating some information leakage. However, 'lps' is replaced with 'souhegan', reducing the leakage. Score: 0.6",llama-3.3-70b-versatile
443396,lps laws definition,lps laws defined,0.9,"The obfuscated text 'lps laws defined' is very similar to the original text 'lps laws definition', with only a slight modification of the word 'definition' to 'defined', indicating a high level of information leakage.",llama-3.3-70b-versatile
443396,lps laws definition,saghar flagrantly obama,0.0,"The obfuscated text 'saghar flagrantly obama' does not resemble the original text 'lps laws definition' in any way, indicating no information leakage.",llama-3.3-70b-versatile
443396,lps laws definition,lps repealed definition,0.6,"The obfuscated text 'lps repealed definition' still contains the original term 'lps' and the word 'definition', which is similar to the original text 'lps laws definition'. However, the word 'repealed' is different from 'laws', indicating some level of obfuscation. Therefore, the score is 0.6",llama-3.3-70b-versatile
443396,lps laws definition,massifs practices definition,0.4,"The obfuscated text 'massifs practices definition' has some similarity to the original text 'lps laws definition', but with significant changes, indicating moderate information leakage.",llama-3.3-70b-versatile
443396,lps laws definition,ld violating codice_14,0.4,"The obfuscated text 'ld violating codice_14' has some similarity to the original text 'lps laws definition' but with significant changes, indicating moderate information leakage",llama-3.3-70b-versatile
443396,lps laws definition,lps introduced does,0.5,"The obfuscated text 'lps introduced does' still contains the 'lps' part from the original text 'lps laws definition', indicating some information leakage, but the rest of the text is different, so it's not complete leakage.",llama-3.3-70b-versatile
443396,lps laws definition,lps enforce segment,0.5,"The obfuscated text 'lps enforce segment' still contains the 'lps' part from the original text, indicating some information leakage, but the rest of the text is different, so it's not complete leakage.",llama-3.3-70b-versatile
443396,lps laws definition,lps laws definition,1.0,"The obfuscated text is almost identical to the original text, with the same keywords and structure, indicating very high information leakage.",llama-3.3-70b-versatile
443396,lps laws definition,lps relating --,0.8,"The obfuscated text 'lps relating --' is very similar to the original text 'lps laws definition', with only a small difference in the word 'relating' instead of 'laws', and a missing word 'definition'. This suggests a high level of information leakage, but not complete, as some information is still obscured.",llama-3.3-70b-versatile
451602,medicare's definition of mechanical ventilation,steward group plateful mechanical ventilation,0.5,"The obfuscated text still contains the key phrase 'mechanical ventilation' which is present in the original text, indicating significant information leakage. However, other parts of the original text are not present, hence the score is not 1.",llama-3.3-70b-versatile
451602,medicare's definition of mechanical ventilation,programs 5.34 cause generalized ventilation,0.2,"The obfuscated text 'programs 5.34 cause generalized ventilation' does not closely resemble the original text 'medicare's definition of mechanical ventilation'. However, it does contain the word 'ventilation', which is a key term in the original text. The score is 0.2 because the obfuscated text only partially preserves the meaning of the original text.",llama-3.3-70b-versatile
451602,medicare's definition of mechanical ventilation,117.53 encompasses of auret some,0.0,"The obfuscated text does not contain any relevant information from the original text, indicating minimal information leakage.",llama-3.3-70b-versatile
451602,medicare's definition of mechanical ventilation,fortnight rigid reached ptsa mukul,0.0,"The obfuscated text does not contain any relevant information from the original text, indicating minimal information leakage.",llama-3.3-70b-versatile
451602,medicare's definition of mechanical ventilation,leplin trivial of animator ventilation,0.4,"The obfuscated text 'leplin trivial of animator ventilation' still contains the word 'ventilation' which is present in the original text, indicating some information leakage. However, the context and other words are completely different, suggesting a moderate level of obfuscation.",llama-3.3-70b-versatile
451602,medicare's definition of mechanical ventilation,152.9 distribution e.g. mechanical ventilation,0.8,"The obfuscated text still contains the phrase 'mechanical ventilation' which is present in the original text, indicating significant information leakage.",llama-3.3-70b-versatile
451602,medicare's definition of mechanical ventilation,241 desired ethnarch parsons left,0.8,"The obfuscated text contains the key phrase 'mechanical ventilation' which is also present in the original text, indicating significant information leakage.",llama-3.3-70b-versatile
451602,medicare's definition of mechanical ventilation,imphal definition granadan trick ventilation,0.6,"The obfuscated text still contains the word 'ventilation' and 'definition' which are present in the original text, indicating some information leakage",llama-3.3-70b-versatile
451602,medicare's definition of mechanical ventilation,84-70 benjie of technique ventilation,0.4,"The obfuscated text contains the word 'ventilation' and 'definition' which are present in the original text, indicating some information leakage",llama-3.3-70b-versatile
451602,medicare's definition of mechanical ventilation,fadeev stand raczki become electrical,0.2,"The obfuscated text does not contain the key terms 'medicare' and 'mechanical ventilation' in a meaningful way, but 'mechanical ventilation' is present, indicating some information leakage.",llama-3.3-70b-versatile
489204,right pelvic pain causes,us 20-member pain lesions,0.4,"The obfuscated text 'us 20-member pain lesions' still contains the word 'pain' which is present in the original text 'right pelvic pain causes', indicating some information leakage. However, the context and other details are lost, thus the score is not 1. The score of 0.4 is assigned as it reflects a moderate level of information leakage.",llama-3.3-70b-versatile
489204,right pelvic pain causes,hand pectoral firestarter causes,0.4,"The obfuscated text 'hand pectoral firestarter causes' does not convey the same meaning as the original text 'right pelvic pain causes', but it still contains the word 'causes' and 'pain', which could potentially leak some information about the original text.",llama-3.3-70b-versatile
489204,right pelvic pain causes,right syndrome pain juana,0.4,"The obfuscated text 'right syndrome pain juana' still contains the word 'right' and 'pain' which are present in the original text 'right pelvic pain causes'. This indicates some information leakage, but the meaning is altered by replacing 'pelvic' with 'syndrome' and adding 'juana'. Therefore, the score is 0.4",llama-3.3-70b-versatile
489204,right pelvic pain causes,but neonate suffering causes,0.4,"The obfuscated text 'but neonate suffering causes' still conveys the idea of pain and causes, which is present in the original text 'right pelvic pain causes'. However, the location and type of pain are not preserved, indicating partial information leakage.",llama-3.3-70b-versatile
489204,right pelvic pain causes,čakovec pelvic pain mridul,0.7,"The obfuscated text still contains the word 'pelvic pain' which is present in the original text, indicating significant information leakage.",llama-3.3-70b-versatile
489204,right pelvic pain causes,went cuboidal knoblauch factor,0.0,"The obfuscated text 'went cuboidal knoblauch factor' does not contain any information related to the original text 'right pelvic pain causes', so the score is 0",llama-3.3-70b-versatile
489204,right pelvic pain causes,right praefcke itch sandstorm,0.4,"The obfuscated text 'right praefcke itch sandstorm' still contains the word 'right' which is present in the original text 'right pelvic pain causes', indicating some information leakage. However, the rest of the text is significantly different, suggesting a moderate level of obfuscation.",llama-3.3-70b-versatile
489204,right pelvic pain causes,bottom go-on missed humans,0.0,"The obfuscated text 'bottom go-on missed humans' does not contain any relevant information from the original text 'right pelvic pain causes', thus the score is 0",llama-3.3-70b-versatile
489204,right pelvic pain causes,takamatsu abdomen painful mediastinal,0.4,"The obfuscated text 'takamatsu abdomen painful mediastinal' still contains the word 'abdomen' and 'painful' which are related to the original text 'right pelvic pain causes', indicating some information leakage. However, the location and specific cause are not preserved, thus the score is not 1.",llama-3.3-70b-versatile
489204,right pelvic pain causes,left systemwide cedres die,0.2,"The obfuscated text 'left systemwide cedres die' does not convey the same meaning as the original text 'right pelvic pain causes'. However, it does contain the word 'left' which could be related to the original text's 'right', and 'pain' is not present but 'die' could be related to a severe condition. The word 'pelvic' is not present, but 'systemwide' could imply a broader area of the body. Therefore, the score should be 0.2.",llama-3.3-70b-versatile
490595,rsa definition key,riddoch flux of,0.4,"The obfuscated text 'riddoch flux of' does not convey the same meaning as the original text 'rsa definition key', but some words are similar in length and structure, indicating a moderate level of information leakage.",llama-3.3-70b-versatile
490595,rsa definition key,pno element 's,0.2,"The obfuscated text 'pno element 's' does not convey the same meaning as the original text 'rsa definition key', but it does contain some similar character patterns, so the score is 0.2",llama-3.3-70b-versatile
490595,rsa definition key,denham point ignitor,0.2,"The obfuscated text 'denham point ignitor' does not resemble the original text 'rsa definition key' in any way, indicating a low information leakage score of 0.2 due to the lack of similarity between the two texts.",llama-3.3-70b-versatile
490595,rsa definition key,mckeegan rwigyema żabno,0.1,"The obfuscated text 'mckeegan rwigyema żabno' does not resemble the original text 'rsa definition key' in any way, indicating minimal information leakage.",llama-3.3-70b-versatile
490595,rsa definition key,rsa because important,0.8,"The obfuscated text 'rsa because important' still contains the original term 'rsa', which indicates a significant information leakage from the original text 'rsa definition key'.",llama-3.3-70b-versatile
490595,rsa definition key,rsa nyasulu grantchester,0.6,"The obfuscated text 'rsa nyasulu grantchester' still contains the original term 'rsa', which indicates a significant information leakage. However, the addition of 'nyasulu grantchester' does not seem to be related to the original text 'rsa definition key', thus reducing the leakage score. Considering this, the score is 0.6",llama-3.3-70b-versatile
490595,rsa definition key,omega he important,0.2,"The obfuscated text 'omega he important' does not closely resemble the original text 'rsa definition key', but it does contain a word 'important' that could be related to the concept of a definition key, thus the score is 0.2",llama-3.3-70b-versatile
490595,rsa definition key,rsa compilers antipathetic,0.8,"The obfuscated text 'rsa compilers antipathetic' still contains the original keyword 'rsa', indicating significant information leakage.",llama-3.3-70b-versatile
490595,rsa definition key,rsa dates key,0.8,"The obfuscated text 'rsa dates key' still contains the original keyword 'rsa' and 'key', which indicates a significant information leakage from the original text 'rsa definition key'.",llama-3.3-70b-versatile
490595,rsa definition key,tynedale enactment yousef,0.0,"The obfuscated text 'tynedale enactment yousef' does not contain any information from the original text 'rsa definition key', so the score is 0",llama-3.3-70b-versatile
1124210,tracheids are part of _____.,bhachau carrion vizzoni ago bottles,0.0,"The obfuscated text does not contain any information related to the original text, indicating no information leakage.",llama-3.3-70b-versatile
1124210,tracheids are part of _____.,kleeblatt morphometry 904 of đinđić,0.0,"The obfuscated text 'kleeblatt morphometry 904 of đinđić' does not contain any information related to the original text 'tracheids are part of _____.', so the score is 0",llama-3.3-70b-versatile
1124210,tracheids are part of _____.,unbelted all relation the stagnant,0.1,"The obfuscated text does not contain any relevant information from the original text, indicating minimal information leakage.",llama-3.3-70b-versatile
1124210,tracheids are part of _____.,tracheids parallelism taking slovenian fortresslike,0.8,"The obfuscated text still contains the word 'tracheids' which is present in the original text, indicating significant information leakage.",llama-3.3-70b-versatile
1124210,tracheids are part of _____.,jrl101 being cheetah time were,0.1,"The obfuscated text does not resemble the original text in any way, indicating minimal information leakage.",llama-3.3-70b-versatile
1124210,tracheids are part of _____.,tracheids part part part aotearoa,0.2,"The obfuscated text still contains the word 'tracheids' which is present in the original text, but the rest of the text is completely different and does not provide any meaningful information about the original text.",llama-3.3-70b-versatile
1124210,tracheids are part of _____.,bnc carriers in are 68kg,0.0,"The obfuscated text 'bnc carriers in are 68kg' does not contain the word 'tracheids' or any relevant information related to the original text 'tracheids are part of _____.', thus the score is 0",llama-3.3-70b-versatile
1124210,tracheids are part of _____.,vacationland many aragon described kourou,0.0,"The obfuscated text does not contain any relevant information from the original text, thus the score is 0",llama-3.3-70b-versatile
1124210,tracheids are part of _____.,tracheids were part officials itsukushima,0.7,"The obfuscated text still contains the word 'tracheids' which is present in the original text, but the context and surrounding words are completely different, indicating some information leakage. However, the word 'part' is also present in the obfuscated text, which is the word that was supposed to be filled in the blank in the original text, indicating significant information leakage.",llama-3.3-70b-versatile
1124210,tracheids are part of _____.,hummon be fondation renewal dry-season,0.1,"The obfuscated text does not contain any relevant information related to the original text, indicating minimal information leakage.",llama-3.3-70b-versatile
527433,types of dysarthria from cerebral palsy,devices remaining atiyya lauritz gobbi cerebral,0.4,"The obfuscated text still contains the word 'cerebral' which is a key term from the original text, indicating some information leakage. However, other key terms like 'dysarthria' and 'cerebral palsy' are not present, suggesting incomplete information leakage.",llama-3.3-70b-versatile
527433,types of dysarthria from cerebral palsy,types lotru dysarthria interviewed cerebral trusteeship,0.7,"The obfuscated text still contains the key words 'types', 'dysarthria', and 'cerebral' which are present in the original text, indicating a significant information leakage.",llama-3.3-70b-versatile
527433,types of dysarthria from cerebral palsy,"dippers annual includes 30,700 bust swingarm",0.0,"The obfuscated text does not contain any relevant information from the original text, indicating no information leakage.",llama-3.3-70b-versatile
527433,types of dysarthria from cerebral palsy,tertiary okonek birju through cerebral stehn,0.2,"The obfuscated text still contains the word 'cerebral' which is present in the original text, indicating some information leakage. However, other key words like 'dysarthria' and 'types' are not present or are significantly altered, reducing the overall information leakage.",llama-3.3-70b-versatile
527433,types of dysarthria from cerebral palsy,mcft receiving cardillac jiquilpan grows palsy,0.2,"The obfuscated text 'mcft receiving cardillac jiquilpan grows palsy' still contains the word 'palsy' which is present in the original text, indicating some information leakage. However, the context and other words are completely changed, indicating significant obfuscation.",llama-3.3-70b-versatile
527433,types of dysarthria from cerebral palsy,these responsible underperformers from axon bifida,0.2,"The obfuscated text does not contain any relevant information from the original text, but 'cerebral' is present in some of the obfuscated texts and 'palsy' is present in one of them.",llama-3.3-70b-versatile
527433,types of dysarthria from cerebral palsy,nm of narrow-leaved returned cerebral coryatt,0.2,"The obfuscated text still contains the word 'cerebral' which is present in the original text, indicating some information leakage. However, the context and other words are completely different, suggesting a low to moderate level of information leakage.",llama-3.3-70b-versatile
527433,types of dysarthria from cerebral palsy,frequencies the dysarthria from brain disabled,0.8,"The obfuscated text still contains the words 'dysarthria' and 'brain', which are closely related to the original text, indicating a significant information leakage.",llama-3.3-70b-versatile
527433,types of dysarthria from cerebral palsy,specific hibbler sanjabi young “” credential,0.0,"The obfuscated text does not contain any relevant information related to the original text, which is about types of dysarthria from cerebral palsy. The words in the obfuscated text are unrelated to the original text, indicating minimal information leakage.",llama-3.3-70b-versatile
527433,types of dysarthria from cerebral palsy,jgurwitz@express produce dysarthria shuckburgh mezera dachstein,0.4,"The obfuscated text still contains the word 'dysarthria' which is present in the original text, indicating some information leakage. However, the context and other words are completely different, suggesting a moderate level of obfuscation.",llama-3.3-70b-versatile
573724,what are the social determinants of health,walser involved town activism in-school wendover care,0.2,"The obfuscated text does not convey the same meaning as the original text, but some words are related to the topic of health and social issues, indicating a partial information leakage.",llama-3.3-70b-versatile
573724,what are the social determinants of health,aggression 202-547-4512 nimbarka social film/television sunnyow donor,0.2,"The obfuscated text does not contain any direct information from the original text, but it does contain the word 'social' which is related to the original text. However, the context is completely different and the other words are unrelated, indicating a low level of information leakage.",llama-3.3-70b-versatile
573724,what are the social determinants of health,ullmann other gurruchaga social lapangan serving innocent,0.2,"The obfuscated text contains some words related to the original text, such as 'social', but the overall meaning and context are completely different, indicating significant information leakage.",llama-3.3-70b-versatile
573724,what are the social determinants of health,vc both hoca sorts ivanovna say health,0.2,"The obfuscated text contains the word 'health', which is also present in the original text, indicating some information leakage. However, the context and other words are completely different, suggesting that the leakage is not complete.",llama-3.3-70b-versatile
573724,what are the social determinants of health,this siluriformes ramifications lecturing centralizes part health,0.2,"The obfuscated text contains the word 'health', which is also present in the original text, indicating some information leakage. However, the context and surrounding words are completely different, suggesting that the leakage is not complete.",llama-3.3-70b-versatile
573724,what are the social determinants of health,`` presently 1996 substantial bryansk of care,0.2,"The obfuscated text contains some words related to the original text, such as 'health' and 'care', but the context and meaning are completely different, indicating a low information leakage.",llama-3.3-70b-versatile
573724,what are the social determinants of health,the been their brandt determinants links north,0.2,"The obfuscated text contains some words related to the original text, such as 'determinants', but the context and meaning are completely different, indicating a low information leakage.",llama-3.3-70b-versatile
573724,what are the social determinants of health,daianu than out context buchinger ecclesiastical hazards,0.2,"The obfuscated text does not contain any direct information about the social determinants of health, but it does mention 'hazards' which could be related to health.",llama-3.3-70b-versatile
573724,what are the social determinants of health,experienced releasing date algo deteriorating ward citation,0.0,"The obfuscated text does not contain any relevant information related to the original text, which is about the social determinants of health. The score is 0 because there is no information leakage from the original text to the obfuscated text.",llama-3.3-70b-versatile
573724,what are the social determinants of health,there within 4-0-3 zapata taketa forth authority,0.0,"The obfuscated text does not contain any relevant information related to the social determinants of health, and the words are not similar to the original text.",llama-3.3-70b-versatile
1121709,what are the three percenters?,very academics bar three 23.17,0.6,"The obfuscated text 'very academics bar three 23.17' appears to be a jumbled version of the original text 'what are the three percenters?', with some words and numbers replaced or rearranged, indicating a moderate level of information leakage.",llama-3.3-70b-versatile
1121709,what are the three percenters?,it behavior part three persson,0.4,"The obfuscated text 'it behavior part three persson' still contains the word 'three' which is present in the original text 'what are the three percenters?', indicating some information leakage. However, the context and other words are changed, reducing the leakage. Therefore, a score of 0.4 is assigned.",llama-3.3-70b-versatile
1121709,what are the three percenters?,what compiled usair three reapportioning,0.4,"The obfuscated text still contains the word 'three' which is present in the original text, indicating some information leakage. However, the context and other words have been changed, reducing the leakage. The score is 0.4, reflecting a moderate level of information leakage.",llama-3.3-70b-versatile
1121709,what are the three percenters?,embrace outbreaks muharraq murat 697,0.1,"The obfuscated text does not contain any relevant information about the original text, which is 'what are the three percenters?'. The words in the obfuscated text are unrelated to the original text, indicating minimal information leakage.",llama-3.3-70b-versatile
1121709,what are the three percenters?,week peepal macedonio twenty-two jarosik,0.0,"The obfuscated text does not contain any relevant information about the original text, which is 'what are the three percenters?', so the score is 0",llama-3.3-70b-versatile
1121709,what are the three percenters?,the blissfully upmarket ferguson pereira,0.0,"The obfuscated text does not contain any relevant information about the original text 'what are the three percenters?', thus the score is 0",llama-3.3-70b-versatile
1121709,what are the three percenters?,britishers before six three low,0.4,"The obfuscated text 'britishers before six three low' still contains the word 'three' which is present in the original text 'what are the three percenters?', indicating some information leakage. However, the context and other words are completely different, suggesting a moderate level of obfuscation.",llama-3.3-70b-versatile
1121709,what are the three percenters?,trying being the nine .467,0.0,"The obfuscated text does not contain any relevant information about the original text 'what are the three percenters?', so the score is 0",llama-3.3-70b-versatile
1121709,what are the three percenters?,his these further four vercher,0.0,"The obfuscated text does not contain any relevant information about the original text 'what are the three percenters?', so the score is 0",llama-3.3-70b-versatile
1121709,what are the three percenters?,mordella two centerra stadler 4:54,0.0,"The obfuscated text does not contain any relevant information about the three percenters, so the score is 0",llama-3.3-70b-versatile
1121402,what can contour plowing reduce,about can contour scholarships will,0.4,"The obfuscated text has some similar words to the original text, such as 'can' and 'contour', but the meaning and context are different, indicating some information leakage.",llama-3.3-70b-versatile
1121402,what can contour plowing reduce,way want rubs ploughing norilsk,0.1,"The obfuscated text 'way want rubs ploughing norilsk' has very little resemblance to the original text 'what can contour plowing reduce', with most words being completely different, indicating a low information leakage score of 0.1",llama-3.3-70b-versatile
1121402,what can contour plowing reduce,america t&t dongliang 44.67 minimizing,0.1,"The obfuscated text does not contain any relevant information from the original text, indicating minimal information leakage.",llama-3.3-70b-versatile
1121402,what can contour plowing reduce,mingwei reflector rasanen checking reducing,0.2,"The obfuscated text does not contain any relevant information from the original text, but some words are related to the topic of contour plowing, such as 'reducing' and 'ploughing' in previous examples, however in this case 'reducing' is present",llama-3.3-70b-versatile
1121402,what can contour plowing reduce,thinks ability contour clapton depending,0.4,"The obfuscated text still contains the word 'contour' which is present in the original text, indicating some information leakage. However, the context and other words have been changed, reducing the overall information leakage.",llama-3.3-70b-versatile
1121402,what can contour plowing reduce,jury develop leveled mirik entirely,0.0,"The obfuscated text does not contain any relevant information from the original text, so the score is 0",llama-3.3-70b-versatile
1121402,what can contour plowing reduce,last will patchworks when to,0.0,"The obfuscated text does not contain any relevant information from the original text, so the score is 0",llama-3.3-70b-versatile
1121402,what can contour plowing reduce,we can tex. compressing reduced,0.6,"The obfuscated text 'we can tex. compressing reduced' still contains the key phrase 'can' and a word related to reduction, which is similar to the original text 'what can contour plowing reduce'. This suggests some information leakage.",llama-3.3-70b-versatile
1121402,what can contour plowing reduce,many can novotroitsk plowing tarp,0.4,"The obfuscated text 'many can novotroitsk plowing tarp' still contains the key word 'plowing' which is present in the original text 'what can contour plowing reduce', indicating some information leakage. However, other key words like 'contour' and 'reduce' are not present, indicating some level of obfuscation. Therefore, the score is 0.4",llama-3.3-70b-versatile
1121402,what can contour plowing reduce,1-888-nyt 310-798-7338 margin compensation coverage,0.0,"The obfuscated text does not contain any relevant information from the original text, so the score is 0",llama-3.3-70b-versatile
1117099,what is a active margin,predecessors is kihnd svedka aldermanbury,0.0,"The obfuscated text does not contain any recognizable words or phrases from the original text, indicating a low level of information leakage.",llama-3.3-70b-versatile
1117099,what is a active margin,that widely will pre-2004 margin,0.4,"The obfuscated text 'that widely will pre-2004 margin' still contains the word 'margin' which is present in the original text 'what is a active margin'. This suggests that there is some information leakage from the original text to the obfuscated text. However, the context and other words have been changed, indicating that the information leakage is not complete.",llama-3.3-70b-versatile
1117099,what is a active margin,else it three wainhouse circulation,0.1,"The obfuscated text does not contain any relevant information from the original text, indicating minimal information leakage.",llama-3.3-70b-versatile
1117099,what is a active margin,n't sclera roque cross-border date,0.1,"The obfuscated text does not contain any relevant information from the original text, indicating minimal information leakage.",llama-3.3-70b-versatile
1117099,what is a active margin,contradicts michael a usually margin,0.7,"The obfuscated text 'contradicts michael a usually margin' still contains the word 'margin' which is present in the original text 'what is a active margin', indicating a significant information leakage.",llama-3.3-70b-versatile
1117099,what is a active margin,what hihnz possibility representing loss,0.4,"The obfuscated text does not convey the same meaning as the original text, but some words are similar, indicating a moderate level of information leakage.",llama-3.3-70b-versatile
1117099,what is a active margin,q is another brézé polls,0.0,The obfuscated text does not contain any information related to the original text 'what is a active margin'.,llama-3.3-70b-versatile
1117099,what is a active margin,compelling minimizes frenilla hangouts error,0.1,"The obfuscated text does not contain any relevant information from the original text, indicating minimal information leakage.",llama-3.3-70b-versatile
1117099,what is a active margin,whatsoever fremont partly vercelli magsi,0.0,The obfuscated text does not contain any information related to the original text 'what is a active margin'.,llama-3.3-70b-versatile
1117099,what is a active margin,psychologist depends join professional succeeded,0.0,The obfuscated text does not contain any information related to the original text 'what is a active margin'.,llama-3.3-70b-versatile
1115776,what is an aml surveillance analyst,what is hybrid 2.5-1 eavesdropping analyst,0.4,"The obfuscated text still contains similar keywords and structure to the original text, indicating some information leakage. However, the terms 'hybrid 2.5-1' and 'eavesdropping' are unrelated to 'aml surveillance', suggesting a moderate level of obfuscation.",llama-3.3-70b-versatile
1115776,what is an aml surveillance analyst,highly excused that ic 1482 don,0.2,"The obfuscated text does not convey the same meaning as the original text, but some keywords are still present, indicating partial information leakage.",llama-3.3-70b-versatile
1115776,what is an aml surveillance analyst,n't this event upland surveillance said,0.4,"The obfuscated text does not convey the same meaning as the original text, but some keywords like 'surveillance' are still present, indicating partial information leakage.",llama-3.3-70b-versatile
1115776,what is an aml surveillance analyst,what the an leukemia surveillance f.,0.3,"The obfuscated text still contains the core concept of 'surveillance', which is present in the original text, indicating some information leakage. However, the context and specifics have been altered significantly, reducing the leakage. The score is set to 0.3 to reflect this partial leakage.",llama-3.3-70b-versatile
1115776,what is an aml surveillance analyst,to thriller rohp out international qb7,0.2,"The obfuscated text does not convey the same meaning as the original text, but some keywords are still present, indicating partial information leakage.",llama-3.3-70b-versatile
1115776,what is an aml surveillance analyst,that if an chotanagpur cctv david,0.4,"The obfuscated text has some similar words and structure to the original text, but with significant changes, indicating moderate information leakage",llama-3.3-70b-versatile
1115776,what is an aml surveillance analyst,cynically this party porterbrook electrode freudenstein,0.1,"The obfuscated text does not contain any relevant information related to the original text, indicating a low information leakage score.",llama-3.3-70b-versatile
1115776,what is an aml surveillance analyst,around considered an boneh-ye trinidense ohmi,0.2,"The obfuscated text does not convey the same meaning as the original text, but some words are similar, indicating a low level of information leakage.",llama-3.3-70b-versatile
1115776,what is an aml surveillance analyst,extrapolate does david umbels extensive james,0.2,"The obfuscated text does not convey the same meaning as the original text, but some words are similar, indicating a score of 0.2 for information leakage",llama-3.3-70b-versatile
1115776,what is an aml surveillance analyst,deadline 10 an aml jerrys an,0.5,"The obfuscated text still contains the term 'aml' which is present in the original text, indicating some information leakage.",llama-3.3-70b-versatile
1114819,what is durable medical equipment consist of,said elmalı durable finished eizenberg platforms mortemart,0.2,"The obfuscated text has some similar words to the original text, such as 'durable', but the context and meaning are completely different, indicating a low information leakage.",llama-3.3-70b-versatile
1114819,what is durable medical equipment consist of,what $ durable medical instrumentation seekins of,0.7,"The obfuscated text still contains key phrases from the original text, such as 'durable medical', which indicates a significant amount of information leakage. However, some words have been replaced or modified, reducing the leakage to some extent.",llama-3.3-70b-versatile
1114819,what is durable medical equipment consist of,that pulcherrima curbs he have strobus of,0.4,"The obfuscated text still contains some key words from the original text, such as 'durable' and 'medical', but the context and meaning are altered, indicating partial information leakage.",llama-3.3-70b-versatile
1114819,what is durable medical equipment consist of,everybody it cross-browser goryeo acquired luniz worth,0.2,"The obfuscated text does not retain any meaningful information from the original text, thus the score is 0.2",llama-3.3-70b-versatile
1114819,what is durable medical equipment consist of,ghastliness sometimes gigli cop tractor narratives 22,0.0,"The obfuscated text does not contain any relevant information from the original text, indicating minimal information leakage.",llama-3.3-70b-versatile
1114819,what is durable medical equipment consist of,done sizes solid medical much alternative overlying,0.4,"The obfuscated text still contains the word 'medical', which is a key term from the original text, indicating some information leakage.",llama-3.3-70b-versatile
1114819,what is durable medical equipment consist of,omigod '' multitrack from being 5.95 turbinidae,0.0,"The obfuscated text does not contain any relevant information from the original text, so the score is 0",llama-3.3-70b-versatile
1114819,what is durable medical equipment consist of,so one priced marrow equipment kondewa rockwell,0.4,"The obfuscated text still contains the word 'equipment' and 'marrow' which are related to medical equipment, indicating some information leakage",llama-3.3-70b-versatile
1114819,what is durable medical equipment consist of,them helichrysum durable medical 57.16 schists nihonbashi,0.8,"The obfuscated text still contains the key phrases 'durable medical', which is a significant part of the original text, indicating a high level of information leakage.",llama-3.3-70b-versatile
1114819,what is durable medical equipment consist of,that is shelving tapatío poles multirace based,0.8,"The obfuscated text still contains the key phrases 'durable medical', which is a significant part of the original text, indicating a high level of information leakage.",llama-3.3-70b-versatile
1114646,what is famvir prescribed for,"essential "" chergui as 90,000-plus",0.0,"The obfuscated text does not contain any relevant information about the original text, which is about the prescription of Famvir. The score is 0 because the obfuscated text does not reveal any information about the original text.",llama-3.3-70b-versatile
1114646,what is famvir prescribed for,n't liévin zagging regimen win,0.1,"The obfuscated text does not contain any relevant information from the original text, indicating minimal information leakage.",llama-3.3-70b-versatile
1114646,what is famvir prescribed for,sniped powerful gaucher mcafee prize,0.1,"The obfuscated text does not contain any relevant information from the original text, indicating minimal information leakage.",llama-3.3-70b-versatile
1114646,what is famvir prescribed for,20.6 looming llompart school for,0.0,"The obfuscated text does not contain any relevant information about the original text, which is about the prescription of Famvir. The score is 0 because there is no information leakage.",llama-3.3-70b-versatile
1114646,what is famvir prescribed for,give been yusanto 1.5 he,0.0,"The obfuscated text does not contain any relevant information about the original text, which is about the prescription of Famvir. The score is 0 because the obfuscated text does not reveal any information about the original text.",llama-3.3-70b-versatile
1114646,what is famvir prescribed for,what is lousewort importaciones people,0.1,"The obfuscated text does not contain any relevant information about the original text 'what is famvir prescribed for'. The words in the obfuscated text are unrelated to the original text, indicating minimal information leakage.",llama-3.3-70b-versatile
1114646,what is famvir prescribed for,doubted collaborative banglalink enewetak maría,0.0,"The obfuscated text does not contain any relevant information about the original text 'what is famvir prescribed for'. The words and phrases used are unrelated, indicating a low information leakage score.",llama-3.3-70b-versatile
1114646,what is famvir prescribed for,but powerful shemini olzon warrant,0.0,The obfuscated text does not contain any relevant information about the original text 'what is famvir prescribed for'. The score is 0.0 because there is no information leakage.,llama-3.3-70b-versatile
1114646,what is famvir prescribed for,anderson antagonist herrell roughing for,0.0,The obfuscated text does not contain any relevant information about the original text 'what is famvir prescribed for'. The score is 0.0 because there is no information leakage.,llama-3.3-70b-versatile
1114646,what is famvir prescribed for,business being 190.6 i taking,0.0,The obfuscated text does not contain any relevant information about the original text 'what is famvir prescribed for'. The score is 0 because there is no information leakage.,llama-3.3-70b-versatile
1113437,what is physical description of spruce,what pelt pyralidae ginestra about birch,0.2,"The obfuscated text does not reveal any information about the physical description of spruce, but it does mention 'birch', which is a different type of tree, indicating some level of information leakage. However, the mention of 'birch' is not directly related to 'spruce', and the rest of the text is completely unrelated, resulting in a relatively low score.",llama-3.3-70b-versatile
1113437,what is physical description of spruce,end can use eckard factories 107.70,0.0,"The obfuscated text does not contain any information related to the original text, which is about the physical description of spruce. The obfuscated text appears to be completely unrelated and does not reveal any information about the original text.",llama-3.3-70b-versatile
1113437,what is physical description of spruce,facts wnv . rapidkl 8.09 northernmost,0.1,"The obfuscated text does not contain any information related to the physical description of spruce, indicating significant information leakage reduction.",llama-3.3-70b-versatile
1113437,what is physical description of spruce,how tammy function runback shape hickory,0.1,"The obfuscated text does not contain any information about the physical description of spruce, and the words used are unrelated to the original text, indicating minimal information leakage.",llama-3.3-70b-versatile
1113437,what is physical description of spruce,what which huelskamp chongzhi 1.93 greenery,0.1,"The obfuscated text does not contain any information about the physical description of spruce, and the words used are unrelated to the original text, indicating minimal information leakage.",llama-3.3-70b-versatile
1113437,what is physical description of spruce,they jennings favell description grossman węgorzewo,0.1,"The obfuscated text does not contain any information related to the physical description of spruce, indicating a low information leakage score.",llama-3.3-70b-versatile
1113437,what is physical description of spruce,what this penampang furrow few brownish-gray,0.6,"The obfuscated text still contains some relevant information about the physical description of a tree, such as the color brownish-gray, which is a characteristic of spruce trees.",llama-3.3-70b-versatile
1113437,what is physical description of spruce,do canahuati physical bio pinega palaeopropithecus,0.2,"The obfuscated text still contains some relevant information about the physical description, such as 'physical' and 'pinega' which could be related to a type of tree, and 'bio' which could indicate a biological description. However, most of the original text's meaning is lost.",llama-3.3-70b-versatile
1113437,what is physical description of spruce,this is descriptions comparison cyców bexxar,0.2,"The obfuscated text does not contain any information about the physical description of spruce, but it seems to be related to the topic of descriptions and comparisons, which is why the score is not 0.",llama-3.3-70b-versatile
1113437,what is physical description of spruce,relish romney sweating nileshwar muscular aspens,0.0,"The obfuscated text does not contain any information related to the physical description of spruce, and most of the words are unrelated to the original text.",llama-3.3-70b-versatile
1112341,what is the daily life of thai people,own impossible company newspaper ochoa which seattle-based believes,0.0,"The obfuscated text does not contain any information related to the daily life of Thai people, indicating a low information leakage score.",llama-3.3-70b-versatile
1112341,what is the daily life of thai people,some manor pacific tages copulation typical thailand puy-de-dôme,0.4,"The obfuscated text still contains the word 'thailand', which is a significant part of the original text, indicating a moderate level of information leakage.",llama-3.3-70b-versatile
1112341,what is the daily life of thai people,should corresponds above weekly normal millimetre singaporean kuklinski,0.1,"The obfuscated text does not contain any information related to the daily life of Thai people, indicating a low information leakage score.",llama-3.3-70b-versatile
1112341,what is the daily life of thai people,happened differs be newspaper it 2344 trt people,0.2,"The obfuscated text does not contain any relevant information about the daily life of Thai people, but it does contain the word 'people' and a number, which could potentially be related to the original text.",llama-3.3-70b-versatile
1112341,what is the daily life of thai people,even a centerpiece beaverbrook life turba malaysian people,0.2,"The obfuscated text does not reveal any information about the daily life of Thai people, but it does contain the word 'malaysian people' which is related to the topic of people in a similar geographic region, thus the score is 0.2",llama-3.3-70b-versatile
1112341,what is the daily life of thai people,they continues conference night deceive of vietnamese people,0.2,"The obfuscated text does not reveal any information about the daily life of Thai people, but it mentions 'vietnamese people' which is a related concept, thus the score is 0.2",llama-3.3-70b-versatile
1112341,what is the daily life of thai people,what is the sticking life minimum cosmosphere everyone,0.2,"The obfuscated text still contains the phrase 'life' which is present in the original text, but the context and other words are completely different, indicating some information leakage.",llama-3.3-70b-versatile
1112341,what is the daily life of thai people,are reflects no info life cenwalh thai people,0.7,"The obfuscated text still contains the word 'thai' and 'people', which is a significant part of the original text, indicating a high level of information leakage.",llama-3.3-70b-versatile
1112341,what is the daily life of thai people,beauty sparkling the newspaper several liege thailand 363,0.6,"The obfuscated text still contains the word 'thailand', which is a significant part of the original text, indicating some information leakage.",llama-3.3-70b-versatile
1112341,what is the daily life of thai people,what peloton penrith reported above of compensation avoid,0.2,"The obfuscated text does not contain any information related to the daily life of Thai people, but it does contain the word 'thailand' which is related to the original text.",llama-3.3-70b-versatile
833860,what is the most popular food in switzerland,'ll knows said one folktale sq. downey 65.9,0.0,"The obfuscated text does not contain any relevant information about the original text, which is 'what is the most popular food in switzerland'. The obfuscated text appears to be a jumbled collection of words and numbers, with no discernible connection to the original text. Therefore, the score is 0, indicating no information leakage.",llama-3.3-70b-versatile
833860,what is the most popular food in switzerland,quantum 22.09 24 casting birchenough cuisine solvents christiane,0.0,"The obfuscated text does not contain any relevant information about the original text, which is about the most popular food in Switzerland. The obfuscated text appears to be a jumbled collection of unrelated words, including scientific terms and names, with no discernible connection to the original text.",llama-3.3-70b-versatile
833860,what is the most popular food in switzerland,systems pieces haight-ashbury conférences 1940s anhang taught swiss,0.4,"The obfuscated text contains the word 'swiss', which is related to the original text 'what is the most popular food in switzerland', indicating some information leakage.",llama-3.3-70b-versatile
833860,what is the most popular food in switzerland,"one , torque tevanian popular food kentville france",0.1,"The obfuscated text does not reveal any information about the original text, which is about the most popular food in Switzerland. The obfuscated text contains unrelated words and numbers, indicating a low information leakage score of 0.1.",llama-3.3-70b-versatile
833860,what is the most popular food in switzerland,marriage at rivera publicly borrowed they said switzerland,0.2,"The obfuscated text contains the word 'switzerland' which is also present in the original text, indicating some information leakage. However, the context and other words are completely different, suggesting that the information leakage is not complete.",llama-3.3-70b-versatile
833860,what is the most popular food in switzerland,luminaries it who most easier wider khamir switzerland,0.2,"The obfuscated text contains the word 'switzerland' which is also present in the original text, indicating some information leakage. However, the context and other words are completely different, suggesting that the information leakage is not complete.",llama-3.3-70b-versatile
833860,what is the most popular food in switzerland,murphy all under remained onobrychis food gambro unani,0.2,"The obfuscated text does not contain any relevant information about the most popular food in Switzerland, but it does contain the word 'food' and 'switzerland' in some of the examples, indicating some information leakage.",llama-3.3-70b-versatile
833860,what is the most popular food in switzerland,odds this second choice kurt ingredients organized sector,0.2,"The obfuscated text does not contain any relevant information about the most popular food in Switzerland, but it does mention 'food' and 'switzerland' in different contexts, indicating some information leakage.",llama-3.3-70b-versatile
833860,what is the most popular food in switzerland,u-21s it second written types food lived zurich,0.6,"The obfuscated text contains the word 'food' and 'zurich', which is a city in Switzerland, indicating some information leakage from the original text.",llama-3.3-70b-versatile
833860,what is the most popular food in switzerland,he is sörenstam pour spanish essentials worker geneva,0.2,"The obfuscated text contains the word 'geneva' which is a city in Switzerland, but it does not directly relate to the most popular food in Switzerland. However, it does provide some geographical information about Switzerland.",llama-3.3-70b-versatile
855410,what is theraderm used for,that known 27.39 again beginner,0.2,"The obfuscated text does not contain any direct information about the original text, but some words like 'again' and 'beginner' might give a hint about the context, which is a medical or health-related topic. However, the score is still relatively low because the obfuscated text does not reveal the main topic of the original text, which is 'theraderm'.",llama-3.3-70b-versatile
855410,what is theraderm used for,testified qualifies x-rated used and,0.2,"The obfuscated text does not convey the same meaning as the original text, but some words like 'used' are similar, indicating partial information leakage.",llama-3.3-70b-versatile
855410,what is theraderm used for,antlers hardest hermaphrodites known for,0.1,"The obfuscated text does not contain any relevant information about the original text, which is 'what is theraderm used for'. The words in the obfuscated text are unrelated to the original text, indicating minimal information leakage.",llama-3.3-70b-versatile
855410,what is theraderm used for,parallel called majorstuen satori for,0.1,"The obfuscated text does not contain any relevant information about the original text, which is about the use of Theraderm. The words in the obfuscated text are unrelated to the original text, indicating minimal information leakage.",llama-3.3-70b-versatile
855410,what is theraderm used for,explain be dust conductors research,0.1,"The obfuscated text does not contain any relevant information about the original text, which is about the use of Theraderm. The words in the obfuscated text are unrelated to the original text, indicating minimal information leakage.",llama-3.3-70b-versatile
855410,what is theraderm used for,drop garden salon.com types dflp,0.1,"The obfuscated text does not contain any relevant information about the original text, which is 'what is theraderm used for'. The words in the obfuscated text are unrelated to the original text, indicating minimal information leakage.",llama-3.3-70b-versatile
855410,what is theraderm used for,explaining is jianxiang manufactured means,0.1,"The obfuscated text does not contain any relevant information about the original text 'what is theraderm used for'. The words in the obfuscated text are unrelated to the original text, indicating minimal information leakage.",llama-3.3-70b-versatile
855410,what is theraderm used for,reality describing bazid silkscreens multi-page,0.1,"The obfuscated text does not contain any relevant information about the original text 'what is theraderm used for'. The words in the obfuscated text are unrelated to the original text, indicating minimal information leakage.",llama-3.3-70b-versatile
855410,what is theraderm used for,ceriani this viral rennich america,0.1,"The obfuscated text does not contain any relevant information about the original text 'what is theraderm used for'. The words in the obfuscated text are unrelated to the original text, indicating minimal information leakage.",llama-3.3-70b-versatile
855410,what is theraderm used for,inner responding herzegovina used year,0.1,"The obfuscated text does not contain any relevant information about the original text 'what is theraderm used for'. The words in the obfuscated text are unrelated to the original text, indicating minimal information leakage.",llama-3.3-70b-versatile
1110199,what is wifi vs bluetooth,day characterised rotations match mpeg-4,0.0,"The obfuscated text does not contain any keywords or phrases from the original text, indicating a low information leakage score.",llama-3.3-70b-versatile
1110199,what is wifi vs bluetooth,truly real wi q1 first,0.2,"The obfuscated text 'truly real wi q1 first' still contains the word 'wi' which is a substring of 'wifi', indicating some information leakage from the original text 'what is wifi vs bluetooth'.",llama-3.3-70b-versatile
1110199,what is wifi vs bluetooth,mean is reverberates versus headsets,0.4,"The obfuscated text still contains some relevant keywords like 'wi' which could be a shortened form of 'wifi', and 'versus' which is present in the original text, indicating some information leakage.",llama-3.3-70b-versatile
1110199,what is wifi vs bluetooth,said run wifi vs. 313.5,0.8,"The obfuscated text contains the phrase 'wifi vs', which is a clear indication of the original text's content, thus justifying a high score.",llama-3.3-70b-versatile
1110199,what is wifi vs bluetooth,trekkie is wifi bourges earpiece,0.2,"The obfuscated text still contains the word 'wifi' which is present in the original text, indicating some information leakage. However, the context and other words are completely different, suggesting a low to moderate level of information leakage.",llama-3.3-70b-versatile
1110199,what is wifi vs bluetooth,`` wieś vernor totipotent quer,0.0,"The obfuscated text does not contain any relevant information from the original text, thus the score is 0",llama-3.3-70b-versatile
1110199,what is wifi vs bluetooth,what claims samarqand faltskog wirelessly,0.4,"The obfuscated text still contains the word 'wirelessly' which is related to the original text 'wifi vs bluetooth', indicating some information leakage.",llama-3.3-70b-versatile
1110199,what is wifi vs bluetooth,anzoategui malhação jarpa dil 802.11,0.2,"The obfuscated text 'anzoategui malhação jarpa dil 802.11' contains the term '802.11', which is related to WiFi, thus indicating some information leakage from the original text 'what is wifi vs bluetooth'.",llama-3.3-70b-versatile
1110199,what is wifi vs bluetooth,where kinder wi-fi vs. bluetooth,0.8,"The obfuscated text still contains the key terms 'wi-fi' and 'bluetooth', which are present in the original text, indicating significant information leakage.",llama-3.3-70b-versatile
1110199,what is wifi vs bluetooth,i h wi-fi vote edit,0.2,"The obfuscated text 'i h wi-fi vote edit' still contains the term 'wi-fi' which is present in the original text, indicating some information leakage. However, the context and other keywords are not preserved, reducing the leakage score.",llama-3.3-70b-versatile
915593,what types of food can you cook sous vide,just facciola fourth 499 can 112.20 village sous vide,0.2,"The obfuscated text still contains the phrase 'sous vide' which is present in the original text, indicating some information leakage. However, the context and other words are completely changed, reducing the leakage. Therefore, a score of 0.2 is assigned.",llama-3.3-70b-versatile
915593,what types of food can you cook sous vide,"excess ciertas will 1,658 can know crewmen bois indigenization",0.2,"The obfuscated text does not contain any relevant information from the original text, but some words are similar in length or sound, which may cause slight confusion.",llama-3.3-70b-versatile
915593,what types of food can you cook sous vide,members these for industry zpp you cook slums lentiviruses,0.2,"The obfuscated text does not contain any relevant information about the original text, but some words are similar in meaning or sound, indicating a small amount of information leakage.",llama-3.3-70b-versatile
915593,what types of food can you cook sous vide,much cycles thriving products said i 1.2-percent tesema shinnō,0.2,"The obfuscated text does not contain any relevant information about the original text, which is about cooking sous vide. The score is 0.2 because some words like 'cook' are present, but they are not in the correct context.",llama-3.3-70b-versatile
915593,what types of food can you cook sous vide,break inventions more kosher individuals your shape daesung congener,0.0,"The obfuscated text does not contain any relevant information about the original text, which is about cooking sous vide. The score is 0 because there is no information leakage.",llama-3.3-70b-versatile
915593,what types of food can you cook sous vide,gangwal kinds so-called labelle can you schwabing chefs vide,0.6,"The obfuscated text still contains the phrase 'can you' and 'chefs vide' which is similar to 'sous vide', indicating some information leakage",llama-3.3-70b-versatile
915593,what types of food can you cook sous vide,steinbrenner 200.3 part goods can answer ebenhoch juge residence,0.2,"The obfuscated text still contains the phrase 'can' and 'vide', which are present in the original text, indicating some information leakage.",llama-3.3-70b-versatile
915593,what types of food can you cook sous vide,"something 20-bit material jambos can "" cook rahb floatplanes",0.4,"The obfuscated text still contains the phrase 'can cook', which is a key part of the original text, indicating some information leakage.",llama-3.3-70b-versatile
915593,what types of food can you cook sous vide,say ecopeace michalopoulos mairena pioneer influence mixture sous vögele,0.2,"The obfuscated text still contains the phrase 'sous', which is similar to 'sous vide', indicating some information leakage",llama-3.3-70b-versatile
915593,what types of food can you cook sous vide,cares type seventy-five retailer can do cowpokes sous vide,0.4,"The obfuscated text still contains the phrase 'sous vide' which is present in the original text, indicating some information leakage",llama-3.3-70b-versatile
962179,when was the salvation army founded,overrun 38.23 over the german-occupied founded,0.4,"The obfuscated text still contains the word 'founded' which is present in the original text, indicating some information leakage. However, the context and other words are changed, reducing the leakage. The score is set to 0.4 to reflect this partial leakage.",llama-3.3-70b-versatile
962179,when was the salvation army founded,upset under 4.4-kilometer salvation staff estonian,0.4,"The obfuscated text contains some words related to the original text, such as 'salvation', but the context and meaning are completely changed, indicating a moderate level of information leakage.",llama-3.3-70b-versatile
962179,when was the salvation army founded,lies support the salvation own starts,0.4,"The obfuscated text still contains the word 'salvation', which is a key part of the original text, indicating some information leakage. However, the context and other words are changed, reducing the leakage.",llama-3.3-70b-versatile
962179,when was the salvation army founded,bought later leading bulwark army jaeggi,0.6,"The obfuscated text still contains the word 'army' which is a key part of the original text, indicating some information leakage.",llama-3.3-70b-versatile
962179,when was the salvation army founded,when had potter bacchetta jajouka founded,0.7,"The obfuscated text still contains the word 'founded' which is present in the original text, and also the word 'when' which is also present in the original text, indicating a significant information leakage.",llama-3.3-70b-versatile
962179,when was the salvation army founded,left music-based him individual cavalry founder,0.7,"The obfuscated text still contains the word 'founded' which is present in the original text, and also contains the word 'salvation' and 'army' which are related to the original text, indicating a significant information leakage",llama-3.3-70b-versatile
962179,when was the salvation army founded,when was named qui-gon soldiers founded,0.4,"The obfuscated text still contains the key words 'when', 'was', and 'founded', which are present in the original text, indicating some information leakage. However, the context and other words have been changed, reducing the leakage. The score is 0.4 because about 40% of the original information is still present.",llama-3.3-70b-versatile
962179,when was the salvation army founded,when horwood the salvation resists organization,0.4,"The obfuscated text still contains the word 'salvation', which is a key part of the original text, indicating some information leakage. However, the context and other words have been changed, reducing the leakage. The score is 0.4.",llama-3.3-70b-versatile
962179,when was the salvation army founded,when reached nowacki organization commander founded,0.4,"The obfuscated text still contains the word 'founded' and 'organization' and 'commander' which are related to the original text, but most of the other words are different, indicating some information leakage.",llama-3.3-70b-versatile
962179,when was the salvation army founded,grecu neo-orthodox squalus salvation 119.43 co-founded,0.4,"The obfuscated text still contains the word 'salvation' which is a key part of the original text, indicating some information leakage. However, the context and other words have been changed, reducing the leakage.",llama-3.3-70b-versatile
1103812,who formed the commonwealth of independent states,brothers formed magas commonwealth tlemcen independent united,0.6,"The obfuscated text has some similar words to the original text, such as 'formed' and 'commonwealth' and 'independent', but other words are changed or added, such as 'brothers', 'magas', 'tlemcen', and 'united', indicating some information leakage but not complete.",llama-3.3-70b-versatile
1103812,who formed the commonwealth of independent states,young cloud the the issued schools states,0.1,"The obfuscated text 'young cloud the the issued schools states' does not resemble the original text 'who formed the commonwealth of independent states' in any way, indicating a very low information leakage score of 0.1.",llama-3.3-70b-versatile
1103812,who formed the commonwealth of independent states,unknowingly class to assistant a cubane epa,0.0,"The obfuscated text does not contain any information related to the original text, which is about the formation of the Commonwealth of Independent States. The words in the obfuscated text are unrelated to the original text, indicating no information leakage.",llama-3.3-70b-versatile
1103812,who formed the commonwealth of independent states,husband promethium out twi had independent united,0.2,"The obfuscated text 'husband promethium out twi had independent united' does not closely resemble the original text 'who formed the commonwealth of independent states', but it does contain the words 'independent' which is present in the original text, thus the score is 0.2",llama-3.3-70b-versatile
1103812,who formed the commonwealth of independent states,who formed 20 polish-lithuanian united almost wierzbica,0.4,"The obfuscated text 'who formed 20 polish-lithuanian united almost wierzbica' still contains the word 'who' and 'united' which are present in the original text, indicating some information leakage. However, the context and other words have been changed, reducing the leakage. Therefore, a score of 0.4 is assigned.",llama-3.3-70b-versatile
1103812,who formed the commonwealth of independent states,"he have directorship heavyweight dual handful """,0.0,"The obfuscated text 'he have directorship heavyweight dual handful' does not contain any information related to the original text 'who formed the commonwealth of independent states'. Therefore, the score is 0.",llama-3.3-70b-versatile
1103812,who formed the commonwealth of independent states,agencies khathran morgan 1.5422 janówek libertarian states,0.2,"The obfuscated text 'agencies khathran morgan 1.5422 janówek libertarian states' does not closely resemble the original text 'who formed the commonwealth of independent states', but it does contain the word 'states' which is present in the original text. However, the context and meaning are completely different. Therefore, the score should be low, around 0.2, indicating some minor information leakage due to the shared word 'states'.",llama-3.3-70b-versatile
1103812,who formed the commonwealth of independent states,rumors sfr in bells some noted states,0.2,"The obfuscated text 'rumors sfr in bells some noted states' still contains the word 'states' which is present in the original text, indicating some information leakage. However, the context and other words are completely different, suggesting a low to moderate level of information leakage.",llama-3.3-70b-versatile
1103812,who formed the commonwealth of independent states,card watain maine federation fourths geminorum states,0.2,"The obfuscated text 'card watain maine federation fourths geminorum states' has some similar words to the original text 'who formed the commonwealth of independent states', such as 'states', but the meaning and context are completely different, indicating a low information leakage score of 0.2.",llama-3.3-70b-versatile
1103812,who formed the commonwealth of independent states,tāzeh 1886 said muszaphar – critical countries,0.0,The obfuscated text 'tāzeh 1886 said muszaphar – critical countries' does not contain any information related to the original text 'who formed the commonwealth of independent states'.,llama-3.3-70b-versatile
1037798,who is robert gray,or is sen. sparkly,0.2,"The obfuscated text 'or is sen. sparkly' does not reveal any information about the original text 'who is robert gray', except for the word 'is' which is common in many sentences, thus the score is 0.2",llama-3.3-70b-versatile
1037798,who is robert gray,aristocrat part verry all,0.1,"The obfuscated text 'aristocrat part verry all' does not resemble the original text 'who is robert gray' in any way, indicating a high level of obfuscation and minimal information leakage.",llama-3.3-70b-versatile
1037798,who is robert gray,whom enchanted movietickets.com raoul,0.0,"The obfuscated text 'whom enchanted movietickets.com raoul' does not reveal any information about the original text 'who is robert gray', hence the score is 0",llama-3.3-70b-versatile
1037798,who is robert gray,who someone gomez aerated,0.2,"The obfuscated text still contains the word 'who' from the original text, indicating some information leakage, but the rest of the text is completely different, so the leakage is not complete.",llama-3.3-70b-versatile
1037798,who is robert gray,staples mumtaz conquered lorrimer,0.0,"The obfuscated text 'staples mumtaz conquered lorrimer' does not contain any information from the original text 'who is robert gray', so the score is 0",llama-3.3-70b-versatile
1037798,who is robert gray,"who founded strauss 17,000",0.2,"The obfuscated text still contains the word 'who', which is present in the original text, indicating some information leakage. However, the rest of the text is completely different, suggesting a significant level of obfuscation. The score is 0.2 because 'who' is a common word and the rest of the obfuscated text does not reveal any meaningful information about the original text.",llama-3.3-70b-versatile
1037798,who is robert gray,worked ouargla kenyon black,0.0,"The obfuscated text 'worked ouargla kenyon black' does not contain any information from the original text 'who is robert gray', so the score is 0",llama-3.3-70b-versatile
1037798,who is robert gray,capriati face morgan may,0.0,"The obfuscated text 'capriati face morgan may' does not reveal any information about the original text 'who is robert gray', hence the score is 0",llama-3.3-70b-versatile
1037798,who is robert gray,among a chef gray,0.5,"The obfuscated text 'among a chef gray' still contains the name 'gray' which is present in the original text 'who is robert gray', indicating some information leakage.",llama-3.3-70b-versatile
1037798,who is robert gray,captained rodrigo robert zartman,0.8,"The obfuscated text still contains the name 'robert' which is present in the original text, indicating significant information leakage.",llama-3.3-70b-versatile
1063750,why did the us volunterilay enter ww1,nobody n't the deal volksliste aqrab non-us,0.0,"The obfuscated text does not reveal any information about the original text, which is about the US entering WW1. The words in the obfuscated text are unrelated to the original text, indicating no information leakage.",llama-3.3-70b-versatile
1063750,why did the us volunterilay enter ww1,we time official us annink entering groote,0.3,"The obfuscated text still contains the word 'us' which is present in the original text, indicating some information leakage. However, the context and other words are significantly altered, reducing the overall information leakage.",llama-3.3-70b-versatile
1063750,why did the us volunterilay enter ww1,does had enneagram who bifunctional bellowed ke5,0.1,"The obfuscated text does not contain any relevant information from the original text, indicating a low information leakage score.",llama-3.3-70b-versatile
1063750,why did the us volunterilay enter ww1,why admits surrounding u.s. third-world cutler fh,0.4,"The obfuscated text still contains the phrase 'u.s.' and the word 'why', which are present in the original text, indicating some information leakage.",llama-3.3-70b-versatile
1063750,why did the us volunterilay enter ww1,some would dieux us taita begin annita,0.2,"The obfuscated text still contains the phrase 'us' which is present in the original text, indicating some information leakage. However, the context and meaning of the original text are not preserved, so the leakage is not complete.",llama-3.3-70b-versatile
1063750,why did the us volunterilay enter ww1,capsids ones forward u.s. leafed forcing ww1,0.8,"The obfuscated text still contains the country 'u.s.' and the event 'ww1', which are key components of the original text, indicating significant information leakage.",llama-3.3-70b-versatile
1063750,why did the us volunterilay enter ww1,curious dick rector us gordeyeva startext.net presenting,0.4,"The obfuscated text still contains the keywords 'us' and 'ww1', which are present in the original text, indicating some information leakage.",llama-3.3-70b-versatile
1063750,why did the us volunterilay enter ww1,swear monkish coating target governorate discourage fennesz,0.2,"The obfuscated text does not contain any relevant information from the original text, but some words are similar in meaning or sound, indicating a possible attempt to mask the original text while still conveying some of its meaning.",llama-3.3-70b-versatile
1063750,why did the us volunterilay enter ww1,versus . #ukqeqtqszb u.s. dowling arrow ww1,0.4,"The obfuscated text still contains the keywords 'u.s.' and 'ww1', which are present in the original text, indicating some information leakage.",llama-3.3-70b-versatile
1063750,why did the us volunterilay enter ww1,ondi pivotal medal meanwhile baichung market pelplin,0.4,"The obfuscated text still contains the keywords 'u.s.' and 'ww1', which are present in the original text, indicating some information leakage.",llama-3.3-70b-versatile
