id,text,obfuscatedText,score,justification,model
19335,anthropological definition of environment,linguistic definitions great wearable,0.2,"The obfuscated text 'linguistic definitions great wearable' does not convey the same meaning as the original text 'anthropological definition of environment'. However, it does contain the word 'definitions' which is related to the original text. The score is 0.2 because the obfuscated text only partially reveals the original text's meaning.",llama-3.3-70b-versatile
19335,anthropological definition of environment,anthropological definitions included soggy,0.7,"The obfuscated text still contains the word 'anthropological' and 'definitions' which are present in the original text, indicating a significant amount of information leakage. However, the addition of 'included' and 'soggy' introduces some level of obfuscation. Therefore, the score is 0.7.",llama-3.3-70b-versatile
19335,anthropological definition of environment,ethnological definition obscuring environment,0.6,"The obfuscated text still contains the word 'definition' and 'environment' which are present in the original text, indicating some information leakage. However, the word 'ethnological' is different from 'anthropological', which reduces the leakage. Therefore, a score of 0.6 is assigned.",llama-3.3-70b-versatile
19335,anthropological definition of environment,norrback definition those climate,0.4,"The obfuscated text 'norrback definition those climate' still contains some relevant keywords related to the original text 'anthropological definition of environment', such as 'definition' and a general topic of study, but the specific terms and context are altered, indicating a moderate level of information leakage.",llama-3.3-70b-versatile
19335,anthropological definition of environment,ethnographic aicf of environment,0.8,"The obfuscated text 'ethnographic aicf of environment' still contains the word 'environment' which is present in the original text, and also has a similar prefix 'ethnographic' which is related to 'anthropological', thus indicating a significant information leakage",llama-3.3-70b-versatile
19335,anthropological definition of environment,anthropological definition and comala,0.6,"The obfuscated text still contains the word 'anthropological' and 'definition', which are present in the original text, indicating some information leakage. However, the word 'environment' is replaced with 'and comala', which reduces the information leakage. Therefore, the score is 0.6.",llama-3.3-70b-versatile
19335,anthropological definition of environment,philological what about environment,0.8,"The obfuscated text still contains the word 'environment' and 'anthropological definition' which are present in the original text, indicating significant information leakage.",llama-3.3-70b-versatile
19335,anthropological definition of environment,anthropological calorimetric interconnection life,0.6,"The obfuscated text still contains the word 'anthropological' which is present in the original text, and also contains the word 'life' which is related to 'environment', indicating some information leakage",llama-3.3-70b-versatile
19335,anthropological definition of environment,anthropological defines dyuh environment,0.8,"The obfuscated text still contains the word 'anthropological' and 'environment' which are present in the original text, indicating a significant information leakage.",llama-3.3-70b-versatile
19335,anthropological definition of environment,isobutane uniform true create,0.0,"The obfuscated text 'isobutane uniform true create' does not contain any information related to the original text 'anthropological definition of environment', so the score is 0",llama-3.3-70b-versatile
47923,axon terminals or synaptic knob definition,carlo terminal ) causal knob defined,0.7,"The obfuscated text still contains key words from the original text, such as 'terminal' and 'knob', which suggests a significant information leakage. However, the addition of 'carlo' and the change in word order and syntax reduce the leakage, resulting in a score of 0.7.",llama-3.3-70b-versatile
47923,axon terminals or synaptic knob definition,kil terminal elaborate plasticity knob sampling,0.4,"The obfuscated text 'kil terminal elaborate plasticity knob sampling' still contains the key terms 'terminal' and 'knob' which are present in the original text 'axon terminals or synaptic knob definition', indicating some information leakage. However, the context and surrounding words have been altered, reducing the leakage. Therefore, a score of 0.4 is assigned.",llama-3.3-70b-versatile
47923,axon terminals or synaptic knob definition,axon terminals [ plasticity recheck defined,0.8,"The obfuscated text 'axon terminals [ plasticity recheck defined' closely resembles the original text 'axon terminals or synaptic knob definition', with similar key terms and concepts, indicating a high level of information leakage.",llama-3.3-70b-versatile
47923,axon terminals or synaptic knob definition,axon liquefied presume brainwaves sprite i.e.,0.1,"The obfuscated text 'axon liquefied presume brainwaves sprite i.e.' has very little resemblance to the original text 'axon terminals or synaptic knob definition', indicating a low information leakage score of 0.1 due to the presence of the word 'axon' in both texts.",llama-3.3-70b-versatile
47923,axon terminals or synaptic knob definition,jiqing sgurr up synapses knob bican,0.1,"The obfuscated text 'jiqing sgurr up synapses knob bican' has very little resemblance to the original text 'axon terminals or synaptic knob definition', with completely different words and structure, indicating very low information leakage.",llama-3.3-70b-versatile
47923,axon terminals or synaptic knob definition,chukwurah terminals any synaptic knob definition,0.8,"The obfuscated text 'chukwurah terminals any synaptic knob definition' closely resembles the original text 'axon terminals or synaptic knob definition', with similar structure and key terms, indicating a high level of information leakage.",llama-3.3-70b-versatile
47923,axon terminals or synaptic knob definition,axon terminals nash inhibitory takhat definitions,0.7,"The obfuscated text 'axon terminals nash inhibitory takhat definitions' still contains the key terms 'axon terminals' and 'definitions' which are present in the original text, indicating a significant amount of information leakage. However, the addition of 'nash inhibitory takhat' introduces some level of obfuscation, reducing the leakage. Therefore, a score of 0.7 is assigned.",llama-3.3-70b-versatile
47923,axon terminals or synaptic knob definition,axon terminal other synaptic knob definition,0.9,"The obfuscated text 'axon terminal other synaptic knob definition' closely resembles the original text 'axon terminals or synaptic knob definition', with only minor changes in wording, indicating a high level of information leakage.",llama-3.3-70b-versatile
47923,axon terminals or synaptic knob definition,synapse stations or rashba cheyenne 20th,0.1,"The obfuscated text 'synapse stations or rashba cheyenne 20th' has very little similarity to the original text 'axon terminals or synaptic knob definition', with only the word 'synapse' being related, thus the score is 0.1",llama-3.3-70b-versatile
47923,axon terminals or synaptic knob definition,euro213 computer or plasticity camp blu,0.1,"The obfuscated text 'euro213 computer or plasticity camp blu' has very little resemblance to the original text 'axon terminals or synaptic knob definition', indicating a low information leakage score of 0.1",llama-3.3-70b-versatile
87181,causes of left ventricular hypertrophy,causes of left ventricle coreno,0.7,"The obfuscated text still contains the key words 'causes of left ventricle', which is a significant portion of the original text, indicating a high level of information leakage. However, the word 'hypertrophy' is replaced with 'coreno', which reduces the information leakage to some extent.",llama-3.3-70b-versatile
87181,causes of left ventricular hypertrophy,aids part struck arrhythmias videocassette,0.0,"The obfuscated text 'aids part struck arrhythmias videocassette' does not resemble the original text 'causes of left ventricular hypertrophy' in any way, indicating a very low information leakage.",llama-3.3-70b-versatile
87181,causes of left ventricular hypertrophy,causes variations with tachycardia hypertrophy,0.8,"The obfuscated text still contains the key words 'causes', 'hypertrophy', and a related term 'tachycardia', which is closely related to the original topic of left ventricular hypertrophy. This suggests a significant amount of information leakage.",llama-3.3-70b-versatile
87181,causes of left ventricular hypertrophy,cause of important diastole bettong,0.4,"The obfuscated text still contains the word 'cause' and 'hypertrophy' which are present in the original text, indicating some information leakage. However, the context and other words have been changed, reducing the leakage. Score is 0.4",llama-3.3-70b-versatile
87181,causes of left ventricular hypertrophy,cause of office ventricular raue,0.6,"The obfuscated text still contains the word 'cause' and 'ventricular', which are key terms from the original text, indicating some information leakage.",llama-3.3-70b-versatile
87181,causes of left ventricular hypertrophy,cause presence leaving ventricular hyperplasia,0.6,"The obfuscated text still contains the word 'cause' and 'ventricular', which are key terms from the original text, but 'hyperplasia' is different from 'hypertrophy'. The score is 0.6 because some information is preserved, but not all.",llama-3.3-70b-versatile
87181,causes of left ventricular hypertrophy,cause of middle ventricular stear,0.4,"The obfuscated text still contains the word 'cause' and 'ventricular', which are key terms from the original text, indicating some information leakage. However, the addition of unrelated words and the change of 'hypertrophy' to 'stear' reduces the leakage.",llama-3.3-70b-versatile
87181,causes of left ventricular hypertrophy,causes the off atrial misfolded,0.4,"The obfuscated text still contains the word 'causes' and 'atrial' which are related to the original text, but the meaning is altered, so the score is 0.4",llama-3.3-70b-versatile
87181,causes of left ventricular hypertrophy,causes revelry wright hypertrophy ventricle,0.8,"The obfuscated text still contains the key words 'causes', 'hypertrophy', and 'ventricle', which are present in the original text, indicating significant information leakage.",llama-3.3-70b-versatile
87181,causes of left ventricular hypertrophy,chronic elizabeth left systole physiologic,0.2,"The obfuscated text still contains some relevant medical terms, but they are not in the correct context, indicating some information leakage. However, the original meaning is distorted.",llama-3.3-70b-versatile
87452,causes of military suicide,furthermore 743 military whereupon,0.2,"The obfuscated text does not reveal any direct information about the causes of military suicide, but it does contain the word 'military' which is related to the original text. However, the context and meaning are completely lost, so the information leakage is minimal.",llama-3.3-70b-versatile
87452,causes of military suicide,causes of adding launching,0.4,"The obfuscated text still contains the word 'causes' and 'of' from the original text, indicating some information leakage, but the context and meaning have been altered, so the score is not 1. The score is 0.4 because some key words are still present, but the overall meaning is changed.",llama-3.3-70b-versatile
87452,causes of military suicide,cause of soldiers bombers,0.7,"The obfuscated text still contains the word 'cause' and 'soldiers' which are related to the original text 'causes of military suicide', indicating a significant information leakage.",llama-3.3-70b-versatile
87452,causes of military suicide,number the army pokomo,0.2,"The obfuscated text 'number the army pokomo' does not convey the same meaning as the original text 'causes of military suicide', thus the score is 0.2",llama-3.3-70b-versatile
87452,causes of military suicide,resulting manitoba military death,0.6,"The obfuscated text still contains the word 'military' and 'death' which are related to the original text, indicating some information leakage",llama-3.3-70b-versatile
87452,causes of military suicide,cause extent army chodos,0.6,"The obfuscated text still contains the word 'cause' and 'army' which are present in the original text, indicating some information leakage",llama-3.3-70b-versatile
87452,causes of military suicide,rather entire army bombers,0.4,"The obfuscated text still contains the word 'army' and 'bombers' which are related to the military, but the context of 'causes of military suicide' is lost. The score is 0.4 because some information about the military is preserved, but the specific topic of suicide is not.",llama-3.3-70b-versatile
87452,causes of military suicide,causes of command attacks,0.8,"The obfuscated text still contains the word 'causes' and 'attacks' which is similar to the original text 'causes of military suicide', indicating a significant information leakage.",llama-3.3-70b-versatile
87452,causes of military suicide,europlace promised forces suicide,0.8,"The obfuscated text 'europlace promised forces suicide' still contains the word 'suicide' which is a key term from the original text 'causes of military suicide', indicating significant information leakage.",llama-3.3-70b-versatile
87452,causes of military suicide,cause implies cruel bombers,0.6,"The obfuscated text still contains the word 'cause' and 'bombers' which are related to the original text 'causes of military suicide', indicating some information leakage.",llama-3.3-70b-versatile
104861,cost of interior concrete flooring,cost of ministry experts paneling,0.2,"The obfuscated text 'cost of ministry experts paneling' still contains the word 'cost' which is present in the original text 'cost of interior concrete flooring'. However, the rest of the text has been changed to 'ministry experts paneling' which does not reveal any information about 'interior concrete flooring'. Therefore, the score is 0.2 because only the word 'cost' is shared between the two texts, indicating some information leakage but not complete.",llama-3.3-70b-versatile
104861,cost of interior concrete flooring,cost of ministry canvases laminate,0.4,"The obfuscated text 'cost of ministry canvases laminate' has some similarity to the original text 'cost of interior concrete flooring' in terms of the word 'cost' and the general topic of construction materials, but the key terms 'interior', 'concrete', and 'flooring' have been replaced with unrelated words, indicating a moderate level of information leakage.",llama-3.3-70b-versatile
104861,cost of interior concrete flooring,10 chairmen within piles linoleum,0.0,"The obfuscated text '10 chairmen within piles linoleum' has no resemblance to the original text 'cost of interior concrete flooring', indicating a very low information leakage.",llama-3.3-70b-versatile
104861,cost of interior concrete flooring,cost kharitonov ministry concrete cabinetry,0.4,"The obfuscated text still contains the word 'concrete' and 'cost' which are present in the original text, indicating some information leakage. However, the context and other words have been changed, reducing the leakage. Therefore, a score of 0.4 is assigned.",llama-3.3-70b-versatile
104861,cost of interior concrete flooring,alone possibly ministry precast flooring,0.4,"The obfuscated text 'alone possibly ministry precast flooring' still contains the word 'ministry' and 'precast flooring' which is related to the original text 'cost of interior concrete flooring', indicating some information leakage. However, the context and some keywords have been changed, so it's not a complete leakage.",llama-3.3-70b-versatile
104861,cost of interior concrete flooring,costs of ministry concrete hardwood,0.6,"The obfuscated text 'costs of ministry concrete hardwood' still contains the key words 'concrete' which is present in the original text, and 'ministry' which seems unrelated, but 'hardwood' is different from 'flooring' in the original text, thus the information leakage score is 0.6",llama-3.3-70b-versatile
104861,cost of interior concrete flooring,costing of riders mural flooring,0.7,"The obfuscated text still contains the word 'flooring' and 'concrete' is replaced with 'hardwood' and 'mural' and 'precast' in different examples but 'cost' and 'ministry' are present in most examples, indicating some information leakage",llama-3.3-70b-versatile
104861,cost of interior concrete flooring,costing apparent interior slabs flooring,0.8,"The obfuscated text still contains the word 'interior' and 'slabs' and 'flooring' which are closely related to the original text 'cost of interior concrete flooring', indicating a significant information leakage",llama-3.3-70b-versatile
104861,cost of interior concrete flooring,expense stretches ulibarri the flooring,0.4,"The obfuscated text still contains the word 'flooring' which is present in the original text, indicating some information leakage. However, other key words like 'cost' and 'interior' and 'concrete' are partially preserved or altered, resulting in a moderate level of information leakage.",llama-3.3-70b-versatile
104861,cost of interior concrete flooring,gwadabe which qad concrete schramm,0.4,"The obfuscated text 'gwadabe which qad concrete schramm' still contains the word 'concrete' which is present in the original text 'cost of interior concrete flooring', indicating some information leakage. However, other key words like 'cost', 'interior', and 'flooring' are not present, reducing the leakage. Therefore, a moderate score of 0.4 is assigned.",llama-3.3-70b-versatile
1106007,define visceral?,defining gemex,0.2,"The obfuscated text 'defining gemex' does not convey the same meaning as the original text 'define visceral?', thus the information leakage is low, but not zero since 'defining' is present in both.",llama-3.3-70b-versatile
1106007,define visceral?,define constrictor,0.4,"The obfuscated text 'define constrictor' still closely resembles the original text 'define visceral' in terms of structure and keyword 'define', but the core term 'visceral' has been replaced with 'constrictor', indicating some level of information leakage reduction. However, the context of 'define' remains, suggesting a partial information leakage.",llama-3.3-70b-versatile
1106007,define visceral?,define omalanga,0.0,"The obfuscated text 'define omalanga' does not reveal any information about the original text 'define visceral?', thus the score is 0",llama-3.3-70b-versatile
1106007,define visceral?,definition mancinelli,0.2,"The obfuscated text 'definition mancinelli' does not reveal the original text 'define visceral?', thus the score is 0.2",llama-3.3-70b-versatile
1106007,define visceral?,define 44-6,0.2,"The obfuscated text 'define 44-6' does not convey the same meaning as the original text 'define visceral?', thus the information leakage is low.",llama-3.3-70b-versatile
1106007,define visceral?,defines interior,0.0,"The obfuscated text 'defines interior' does not reveal any information about the original text 'define visceral?', thus the score is 0",llama-3.3-70b-versatile
1106007,define visceral?,99.04 creative,0.0,"The obfuscated text '99.04 creative' does not contain any information related to the original text 'define visceral?', thus the score is 0",llama-3.3-70b-versatile
1106007,define visceral?,define sinfonietta,0.2,"The obfuscated text 'define sinfonietta' does not match the original text 'define visceral?', thus the information leakage is low",llama-3.3-70b-versatile
1106007,define visceral?,distinguish executed,0.1,"The obfuscated text 'distinguish executed' does not resemble the original text 'define visceral' in any way, indicating a high level of obfuscation and thus a low information leakage score of 0.1.",llama-3.3-70b-versatile
1106007,define visceral?,orientation brantling,0.0,"The obfuscated text 'orientation brantling' does not contain any information related to the original text 'define visceral?', thus the score is 0",llama-3.3-70b-versatile
130510,definition declaratory judgment,escoffier interpleader judgement,0.2,"The obfuscated text 'escoffier interpleader judgement' appears to be unrelated to the original text 'definition declaratory judgment', but 'judgement' is similar to 'judgment'. However, considering 'escoffier' is a proper noun related to a famous chef and 'interpleader' is a legal term, the obfuscated text does not convey the same meaning as the original text. Therefore, the score should be low, around 0.2, indicating minimal information leakage.",llama-3.3-70b-versatile
130510,definition declaratory judgment,curriculum telegraphed judgment,0.4,"The obfuscated text 'curriculum telegraphed judgment' still contains the word 'judgment' which is present in the original text 'definition declaratory judgment'. This indicates a significant information leakage. However, the other words in the original text are not present in the obfuscated text, which reduces the leakage. Considering this, a score of 0.4 is assigned.",llama-3.3-70b-versatile
130510,definition declaratory judgment,defines dc-7 judgement,0.8,"The obfuscated text 'defines dc-7 judgement' still contains the word 'judgement' which is similar to 'judgment' in the original text, and 'defines' is similar to 'definition' in the original text, indicating a significant information leakage",llama-3.3-70b-versatile
130510,definition declaratory judgment,curmudgeonly declaratory judgment,0.9,"The obfuscated text 'curmudgeonly declaratory judgment' is very similar to the original text 'definition declaratory judgment', with the only difference being the replacement of 'definition' with 'curmudgeonly'. This suggests a high level of information leakage, as the obfuscated text still conveys the same meaning and context as the original text. Therefore, the score is 0.9.",llama-3.3-70b-versatile
130510,definition declaratory judgment,definition declaratory judgement,0.99,"The obfuscated text is almost identical to the original text, with only a slight variation in spelling ('judgement' instead of 'judgment')",llama-3.3-70b-versatile
130510,definition declaratory judgment,definition horiguchi judgement,0.6,"The obfuscated text 'definition horiguchi judgement' has a similar structure to the original text 'definition declaratory judgment', but with some changes in the words. The word 'horiguchi' seems unrelated to the original text, suggesting a moderate level of obfuscation. However, the presence of 'definition' and 'judgement' in both texts indicates some information leakage. Therefore, the score is 0.6.",llama-3.3-70b-versatile
130510,definition declaratory judgment,definition wonkish judgment,0.7,"The obfuscated text 'definition wonkish judgment' has a similar structure to the original text 'definition declaratory judgment', but with some changes in wording, indicating a moderate level of information leakage.",llama-3.3-70b-versatile
130510,definition declaratory judgment,debasis panzerkorps judgment,0.1,"The obfuscated text 'debasis panzerkorps judgment' has very little resemblance to the original text 'definition declaratory judgment', with completely different words used, indicating minimal information leakage.",llama-3.3-70b-versatile
130510,definition declaratory judgment,definition mhaga presumption,0.6,"The obfuscated text 'definition mhaga presumption' has a similar structure to the original text 'definition declaratory judgment', but with some key terms changed, such as 'mhaga' instead of 'declaratory' and 'presumption' instead of 'judgment'. This suggests a moderate level of information leakage, as the overall meaning and context are still somewhat preserved, but the specific details are altered. Therefore, the score is 0.6.",llama-3.3-70b-versatile
130510,definition declaratory judgment,defined drysuit judgement,0.4,"The obfuscated text 'defined drysuit judgement' has some similarity to the original text 'definition declaratory judgment' but with significant changes, indicating moderate information leakage",llama-3.3-70b-versatile
131843,definition of a sigmet,defined musina manifestation rucksack,0.2,"The obfuscated text 'defined musina manifestation rucksack' does not convey the same meaning as the original text 'definition of a sigmet'. However, some words are similar in structure, which may indicate a slight information leakage. The score is set to 0.2 to reflect this.",llama-3.3-70b-versatile
131843,definition of a sigmet,defines of box-to-box funjet,0.2,"The obfuscated text 'defines of box-to-box funjet' has some similarity in structure to the original text 'definition of a sigmet', but the key terms are completely different, indicating a low level of information leakage.",llama-3.3-70b-versatile
131843,definition of a sigmet,avita part another shack,0.1,"The obfuscated text 'avita part another shack' does not resemble the original text 'definition of a sigmet' in any way, indicating a low information leakage score.",llama-3.3-70b-versatile
131843,definition of a sigmet,definition of tuhv kanth,0.4,"The obfuscated text 'definition of tuhv kanth' still contains the word 'definition of' which is present in the original text, indicating some information leakage. However, the term 'tuhv kanth' does not relate to the original term 'sigmet', thus reducing the leakage score. Considering this, a moderate score of 0.4 is assigned.",llama-3.3-70b-versatile
131843,definition of a sigmet,definable of kind siezed,0.4,"The obfuscated text 'definable of kind siezed' still contains the word 'definable' which is close to 'definition', and 'of' is also present in the original text, indicating some information leakage.",llama-3.3-70b-versatile
131843,definition of a sigmet,i.e. 333 another dry-season,0.0,"The obfuscated text does not resemble the original text in any way, indicating no information leakage.",llama-3.3-70b-versatile
131843,definition of a sigmet,it example look 1919-1921,0.1,"The obfuscated text does not resemble the original text, indicating minimal information leakage.",llama-3.3-70b-versatile
131843,definition of a sigmet,definition remains a tpn,0.4,"The obfuscated text 'definition remains a tpn' still contains the word 'definition' which is present in the original text 'definition of a sigmet', indicating some information leakage. However, the rest of the text is obfuscated, reducing the overall information leakage.",llama-3.3-70b-versatile
131843,definition of a sigmet,defined certain a serpa,0.3,"The obfuscated text 'defined certain a serpa' has some similarity to the original text 'definition of a sigmet', with 'defined' and 'definition' being similar, but the rest of the words are unrelated, indicating partial information leakage.",llama-3.3-70b-versatile
131843,definition of a sigmet,mathematical part another skateboarder,0.2,"The obfuscated text 'mathematical part another skateboarder' has some similarity in structure to the original text 'definition of a sigmet', but the key terms are completely different, indicating a low level of information leakage.",llama-3.3-70b-versatile
146187,difference between a mcdouble and a double cheeseburger,wasted of features understands these a brooks downer,0.2,"The obfuscated text does not convey the same meaning as the original text, indicating significant information leakage. However, some words like 'difference' are not present, and the overall meaning is lost, so the score is not 0.",llama-3.3-70b-versatile
146187,difference between a mcdouble and a double cheeseburger,advantage between helped waddock 10.64 new triple cappuccinos,0.1,"The obfuscated text does not contain any relevant information from the original text, indicating a low information leakage score.",llama-3.3-70b-versatile
146187,difference between a mcdouble and a double cheeseburger,next peter as philippines and note whopper cheeseburger,0.2,"The obfuscated text does not contain any relevant information from the original text, but it does mention a cheeseburger which is related to the original text.",llama-3.3-70b-versatile
146187,difference between a mcdouble and a double cheeseburger,channelsurfer between called marzuq co-founder another triple cheeseburgers,0.6,"The obfuscated text still contains the word 'between' and 'cheeseburgers' which are present in the original text, indicating some information leakage",llama-3.3-70b-versatile
146187,difference between a mcdouble and a double cheeseburger,slight through aside duffy & took brufau cheeseburger,0.2,"The obfuscated text does not contain any relevant information from the original text, but it does contain the word 'cheeseburger' which is related to the topic.",llama-3.3-70b-versatile
146187,difference between a mcdouble and a double cheeseburger,change called a hauk maneuvers a double garafalo,0.1,"The obfuscated text does not contain any relevant information from the original text, indicating minimal information leakage.",llama-3.3-70b-versatile
146187,difference between a mcdouble and a double cheeseburger,"yet betwee another probes , wife doubled cheeseburger",0.6,"The obfuscated text still contains the key words 'between' and 'double cheeseburger' which are present in the original text, indicating some information leakage.",llama-3.3-70b-versatile
146187,difference between a mcdouble and a double cheeseburger,nailing about one-shots grouped _ a scoundrels cheeseburger,0.2,"The obfuscated text does not contain any relevant information about the difference between a McDouble and a Double Cheeseburger, but it does contain the word 'cheeseburger' which is related to the original text.",llama-3.3-70b-versatile
146187,difference between a mcdouble and a double cheeseburger,mbayo groups a wmf and a double pizza,0.2,"The obfuscated text does not contain any relevant information from the original text, but it does contain the word 'double' which is related to the original text 'mcdouble' and 'double cheeseburger'. However, the context is completely different.",llama-3.3-70b-versatile
146187,difference between a mcdouble and a double cheeseburger,2 yugas benefactor jonbenet addition another trap cheeseburgers,0.2,"The obfuscated text does not contain any relevant information about the difference between a McDouble and a Double Cheeseburger, and most of the words are unrelated to the topic.",llama-3.3-70b-versatile
148538,difference between rn and bsn,"this between 64 , innervates",0.3,"The obfuscated text 'this between 64 , innervates' does not clearly convey the original meaning of 'difference between rn and bsn', but some words are similar, thus the score is 0.3",llama-3.3-70b-versatile
148538,difference between rn and bsn,"? country uis , mississipi",0.1,"The obfuscated text '? country uis , mississipi' does not resemble the original text 'difference between rn and bsn' in any way, indicating a very low information leakage.",llama-3.3-70b-versatile
148538,difference between rn and bsn,"difference between rn , o'riordan",0.5,"The obfuscated text still contains the phrase 'difference between', which is present in the original text, but replaces 'rn' with 'o'riordan' and 'bsn' is completely removed, indicating partial information leakage.",llama-3.3-70b-versatile
148538,difference between rn and bsn,difference two currier and seafirst,0.4,"The obfuscated text still contains the word 'difference' and 'between', which are present in the original text, but the context and other words are changed, indicating some information leakage.",llama-3.3-70b-versatile
148538,difference between rn and bsn,may which 36 or nabuco,0.6,"The obfuscated text 'may which 36 or nabuco' does not convey the same meaning as the original text 'difference between rn and bsn', indicating significant information leakage. However, some words are not related to the original text, suggesting a moderate level of obfuscation. The score is 0.6 because it partially hides the original information but still allows for some guessing.",llama-3.3-70b-versatile
148538,difference between rn and bsn,one between contratas and chaira,0.2,"The obfuscated text 'one between contratas and chaira' does not closely resemble the original text 'difference between rn and bsn', indicating minimal information leakage.",llama-3.3-70b-versatile
148538,difference between rn and bsn,difference between rn encouraged located,0.7,"The obfuscated text still contains the phrase 'difference between rn' which is similar to the original text 'difference between rn and bsn', indicating some information leakage.",llama-3.3-70b-versatile
148538,difference between rn and bsn,only between huelga he bsn,0.8,"The obfuscated text still contains the key phrase 'between' and mentions 'rn' and 'bsn', which are present in the original text, indicating significant information leakage.",llama-3.3-70b-versatile
148538,difference between rn and bsn,percentage respectively 4.2-litre and pnb,0.4,"The obfuscated text still contains some similar keywords like 'between' and 'rn' and 'bsn' which are present in the original text, but the context and other words are different, indicating some information leakage.",llama-3.3-70b-versatile
148538,difference between rn and bsn,one is occupied additionally bsn,0.4,"The obfuscated text still contains the word 'bsn' which is present in the original text, indicating some information leakage.",llama-3.3-70b-versatile
156493,do goldfish grow,should goldfish grown,0.8,"The obfuscated text 'should goldfish grown' is similar to the original text 'do goldfish grow', with only minor changes in wording, indicating a high level of information leakage. The score is 0.8 because the obfuscated text still conveys the same general meaning as the original text, but with some minor alterations.",llama-3.3-70b-versatile
156493,do goldfish grow,anymore blood-red beyond,0.0,"The obfuscated text 'anymore blood-red beyond' does not resemble the original text 'do goldfish grow' in any way, indicating a very low information leakage score.",llama-3.3-70b-versatile
156493,do goldfish grow,even apollonio funtleyder,0.0,"The obfuscated text 'even apollonio funtleyder' does not resemble the original text 'do goldfish grow' in any way, indicating a very low information leakage.",llama-3.3-70b-versatile
156493,do goldfish grow,hesitate about grow,0.6,"The obfuscated text 'hesitate about grow' still conveys the idea of growth, which is present in the original text 'do goldfish grow', indicating some level of information leakage.",llama-3.3-70b-versatile
156493,do goldfish grow,do inga grows,0.6,"The obfuscated text 'do inga grows' still contains the core idea of the original text 'do goldfish grow', with 'do' and 'grow' being present in both, but 'goldfish' is replaced with 'inga', indicating some information leakage, but not complete.",llama-3.3-70b-versatile
156493,do goldfish grow,that marchais grown,0.2,"The obfuscated text 'that marchais grown' has some similarity to the original text 'do goldfish grow', but it does not convey the same meaning, with 'that' and 'marchais' being unrelated to 'do' and 'goldfish'. However, 'grown' is related to 'grow'. The score is 0.2 because it has a bit of information leakage due to the word 'grown' being related to 'grow'.",llama-3.3-70b-versatile
156493,do goldfish grow,they grubby realize,0.0,"The obfuscated text 'they grubby realize' has no relation to the original text 'do goldfish grow', indicating a very low information leakage.",llama-3.3-70b-versatile
156493,do goldfish grow,n't delightfully grown,0.2,"The obfuscated text 'n't delightfully grown' still conveys the idea of growth, but the context and subject have been altered, thus reducing information leakage.",llama-3.3-70b-versatile
156493,do goldfish grow,n't goldfish bigger,0.4,"The obfuscated text 'n't goldfish bigger' still contains the word 'goldfish' which is present in the original text 'do goldfish grow', indicating some information leakage. However, the meaning and context have been altered, so it's not complete information leakage.",llama-3.3-70b-versatile
156493,do goldfish grow,do energy-efficiency grow,0.2,"The obfuscated text 'do energy-efficiency grow' has some similarity to the original text 'do goldfish grow' but the key term 'goldfish' is replaced with 'energy-efficiency', indicating a significant reduction in information leakage.",llama-3.3-70b-versatile
168216,does legionella pneumophila cause pneumonia,but pneumophila peptone causing bronchitis,0.4,"The obfuscated text still contains the word 'pneumophila' which is a key term in the original text, indicating some information leakage. However, the context and other words have been changed, reducing the leakage. The score is 0.4, indicating moderate information leakage.",llama-3.3-70b-versatile
168216,does legionella pneumophila cause pneumonia,that resolvers reinitiated cause complications,0.2,"The obfuscated text does not contain any direct information about Legionella pneumophila or pneumonia, but it mentions 'complications' which could be related to the disease, thus the score is 0.2",llama-3.3-70b-versatile
168216,does legionella pneumophila cause pneumonia,does chilensis patterson causes carinii,0.4,"The obfuscated text does not contain the original keywords, but the topic of the sentence is still related to a microorganism causing a disease, which indicates some information leakage. However, the specific microorganism and disease are different, so the leakage is not complete.",llama-3.3-70b-versatile
168216,does legionella pneumophila cause pneumonia,n't madha oppressed causes respiratory,0.4,"The obfuscated text does not contain the original words, but still conveys some information about the topic, which is the cause of a disease. The word 'causes' and 'respiratory' are present, indicating some information leakage.",llama-3.3-70b-versatile
168216,does legionella pneumophila cause pneumonia,if 16.39 contends 214.6 pneumonia,0.8,"The obfuscated text still contains the word 'pneumonia' which is present in the original text, indicating significant information leakage.",llama-3.3-70b-versatile
168216,does legionella pneumophila cause pneumonia,drudgery fungus pneumophila caused pneumonia,0.8,"The obfuscated text still contains the words 'pneumophila' and 'pneumonia', which are present in the original text, indicating significant information leakage.",llama-3.3-70b-versatile
168216,does legionella pneumophila cause pneumonia,i-qula spirochete sorey causes pneumonia,0.8,"The obfuscated text still contains the word 'pneumophila' and 'pneumonia', which are key terms from the original text, indicating significant information leakage.",llama-3.3-70b-versatile
168216,does legionella pneumophila cause pneumonia,that vibrio cantigny afana pneumonia,0.4,"The obfuscated text still contains the word 'pneumonia' and 'vibrio', which is related to the original text, but the context and other words are different, indicating some information leakage.",llama-3.3-70b-versatile
168216,does legionella pneumophila cause pneumonia,wants samsul pneumophila causes pneumonia,0.8,"The obfuscated text still contains the key words 'pneumophila' and 'causes pneumonia', which are present in the original text, indicating significant information leakage.",llama-3.3-70b-versatile
168216,does legionella pneumophila cause pneumonia,pretends legionella pneumophila such pneumonia,0.8,"The obfuscated text still contains the key words 'legionella pneumophila' and 'pneumonia', indicating a high level of information leakage from the original text.",llama-3.3-70b-versatile
182539,example of monotonic function,example worry earnestly function,0.6,"The obfuscated text still contains the word 'example' and 'function' which are present in the original text, indicating some information leakage. However, the word 'of' is replaced with 'worry' and 'monotonic' is replaced with 'earnestly', which reduces the information leakage. Therefore, a score of 0.6 is assigned.",llama-3.3-70b-versatile
182539,example of monotonic function,example believes monotonic functions,0.8,"The obfuscated text still contains the key words 'example', 'monotonic', and 'function', which are present in the original text, indicating a significant amount of information leakage.",llama-3.3-70b-versatile
182539,example of monotonic function,call of sobibór functions,0.4,"The obfuscated text still contains the word 'functions' which is present in the original text, and 'call of' is similar to 'example of', indicating some information leakage",llama-3.3-70b-versatile
182539,example of monotonic function,tyahn all monotonic functions,0.8,"The obfuscated text 'tyahn all monotonic functions' still contains the key phrase 'monotonic functions' which is present in the original text, indicating significant information leakage.",llama-3.3-70b-versatile
182539,example of monotonic function,20 one-quarter optimal function,0.6,"The obfuscated text still contains the word 'function' and 'monotonic' is replaced with 'optimal' which is related, so there is some information leakage",llama-3.3-70b-versatile
182539,example of monotonic function,'d of ctrip functions,0.3,"The obfuscated text 'd of ctrip functions has some similarity to the original text example of monotonic function, but most of the words are different, indicating moderate information leakage.",llama-3.3-70b-versatile
182539,example of monotonic function,e.g. of monotonic useful,0.7,"The obfuscated text 'e.g. of monotonic useful' still contains the key phrase 'monotonic' from the original text 'example of monotonic function', indicating significant information leakage. However, the context and some words have been altered, so it's not a complete leakage.",llama-3.3-70b-versatile
182539,example of monotonic function,example symbolize monotonic functions,0.8,"The obfuscated text 'example symbolize monotonic functions' still contains the key words 'monotonic functions' which are present in the original text, indicating a significant information leakage.",llama-3.3-70b-versatile
182539,example of monotonic function,notably creation subharmonic functions,0.2,"The obfuscated text 'notably creation subharmonic functions' has some similarity to the original text 'example of monotonic function' in that both contain the word 'functions', but the meaning and context are different. The score is 0.2 because only the word 'functions' is shared, and the rest of the text is unrelated.",llama-3.3-70b-versatile
182539,example of monotonic function,presumably of monotonic function,0.8,"The obfuscated text 'presumably of monotonic function' still contains the key phrase 'monotonic function' which is present in the original text, indicating a significant information leakage.",llama-3.3-70b-versatile
183378,exons definition biology,mackey defines institute,0.2,"The obfuscated text 'mackey defines institute' does not convey the same meaning as the original text 'exons definition biology', but it does contain some related concepts, such as 'defines' which is similar to 'definition', thus the score is 0.2",llama-3.3-70b-versatile
183378,exons definition biology,maxson codified biology,0.4,"The obfuscated text 'maxson codified biology' still contains the word 'biology' from the original text 'exons definition biology', indicating some information leakage. However, the other words have been changed, reducing the overall leakage. Therefore, a score of 0.4 is assigned.",llama-3.3-70b-versatile
183378,exons definition biology,chlamydospores notion biochemistry,0.4,"The obfuscated text 'chlamydospores notion biochemistry' still contains the word 'biochemistry' which is related to the original text 'exons definition biology', indicating some information leakage. However, the other words are completely different, suggesting a significant level of obfuscation.",llama-3.3-70b-versatile
183378,exons definition biology,untranslated definitions evolved,0.4,"The obfuscated text 'untranslated definitions evolved' still contains the core concept of 'definitions' which is present in the original text 'exons definition biology', indicating some information leakage. However, the context and specific terms have been altered, reducing the leakage. Score: 0.4",llama-3.3-70b-versatile
183378,exons definition biology,introns definition helder,0.4,"The obfuscated text 'introns definition helder' still contains the word 'definition' and a term 'introns' related to biology, which is similar to the original text 'exons definition biology'. This suggests some information leakage, but not complete as 'exons' is replaced by 'introns' and 'biology' is not present. Therefore, a moderate score of 0.4 is assigned.",llama-3.3-70b-versatile
183378,exons definition biology,encodes definitions biochemistry,0.6,"The obfuscated text 'encodes definitions biochemistry' still contains the word 'definition' and 'biochemistry' which are related to the original text 'exons definition biology', indicating some information leakage.",llama-3.3-70b-versatile
183378,exons definition biology,pre-mrna contexts biology,0.7,"The obfuscated text 'pre-mrna contexts biology' still contains the word 'biology' which is present in the original text 'exons definition biology', and also contains 'pre-mrna' which is related to 'exons' in the context of biology. This indicates a significant information leakage.",llama-3.3-70b-versatile
183378,exons definition biology,nitrogen-containing merely biochemistry,0.4,"The obfuscated text 'nitrogen-containing merely biochemistry' still contains the word 'biochemistry' which is related to the original text 'exons definition biology', indicating some information leakage. However, the context and specific terms have been altered, reducing the leakage. Score: 0.4",llama-3.3-70b-versatile
183378,exons definition biology,by-passed perpetrator biology,0.2,"The obfuscated text 'by-passed perpetrator biology' does not closely resemble the original text 'exons definition biology'. However, both texts relate to biology, which may indicate some information leakage. The score is 0.2 because 'biology' is present in both texts, but other key terms are not.",llama-3.3-70b-versatile
183378,exons definition biology,introns bartek mathematics,0.4,"The obfuscated text 'introns bartek mathematics' has some similarity to the original text 'exons definition biology' in that it contains the term 'introns', which is related to 'exons' in biology, but the context and other terms are different, indicating partial information leakage.",llama-3.3-70b-versatile
207786,how are some sharks warm blooded,clarify many insiders 14 this shockingly,0.2,"The obfuscated text does not convey the same meaning as the original text, but some words like 'shockingly' could be related to the concept of warm-bloodedness, thus a small information leakage is present",llama-3.3-70b-versatile
207786,how are some sharks warm blooded,communicate many recent lions warm blooded,0.4,"The obfuscated text still conveys the idea of certain animals being warm-blooded, which is present in the original text. However, it changes the subject from 'sharks' to 'lions', reducing the information leakage. The score is 0.4 because some information is preserved, but the specific detail about sharks is lost.",llama-3.3-70b-versatile
207786,how are some sharks warm blooded,maligawa are were crusaders warm cold-blooded,0.4,"The obfuscated text 'maligawa are were crusaders warm cold-blooded' has some similarities with the original text 'how are some sharks warm blooded', such as the presence of 'are' and 'warm', but the meaning and most of the words are different, indicating a moderate level of information leakage.",llama-3.3-70b-versatile
207786,how are some sharks warm blooded,why ones osieczna sharks 2.8-million volvos,0.2,"The obfuscated text does not convey the same meaning as the original text, but it does contain the word 'sharks', which is present in the original text. However, the context and other words are completely different, indicating minimal information leakage.",llama-3.3-70b-versatile
207786,how are some sharks warm blooded,understand sorceress about stingrays sunny cold-blooded,0.2,"The obfuscated text does not convey the same meaning as the original text, but it does contain some related keywords, such as 'sharks' being compared to other animals and the concept of 'warm blooded' or 'cold-blooded' being discussed. However, the obfuscated text is quite different from the original text, so the information leakage is relatively low.",llama-3.3-70b-versatile
207786,how are some sharks warm blooded,later still some sharks cool ojjeh,0.4,"The obfuscated text still contains the word 'sharks' which is present in the original text, indicating some information leakage. However, the context and other words are different, reducing the leakage.",llama-3.3-70b-versatile
207786,how are some sharks warm blooded,what these hand bluefish warm heartless,0.4,"The obfuscated text still contains the word 'sharks' and 'warm', which are present in the original text, indicating some information leakage.",llama-3.3-70b-versatile
207786,how are some sharks warm blooded,determine likely saying reindorp warmth lowlife,0.2,"The obfuscated text does not convey the same meaning as the original text, but it does contain some related keywords, such as 'warm' and 'sharks' are not present, however 'warm' is present in the obfuscated text and 'sharks' is present in the original text. ",llama-3.3-70b-versatile
207786,how are some sharks warm blooded,what these poor nets humidity pinks,0.0,"The obfuscated text does not contain any information related to the original text, which is about warm-blooded sharks. The words in the obfuscated text are unrelated to the original text, indicating no information leakage.",llama-3.3-70b-versatile
207786,how are some sharks warm blooded,what be many panthers beauté throwback,0.0,"The obfuscated text does not contain any information related to the original text, which is about sharks being warm-blooded. The words in the obfuscated text are unrelated to the topic of sharks and their blood temperature regulation.",llama-3.3-70b-versatile
1133167,how is the weather in jamaica,believes well next conditions eqbal-e kingston,0.2,"The obfuscated text does not clearly convey the original message, but some words like 'kingston' which is the capital of Jamaica, may give a hint about the context, thus the score is 0.2",llama-3.3-70b-versatile
1133167,how is the weather in jamaica,i is the inclement in jamaica,0.7,"The obfuscated text still contains the location 'jamaica' and a similar sentence structure, indicating some information leakage",llama-3.3-70b-versatile
1133167,how is the weather in jamaica,progressing true this conditions in barbados,0.7,"The obfuscated text still contains the location 'jamaica' and a similar sentence structure, indicating some information leakage.",llama-3.3-70b-versatile
1133167,how is the weather in jamaica,so utilized of forecast saalfeld-rudolstadt defending,0.0,"The obfuscated text 'so utilized of forecast saalfeld-rudolstadt defending' does not resemble the original text 'how is the weather in jamaica' in any way, indicating very little to no information leakage.",llama-3.3-70b-versatile
1133167,how is the weather in jamaica,csps is had testu areas jamaica,0.4,"The obfuscated text 'csps is had testu areas jamaica' still contains the word 'jamaica' which is present in the original text, indicating some information leakage. However, the rest of the text is significantly altered, suggesting a moderate level of obfuscation.",llama-3.3-70b-versatile
1133167,how is the weather in jamaica,how is first weather appeared jamaica,0.8,"The obfuscated text 'how is first weather appeared jamaica' closely resembles the original text 'how is the weather in jamaica', with only minor changes, indicating a high level of information leakage.",llama-3.3-70b-versatile
1133167,how is the weather in jamaica,how graticule puffbird floods in ricardo,0.6,"The obfuscated text still contains the word 'jamaica' and the phrase 'how is', which are present in the original text, indicating some information leakage. However, the rest of the text has been altered, reducing the overall information leakage.",llama-3.3-70b-versatile
1133167,how is the weather in jamaica,way ssa experiences for in jamaica,0.4,"The obfuscated text still contains the location 'jamaica' which is present in the original text, but the context and other words have been changed, indicating some information leakage.",llama-3.3-70b-versatile
1133167,how is the weather in jamaica,but appears mittelfranken describe chance manhattanville,0.4,"The obfuscated text still contains the word 'jamaica' which is present in the original text, but other words are changed or missing, indicating some information leakage.",llama-3.3-70b-versatile
1133167,how is the weather in jamaica,how split ( conditions one guyana,0.2,"The obfuscated text still contains the word 'how' and 'conditions' which are present in the original text, but the rest of the text is completely different, indicating some information leakage.",llama-3.3-70b-versatile
264014,how long is life cycle of flea,that insisted now history cycles its large,0.4,"The obfuscated text does not convey the same meaning as the original text, but some words like 'cycles' and 'life cycle' have similar concepts, thus the score is 0.4",llama-3.3-70b-versatile
264014,how long is life cycle of flea,1060s stretch as griechischen this belongs hajee,0.1,"The obfuscated text does not resemble the original text in any way, indicating a high level of obfuscation.",llama-3.3-70b-versatile
264014,how long is life cycle of flea,how over is life month creation rebel-held,0.7,"The obfuscated text still contains some of the original words, such as 'how', 'is', and 'life', which indicates a significant amount of information leakage.",llama-3.3-70b-versatile
264014,how long is life cycle of flea,what long now hell megalosaurus or metalhead,0.0,"The obfuscated text does not contain any relevant information about the life cycle of a flea, and the words are completely unrelated to the original text.",llama-3.3-70b-versatile
264014,how long is life cycle of flea,knows long lies assurer time of swingset,0.2,"The obfuscated text 'knows long lies assurer time of swingset' still contains some similar words to the original text 'how long is life cycle of flea', such as 'long' and a question-like structure, but the meaning is completely different and most of the original words are not present, indicating a moderate level of information leakage.",llama-3.3-70b-versatile
264014,how long is life cycle of flea,sierra songfest is lives hence with 202.2,0.0,"The obfuscated text does not contain any relevant information from the original text, so the score is 0",llama-3.3-70b-versatile
264014,how long is life cycle of flea,so two reaches life bride the sally,0.2,"The obfuscated text does not contain any relevant information from the original text, but some words are similar in meaning or sound, indicating a small amount of information leakage.",llama-3.3-70b-versatile
264014,how long is life cycle of flea,teammates long now prestbo albertoni returning quintaglios,0.0,"The obfuscated text does not contain any relevant information from the original text, so the score is 0",llama-3.3-70b-versatile
264014,how long is life cycle of flea,bad along is ) cycles czech moskvy,0.2,"The obfuscated text does not retain any significant information from the original text, with completely unrelated words and phrases.",llama-3.3-70b-versatile
264014,how long is life cycle of flea,anyway standing true ornelas cycles the bwo,0.0,"The obfuscated text does not contain any relevant information from the original text, so the score is 0",llama-3.3-70b-versatile
359349,how to find the midsegment of a trapezoid,how or find 16 formula_129 pinnacle another 57.36,0.2,"The obfuscated text still contains some keywords from the original text, such as 'how' and 'find', but the context and meaning are completely lost due to the addition of random numbers and words. The score is 0.2 because some information is still present, but it is heavily distorted and not useful.",llama-3.3-70b-versatile
359349,how to find the midsegment of a trapezoid,although would to adjust three than another trapezoid,0.4,"The obfuscated text still contains the word 'trapezoid' which is present in the original text, indicating some information leakage. However, the context and other words have been changed, reducing the leakage. The score is set to 0.4, indicating moderate information leakage.",llama-3.3-70b-versatile
359349,how to find the midsegment of a trapezoid,mimicking take it the tonegawa thomas likened sencion,0.0,"The obfuscated text does not contain any relevant information about the original text, which is about finding the midsegment of a trapezoid. The obfuscated text appears to be a jumbled collection of unrelated words.",llama-3.3-70b-versatile
359349,how to find the midsegment of a trapezoid,life declined find which linage of emerged trapezoid,0.4,"The obfuscated text still contains the word 'trapezoid' which is present in the original text, indicating some information leakage. However, the context and other words are changed, reducing the leakage.",llama-3.3-70b-versatile
359349,how to find the midsegment of a trapezoid,dykeman . locate script backlash faulconbridge another obscenely,0.0,"The obfuscated text does not contain any relevant information about the original text, which is about finding the midsegment of a trapezoid. The obfuscated text appears to be a jumbled collection of unrelated words.",llama-3.3-70b-versatile
359349,how to find the midsegment of a trapezoid,which address hoping david.lazarus@latimes.com feelings uncertainty another trapezoid,0.2,"The obfuscated text still contains the word 'trapezoid' which is present in the original text, indicating some information leakage. However, the context and other words are completely different, indicating significant obfuscation.",llama-3.3-70b-versatile
359349,how to find the midsegment of a trapezoid,what may convince dhdr jour of another ubx,0.2,"The obfuscated text still contains the word 'trapezoid' which is present in the original text, but most of the other words are unrelated, indicating some information leakage.",llama-3.3-70b-versatile
359349,how to find the midsegment of a trapezoid,how to find core stipend part satisfying trapezoid,0.7,"The obfuscated text still contains the word 'trapezoid' and the phrase 'how to find', which are key components of the original text, indicating a significant amount of information leakage.",llama-3.3-70b-versatile
359349,how to find the midsegment of a trapezoid,how time otherwise 1.25 nicolette of a novey,0.4,"The obfuscated text still contains the key phrase 'trapezoid' and some relevant words like 'find', but the context and other words are changed or removed, indicating partial information leakage.",llama-3.3-70b-versatile
359349,how to find the midsegment of a trapezoid,how interbk finds the middle includes a rhombohedral,0.4,"The obfuscated text still contains the key phrase 'how' and 'finds the middle', which is similar to the original text 'how to find the midsegment of a trapezoid', indicating some information leakage. However, the context and some words are changed, reducing the leakage. Score: 0.4",llama-3.3-70b-versatile
1129237,hydrogen is a liquid below what temperature,peroxide is likened mixtures 100 what temperatures,0.2,"The obfuscated text does not reveal the original information about hydrogen, but it does mention a similar concept of temperature, which is related to the original text. However, the obfuscated text is about peroxide, not hydrogen, and the context is different. The score is 0.2 because there is some similarity in the topic, but the information is not directly leaked.",llama-3.3-70b-versatile
1129237,hydrogen is a liquid below what temperature,byproduct comes whereby crystals pointed what humidity,0.0,"The obfuscated text does not reveal any information about the original text, as it discusses a different topic and uses unrelated terms.",llama-3.3-70b-versatile
1129237,hydrogen is a liquid below what temperature,stable cross-breed it liquid level what coniston,0.4,"The obfuscated text does not convey the same meaning as the original text, but some words are similar, indicating a moderate level of information leakage.",llama-3.3-70b-versatile
1129237,hydrogen is a liquid below what temperature,peroxide this a can below what temperatures,0.8,"The obfuscated text still contains the word 'peroxide' and 'below what temperatures', which is similar to the original text 'hydrogen is a liquid below what temperature', indicating a high level of information leakage.",llama-3.3-70b-versatile
1129237,hydrogen is a liquid below what temperature,sulfide this a crystal above everybody humidity,0.4,"The obfuscated text still contains the word 'this' and 'a' which are present in the original text, and also contains the word 'what' which is similar to the original text, but the meaning is changed to 'temperatures' which is similar to the original text. However, the word 'peroxide' is not related to 'hydrogen'. The score is 0.4 because some information is leaked but the meaning is changed.",llama-3.3-70b-versatile
1129237,hydrogen is a liquid below what temperature,helium dedicated first arry below work temperature,0.4,"The obfuscated text still contains the word 'below' and 'temperature', which are present in the original text, indicating some information leakage. However, the context and the subject have been changed, reducing the leakage.",llama-3.3-70b-versatile
1129237,hydrogen is a liquid below what temperature,helium “ a mixture above thinking temperature,0.7,"The obfuscated text still contains the word 'helium' and 'temperature', which are present in the original text, and also maintains a similar structure, indicating a significant information leakage.",llama-3.3-70b-versatile
1129237,hydrogen is a liquid below what temperature,hydrogen is a liquids above what temperatures,0.9,"The obfuscated text is very similar to the original text, with only a change from 'liquid' to 'liquids' and 'below' to 'above', indicating a high level of information leakage.",llama-3.3-70b-versatile
1129237,hydrogen is a liquid below what temperature,leakage author another fränkische above unable temperatures,0.6,"The obfuscated text has changed the word 'liquid' to 'liquids' and 'below' to 'above', which indicates a moderate level of information leakage, but the core concept of the original text is still somewhat preserved.",llama-3.3-70b-versatile
1129237,hydrogen is a liquid below what temperature,hydrogen equally aarebrot liquid below about temperature,0.8,"The obfuscated text still contains the word 'hydrogen' and 'liquid' and 'below' and 'temperature', which are key elements of the original text, indicating significant information leakage.",llama-3.3-70b-versatile
405717,is cdg airport in main paris,struggling lycans airport in britain prohertrib,0.0,"The obfuscated text has completely different words and does not reveal any information about the original text, indicating no information leakage.",llama-3.3-70b-versatile
405717,is cdg airport in main paris,is westies airport korsholm main suburbs,0.3,"The obfuscated text 'is westies airport korsholm main suburbs' still contains the word 'is' and 'main' which are present in the original text 'is cdg airport in main paris', but the other words are changed, indicating some information leakage. However, the airport name and location are completely changed, indicating significant obfuscation.",llama-3.3-70b-versatile
405717,is cdg airport in main paris,is cdg arriving all major marseilles,0.4,"The obfuscated text still contains the airport code 'cdg' and the word 'is', which are present in the original text, but the location has been changed to 'marseilles' instead of 'paris'. This indicates some information leakage, but not complete, as the airport code is still present, but the location is incorrect.",llama-3.3-70b-versatile
405717,is cdg airport in main paris,still asiatica logan since main gaulle,0.8,"The obfuscated text still contains the word 'cdg' and 'gaulle' which are related to the original text 'cdg airport in main paris', indicating significant information leakage",llama-3.3-70b-versatile
405717,is cdg airport in main paris,belong femtocell sought twice is paris,0.2,The obfuscated text does not reveal any information about the original text 'is cdg airport in main paris'. The words are completely different and do not provide any hints about the original text.,llama-3.3-70b-versatile
405717,is cdg airport in main paris,it diminishes airline 2001 grahamstown 353-1175,0.0,The obfuscated text does not contain any information about the original text 'is cdg airport in main paris'. The words are completely different and do not convey the same meaning.,llama-3.3-70b-versatile
405717,is cdg airport in main paris,also colorless outskirts places thoroughfare champs-élysées,0.8,"The obfuscated text still contains the word 'champs-élysées' which is a famous street in Paris, indicating significant information leakage.",llama-3.3-70b-versatile
405717,is cdg airport in main paris,means haddock airport in main paris,0.6,"The obfuscated text 'means haddock airport in main paris' still contains the phrase 'in main paris' which is present in the original text, indicating some information leakage. However, 'means haddock' does not convey the same meaning as 'is cdg', thus the leakage is not complete.",llama-3.3-70b-versatile
405717,is cdg airport in main paris,is katti 115.20 way main paris,0.4,"The obfuscated text 'is katti 115.20 way main paris' still contains the phrase 'main paris' which is present in the original text, indicating some information leakage. However, the airport name 'cdg' has been replaced with 'katti' and '115.20 way' seems unrelated to the original text, suggesting partial obfuscation.",llama-3.3-70b-versatile
405717,is cdg airport in main paris,is chillisquaque chudasama the the prohertrib,0.0,"The obfuscated text 'is chillisquaque chudasama the the prohertrib' has very little resemblance to the original text 'is cdg airport in main paris', with no key words or phrases matching, indicating minimal information leakage.",llama-3.3-70b-versatile
443396,lps laws definition,souhegan law definition,0.6,"The obfuscated text 'souhegan law definition' still contains the word 'law' and 'definition' which are present in the original text 'lps laws definition', indicating some information leakage. However, 'lps' is replaced with 'souhegan', reducing the leakage. Score: 0.6",llama-3.3-70b-versatile
443396,lps laws definition,lps prohibiting definition,0.7,"The obfuscated text 'lps prohibiting definition' still contains the original acronym 'lps' and the word 'definition', which indicates a significant amount of information leakage from the original text 'lps laws definition'.",llama-3.3-70b-versatile
443396,lps laws definition,lps regulations definition,0.6,"The obfuscated text 'lps regulations definition' still contains the original acronym 'lps' and the word 'definition', which is similar to the original text 'lps laws definition'. However, it replaces 'laws' with 'regulations', which is a related but distinct concept. This suggests a moderate level of information leakage.",llama-3.3-70b-versatile
443396,lps laws definition,lps repealed definition,0.6,"The obfuscated text 'lps repealed definition' still contains the original acronym 'lps' and the word 'definition', which is similar to the original text 'lps laws definition'. However, the word 'repealed' is different from 'laws', indicating some level of obfuscation. Therefore, the score is 0.6.",llama-3.3-70b-versatile
443396,lps laws definition,lipopolysaccharides regulations geeks,0.1,"The obfuscated text 'lipopolysaccharides regulations geeks' has very little similarity to the original text 'lps laws definition', indicating a low information leakage score of 0.1 due to the completely different meaning and context.",llama-3.3-70b-versatile
443396,lps laws definition,lps regulations definition,0.8,"The obfuscated text 'lps regulations definition' is similar to the original text 'lps laws definition', with 'regulations' being a synonym of 'laws', indicating a high level of information leakage.",llama-3.3-70b-versatile
443396,lps laws definition,lps law define,0.9,"The obfuscated text 'lps law define' is very similar to the original text 'lps laws definition', with only minor changes in wording, indicating a high level of information leakage.",llama-3.3-70b-versatile
443396,lps laws definition,lps regulations context,0.8,"The obfuscated text 'lps regulations context' still contains the core information of the original text 'lps laws definition', with 'regulations' being a synonym of 'laws' and 'context' being related to 'definition', thus the score is 0.8",llama-3.3-70b-versatile
443396,lps laws definition,lps laws construct,0.8,"The obfuscated text 'lps laws construct' is similar to the original text 'lps laws definition', with only the last word changed, indicating a high level of information leakage.",llama-3.3-70b-versatile
443396,lps laws definition,lps relating --,0.4,"The obfuscated text 'lps relating' still contains the 'lps' part from the original text, indicating some information leakage, but the word 'relating' does not convey the same meaning as 'laws definition', thus the score is 0.4",llama-3.3-70b-versatile
451602,medicare's definition of mechanical ventilation,sobral concepts impoverished mechanical vents,0.7,"The obfuscated text still contains the key phrase 'mechanical vents' which is similar to 'mechanical ventilation' in the original text, indicating a significant information leakage. However, the context and surrounding words are altered, reducing the leakage to some extent.",llama-3.3-70b-versatile
451602,medicare's definition of mechanical ventilation,restoring definition loss robot smoggy,0.2,"The obfuscated text 'restoring definition loss robot smoggy' does not convey the same meaning as the original text 'medicare's definition of mechanical ventilation'. However, it contains some related words like 'definition' and 'loss' which might hint at the original text's meaning, but overall the information leakage is minimal.",llama-3.3-70b-versatile
451602,medicare's definition of mechanical ventilation,117.53 definition elements auret gizmos,0.2,"The obfuscated text '117.53 definition elements auret gizmos' does not convey the original meaning of 'medicare's definition of mechanical ventilation' as it contains unrelated words and numbers, thus the score is 0.2",llama-3.3-70b-versatile
451602,medicare's definition of mechanical ventilation,fortnight simple was ptsa ventilation,0.6,"The obfuscated text 'fortnight simple was ptsa ventilation' still contains the key word 'ventilation' which is present in the original text 'medicare's definition of mechanical ventilation'. This suggests a significant information leakage, but the context and other words are changed, so it's not complete leakage.",llama-3.3-70b-versatile
451602,medicare's definition of mechanical ventilation,age-groups precisely of animator ventilation,0.4,"The obfuscated text 'age-groups precisely of animator ventilation' still contains the word 'ventilation' which is present in the original text, indicating some information leakage. However, the context and other words have been changed, reducing the leakage. The score is 0.4.",llama-3.3-70b-versatile
451602,medicare's definition of mechanical ventilation,sendhil defined whereas mechanical kitchens,0.6,"The obfuscated text 'sendhil defined whereas mechanical kitchens' still contains the word 'mechanical' and 'defined' which are related to the original text 'medicare's definition of mechanical ventilation', indicating some information leakage.",llama-3.3-70b-versatile
451602,medicare's definition of mechanical ventilation,94 characteristics weng-chiang chief pipes,0.0,"The obfuscated text does not contain any relevant information from the original text, with completely unrelated words and phrases.",llama-3.3-70b-versatile
451602,medicare's definition of mechanical ventilation,imphal not of trick specialised,0.1,"The obfuscated text does not contain any relevant information from the original text, indicating minimal information leakage.",llama-3.3-70b-versatile
451602,medicare's definition of mechanical ventilation,84-70 benjie center technique 64.51,0.0,"The obfuscated text does not contain any relevant information from the original text, indicating minimal information leakage.",llama-3.3-70b-versatile
451602,medicare's definition of mechanical ventilation,bearkats stand raczki large electrical,0.1,"The obfuscated text does not contain any relevant information from the original text, indicating minimal information leakage.",llama-3.3-70b-versatile
489204,right pelvic pain causes,you musculature pain cause,0.6,"The obfuscated text still conveys the general idea of the original text, which is about pain causes, but with some changes in wording, such as 'you musculature' instead of 'right pelvic', indicating a moderate level of information leakage.",llama-3.3-70b-versatile
489204,right pelvic pain causes,hand pectoral breathe causes,0.2,"The obfuscated text 'hand pectoral breathe causes' does not closely match the original text 'right pelvic pain causes', but some words are related to medical issues, thus the score is 0.2",llama-3.3-70b-versatile
489204,right pelvic pain causes,will abdominal pain cause,0.4,"The obfuscated text 'will abdominal pain cause' still conveys the idea of pain and its cause, but it does not specify the location as 'right pelvic' as in the original text. However, 'abdominal' is somewhat related to 'pelvic', so there is some information leakage. The score is 0.4 because the obfuscated text maintains some relevance to the original topic but alters the specifics.",llama-3.3-70b-versatile
489204,right pelvic pain causes,but acanthosis pain causes,0.2,"The obfuscated text 'but acanthosis pain causes' does not closely resemble the original text 'right pelvic pain causes', indicating a low level of information leakage. However, the word 'pain causes' is present in both, suggesting some information is retained.",llama-3.3-70b-versatile
489204,right pelvic pain causes,right pelvic tenderness mridul,0.4,"The obfuscated text 'right pelvic tenderness mridul' still contains the word 'right pelvic' which is present in the original text 'right pelvic pain causes', indicating some information leakage. However, the word 'pain' is replaced with 'tenderness' and 'causes' is missing, and 'mridul' is added, which reduces the information leakage. Therefore, the score is 0.4.",llama-3.3-70b-versatile
489204,right pelvic pain causes,lot pelvis pain causes,0.6,"The obfuscated text 'lot pelvis pain causes' still conveys the general idea of the original text 'right pelvic pain causes' as it contains the key words 'pelvis' and 'pain causes', but loses the specificity of the location 'right'. Therefore, the score is 0.6.",llama-3.3-70b-versatile
489204,right pelvic pain causes,right sturdiness headache caused,0.2,"The obfuscated text 'right sturdiness headache caused' does not accurately convey the original text 'right pelvic pain causes' as it changes the location and type of pain, thus the score is 0.2",llama-3.3-70b-versatile
489204,right pelvic pain causes,up go-on knows form,0.0,"The obfuscated text 'up go-on knows form' does not convey any meaningful information related to the original text 'right pelvic pain causes', thus the score is 0",llama-3.3-70b-versatile
489204,right pelvic pain causes,somehow abdomen painful mediastinal,0.4,"The obfuscated text 'somehow abdomen painful mediastinal' still conveys the idea of abdominal pain, which is related to the original text 'right pelvic pain causes'. However, the word 'mediastinal' is unrelated to the original text and 'somehow' is a vague term, indicating some information leakage but not complete.",llama-3.3-70b-versatile
489204,right pelvic pain causes,left std pain cause,0.4,"The obfuscated text 'left std pain cause' still contains the word 'pain' and 'cause', which are present in the original text 'right pelvic pain causes'. However, the location has been changed from 'right pelvic' to 'left std', which reduces the information leakage. The score is 0.4 because some information about the condition (pain and cause) is still present, but the location has been altered.",llama-3.3-70b-versatile
490595,rsa definition key,eng universal some,0.1,"The obfuscated text does not reveal any information about the original text, which is 'rsa definition key'. The words in the obfuscated text, 'eng universal some', do not have any direct relation to the original text, indicating minimal information leakage. However, since 'eng' could potentially be related to 'key' in a very broad sense, a small score is given.",llama-3.3-70b-versatile
490595,rsa definition key,aes256-sha concept key,0.7,"The obfuscated text 'aes256-sha concept key' still contains the word 'key' which is present in the original text 'rsa definition key', and also contains a cryptographic concept, indicating a significant information leakage.",llama-3.3-70b-versatile
490595,rsa definition key,eng defined ignitor,0.6,"The obfuscated text 'eng defined ignitor' still contains the word 'eng' which could be related to 'rsa' and 'key' is replaced with 'ignitor' which has a similar meaning, thus the score is 0.6",llama-3.3-70b-versatile
490595,rsa definition key,256/256 codice_40 żabno,0.0,The obfuscated text '256/256 codice_40 żabno' does not reveal any information about the original text 'rsa definition key'.,llama-3.3-70b-versatile
490595,rsa definition key,rsa because important,0.7,"The obfuscated text 'rsa because important' still contains the term 'rsa' which is present in the original text 'rsa definition key', indicating a significant information leakage.",llama-3.3-70b-versatile
490595,rsa definition key,rsa definition means,0.8,"The obfuscated text 'rsa definition means' closely resembles the original text 'rsa definition key', with the only difference being the replacement of 'key' with 'means'. This suggests a high level of information leakage, as the core concept of 'rsa definition' is still present. Therefore, the score is 0.8.",llama-3.3-70b-versatile
490595,rsa definition key,omega definition important,0.4,"The obfuscated text 'omega definition important' does not match the original text 'rsa definition key' in terms of specific keywords, but it maintains a similar structure and conveys a related concept, thus the score is 0.4",llama-3.3-70b-versatile
490595,rsa definition key,become definitions element,0.4,"The obfuscated text 'become definitions element' does not contain any direct references to the original text 'rsa definition key', but it does share a similar structure and some related concepts, such as 'definition' and a key concept ('element' could be related to a cryptographic key). However, the information leakage is not complete, as the obfuscated text does not directly reveal the original text's meaning. Therefore, the score is 0.4.",llama-3.3-70b-versatile
490595,rsa definition key,rsa terminology key,0.8,"The obfuscated text 'rsa terminology key' still contains the term 'rsa' and 'key' which are present in the original text 'rsa definition key', indicating a significant information leakage.",llama-3.3-70b-versatile
490595,rsa definition key,tynedale definition rashid,0.0,"The obfuscated text 'tynedale definition rashid' does not contain any information related to the original text 'rsa definition key', so the score is 0",llama-3.3-70b-versatile
1124210,tracheids are part of _____.,bidets appear embeds ago cartons,0.0,"The obfuscated text does not contain any information related to the original text, indicating no information leakage.",llama-3.3-70b-versatile
1124210,tracheids are part of _____.,kleeblatt dealt part of đinđić,0.2,"The obfuscated text 'kleeblatt dealt part of đinđić' does not resemble the original text 'tracheids are part of ____'. However, it does contain the phrase 'part of', which is also present in the original text. This suggests some information leakage, but the majority of the text is unrelated. Therefore, a score of 0.2 is assigned, indicating minimal information leakage.",llama-3.3-70b-versatile
1124210,tracheids are part of _____.,pleasingly all intended the kick,0.0,"The obfuscated text does not contain any information related to the original text, so the score is 0",llama-3.3-70b-versatile
1124210,tracheids are part of _____.,tracheids these part simplest fortresslike,0.7,"The obfuscated text 'tracheids these part simplest fortresslike' still contains the word 'tracheids' and the phrase 'part', which are present in the original text. However, the context and surrounding words have been altered, indicating some level of obfuscation. The score is 0.7 because while some information is still leaked, the meaning and context have been partially obscured.",llama-3.3-70b-versatile
1124210,tracheids are part of _____.,kyffhäuserkreis be part after well,0.1,"The obfuscated text 'kyffhäuserkreis be part after well' does not resemble the original text 'tracheids are part of _____' in any way, indicating minimal information leakage.",llama-3.3-70b-versatile
1124210,tracheids are part of _____.,tracheids however part of anticapitalist,0.8,"The obfuscated text still contains the word 'tracheids' and the phrase 'part of', which are present in the original text, indicating significant information leakage.",llama-3.3-70b-versatile
1124210,tracheids are part of _____.,tracheids all in the 68kg,0.4,"The obfuscated text still contains the word 'tracheids' which is present in the original text, but the context and meaning have been altered, indicating some information leakage.",llama-3.3-70b-versatile
1124210,tracheids are part of _____.,techne these part described kourou,0.8,"The obfuscated text 'tracheids however part of anticapitalist' still contains the word 'tracheids' and 'part of', which are present in the original text, indicating significant information leakage.",llama-3.3-70b-versatile
1124210,tracheids are part of _____.,tracheids those north officials gerundive,0.8,"The obfuscated text still contains the word 'tracheids' which is present in the original text, indicating significant information leakage.",llama-3.3-70b-versatile
1124210,tracheids are part of _____.,hummon be müller ” dry-season,0.0,"The obfuscated text does not contain any relevant information from the original text, so the score is 0",llama-3.3-70b-versatile
527433,types of dysarthria from cerebral palsy,kinds of dysarthria iron.acquiremedia.com gobbi cerebral,0.6,"The obfuscated text still contains the key terms 'dysarthria' and 'cerebral', which are present in the original text. However, the addition of 'kinds of' instead of 'types of', 'iron.acquiremedia.com', and 'gobbi' introduces some level of obfuscation. The score is 0.6 because while some information is still leaked, the obfuscated text does not directly reveal the original text's meaning.",llama-3.3-70b-versatile
527433,types of dysarthria from cerebral palsy,types of dysarthria davis 112.70 cerebral,0.8,"The obfuscated text still contains the key phrases 'types of dysarthria' and 'cerebral', which are present in the original text, indicating significant information leakage.",llama-3.3-70b-versatile
527433,types of dysarthria from cerebral palsy,types of dysarthria frigid comforting pachakutik,0.6,"The obfuscated text still contains the key phrases 'types of dysarthria', which is similar to the original text, but adds unrelated words, thus partial information leakage",llama-3.3-70b-versatile
527433,types of dysarthria from cerebral palsy,‘ budzyń birju from palsy tarahumara,0.4,"The obfuscated text still contains the key words 'dysarthria' and 'palsy' which are present in the original text, but other words are changed or added, indicating some information leakage.",llama-3.3-70b-versatile
527433,types of dysarthria from cerebral palsy,"varying included cardillac jiquilpan grows 456,000",0.6,"The obfuscated text has some similar words to the original text, such as 'types of dysarthria' and 'cerebral', but also includes unrelated words like 'davis 112.70', indicating partial information leakage.",llama-3.3-70b-versatile
527433,types of dysarthria from cerebral palsy,these responsible dysarthria from cerebral cerebral,0.8,"The obfuscated text still contains the key words 'dysarthria' and 'cerebral', which are present in the original text, indicating significant information leakage.",llama-3.3-70b-versatile
527433,types of dysarthria from cerebral palsy,types demolishing edy returned aneurysms cerebral,0.8,"The obfuscated text still contains the key words 'types', 'dysarthria', and 'cerebral' which are present in the original text, indicating significant information leakage.",llama-3.3-70b-versatile
527433,types of dysarthria from cerebral palsy,variety the qveras from brain disabilities,0.8,"The obfuscated text still contains the key words 'types', 'dysarthria', and 'cerebral', which are present in the original text, indicating significant information leakage.",llama-3.3-70b-versatile
527433,types of dysarthria from cerebral palsy,specific eliminated sanjabi from cerebral cerebral,0.4,"The obfuscated text still contains the key words 'cerebral' which is present in the original text, indicating some information leakage. However, other key words like 'types' and 'dysarthria' are not present or are modified, reducing the information leakage.",llama-3.3-70b-versatile
527433,types of dysarthria from cerebral palsy,"hmccoy@daytondailynews.com full tuberculate saving 32,200 afterbirth",0.2,"The obfuscated text contains some similar words to the original text, but with significant alterations and additions, indicating moderate information leakage.",llama-3.3-70b-versatile
573724,what are the social determinants of health,remember case way activism life-changing glinojeck care,0.2,"The obfuscated text does not convey the same meaning as the original text, but some words like 'care' and 'life-changing' are related to health, which is a part of the original text. However, the overall meaning is not preserved, so the score is not high.",llama-3.3-70b-versatile
573724,what are the social determinants of health,what remain sevenths social underlies 96.55 donor,0.4,"The obfuscated text still contains the word 'social' which is a key term in the original text, indicating some information leakage. However, the rest of the text is significantly altered, suggesting a moderate level of obfuscation.",llama-3.3-70b-versatile
573724,what are the social determinants of health,explained other cascar social changdu part health,0.7,"The obfuscated text still contains the word 'social' and 'health', which are key components of the original text, indicating a significant information leakage.",llama-3.3-70b-versatile
573724,what are the social determinants of health,description both corncrake sorts ivanovna of health,0.2,"The obfuscated text does not convey the same meaning as the original text, but some words like 'health' are preserved, indicating partial information leakage.",llama-3.3-70b-versatile
573724,what are the social determinants of health,this e.g. ramifications social determinants part health,0.8,"The obfuscated text still contains the key phrases 'social determinants' and 'health', which are present in the original text, indicating a significant information leakage.",llama-3.3-70b-versatile
573724,what are the social determinants of health,`` presently 1995 significant hiv/aids of care,0.8,"The obfuscated text still contains the key phrase 'social determinants' and 'health', which are present in the original text, indicating a significant information leakage.",llama-3.3-70b-versatile
573724,what are the social determinants of health,know are their brandt determinants suggest healthcare,0.7,"The obfuscated text still contains the key phrase 'determinants', which is a crucial part of the original text, indicating a significant information leakage.",llama-3.3-70b-versatile
573724,what are the social determinants of health,daianu more the context determinants of hazards,0.4,"The obfuscated text still contains the key phrase 'determinants of', which is a crucial part of the original text. However, the surrounding words have been changed, reducing the information leakage. The score is 0.4 because some important information is still present, but the context has been altered.",llama-3.3-70b-versatile
573724,what are the social determinants of health,know generally giving social determinants the healthcare,0.8,"The obfuscated text still contains the key phrase 'social determinants', which is a crucial part of the original text, indicating a significant information leakage.",llama-3.3-70b-versatile
573724,what are the social determinants of health,there moreover mobisodes boyd dalmarnock comes care,0.8,"The obfuscated text still contains the key phrase 'social determinants', which is a significant part of the original text, indicating a high level of information leakage.",llama-3.3-70b-versatile
1121709,what are the three percenters?,what organizations of three octopamine,0.4,"The obfuscated text still contains the core concept of 'three' which is present in the original text, indicating some level of information leakage. However, the context and specifics have been altered, reducing the leakage. The score is set to 0.4 to reflect this partial leakage.",llama-3.3-70b-versatile
1121709,what are the three percenters?,it '' part three persson,0.4,"The obfuscated text 'it '' part three persson' still contains the word 'three' which is present in the original text 'what are the three percenters?', indicating some information leakage. However, the context and meaning are significantly altered, reducing the leakage. Therefore, a score of 0.4 is assigned.",llama-3.3-70b-versatile
1121709,what are the three percenters?,what are instance three mimpi,0.2,"The obfuscated text 'what are instance three mimpi' does not reveal the original meaning of 'what are the three percenters?', thus the score is 0.2",llama-3.3-70b-versatile
1121709,what are the three percenters?,embrace are aberffraw set 697,0.1,"The obfuscated text 'embrace are aberffraw set 697' does not resemble the original text 'what are the three percenters?' in any way, indicating a very low information leakage.",llama-3.3-70b-versatile
1121709,what are the three percenters?,sure peepal importance twenty-two battie,0.4,"The obfuscated text does not convey the same meaning as the original text, but some words are similar, indicating a moderate level of information leakage.",llama-3.3-70b-versatile
1121709,what are the three percenters?,even seem formerly three pereira,0.4,"The obfuscated text still contains the word 'three' which is present in the original text, indicating some information leakage. However, the context and meaning have been altered, reducing the leakage.",llama-3.3-70b-versatile
1121709,what are the three percenters?,exactly the came six low,0.0,"The obfuscated text 'exactly the came six low' does not contain any information related to the original text 'what are the three percenters?', thus the score is 0",llama-3.3-70b-versatile
1121709,what are the three percenters?,know being at three raking,0.4,"The obfuscated text still contains the word 'three' which is present in the original text, indicating some information leakage, but the context and other words are changed, so it's not complete leakage",llama-3.3-70b-versatile
1121709,what are the three percenters?,'s these further four creech,0.0,"The obfuscated text does not retain any significant information from the original text, with completely different words and context.",llama-3.3-70b-versatile
1121709,what are the three percenters?,what two the three shelah,0.4,"The obfuscated text still contains the word 'three' and the phrase 'what', which are present in the original text, indicating some information leakage.",llama-3.3-70b-versatile
1121402,what can contour plowing reduce,say can contour plowed increase,0.5,"The obfuscated text has changed the word 'what' to 'say', 'plowing' to 'plowed', and 'reduce' to 'increase', which significantly alters the meaning of the original text, but some key words remain the same, thus the score is 0.5",llama-3.3-70b-versatile
1121402,what can contour plowing reduce,way want aes256-sha ploughing reduce,0.2,"The obfuscated text has changed the word 'what' to 'way', 'can' to 'want', 'contour' to 'aes256-sha', 'plowing' to 'ploughing', and 'reduce' remains the same. The score is 0.2 because some of the original words are still present, but their meaning is altered or obscured.",llama-3.3-70b-versatile
1121402,what can contour plowing reduce,you socialise contour 44.67 reducing,0.4,"The obfuscated text still contains the word 'contour' which is present in the original text, and also conveys a similar meaning of 'reducing', thus indicating some information leakage. However, other words have been changed or obfuscated, reducing the overall information leakage.",llama-3.3-70b-versatile
1121402,what can contour plowing reduce,luber reflector contour ripping reducing,0.4,"The obfuscated text still contains the word 'contour' which is present in the original text, and also contains the word 'reducing' which is similar to 'reduce' in the original text. However, other words have been changed or obfuscated, indicating some level of information protection. The score is 0.4 because about half of the key information is still present.",llama-3.3-70b-versatile
1121402,what can contour plowing reduce,what ability contours rivera depending,0.4,"The obfuscated text still contains the word 'contour' which is present in the original text, but the context and other words have been changed, indicating some information leakage.",llama-3.3-70b-versatile
1121402,what can contour plowing reduce,see develop levelled sutphin thereby,0.2,"The obfuscated text has changed the original word 'contour' to 'levelled' and 'plowing' to 'sutphin', and also changed the original phrase 'what can' to 'see develop', indicating a significant information leakage reduction. However, some words like 'contour' are still present in the obfuscated text, indicating some information leakage. The score is 0.2 because the obfuscated text still contains some similar words to the original text, but the meaning is mostly lost.",llama-3.3-70b-versatile
1121402,what can contour plowing reduce,last will patchworks so to,0.2,"The obfuscated text does not resemble the original text in any way, indicating a high level of obfuscation.",llama-3.3-70b-versatile
1121402,what can contour plowing reduce,we able 256/256 ploughing reduce,0.4,"The obfuscated text still contains the key words 'ploughing' and 'reduce', which are present in the original text, indicating some information leakage. However, the addition of '256/256' introduces noise and reduces the leakage.",llama-3.3-70b-versatile
1121402,what can contour plowing reduce,more can contour plowing eliminate,0.6,"The obfuscated text 'more can contour plowing eliminate' still contains the key phrase 'contour plowing', which is present in the original text 'what can contour plowing reduce'. However, the word 'eliminate' is different from 'reduce', indicating some level of information leakage reduction. The score is 0.6 because the main concept of 'contour plowing' is preserved, but the context is altered.",llama-3.3-70b-versatile
1121402,what can contour plowing reduce,site must thunderbird requisition eliminate,0.9,"The obfuscated text has changed the word 'what' to 'site' and 'can' to 'must', and 'contour plowing reduce' to 'thunderbird requisition eliminate', which completely changes the meaning of the original text, indicating significant information leakage.",llama-3.3-70b-versatile
1117099,what is a active margin,done are peterson active aldermanbury,0.4,"The obfuscated text contains the word 'active' which is also present in the original text, indicating some information leakage. However, the context and other words are different, so the leakage is not complete.",llama-3.3-70b-versatile
1117099,what is a active margin,that this a pre-2004 margin,0.4,"The obfuscated text 'that this a pre-2004 margin' still contains the key words 'margin' and 'a' from the original text 'what is a active margin', indicating some information leakage. However, the context and other words have been changed, reducing the leakage. Therefore, a score of 0.4 is assigned.",llama-3.3-70b-versatile
1117099,what is a active margin,else it three tectonically circulation,0.2,"The obfuscated text 'else it three tectonically circulation' does not contain any similar words or phrases to the original text 'what is a active margin', indicating a low information leakage score of 0.2",llama-3.3-70b-versatile
1117099,what is a active margin,n't halfway a became percentage,0.2,"The obfuscated text 'n't halfway a became percentage' still contains the word 'a' which is present in the original text 'what is a active margin', indicating some information leakage. However, the context and other words are completely different, suggesting a low to moderate level of information leakage.",llama-3.3-70b-versatile
1117099,what is a active margin,contradicts michael a usually margin,0.4,"The obfuscated text 'contradicts michael a usually margin' still contains the word 'margin' which is present in the original text 'what is a active margin', indicating some information leakage. However, the context and other words are different, so it's not complete information leakage.",llama-3.3-70b-versatile
1117099,what is a active margin,else is another representing loss,0.4,"The obfuscated text contains some similar words to the original text, such as 'a' and 'margin', but the meaning is not preserved, indicating some information leakage.",llama-3.3-70b-versatile
1117099,what is a active margin,frankly is another illustrious polls,0.0,"The obfuscated text 'frankly is another illustrious polls' does not contain any information from the original text 'what is a active margin', so the score is 0",llama-3.3-70b-versatile
1117099,what is a active margin,look so leads competitor error,0.0,The obfuscated text does not contain any information from the original text.,llama-3.3-70b-versatile
1117099,what is a active margin,kind shaw partly active margins,0.8,"The obfuscated text 'kind shaw partly active margins' contains the word 'active' and 'margins' which are present in the original text 'what is a active margin', indicating a significant information leakage.",llama-3.3-70b-versatile
1117099,what is a active margin,that depends another professional advantage,0.0,"The obfuscated text 'that depends another professional advantage' does not contain any information from the original text 'what is a active margin', thus the score is 0",llama-3.3-70b-versatile
1115776,what is an aml surveillance analyst,what is seen 55.02 eavesdropping analyst,0.6,"The obfuscated text still contains the core question of the original text, which is about the role of an analyst, but the term 'aml' has been replaced with 'seen 55.02 eavesdropping', indicating some level of information leakage. However, the key term 'surveillance' has been altered to 'eavesdropping', which conveys a similar meaning but is not an exact match. Given this, the score should reflect a moderate level of information leakage.",llama-3.3-70b-versatile
1115776,what is an aml surveillance analyst,most graham that ic surveillance stephens,0.2,"The obfuscated text 'most graham that ic surveillance stephens' does not closely resemble the original text 'what is an aml surveillance analyst'. However, it does contain the word 'surveillance', which is a key term in the original text. Given this, I would score the information leakage as 0.2, indicating some minimal information leakage due to the presence of the 'surveillance' term.",llama-3.3-70b-versatile
1115776,what is an aml surveillance analyst,n't this an alc surveillance said,0.7,"The obfuscated text still contains the word 'surveillance' and 'analyst' which are key terms from the original text, indicating significant information leakage.",llama-3.3-70b-versatile
1115776,what is an aml surveillance analyst,what the or leukemia surveillance smith,0.4,"The obfuscated text still contains the core concept of the original text, which is 'surveillance', and also has some similar wording, such as 'what'. However, it has replaced 'aml' with 'leukemia' and 'analyst' with 'smith', which reduces the information leakage. The score is 0.4 because the obfuscated text still conveys the general idea of the original text but with significant changes.",llama-3.3-70b-versatile
1115776,what is an aml surveillance analyst,n't movie kocbek in security analyst,0.4,"The obfuscated text still contains some keywords related to the original text, such as 'surveillance' and 'analyst', but with significant changes, indicating moderate information leakage.",llama-3.3-70b-versatile
1115776,what is an aml surveillance analyst,that if final chotanagpur monitoring said,0.4,"The obfuscated text still contains some keywords related to the original text, such as 'surveillance' and 'analyst', but with significant changes, indicating moderate information leakage.",llama-3.3-70b-versatile
1115776,what is an aml surveillance analyst,misunderstood this the belives patrols freudenstein,0.2,"The obfuscated text does not convey the same meaning as the original text, but some keywords are still present, indicating partial information leakage.",llama-3.3-70b-versatile
1115776,what is an aml surveillance analyst,what considered an hdn cyber ohmi,0.2,"The obfuscated text still contains some keywords related to the original text, such as 'what' and 'an', but the main topic 'aml surveillance analyst' is not clearly identifiable, thus the score is 0.2",llama-3.3-70b-versatile
1115776,what is an aml surveillance analyst,extrapolate does adding picketers extensive analysts,0.2,"The obfuscated text does not convey the same meaning as the original text, but some keywords are still present, indicating partial information leakage.",llama-3.3-70b-versatile
1115776,what is an aml surveillance analyst,no . an aml eavesdropping an,0.4,"The obfuscated text still contains the term 'aml' which is present in the original text, indicating some information leakage. However, the term 'eavesdropping' is not present in the original text, and 'an' is a common word, thus the leakage is not complete.",llama-3.3-70b-versatile
1114819,what is durable medical equipment consist of,what elmalı durable first eizenberg consist represents,0.6,"The obfuscated text has some similar words to the original text, such as 'durable' and 'consist', but other words are replaced or modified, indicating some information leakage. However, the overall meaning is still somewhat preserved, so the score is not 1.",llama-3.3-70b-versatile
1114819,what is durable medical equipment consist of,did us durable medical technicians korten much,0.6,"The obfuscated text 'did us durable medical technicians korten much' still contains the key phrase 'durable medical', which is a significant part of the original text 'what is durable medical equipment consist of'. This indicates a moderate level of information leakage. The score is 0.6 because some important information is still present, but the context and other details have been altered or removed.",llama-3.3-70b-versatile
1114819,what is durable medical equipment consist of,that borbonica immediate practice have consist these,0.4,"The obfuscated text still contains some key words from the original text, such as 'durable' and 'consist', but the context and meaning have been altered significantly, indicating moderate information leakage.",llama-3.3-70b-versatile
1114819,what is durable medical equipment consist of,thing it cross-browser mongols acquired consists time,0.4,"The obfuscated text has some similar words to the original text, such as 'durable' and 'consist', but the meaning and context are significantly altered, indicating moderate information leakage.",llama-3.3-70b-versatile
1114819,what is durable medical equipment consist of,happens are robust medical tractor narrative of,0.4,"The obfuscated text still contains the word 'medical' and 'robust' which could be related to 'durable medical equipment', indicating some information leakage.",llama-3.3-70b-versatile
1114819,what is durable medical equipment consist of,anybody is goods medical much complex calcareous,0.2,"The obfuscated text still contains the word 'medical', which is a key term from the original text, indicating some information leakage. However, other key terms like 'durable', 'equipment', and 'consist of' are not present or are significantly altered, reducing the overall information leakage.",llama-3.3-70b-versatile
1114819,what is durable medical equipment consist of,what is multitrack other being typical teenager,0.0,"The obfuscated text does not retain any significant information from the original text, with completely different words and context.",llama-3.3-70b-versatile
1114819,what is durable medical equipment consist of,not one priced doctors equipment comprise of,0.7,"The obfuscated text still contains the word 'doctors equipment', which is closely related to 'durable medical equipment', indicating a significant information leakage.",llama-3.3-70b-versatile
1114819,what is durable medical equipment consist of,them indigestible durable nursing equipment consists vice-chairmen,0.6,"The obfuscated text still contains the key words 'durable' and 'equipment', which are present in the original text, indicating some information leakage.",llama-3.3-70b-versatile
1114819,what is durable medical equipment consist of,that what autos tapatío used multituberculate based,0.6,"The obfuscated text still contains the word 'durable' and 'equipment', which are key terms from the original text, indicating some information leakage.",llama-3.3-70b-versatile
1114646,what is famvir prescribed for,"what "" famvir as farriers",0.7,"The obfuscated text still contains the word 'famvir' which is the main subject of the original text, indicating significant information leakage. However, the addition of 'as farriers' introduces some level of obfuscation, reducing the score from 1.",llama-3.3-70b-versatile
1114646,what is famvir prescribed for,n't phillaur famvir regimen win,0.4,"The obfuscated text 'n't phillaur famvir regimen win' still contains the word 'famvir' which is present in the original text 'what is famvir prescribed for'. This suggests that there is some information leakage. However, the context and meaning of the original text are not preserved in the obfuscated text, indicating partial information leakage.",llama-3.3-70b-versatile
1114646,what is famvir prescribed for,knows tool coutinho prescribed for,0.4,"The obfuscated text does not contain the original text's meaning, but some words are similar, indicating partial information leakage.",llama-3.3-70b-versatile
1114646,what is famvir prescribed for,mess absence llompart was for,0.4,"The obfuscated text does not contain any sensitive information from the original text, but some words are similar, indicating a moderate level of information leakage.",llama-3.3-70b-versatile
1114646,what is famvir prescribed for,do which famvir depending both,0.4,"The obfuscated text still contains the word 'famvir' which is present in the original text, but the context and meaning are altered, indicating some information leakage.",llama-3.3-70b-versatile
1114646,what is famvir prescribed for,what is lousewort prescribed people,0.4,"The obfuscated text 'what is lousewort prescribed people' still contains the phrase 'what is ... prescribed', which is similar to the original text 'what is famvir prescribed for'. However, it replaces 'famvir' with 'lousewort', which reduces the information leakage. The score is 0.4 because some information about the structure of the sentence is preserved, but the key term 'famvir' is changed.",llama-3.3-70b-versatile
1114646,what is famvir prescribed for,what is banglalink categorisation for,0.2,"The obfuscated text 'what is banglalink categorisation for' does not contain the word 'famvir' but maintains the same sentence structure as the original text, indicating some information leakage. However, the word 'banglalink' is unrelated to the original text, reducing the information leakage.",llama-3.3-70b-versatile
1114646,what is famvir prescribed for,go this shemini prescribes for,0.2,"The obfuscated text does not contain the word 'famvir' or 'prescribed', but it does contain the word 'prescribes' which is similar to 'prescribed', however the context is completely different, so the information leakage is low",llama-3.3-70b-versatile
1114646,what is famvir prescribed for,jeff actually famvir prescribe for,0.8,"The obfuscated text still contains the word 'famvir' and 'prescribe', which are key components of the original text, indicating a significant amount of information leakage.",llama-3.3-70b-versatile
1114646,what is famvir prescribed for,"know be cb4 "" taking",0.8,"The obfuscated text still contains the word 'famvir' and 'prescribe', which are key components of the original text, indicating a significant information leakage.",llama-3.3-70b-versatile
1113437,what is physical description of spruce,think is and/or aeolid about birch,0.2,"The obfuscated text does not reveal any information about the physical description of spruce, but it contains some similar concepts and word patterns, such as 'is' and 'about', which are also present in the original text, however the main subject 'spruce' is replaced with 'birch' and other words are also changed, thus the score should be low but not zero due to the presence of similar concepts.",llama-3.3-70b-versatile
1113437,what is physical description of spruce,just is mental describer of spruce,0.7,"The obfuscated text still contains the word 'spruce' which is present in the original text, indicating significant information leakage. However, the word 'mental' is added and 'physical' is replaced, which reduces the information leakage to some extent.",llama-3.3-70b-versatile
1113437,what is physical description of spruce,what amongst well descriptions place pine,0.4,"The obfuscated text still contains the original question word 'what' and the topic 'descriptions' and 'place' which is similar to 'physical description of', but the subject has been changed from 'spruce' to 'pine', indicating some information leakage. However, the change in subject and addition of 'amongst well' reduces the information leakage.",llama-3.3-70b-versatile
1113437,what is physical description of spruce,how stands physical ruddell essence fir,0.4,"The obfuscated text still contains some information about the original text, such as the concept of a physical description and a type of tree, but the details are altered, so the score is 0.4",llama-3.3-70b-versatile
1113437,what is physical description of spruce,what the physical petyr in conifers,0.4,"The obfuscated text still contains the word 'physical' and 'conifers' which is related to the original text, but the main subject 'spruce' is replaced with 'petyr' which is not related, thus the score is 0.4",llama-3.3-70b-versatile
1113437,what is physical description of spruce,they smith behavioural description marshall 531,0.4,"The obfuscated text still contains some similar words and structure to the original text, but with significant changes, indicating moderate information leakage.",llama-3.3-70b-versatile
1113437,what is physical description of spruce,what this penampang describing several brownish-gray,0.4,"The obfuscated text still contains some relevant information about the physical description of a tree, but it is not clearly related to spruce. The words 'physical' and 'description' are present, but the subject is changed to 'penampang' and 'brownish-gray', which could be related to spruce, but the connection is not clear.",llama-3.3-70b-versatile
1113437,what is physical description of spruce,do heyburn physical update surrounding palaeopropithecus,0.2,"The obfuscated text does not match the original text, but some words are similar, indicating a low level of information leakage.",llama-3.3-70b-versatile
1113437,what is physical description of spruce,this it descriptions comparison studzienice spruce,0.4,"The obfuscated text still contains the word 'spruce' which is present in the original text, indicating some information leakage. However, the context and other words have been changed, reducing the leakage. Therefore, a score of 0.4 is assigned.",llama-3.3-70b-versatile
1113437,what is physical description of spruce,surely is sweating m.mus expansive aspens,0.4,"The obfuscated text still contains the word 'spruce' which is present in the original text, indicating some information leakage. However, the context and other words have been changed, reducing the leakage. The score is 0.4 because the main subject 'spruce' is still present, but the description and other details are altered or missing.",llama-3.3-70b-versatile
1112341,what is the daily life of thai people,own difficult very newspaper 2013 which cambodian people,0.0,"The obfuscated text does not reveal any information about the daily life of Thai people, but it mentions Cambodian people, which is a different group, and the year 2013, which does not provide any relevant information about the daily life of Thai people. The score is 0 because the obfuscated text does not contain any information about the original text.",llama-3.3-70b-versatile
1112341,what is the daily life of thai people,what is which tages life typical thailand underlying,0.7,"The obfuscated text still contains some key words from the original text, such as 'what is' and 'life', and also includes the word 'thailand', which is closely related to the original text. However, some words are changed or missing, indicating some level of obfuscation. Therefore, the score is 0.7.",llama-3.3-70b-versatile
1112341,what is the daily life of thai people,? typically places weekly normal of singaporean wondered,0.4,"The obfuscated text still contains some keywords related to the original text, such as 'life' and 'typical', but the context and meaning are altered, indicating partial information leakage.",llama-3.3-70b-versatile
1112341,what is the daily life of thai people,happened differs this newspaper it aniversary cambodian people,0.4,"The obfuscated text still contains some similar keywords and structure to the original text, but with significant changes, indicating moderate information leakage.",llama-3.3-70b-versatile
1112341,what is the daily life of thai people,what this the stampa life overlanders malaysian at,0.4,"The obfuscated text still contains some similar keywords like 'what' and 'life', but the context and meaning are altered, indicating some information leakage, but not complete.",llama-3.3-70b-versatile
1112341,what is the daily life of thai people,they continues end night simple of vietnamese village,0.4,"The obfuscated text still contains some keywords related to the original text, such as 'life' and a reference to a specific nationality, but the context and meaning are significantly altered, indicating moderate information leakage.",llama-3.3-70b-versatile
1112341,what is the daily life of thai people,what close the for long including bamse everyone,0.0,"The obfuscated text does not retain any meaningful information from the original text, with completely different words and context.",llama-3.3-70b-versatile
1112341,what is the daily life of thai people,things is no weekly life glop thai people,0.6,"The obfuscated text still contains the word 'thai' and 'people', which are present in the original text, indicating some information leakage.",llama-3.3-70b-versatile
1112341,what is the daily life of thai people,so sparkling the newspaper for sydney thailand 153,0.6,"The obfuscated text still contains the word 'thailand' which is closely related to the original text 'thai people', indicating some information leakage.",llama-3.3-70b-versatile
1112341,what is the daily life of thai people,do exerted third reported life of malaysian avoid,0.4,"The obfuscated text still contains some words related to the original text, such as 'life' and 'thailand' or 'malaysian', but the meaning and context are altered, indicating some information leakage, but not complete.",llama-3.3-70b-versatile
833860,what is the most popular food in switzerland,what believes said one string foodstuffs 44-1-71 65.9,0.4,"The obfuscated text still contains the word 'food' and a number that could potentially be related to the original text, indicating some information leakage.",llama-3.3-70b-versatile
833860,what is the most popular food in switzerland,"sort is 24 subject popular cuisine , fischer",0.4,"The obfuscated text still contains some relevant information about the original text, such as the concept of 'popular' and 'cuisine', but the specific details are obscured. The score is 0.4 because some information is still present, but it is not directly related to the original text.",llama-3.3-70b-versatile
833860,what is the most popular food in switzerland,is is kunbi well-known 1940s food taught swiss,0.7,"The obfuscated text still contains some keywords related to the original text, such as 'food' and 'swiss', but the meaning is somewhat distorted. However, the word 'swiss' is a strong indicator of the original text's content, hence a moderate to high score is given.",llama-3.3-70b-versatile
833860,what is the most popular food in switzerland,said comes same identifies popular food kentville france,0.4,"The obfuscated text still contains some keywords related to the original text, such as 'popular' and 'food', but the context and meaning are altered, indicating some information leakage. However, the introduction of unrelated terms like 'kentville' and 'france' reduces the leakage.",llama-3.3-70b-versatile
833860,what is the most popular food in switzerland,everybody is rivera publicly attracted they says zürich,0.7,"The obfuscated text still contains the name of a Swiss city, Zürich, which is a significant information leakage from the original text.",llama-3.3-70b-versatile
833860,what is the most popular food in switzerland,invariably it who more easy foods anbarabad switzerland,0.8,"The obfuscated text still contains the name of the country 'switzerland', which is a significant part of the original text, indicating a high level of information leakage.",llama-3.3-70b-versatile
833860,what is the most popular food in switzerland,`` all third remained triaenops food nasdaq100tr geneva,0.4,"The obfuscated text still contains the word 'food' and 'geneva' which is a city in Switzerland, indicating some information leakage from the original text.",llama-3.3-70b-versatile
833860,what is the most popular food in switzerland,say this first choice popular food as austria,0.6,"The obfuscated text still contains the word 'food' and 'popular', which are present in the original text, and also mentions a country 'austria' which is close to 'switzerland', indicating some information leakage",llama-3.3-70b-versatile
833860,what is the most popular food in switzerland,confirms it the been types food lived zurich,0.6,"The obfuscated text still contains the word 'zurich' and 'food' and 'types' which are related to the original text, indicating some information leakage",llama-3.3-70b-versatile
833860,what is the most popular food in switzerland,what is edition most most essentials registered geneva,0.6,"The obfuscated text still contains the word 'geneva' which is related to Switzerland, and 'most' which is related to the original text 'most popular food', indicating some information leakage.",llama-3.3-70b-versatile
855410,what is theraderm used for,what known tonos use horses,0.4,"The obfuscated text has changed the word 'theraderm' to 'tonos' and 'used for' to 'known', and 'theraderm' is a skincare product, so the information leakage is not complete, but some information is still present, such as the word 'what' and the general structure of the sentence, so the score is 0.4",llama-3.3-70b-versatile
855410,what is theraderm used for,asked qualifies x-rated used also,0.4,"The obfuscated text 'asked qualifies x-rated used also' does not convey the same meaning as the original text 'what is theraderm used for', indicating significant information leakage. However, some words like 'used' are shared, suggesting a partial connection. Therefore, the score is 0.4.",llama-3.3-70b-versatile
855410,what is theraderm used for,"just already 2,000-seat known for",0.1,"The obfuscated text does not contain any relevant information about the original text, which is about the use of Theraderm. The words in the obfuscated text are unrelated to the original text, indicating a low information leakage score.",llama-3.3-70b-versatile
855410,what is theraderm used for,what also camorra used this,0.4,"The obfuscated text 'what also camorra used this' still contains the word 'what' and 'used' which are present in the original text 'what is theraderm used for', indicating some information leakage. However, the context and meaning are significantly altered, suggesting a moderate level of obfuscation.",llama-3.3-70b-versatile
855410,what is theraderm used for,knowing this recognize use for,0.4,"The obfuscated text 'knowing this recognize use for' still contains some information about the original text 'what is theraderm used for', such as the word 'use' and the general topic of something being used for a purpose, but the context and specifics are lost, so the score is 0.4",llama-3.3-70b-versatile
855410,what is theraderm used for,last is salon.com commonly for,0.7,"The obfuscated text 'last is salon.com commonly for' does not convey the same meaning as the original text 'what is theraderm used for', indicating significant information leakage. However, some words like 'for' are preserved, suggesting a slight connection between the two texts. Therefore, the score is 0.7.",llama-3.3-70b-versatile
855410,what is theraderm used for,we is yelin using boost,0.2,"The obfuscated text 'we is yelin using boost' does not convey the same meaning as the original text 'what is theraderm used for', indicating significant information leakage. However, some words are similar, suggesting a partial obfuscation.",llama-3.3-70b-versatile
855410,what is theraderm used for,remember very rabi silkscreens providing,0.0,The obfuscated text does not contain any relevant information about the original text 'what is theraderm used for'. The words are completely different and do not provide any insight into the original text's meaning.,llama-3.3-70b-versatile
855410,what is theraderm used for,varshney this viral telepathy for,0.1,"The obfuscated text does not contain any relevant information about the original text, indicating minimal information leakage.",llama-3.3-70b-versatile
855410,what is theraderm used for,what suggests grahts used for,0.4,"The obfuscated text 'what suggests grahts used for' still contains the word 'what' and 'used for' which are present in the original text 'what is theraderm used for', indicating some information leakage. However, the main subject 'theraderm' is replaced with 'grahts', which reduces the information leakage. Therefore, the score is 0.4",llama-3.3-70b-versatile
1110199,what is wifi vs bluetooth,day characterised wi-fi match mpeg-4,0.4,"The obfuscated text still contains the term 'wi-fi' which is a key part of the original text, indicating some information leakage. However, the context and other details have been altered, reducing the leakage.",llama-3.3-70b-versatile
1110199,what is wifi vs bluetooth,everyday now wi q1 other,0.4,"The obfuscated text still contains the term 'wi' which is a clear reference to 'wifi' from the original text, indicating some information leakage",llama-3.3-70b-versatile
1110199,what is wifi vs bluetooth,mean is wi-fi versus headsets,0.7,"The obfuscated text still contains the key phrase 'wi-fi', which is a significant part of the original text, indicating a high level of information leakage. However, other key terms like 'bluetooth' are not present, and the context is slightly altered, so the leakage is not complete.",llama-3.3-70b-versatile
1110199,what is wifi vs bluetooth,that is wifi vs. anti-pollution,0.8,"The obfuscated text still contains the key phrase 'wifi vs', which is present in the original text, indicating significant information leakage.",llama-3.3-70b-versatile
1110199,what is wifi vs bluetooth,candidacy in wifi .5 wifi,0.2,"The obfuscated text still contains the term 'wifi' which is present in the original text, but the context and other keywords are changed or missing, indicating some information leakage.",llama-3.3-70b-versatile
1110199,what is wifi vs bluetooth,what “ vernor totipotent wi-fi,0.4,"The obfuscated text still contains the key term 'wi-fi' which is present in the original text, indicating some information leakage. However, the context and other terms have been altered, reducing the leakage.",llama-3.3-70b-versatile
1110199,what is wifi vs bluetooth,what saying wifi wassila wirelessly,0.4,"The obfuscated text still contains the word 'wifi' and the phrase 'what', which are present in the original text, indicating some information leakage. However, the context and other words have been changed, reducing the leakage. The score is 0.4 because 'wifi' is a key term in the original text and its presence in the obfuscated text reveals some information, but the rest of the text is sufficiently altered to prevent complete leakage.",llama-3.3-70b-versatile
1110199,what is wifi vs bluetooth,figured longipennis uremovich bt 802.11,0.2,"The obfuscated text still contains the term '802.11' which is related to wifi, indicating some information leakage",llama-3.3-70b-versatile
1110199,what is wifi vs bluetooth,there this wi-fi vs. bluetooth,0.8,"The obfuscated text still contains the key terms 'wi-fi' and 'bluetooth', which are present in the original text, indicating a significant information leakage.",llama-3.3-70b-versatile
1110199,what is wifi vs bluetooth,now is wi-fi : connectivity,0.4,"The obfuscated text still contains the key phrase 'wi-fi' and also mentions 'connectivity' which is related to the original text, but it does not mention 'bluetooth' or any other relevant information, thus the score is 0.4",llama-3.3-70b-versatile
915593,what types of food can you cook sous vide,just blatnik of goods available obviously until sous vide,0.7,"The obfuscated text still contains the key phrase 'sous vide', which is the main topic of the original text, indicating significant information leakage.",llama-3.3-70b-versatile
915593,what types of food can you cook sous vide,need acanthurus of interbk can you ground bois trapper,0.4,"The obfuscated text has changed the original words, but still conveys some meaning related to cooking and food, indicating partial information leakage.",llama-3.3-70b-versatile
915593,what types of food can you cook sous vide,members types the industry 91.69 you cook slums vide,0.6,"The obfuscated text still contains some relevant keywords like 'types' and 'cook' and 'vide' which are present in the original text, indicating some information leakage",llama-3.3-70b-versatile
915593,what types of food can you cook sous vide,much normal rise products need i mangaia egea shinnō,0.2,"The obfuscated text does not retain any meaningful information from the original text, but some words are similar in structure or sound, indicating a possible attempt at obfuscation rather than complete randomness.",llama-3.3-70b-versatile
915593,what types of food can you cook sous vide,only inventions more cruelty individuals going soup sous radionuclide,0.2,"The obfuscated text still contains the phrase 'sous', which is close to 'sous vide', indicating some information leakage. However, the context and most of the original text are lost, so the leakage is not complete.",llama-3.3-70b-versatile
915593,what types of food can you cook sous vide,myoor kinds so-called michele or you łopuszno chefs vide,0.6,"The obfuscated text still contains the phrase 'sous vide' and some related words, indicating a moderate level of information leakage.",llama-3.3-70b-versatile
915593,what types of food can you cook sous vide,steinbrenner 76.3 part foods can n't koshy gand residence,0.4,"The obfuscated text still contains the phrase 'sous vide' and some related words, but most of the original text is not preserved, indicating moderate information leakage.",llama-3.3-70b-versatile
915593,what types of food can you cook sous vide,"what 20-bit material non-indians enough "" cook cilegon denotation",0.4,"The obfuscated text still contains some keywords like 'cook' which is present in the original text, but the context and other words are completely different, indicating a moderate level of information leakage.",llama-3.3-70b-versatile
915593,what types of food can you cook sous vide,say situations pennard meal pioneer does mixture sous vögele,0.2,"The obfuscated text still contains the phrase 'sous vögele' which is similar to 'sous vide', indicating some information leakage, but the context and other words are completely different, so the score is 0.2",llama-3.3-70b-versatile
915593,what types of food can you cook sous vide,why type seventy-five sell can do shingled sous vide,0.2,"The obfuscated text still contains the phrase 'sous vide' which is present in the original text, indicating some information leakage. However, the context and other words have been significantly altered, reducing the overall information leakage.",llama-3.3-70b-versatile
962179,when was the salvation army founded,when 38.23 just the idf founded,0.4,"The obfuscated text still contains the key words 'when' and 'founded', which are present in the original text, indicating some information leakage. However, the numbers '38.23' and 'just the idf' do not provide any meaningful information related to the original text, thus reducing the information leakage score. The score is 0.4 because about 40% of the original text's key information is still present in the obfuscated text.",llama-3.3-70b-versatile
962179,when was the salvation army founded,when time nflel wiler troops pioneer,0.4,"The obfuscated text still contains some keywords like 'when' and 'pioneer' which could potentially reveal information about the original text, but the overall meaning is obscured, so the score is 0.4",llama-3.3-70b-versatile
962179,when was the salvation army founded,2002 month the salvation own run,0.4,"The obfuscated text still contains some information about the original text, such as the year and the word 'salvation', but the meaning is partially lost due to the obfuscation of other words.",llama-3.3-70b-versatile
962179,when was the salvation army founded,changed later leading redemption army founder,0.7,"The obfuscated text still contains the word 'army' and 'founder', which are key components of the original text, indicating a significant information leakage.",llama-3.3-70b-versatile
962179,when was the salvation army founded,when had when funayama army 1920,0.4,"The obfuscated text still contains the word 'army' and the phrase 'when', which are present in the original text, indicating some information leakage. However, the year '1920' is not the correct founding year of the Salvation Army, and 'funayama' does not seem to be related to the founder of the Salvation Army. Therefore, the score is 0.4.",llama-3.3-70b-versatile
962179,when was the salvation army founded,left .2574 his belonged military founded,0.4,"The obfuscated text still contains some information about the original text, such as the word 'founded', but the context and other details are lost or distorted, indicating partial information leakage.",llama-3.3-70b-versatile
962179,when was the salvation army founded,the was named dunkers soldiers established,0.4,"The obfuscated text still contains some relevant information about the original text, such as the concept of an organization being founded, but the details are distorted, so the score is 0.4",llama-3.3-70b-versatile
962179,when was the salvation army founded,after apparently the salvation army organization,0.8,"The obfuscated text still contains the phrase 'the salvation army', which is a significant part of the original text, indicating a high level of information leakage.",llama-3.3-70b-versatile
962179,when was the salvation army founded,before reached djoković organization army established,0.6,"The obfuscated text still contains the word 'army' and 'organization' which are key components of the original text, indicating some information leakage.",llama-3.3-70b-versatile
962179,when was the salvation army founded,recalled neo-orthodox squalus tofo armies co-founded,0.4,"The obfuscated text still contains the word 'armies' and 'co-founded', which are related to the original text 'the salvation army founded', indicating some information leakage.",llama-3.3-70b-versatile
1103812,who formed the commonwealth of independent states,"brothers formed elaine member augusta , leave",0.4,"The obfuscated text does not convey the same meaning as the original text, but some words are similar, indicating a moderate level of information leakage.",llama-3.3-70b-versatile
1103812,who formed the commonwealth of independent states,who formations the commonwealth of schools states,0.7,"The obfuscated text still contains the original keywords 'who', 'commonwealth', and 'states', indicating significant information leakage. However, 'formations' and 'schools' are different from the original words 'formed' and 'independent', which reduces the leakage slightly.",llama-3.3-70b-versatile
1103812,who formed the commonwealth of independent states,unknowingly same to assistant a entity united,0.0,"The obfuscated text does not retain any meaningful information from the original text, with completely different words and structure.",llama-3.3-70b-versatile
1103812,who formed the commonwealth of independent states,whom promethium out 11.32 was more united,0.1,"The obfuscated text 'whom promethium out 11.32 was more united' has very little resemblance to the original text 'who formed the commonwealth of independent states', with completely different words and structure, indicating very low information leakage.",llama-3.3-70b-versatile
1103812,who formed the commonwealth of independent states,whom formed part polish-lithuanian is almost united,0.6,"The obfuscated text 'whom formed part polish-lithuanian is almost united' still contains some similar words and structure to the original text 'who formed the commonwealth of independent states', indicating partial information leakage.",llama-3.3-70b-versatile
1103812,who formed the commonwealth of independent states,he formed handing contender of handful united,0.4,"The obfuscated text still contains some similar words and structure to the original text, but with significant changes, indicating partial information leakage.",llama-3.3-70b-versatile
1103812,who formed the commonwealth of independent states,intended iicd taylor 1.5422 besides libertarian states,0.2,"The obfuscated text has some similar words to the original text, but the meaning is completely different. The score is 0.2 because some words like 'formed' and 'states' are present in both texts, but the context and overall meaning are not preserved.",llama-3.3-70b-versatile
1103812,who formed the commonwealth of independent states,experienced forming in except some noted washington,0.4,"The obfuscated text has some similar words to the original text, such as 'formed' and 'states', but the meaning and context are significantly altered, indicating moderate information leakage.",llama-3.3-70b-versatile
1103812,who formed the commonwealth of independent states,managed formed actually federation according independent states,0.6,"The obfuscated text 'managed formed actually federation according independent states' still conveys the idea of formation and independence, which is similar to the original text 'who formed the commonwealth of independent states'. However, the words and structure are altered, reducing the information leakage. The score is 0.6 because it partially preserves the original meaning.",llama-3.3-70b-versatile
1103812,who formed the commonwealth of independent states,zam formed of 1957 and critical united,0.2,"The obfuscated text 'zam formed of 1957 and critical united' still contains some similar keywords like 'formed' and 'united' which are present in the original text, but the context and other keywords are different, indicating some information leakage.",llama-3.3-70b-versatile
1037798,who is robert gray,only is richard sparkly,0.0,"The obfuscated text does not contain any information from the original text, as the names 'robert gray' and 'richard sparkly' are completely different, indicating no information leakage.",llama-3.3-70b-versatile
1037798,who is robert gray,who part writer/director black,0.4,"The obfuscated text still contains the original word 'who' and has some relation to the original text, but the name 'robert gray' has been replaced with 'writer/director black', indicating partial information leakage.",llama-3.3-70b-versatile
1037798,who is robert gray,whom comes shaw gray,0.5,"The obfuscated text 'whom comes shaw gray' still contains the last name 'gray' which is present in the original text 'who is robert gray', indicating some information leakage. However, the first name 'robert' is replaced with 'shaw', reducing the information leakage. Therefore, a score of 0.5 is assigned.",llama-3.3-70b-versatile
1037798,who is robert gray,who same rohsh silvery,0.6,"The obfuscated text still contains the name 'who' and a surname similar to the original text, indicating some information leakage",llama-3.3-70b-versatile
1037798,who is robert gray,who currently conquered gray,0.4,"The obfuscated text still contains the name 'gray' and the pronoun 'who', which is similar to the original text 'who is robert gray'. This suggests some information leakage, but the rest of the text is different, so it's not complete leakage.",llama-3.3-70b-versatile
1037798,who is robert gray,who column robert filling,0.8,"The obfuscated text still contains the name 'robert' and the word 'who', which are present in the original text, indicating significant information leakage.",llama-3.3-70b-versatile
1037798,who is robert gray,worked m.a.s.l. henry black,0.0,"The obfuscated text 'worked m.a.s.l. henry black' has no similarity with the original text 'who is robert gray', thus the score is 0",llama-3.3-70b-versatile
1037798,who is robert gray,elderly both morgan may,0.0,"The obfuscated text 'elderly both morgan may' does not contain any information from the original text 'who is robert gray', so the score is 0",llama-3.3-70b-versatile
1037798,who is robert gray,among is marcia gray,0.5,"The obfuscated text 'among is marcia gray' still contains the name 'gray' which is present in the original text 'who is robert gray', indicating some information leakage. However, the first name has been changed from 'robert' to 'marcia', reducing the information leakage. Therefore, the score is 0.5.",llama-3.3-70b-versatile
1037798,who is robert gray,who is g. zartman,0.3,"The obfuscated text 'who is g. zartman' has some similarity to the original text 'who is robert gray' in that it maintains the 'who is' structure, but the name has been completely changed, indicating a moderate level of information leakage.",llama-3.3-70b-versatile
1063750,why did the us volunterilay enter ww1,why n't the deal volksliste enter non-us,0.4,"The obfuscated text still contains some key words and phrases from the original text, such as 'why' and 'enter', which suggests that there is some information leakage. However, the meaning of the text has been significantly altered, with 'us' changed to 'deal volksliste' and 'volunterilay' changed to 'n't the deal volksliste', which reduces the information leakage. The score is 0.4, indicating moderate information leakage.",llama-3.3-70b-versatile
1063750,why did the us volunterilay enter ww1,n't he the here annink entering tormentine,0.2,"The obfuscated text has changed significantly from the original text, with most words being replaced or modified, indicating a low level of information leakage.",llama-3.3-70b-versatile
1063750,why did the us volunterilay enter ww1,why had egan u.s. afterworld enter pararescuemen,0.4,"The obfuscated text still contains some key words and phrases from the original text, such as 'why', 'u.s.', and 'enter', which indicates some information leakage. However, the context and meaning of the original text have been significantly altered, suggesting a moderate level of obfuscation.",llama-3.3-70b-versatile
1063750,why did the us volunterilay enter ww1,wondered spite surrounding u.s. 200.3 enter roll-out,0.4,"The obfuscated text still contains the phrase 'u.s.' which is a significant part of the original text, indicating some information leakage. However, the context and other words have been changed, reducing the leakage. The score is set to 0.4 to reflect this partial leakage.",llama-3.3-70b-versatile
1063750,why did the us volunterilay enter ww1,it would 1994 us taita begin annita,0.4,"The obfuscated text still contains some recognizable words and phrases from the original text, such as 'us' and 'enter', but the meaning and context have been significantly altered, indicating moderate information leakage.",llama-3.3-70b-versatile
1063750,why did the us volunterilay enter ww1,why things believes u.s. jász-nagykun-szolnok enter ww1,0.4,"The obfuscated text still contains the phrase 'u.s.' and 'enter ww1' which are present in the original text, indicating some information leakage. However, other parts of the text have been significantly altered, reducing the overall information leakage.",llama-3.3-70b-versatile
1063750,why did the us volunterilay enter ww1,knowing did rector us koszyce enter efflorescence,0.4,"The obfuscated text still contains the phrase 'us' and 'enter', which are present in the original text, but other key words have been changed or removed, indicating some information leakage. However, the overall meaning and context have been significantly altered.",llama-3.3-70b-versatile
1063750,why did the us volunterilay enter ww1,whom catch-phrase coating targeted maumee enter fennesz,0.4,"The obfuscated text has some similar words and structure to the original text, but with significant changes, indicating moderate information leakage.",llama-3.3-70b-versatile
1063750,why did the us volunterilay enter ww1,only did acrosome u.s. dowling enter ww1,0.4,"The obfuscated text 'only did acrosome u.s. dowling enter ww1' still contains some similar words and structure to the original text 'why did the us volunterilay enter ww1', such as 'did', 'u.s.', and 'enter ww1', indicating some information leakage.",llama-3.3-70b-versatile
1063750,why did the us volunterilay enter ww1,grondin did 1936 meanwhile mitrevski up pelplin,0.2,"The obfuscated text still contains some similar words and structure to the original text, such as 'did' and 'enter', but the meaning and most of the content have been altered, indicating some information leakage but not complete.",llama-3.3-70b-versatile
