id,text,obfuscatedText,score,justification,model
19335,anthropological definition of environment,linguistic definitions the environments,0.6,"The obfuscated text still conveys the general idea of the original text, but with some loss of specificity and detail. The term 'anthropological' is lost, and 'environment' is pluralized, indicating some information leakage. However, the core concept of 'definition' and 'environment' is preserved, suggesting a moderate level of information leakage.",llama-3.3-70b-versatile
19335,anthropological definition of environment,anthropological definitions of environmental,0.9,"The obfuscated text is very similar to the original text, with only minor changes in wording, indicating a high level of information leakage.",llama-3.3-70b-versatile
19335,anthropological definition of environment,ethnological definition the environment,0.8,"The obfuscated text is very similar to the original text, with only a slight change in the word 'anthropological' to 'ethnological', which is a related field of study. This suggests a high level of information leakage.",llama-3.3-70b-versatile
19335,anthropological definition of environment,ethnological definition those environments,0.8,"The obfuscated text is very similar to the original text, with only a slight change in the word 'anthropological' to 'ethnological', and 'of' to 'those', indicating a high level of information leakage",llama-3.3-70b-versatile
19335,anthropological definition of environment,ethnographic define of environments,0.7,"The obfuscated text 'ethnographic define of environments' still conveys the general idea of the original text 'anthropological definition of environment', but with some changes in wording and terminology, thus the score is 0.7",llama-3.3-70b-versatile
19335,anthropological definition of environment,anthropological definition and environments,0.9,"The obfuscated text is very similar to the original text, with only minor changes in wording, indicating a high level of information leakage.",llama-3.3-70b-versatile
19335,anthropological definition of environment,sociological what the environment,0.4,"The obfuscated text 'sociological what the environment' has some similarity to the original text 'anthropological definition of environment' but with significant changes in key words, indicating moderate information leakage.",llama-3.3-70b-versatile
19335,anthropological definition of environment,anthropological cross-ratio the better,0.1,"The obfuscated text 'anthropological cross-ratio the better' has very little resemblance to the original text 'anthropological definition of environment', with changes in key words such as 'definition' to 'cross-ratio' and 'environment' to 'the better', indicating a low information leakage score of 0.1",llama-3.3-70b-versatile
19335,anthropological definition of environment,anthropological defines of environment,0.9,"The obfuscated text is very similar to the original text, with only minor changes in wording, indicating a high level of information leakage.",llama-3.3-70b-versatile
19335,anthropological definition of environment,ethnological description the environments,0.8,"The obfuscated text is very similar to the original text, with only minor changes in wording, indicating a high level of information leakage.",llama-3.3-70b-versatile
47923,axon terminals or synaptic knob definition,filaments terminal __________________________________ synapse knob defined,0.7,"The obfuscated text still contains key terms from the original text, such as 'terminal' and 'synapse knob', which suggests a significant amount of information leakage. However, some terms like 'axon' and 'definition' are missing or replaced, indicating some level of obfuscation. Therefore, the score is 0.7.",llama-3.3-70b-versatile
47923,axon terminals or synaptic knob definition,travelstead terminal either plasticity knob defines,0.6,"The obfuscated text 'travelstead terminal either plasticity knob defines' still contains some key terms from the original text 'axon terminals or synaptic knob definition', such as 'terminal' and 'knob', which suggests a moderate level of information leakage. However, the context and some specific words have been altered, reducing the leakage. Therefore, a score of 0.6 is assigned.",llama-3.3-70b-versatile
47923,axon terminals or synaptic knob definition,axon terminals either plasticity knobs defined,0.8,"The obfuscated text 'axon terminals either plasticity knobs defined' closely resembles the original text 'axon terminals or synaptic knob definition', with similar key terms and structure, indicating a high level of information leakage.",llama-3.3-70b-versatile
47923,axon terminals or synaptic knob definition,axon terminal etc. synapses sprite i.e.,0.7,"The obfuscated text still contains the key terms 'axon terminal' and 'synapses', indicating a significant amount of information leakage from the original text.",llama-3.3-70b-versatile
47923,axon terminals or synaptic knob definition,gunj terminal up synapses knob definitions,0.7,"The obfuscated text 'gunj terminal up synapses knob definitions' still contains the key terms 'terminal', 'synapses', and 'knob definitions' which are similar to the original text 'axon terminals or synaptic knob definition', indicating a significant information leakage.",llama-3.3-70b-versatile
47923,axon terminals or synaptic knob definition,tihg terminals without synaptic knob definition,0.6,"The obfuscated text 'tihg terminals without synaptic knob definition' still contains the core concept of 'terminals' and 'synaptic knob definition' from the original text 'axon terminals or synaptic knob definition', but with some changes in wording and added or removed words, indicating a moderate level of information leakage.",llama-3.3-70b-versatile
47923,axon terminals or synaptic knob definition,axon terminals either plasticity thompsonville definition,0.4,"The obfuscated text 'axon terminals either plasticity thompsonville definition' still contains the key terms 'axon terminals' and 'definition', but replaces 'synaptic knob' with 'thompsonville', which is unrelated. This suggests some information leakage, but not complete. Score: 0.4",llama-3.3-70b-versatile
47923,axon terminals or synaptic knob definition,axon terminal either synaptic knob defined,0.8,"The obfuscated text 'axon terminal either synaptic knob defined' closely resembles the original text 'axon terminals or synaptic knob definition', with minor changes in wording and punctuation, indicating a high level of information leakage.",llama-3.3-70b-versatile
47923,axon terminals or synaptic knob definition,synapse terminal or activity-dependent fairview defines,0.6,"The obfuscated text 'synapse terminal or activity-dependent fairview defines' still contains some key terms related to the original text 'axon terminals or synaptic knob definition', such as 'synapse terminal', but has replaced other terms with unrelated words like 'activity-dependent fairview', indicating partial information leakage.",llama-3.3-70b-versatile
47923,axon terminals or synaptic knob definition,euro213 systems or plasticity knobs defines,0.4,"The obfuscated text 'euro213 systems or plasticity knobs defines' has some similarity to the original text 'axon terminals or synaptic knob definition' in terms of the concept of plasticity and knobs, but the context and specific terms are significantly altered, indicating moderate information leakage.",llama-3.3-70b-versatile
87181,causes of left ventricular hypertrophy,causes of out ventricle sarcoplasmic,0.6,"The obfuscated text still contains the word 'causes' and 'ventricle', which are key terms in the original text, indicating some information leakage. However, the term 'left' is replaced with 'out' and 'hypertrophy' is replaced with 'sarcoplasmic', which reduces the information leakage. Therefore, a score of 0.6 is assigned, indicating moderate information leakage.",llama-3.3-70b-versatile
87181,causes of left ventricular hypertrophy,cause part leaving arrhythmias myocardium,0.4,"The obfuscated text still contains some relevant keywords such as 'cause' and 'myocardium' which are related to the original text, but the meaning is altered and some key terms are missing or changed, indicating partial information leakage.",llama-3.3-70b-versatile
87181,causes of left ventricular hypertrophy,causes actual leaving tachycardia hypertrophy,0.8,"The obfuscated text still contains the word 'causes', 'leaving' which is similar to 'left', 'hypertrophy' which is present in the original text, indicating significant information leakage",llama-3.3-70b-versatile
87181,causes of left ventricular hypertrophy,cause of leaving atrial beta-adrenergic,0.6,"The obfuscated text still contains the word 'cause' and 'leaving' which are similar to the original text 'causes of left', and 'hypertrophy' is also present, indicating some information leakage",llama-3.3-70b-versatile
87181,causes of left ventricular hypertrophy,cause of leaving ventricular raue,0.6,"The obfuscated text still contains the word 'cause' and 'leaving ventricular', which are similar to the original text 'causes of left ventricular hypertrophy'. However, 'raue' does not convey the same meaning as 'hypertrophy', indicating some information leakage but not complete.",llama-3.3-70b-versatile
87181,causes of left ventricular hypertrophy,causes the leaving ventricular hyperplasia,0.7,"The obfuscated text still contains the word 'causes' and 'leaving ventricular', which are similar to the original text 'causes of left ventricular hypertrophy'. However, 'hyperplasia' is different from 'hypertrophy', indicating some information leakage but not complete.",llama-3.3-70b-versatile
87181,causes of left ventricular hypertrophy,cause of middle ventricular lapolla,0.4,"The obfuscated text still contains the word 'ventricular' which is a key term in the original text, indicating some information leakage. However, the term 'middle' is not present in the original text and 'lapolla' is not a relevant medical term, suggesting some level of obfuscation.",llama-3.3-70b-versatile
87181,causes of left ventricular hypertrophy,cause the off atrial hyperplasia,0.4,"The obfuscated text still contains the word 'cause' and 'hyperplasia' which is related to the original text 'causes of left ventricular hypertrophy', indicating some information leakage. However, the words 'middle', 'off', 'atrial' are not present in the original text, and 'lapolla' seems unrelated, indicating some level of obfuscation.",llama-3.3-70b-versatile
87181,causes of left ventricular hypertrophy,causes of right hypertrophy ventricle,0.8,"The obfuscated text still contains the word 'hypertrophy' and 'ventricle', which are key terms in the original text, indicating significant information leakage.",llama-3.3-70b-versatile
87181,causes of left ventricular hypertrophy,cause the left systole physiologic,0.4,"The obfuscated text still contains the word 'left' which is present in the original text, and 'systole' is related to the heart, indicating some information leakage. However, 'physiologic' is a general term and does not directly relate to 'hypertrophy'. The score is 0.4 because some information is preserved but the context is altered.",llama-3.3-70b-versatile
87452,causes of military suicide,cause the military bombers,0.4,"The obfuscated text still contains the word 'military' and 'cause', which are key words from the original text, indicating some information leakage. However, the context and meaning have been altered, reducing the leakage.",llama-3.3-70b-versatile
87452,causes of military suicide,causes of adding bombers,0.4,"The obfuscated text still contains the word 'causes' which is present in the original text, and 'bombers' which is related to the military, indicating some information leakage. However, the context has been altered, reducing the leakage.",llama-3.3-70b-versatile
87452,causes of military suicide,cause of soldiers bombers,0.6,"The obfuscated text still contains the word 'cause' which is similar to 'causes' in the original text, and 'bombers' which is related to the military, indicating some information leakage",llama-3.3-70b-versatile
87452,causes of military suicide,caused the army suicide,0.8,"The obfuscated text still contains the word 'suicide' and 'army' which is similar to 'military', indicating a high level of information leakage",llama-3.3-70b-versatile
87452,causes of military suicide,cause of military bomber,0.6,"The obfuscated text still contains the word 'military' and 'bomber' which is related to the original text 'causes of military suicide', indicating some information leakage",llama-3.3-70b-versatile
87452,causes of military suicide,cause and army attacker,0.6,"The obfuscated text still contains the word 'cause' and 'army' which are related to the original text 'causes of military suicide', indicating some information leakage",llama-3.3-70b-versatile
87452,causes of military suicide,causes part army bombers,0.4,"The obfuscated text still contains the word 'causes' and 'army' which are related to the original text, but the context has been altered to 'bombers' which is not related to the original text 'suicide'. The score is 0.4 because some information is still present but the context is changed.",llama-3.3-70b-versatile
87452,causes of military suicide,causes the commanders attacks,0.4,"The obfuscated text still contains the word 'causes' and 'commanders' which is related to the military, but the context has been altered to 'attacks' instead of 'suicide', indicating some information leakage but not complete.",llama-3.3-70b-versatile
87452,causes of military suicide,identifies far forces suicide,0.6,"The obfuscated text still contains the word 'suicide' which is present in the original text, and also contains the word 'forces' which is related to 'military'. However, the word 'identifies' is different from 'causes' and 'far' is not present in the original text. So, the information leakage is partial.",llama-3.3-70b-versatile
87452,causes of military suicide,cause bringing necessity bombers,0.4,"The obfuscated text still contains the word 'cause' and 'bombers' which are related to the original text 'causes of military suicide', but the meaning is altered, so the score is 0.4",llama-3.3-70b-versatile
104861,cost of interior concrete flooring,cost same ministry reinforced paneling,0.2,"The obfuscated text still contains the word 'cost' which is present in the original text, indicating some information leakage. However, the rest of the text has been changed to 'same ministry reinforced paneling' which does not convey the same meaning as 'interior concrete flooring'. Therefore, the score is 0.2.",llama-3.3-70b-versatile
104861,cost of interior concrete flooring,cost of ministry brick laminate,0.4,"The obfuscated text 'cost of ministry brick laminate' still contains the word 'cost' and 'of' which are present in the original text 'cost of interior concrete flooring', indicating some information leakage. However, the key terms 'interior', 'concrete', and 'flooring' are replaced with 'ministry', 'brick', and 'laminate', which reduces the information leakage. Therefore, a score of 0.4 is assigned.",llama-3.3-70b-versatile
104861,cost of interior concrete flooring,costs aforementioned includes piles linoleum,0.4,"The obfuscated text still contains the word 'cost' which is present in the original text, but other key words like 'interior', 'concrete', and 'flooring' are replaced with unrelated words. This suggests some information leakage, but not complete.",llama-3.3-70b-versatile
104861,cost of interior concrete flooring,cost of ministry concrete cabinetry,0.4,"The obfuscated text still contains the word 'cost' and 'concrete' which are present in the original text, but 'ministry' and 'cabinetry' are unrelated to 'interior concrete flooring'. This suggests some information leakage, but not complete. Score: 0.4",llama-3.3-70b-versatile
104861,cost of interior concrete flooring,costs the ministry precast flooring,0.6,"The obfuscated text still contains the word 'cost' and 'ministry' and 'flooring' which are present in the original text, indicating some information leakage",llama-3.3-70b-versatile
104861,cost of interior concrete flooring,costs of ministry concrete hardwood,0.6,"The obfuscated text still contains the word 'concrete' which is present in the original text, and 'costs of' is similar to 'cost of', indicating some information leakage",llama-3.3-70b-versatile
104861,cost of interior concrete flooring,costing of of erected flooring,0.6,"The obfuscated text still contains the word 'concrete' and 'flooring' which are present in the original text, but other words are changed, so the information leakage is partial",llama-3.3-70b-versatile
104861,cost of interior concrete flooring,"costing , interior slabs flooring",0.4,"The obfuscated text still contains the word 'interior' and 'flooring' which are present in the original text, indicating some information leakage. However, other words like 'costing' and 'slabs' are different, reducing the leakage. The score is 0.4 because about half of the key information is preserved.",llama-3.3-70b-versatile
104861,cost of interior concrete flooring,costs of tehf covered flooring,0.4,"The obfuscated text still contains the word 'costs' and 'flooring' which are present in the original text, but other words are changed or added, indicating some information leakage. However, the meaning is partially preserved, so the score is not 1.",llama-3.3-70b-versatile
104861,cost of interior concrete flooring,furthermore the interior concrete roofing,0.4,"The obfuscated text still contains the word 'interior' and 'concrete', which are present in the original text, indicating some information leakage. However, 'roofing' is different from 'flooring', which reduces the leakage. The score is 0.4 because about half of the key information is preserved.",llama-3.3-70b-versatile
1106007,define visceral?,define jurisprudential,0.0,"The obfuscated text 'define jurisprudential' does not reveal any information about the original text 'define visceral?', thus the score is 0",llama-3.3-70b-versatile
1106007,define visceral?,perspective fuchsian,0.2,"The obfuscated text 'perspective fuchsian' does not convey the same meaning as the original text 'define visceral?', thus the information leakage is minimal.",llama-3.3-70b-versatile
1106007,define visceral?,dimensions debrum,0.2,"The obfuscated text 'dimensions debrum' does not convey the same meaning as the original text 'define visceral?', thus the information leakage is minimal.",llama-3.3-70b-versatile
1106007,define visceral?,definition eggplants,0.0,"The obfuscated text 'definition eggplants' does not reveal any information about the original text 'define visceral?', thus the score is 0",llama-3.3-70b-versatile
1106007,define visceral?,define 44-6,0.0,"The obfuscated text 'define 44-6' does not reveal any information about the original text 'define visceral?', thus the score is 0",llama-3.3-70b-versatile
1106007,define visceral?,defines interior,0.0,"The obfuscated text 'defines interior' does not reveal any information about the original text 'define visceral?', thus the score is 0",llama-3.3-70b-versatile
1106007,define visceral?,defining aspen,0.0,"The obfuscated text is completely unrelated to the original text, indicating no information leakage.",llama-3.3-70b-versatile
1106007,define visceral?,define vortices,0.0,"The obfuscated text 'define vortices' does not reveal any information about the original text 'define visceral?', thus the score is 0",llama-3.3-70b-versatile
1106007,define visceral?,distinguish outstanding,0.1,"The obfuscated text 'distinguish outstanding' does not resemble the original text 'define visceral' in any way, indicating a high level of obfuscation and minimal information leakage.",llama-3.3-70b-versatile
1106007,define visceral?,defining diadems,0.2,"The obfuscated text 'defining diadems' does not resemble the original text 'define visceral' in any way, indicating a high level of obfuscation.",llama-3.3-70b-versatile
130510,definition declaratory judgment,defined interpleader judgement,0.8,"The obfuscated text 'defined interpleader judgement' still conveys the core meaning of the original text 'definition declaratory judgment', with 'defined' being a synonym of 'definition', 'interpleader' being a related concept to 'declaratory', and 'judgement' being a synonym of 'judgment'. However, the obfuscated text does not perfectly preserve the original meaning, hence a score of 0.8 is assigned.",llama-3.3-70b-versatile
130510,definition declaratory judgment,defined telegraphed judgment,0.7,"The obfuscated text 'defined telegraphed judgment' still conveys the core meaning of the original text 'definition declaratory judgment', with 'defined' being a synonym of 'definition', 'telegraphed' somewhat related to 'declaratory' in the sense of making something known, and 'judgment' remaining the same. However, the change from 'declaratory' to 'telegraphed' reduces the precision of the legal term, thus not a complete leakage. Score is 0.7",llama-3.3-70b-versatile
130510,definition declaratory judgment,defines cost-sharing judgement,0.4,"The obfuscated text 'defines cost-sharing judgement' has some similarity to the original text 'definition declaratory judgment', but with significant changes in wording, indicating moderate information leakage.",llama-3.3-70b-versatile
130510,definition declaratory judgment,defined declaratory judgement,0.9,"The obfuscated text 'defined declaratory judgement' is very similar to the original text 'definition declaratory judgment', with only minor changes in wording, indicating a high level of information leakage.",llama-3.3-70b-versatile
130510,definition declaratory judgment,definition declaratory judgement,0.95,"The obfuscated text is almost identical to the original text, with only minor changes in wording, indicating a high level of information leakage.",llama-3.3-70b-versatile
130510,definition declaratory judgment,definition injunctive judgement,0.9,"The obfuscated text is very similar to the original text, with only a slight change in the word 'judgement' to 'judgment' or 'injunctive' instead of 'declaratory', indicating a high level of information leakage.",llama-3.3-70b-versatile
130510,definition declaratory judgment,definition injunctive judgment,0.9,"The obfuscated text is very similar to the original text, with only a slight variation in the word 'judgement' vs 'judgment', which is a common spelling variation. The score is 0.9 because the obfuscated text still conveys almost all the information from the original text.",llama-3.3-70b-versatile
130510,definition declaratory judgment,defines injunctive judgment,0.6,"The obfuscated text 'defines injunctive judgment' has a similar structure to the original text 'definition declaratory judgment', but with some changes in wording, indicating a moderate level of information leakage.",llama-3.3-70b-versatile
130510,definition declaratory judgment,definition injunctive judgement,0.9,"The obfuscated text is very similar to the original text, with only minor changes in wording, such as 'injunctive' instead of 'declaratory' and 'judgement' instead of 'judgment', indicating a high level of information leakage",llama-3.3-70b-versatile
130510,definition declaratory judgment,defined drysuit judgement,0.4,"The obfuscated text 'defined drysuit judgement' has some similarity to the original text 'definition declaratory judgment', but 'dry suit' is unrelated to 'declaratory', indicating moderate information leakage",llama-3.3-70b-versatile
131843,definition of a sigmet,defined present another orakei,0.4,"The obfuscated text has some similarity to the original text, with 'defined' and 'definition' being related, and 'present' and 'of a' having some connection, but 'another' and 'orakei' do not match 'sigmet', so the score is 0.4",llama-3.3-70b-versatile
131843,definition of a sigmet,defined the a ariyankuppam,0.4,"The obfuscated text 'defined the a ariyankuppam' still contains some keywords like 'defined' and 'the' which are present in the original text 'definition of a sigmet', indicating partial information leakage.",llama-3.3-70b-versatile
131843,definition of a sigmet,defines the another tourisme,0.4,"The obfuscated text still contains some key words from the original text, such as 'defines' and 'the', but the meaning is altered and some words are changed or removed, indicating partial information leakage.",llama-3.3-70b-versatile
131843,definition of a sigmet,definition of a kanth,0.5,"The obfuscated text 'definition of a kanth' still contains the word 'definition of a' which is similar to the original text 'definition of a sigmet', indicating some information leakage. However, the word 'kanth' is different from 'sigmet', reducing the leakage. Score is 0.5",llama-3.3-70b-versatile
131843,definition of a sigmet,definition kind another siezed,0.2,"The obfuscated text 'definition kind another siezed' still contains the word 'definition' which is present in the original text 'definition of a sigmet', indicating some information leakage. However, the rest of the text has been changed, resulting in a score of 0.2",llama-3.3-70b-versatile
131843,definition of a sigmet,defines so-called another q5,0.4,"The obfuscated text still contains the core concept of the original text, which is 'definition' and 'of a', but the specific term 'sigmet' is replaced with 'kind', 'kanth', or other unrelated words, indicating some information leakage. However, the overall meaning is altered, so the score is not 1. Given the variations, a moderate score is appropriate.",llama-3.3-70b-versatile
131843,definition of a sigmet,definition example another epitomised,0.4,"The obfuscated text still contains the word 'definition' and 'another', which are present in the original text, indicating some information leakage. However, the meaning and context have been altered, reducing the leakage. Score is 0.4.",llama-3.3-70b-versatile
131843,definition of a sigmet,definition the a csd,0.6,"The obfuscated text still contains the word 'definition' and 'the' and 'a' which are present in the original text, indicating some information leakage, but the meaning is altered by replacing 'sigmet' with 'csd', so the score is 0.6",llama-3.3-70b-versatile
131843,definition of a sigmet,defined the another pathfinders,0.6,"The obfuscated text still contains the core concept of the original text, which is 'definition of a'. However, the details have been altered, resulting in a score of 0.6",llama-3.3-70b-versatile
131843,definition of a sigmet,definitions the another dianabol,0.4,"The obfuscated text still contains the word 'definition' and 'the' and 'another' which are present in the original text, but the key word 'sigmet' is replaced with 'dianabol', indicating some information leakage. However, the context and meaning are altered significantly, so the score is not 1.",llama-3.3-70b-versatile
146187,difference between a mcdouble and a double cheeseburger,obvious of this pereiro both a grij cheeseburgers,0.6,"The obfuscated text still contains the core idea of the original text, which is comparing two types of cheeseburgers, but with some key words changed or misspelled, thus reducing information leakage.",llama-3.3-70b-versatile
146187,difference between a mcdouble and a double cheeseburger,"moreover clashes turned waddock , another triple cheeseburgers",0.4,"The obfuscated text still contains the word 'cheeseburgers' which is a key part of the original text, indicating some information leakage. However, the context and other details are completely changed, so the leakage is not complete.",llama-3.3-70b-versatile
146187,difference between a mcdouble and a double cheeseburger,point referring another adding both another triple cheeseburger,0.4,"The obfuscated text still contains the word 'cheeseburger' which is a key term from the original text, indicating some information leakage. However, the context and other details have been altered, reducing the leakage.",llama-3.3-70b-versatile
146187,difference between a mcdouble and a double cheeseburger,puts between called jawarishe founders another triple cheeseburgers,0.6,"The obfuscated text still contains the key words 'between' and 'triple cheeseburgers' which are related to the original text, indicating some information leakage.",llama-3.3-70b-versatile
146187,difference between a mcdouble and a double cheeseburger,"obvious both a junglee , a double cheeseburger",0.8,"The obfuscated text still contains the key words 'double cheeseburger' which is present in the original text, indicating significant information leakage.",llama-3.3-70b-versatile
146187,difference between a mcdouble and a double cheeseburger,change first a ravinder aspects a double cheeseburgers,0.7,"The obfuscated text still contains the key words 'double cheeseburgers' which is similar to the original text 'double cheeseburger', indicating a significant information leakage.",llama-3.3-70b-versatile
146187,difference between a mcdouble and a double cheeseburger,"fact between another becker , another doubled 30-270",0.6,"The obfuscated text still contains the word 'between' and 'another' and 'doubled' which are similar to the original text, indicating some information leakage",llama-3.3-70b-versatile
146187,difference between a mcdouble and a double cheeseburger,"putting way another aims , a double cheeseburger",0.6,"The obfuscated text still contains the key words 'double cheeseburger' which is present in the original text, indicating some information leakage.",llama-3.3-70b-versatile
146187,difference between a mcdouble and a double cheeseburger,geschichten two a wmf both another double burger,0.6,"The obfuscated text still contains the key words 'double' and 'burger', which are present in the original text, indicating some information leakage.",llama-3.3-70b-versatile
146187,difference between a mcdouble and a double cheeseburger,but differences another jonbenet both another triple cheeseburgers,0.7,"The obfuscated text still contains the word 'cheeseburgers' and 'double', which are key components of the original text, indicating a significant amount of information leakage.",llama-3.3-70b-versatile
148538,difference between rn and bsn,"only between 64 , bankamericard",0.0,"The obfuscated text does not contain any relevant information from the original text, which is about the difference between RN and BSN. The obfuscated text appears to be unrelated and does not reveal any information about the original text.",llama-3.3-70b-versatile
148538,difference between rn and bsn,"maybe both uis , plugchieva",0.1,"The obfuscated text does not contain any relevant information from the original text, indicating minimal information leakage.",llama-3.3-70b-versatile
148538,difference between rn and bsn,"difference between rn , supt",0.5,"The obfuscated text still contains the phrase 'difference between' which is present in the original text, indicating some information leakage. However, the terms 'rn' and 'bsn' have been replaced with 'rn' and 'supt' respectively, reducing the information leakage. The score is 0.5 because half of the original information is still present.",llama-3.3-70b-versatile
148538,difference between rn and bsn,difference two .16 including seafirst,0.4,"The obfuscated text still contains the phrase 'difference' which is present in the original text, but the context and other words are changed, indicating some information leakage.",llama-3.3-70b-versatile
148538,difference between rn and bsn,big which 63 while nabuco,0.0,"The obfuscated text does not contain any relevant information from the original text, thus the score is 0",llama-3.3-70b-versatile
148538,difference between rn and bsn,one between oly-2004-basket and chaira,0.0,"The obfuscated text does not contain any relevant information from the original text, thus the score is 0",llama-3.3-70b-versatile
148538,difference between rn and bsn,difference between rn well ucc,0.4,"The obfuscated text still contains the phrase 'difference between rn', which is similar to the original text 'difference between rn and bsn'. This suggests that some information has been preserved, but the context and meaning have been altered. The score is 0.4, indicating moderate information leakage.",llama-3.3-70b-versatile
148538,difference between rn and bsn,fact between 78 when bsn,0.4,"The obfuscated text still contains the key phrase 'between' and 'bsn', which is similar to the original text 'difference between rn and bsn'. However, the numbers and words are different, indicating some level of obfuscation.",llama-3.3-70b-versatile
148538,difference between rn and bsn,reason respectively 4.2-litre both pnb,0.0,"The obfuscated text does not contain any relevant information from the original text, so the score is 0",llama-3.3-70b-versatile
148538,difference between rn and bsn,one end 85 both bsn,0.4,"The obfuscated text does not convey the same meaning as the original text, but some keywords are still present, indicating partial information leakage.",llama-3.3-70b-versatile
156493,do goldfish grow,know goldfish grown,0.8,"The obfuscated text 'know goldfish grown' is similar to the original text 'do goldfish grow', with only minor changes in the first word and the verb tense, indicating a high level of information leakage.",llama-3.3-70b-versatile
156493,do goldfish grow,ca blood-red grown,0.4,"The obfuscated text 'ca blood-red grown' has some similarity to the original text 'do goldfish grow', but with significant changes, including the replacement of 'do' with 'ca', 'goldfish' with 'blood-red', and 'grow' with 'grown'. This suggests a moderate level of information leakage, as some information about the original text is still present, but it is not immediately clear what the original text was. Therefore, a score of 0.4 is assigned.",llama-3.3-70b-versatile
156493,do goldfish grow,not goldfish grow,0.6,"The obfuscated text 'not goldfish grow' still contains the key words 'goldfish' and 'grow', which are present in the original text 'do goldfish grow'. However, the word 'not' is added, which changes the meaning of the sentence. The score is 0.6 because some information is preserved, but the addition of 'not' alters the meaning.",llama-3.3-70b-versatile
156493,do goldfish grow,ask incidentally grow,0.4,"The obfuscated text 'ask incidentally grow' has some similarity to the original text 'do goldfish grow' in terms of the word 'grow', but the context and other words are completely different, indicating a moderate level of information leakage.",llama-3.3-70b-versatile
156493,do goldfish grow,do catching grows,0.4,"The obfuscated text 'do catching grows' still contains the word 'grow' which is similar to the original text 'do goldfish grow', indicating some information leakage. However, the word 'goldfish' is replaced with 'catching', which reduces the information leakage. The score is 0.4 because the verb 'grow' is preserved, but the subject 'goldfish' is changed.",llama-3.3-70b-versatile
156493,do goldfish grow,do pooch grow,0.4,"The obfuscated text 'do pooch grow' has some similarity to the original text 'do goldfish grow', but the key word 'goldfish' has been replaced with 'pooch', which is a different animal, indicating a significant reduction in information leakage. However, the structure and some words of the sentence remain the same, which suggests some information is still preserved.",llama-3.3-70b-versatile
156493,do goldfish grow,n't pooch grown,0.2,"The obfuscated text 'n't pooch grown' has some similarity to the original text 'do goldfish grow' in terms of the word 'grow' and 'grown', but the main subject 'goldfish' has been completely changed to 'pooch', indicating a significant reduction in information leakage. However, the word 'grow' and 'grown' are still present, which suggests some information leakage. Therefore, the score is 0.2.",llama-3.3-70b-versatile
156493,do goldfish grow,n't delightfully grown,0.2,"The obfuscated text 'n't delightfully grown' has some similarity to the original text 'do goldfish grow' in terms of the word 'grown' which is similar to 'grow', but the meaning is altered significantly due to the change of 'do' to 'n't' and 'goldfish' to 'delightfully', thus the score is 0.2",llama-3.3-70b-versatile
156493,do goldfish grow,n't goldfish grown,0.8,"The obfuscated text 'n't goldfish grown' has a high similarity to the original text 'do goldfish grow', with the main difference being the negation 'n't' instead of 'do', and 'grown' instead of 'grow'. This suggests a significant information leakage, but not complete, as the meaning is slightly altered.",llama-3.3-70b-versatile
156493,do goldfish grow,do travel@latimes.com grow,0.2,"The obfuscated text 'do travel@latimes.com grow' has some similarity to the original text 'do goldfish grow' in terms of the first word 'do' and the last word 'grow', but the main subject 'goldfish' has been completely replaced with 'travel@latimes.com', which is unrelated. Therefore, the score should be low, around 0.2, indicating some minor information leakage due to the shared words, but overall, the obfuscated text does not reveal the original meaning.",llama-3.3-70b-versatile
168216,does legionella pneumophila cause pneumonia,but pneumophila granulatus causing bronchitis,0.4,"The obfuscated text still contains the word 'pneumophila' which is a key term in the original text, indicating some information leakage. However, the context and other details have been altered, reducing the leakage. Score: 0.4",llama-3.3-70b-versatile
168216,does legionella pneumophila cause pneumonia,does symbiodinium aída cause complications,0.2,"The obfuscated text does not reveal the original information about Legionella pneumophila causing pneumonia, but rather introduces unrelated terms, thus reducing information leakage.",llama-3.3-70b-versatile
168216,does legionella pneumophila cause pneumonia,if piq lg03 causes atypical,0.2,"The obfuscated text does not contain any information about Legionella pneumophila, but it mentions a different microorganism and a different disease, indicating some information leakage, but not complete.",llama-3.3-70b-versatile
168216,does legionella pneumophila cause pneumonia,n't madha downtrodden causes respiratory,0.6,"The obfuscated text does not contain the original keywords, but still conveys a similar idea of a microorganism causing a disease, thus the score is 0.6",llama-3.3-70b-versatile
168216,does legionella pneumophila cause pneumonia,if vibrio contends causes pneumonia,0.4,"The obfuscated text still contains the word 'pneumonia' and 'causes', which are present in the original text, but the subject 'legionella pneumophila' has been replaced with 'vibrio contends', indicating some information leakage. However, the core idea of the sentence has been altered, so it's not a direct leak.",llama-3.3-70b-versatile
168216,does legionella pneumophila cause pneumonia,tends fungus pneumophila cause pneumonia,0.8,"The obfuscated text still contains the word 'pneumophila' and 'pneumonia', which are key terms from the original text, indicating significant information leakage.",llama-3.3-70b-versatile
168216,does legionella pneumophila cause pneumonia,else pneumophila kervin causes pneumonia,0.8,"The obfuscated text still contains the word 'pneumophila' and 'pneumonia', which are key terms from the original text, indicating significant information leakage.",llama-3.3-70b-versatile
168216,does legionella pneumophila cause pneumonia,not vibrio cantigny nohv pneumonia,0.8,"The obfuscated text still contains the word 'pneumophila' and 'pneumonia', which are key terms from the original text, indicating significant information leakage.",llama-3.3-70b-versatile
168216,does legionella pneumophila cause pneumonia,wants samsul pneumophila causes pneumonia,0.8,"The obfuscated text still contains the word 'pneumophila' which is a key term in the original text, indicating a high level of information leakage.",llama-3.3-70b-versatile
168216,does legionella pneumophila cause pneumonia,does legionella pneumophila cause pneumonia,1.0,"The obfuscated text is identical to the original text, indicating complete information leakage.",llama-3.3-70b-versatile
182539,example of monotonic function,etc. even earnestly function,0.4,"The obfuscated text still contains the word 'function' which is present in the original text, indicating some information leakage. However, other key words like 'example' and 'monotonic' are not present, reducing the leakage score.",llama-3.3-70b-versatile
182539,example of monotonic function,famous chosen monotonic functions,0.8,"The obfuscated text 'famous chosen monotonic functions' still conveys the core concept of the original text 'example of monotonic function', with some additional information about the functions being famous and chosen, thus indicating a significant information leakage.",llama-3.3-70b-versatile
182539,example of monotonic function,referring of mmmals functions,0.4,"The obfuscated text 'referring of mmmals functions' still contains the word 'functions' which is present in the original text 'example of monotonic function', indicating some information leakage. However, the context and other words have been changed, reducing the leakage. Therefore, a score of 0.4 is assigned.",llama-3.3-70b-versatile
182539,example of monotonic function,example one monotonic functions,0.9,"The obfuscated text is very similar to the original text, with only minor changes, indicating a high level of information leakage.",llama-3.3-70b-versatile
182539,example of monotonic function,instance much rumination function,0.4,"The obfuscated text 'instance much rumination function' still conveys the idea of a single example, and the word 'function' is preserved, but the context and specifics are altered, thus reducing information leakage.",llama-3.3-70b-versatile
182539,example of monotonic function,instance of ctrip functions,0.6,"The obfuscated text 'instance of ctrip functions' still contains the word 'functions' and the phrase 'instance of' which is similar to the original text 'example of monotonic function', indicating some information leakage. However, the word 'ctrip' does not relate to 'monotonic', so the leakage is not complete.",llama-3.3-70b-versatile
182539,example of monotonic function,example of monotonic functions,0.9,"The obfuscated text is almost identical to the original text, with only a minor difference in the word 'function' being pluralized to 'functions'. This suggests a very high level of information leakage.",llama-3.3-70b-versatile
182539,example of monotonic function,instance the monotonic functions,0.9,"The obfuscated text is very similar to the original text, with only minor changes, indicating a high level of information leakage.",llama-3.3-70b-versatile
182539,example of monotonic function,likewise creating subharmonic functions,0.4,"The obfuscated text 'likewise creating subharmonic functions' has some similarity to the original text 'example of monotonic function' but with significant changes, indicating moderate information leakage.",llama-3.3-70b-versatile
182539,example of monotonic function,example of monotonic functions,0.9,"The obfuscated text is almost identical to the original text, with only a minor difference in wording, indicating a high level of information leakage.",llama-3.3-70b-versatile
183378,exons definition biology,operons defines institute,0.4,"The obfuscated text 'operons defines institute' still conveys some information about the original text 'exons definition biology', such as the concept of a biological term and its definition, but with significant changes in wording and meaning, thus a moderate score of 0.4 is given",llama-3.3-70b-versatile
183378,exons definition biology,introns defines biology,0.4,"The obfuscated text 'introns defines biology' has some similarity to the original text 'exons definition biology', but it does not convey the same meaning. The term 'introns' is related to 'exons' in biology, but it refers to non-coding regions of a gene. The word 'defines' is also similar to 'definition'. However, the overall meaning is different. Therefore, the score is 0.4.",llama-3.3-70b-versatile
183378,exons definition biology,introns notion biochemistry,0.4,"The obfuscated text 'introns notion biochemistry' still contains some relevant information from the original text 'exons definition biology', such as the field of study 'biochemistry' which is related to 'biology', and 'introns' is a related concept to 'exons' in biology. However, the key terms 'exons' and 'definition' are not present, indicating some level of obfuscation. Therefore, the score is 0.4.",llama-3.3-70b-versatile
183378,exons definition biology,operons defined ecology,0.4,"The obfuscated text 'operons defined ecology' has some similarity to the original text 'exons definition biology' but with significant changes, including the replacement of 'exons' with 'operons' and 'biology' with 'ecology', indicating moderate information leakage",llama-3.3-70b-versatile
183378,exons definition biology,introns definition biochemistry,0.6,"The obfuscated text 'introns definition biochemistry' still contains the word 'definition' and a field of study 'biochemistry' which is related to biology, but 'introns' is different from 'exons'. This indicates some information leakage, but not complete.",llama-3.3-70b-versatile
183378,exons definition biology,introns definitions biochemistry,0.6,"The obfuscated text 'introns definitions biochemistry' has some similarity to the original text 'exons definition biology', but with changes in key terms, indicating partial information leakage.",llama-3.3-70b-versatile
183378,exons definition biology,pre-mrna contexts biology,0.4,"The obfuscated text 'pre-mrna contexts biology' has some similarity to the original text 'exons definition biology', but it has changed 'exons' to 'pre-mrna' and 'definition' to 'contexts', which indicates a moderate level of information leakage. The score is 0.4 because it still conveys some information about the field of study, but the specific terms have been altered.",llama-3.3-70b-versatile
183378,exons definition biology,operons definitions biochemistry,0.4,"The obfuscated text 'operons definitions biochemistry' has some similarity to the original text 'exons definition biology', but with significant changes in key terms, indicating moderate information leakage.",llama-3.3-70b-versatile
183378,exons definition biology,encode perpetrator biology,0.4,"The obfuscated text 'encode perpetrator biology' has some similarity to the original text 'exons definition biology' but with significant changes, indicating moderate information leakage.",llama-3.3-70b-versatile
183378,exons definition biology,introns conversely mathematics,0.4,"The obfuscated text 'introns conversely mathematics' has some similarity to the original text 'exons definition biology' in terms of the word 'introns' which is related to 'exons', but the context and other words are different, indicating moderate information leakage.",llama-3.3-70b-versatile
207786,how are some sharks warm blooded,how are some 14 cold shockingly,0.2,"The obfuscated text has replaced 'sharks' with '14' and 'warm blooded' with 'cold shockingly', which significantly alters the meaning and content of the original text, indicating a low level of information leakage.",llama-3.3-70b-versatile
207786,how are some sharks warm blooded,way these few lions warm blooded,0.2,"The obfuscated text 'way these few lions warm blooded' has some similarities with the original text 'how are some sharks warm blooded', such as the phrase 'warm blooded', but it also has significant differences, such as the replacement of 'how are some' with 'way these few' and 'sharks' with 'lions'. The score of 0.2 reflects the partial information leakage.",llama-3.3-70b-versatile
207786,how are some sharks warm blooded,korgis them many shark warm cold-blooded,0.4,"The obfuscated text 'korgis them many shark warm cold-blooded' has some similarities with the original text 'how are some sharks warm blooded', such as the presence of the word 'shark' and the concept of temperature regulation, but it also has significant differences, such as the replacement of 'how are' with 'korgis them many' and the addition of 'cold-blooded', which is the opposite of 'warm blooded'. Therefore, the score is 0.4.",llama-3.3-70b-versatile
207786,how are some sharks warm blooded,why ones few sharks warmed lust,0.4,"The obfuscated text 'why ones few sharks warmed lust' has some similarities with the original text 'how are some sharks warm blooded', such as the presence of 'sharks' and a word related to temperature ('warmed' vs 'warm'). However, the meaning and context are significantly altered, indicating moderate information leakage.",llama-3.3-70b-versatile
207786,how are some sharks warm blooded,how aforementioned few sharks chilly cold-blooded,0.6,"The obfuscated text still contains the word 'sharks' and 'cold-blooded', which are key terms from the original text, indicating some information leakage.",llama-3.3-70b-versatile
207786,how are some sharks warm blooded,recently these some sharks cool blooded,0.6,"The obfuscated text still contains the word 'sharks' and the concept of temperature, but the original meaning is somewhat preserved, with 'cool blooded' being similar to 'warm blooded' in the context of sharks, thus the score is 0.6",llama-3.3-70b-versatile
207786,how are some sharks warm blooded,what these many shark warm heartless,0.6,"The original text 'how are some sharks warm blooded' and the obfuscated text 'what these many shark warm heartless' have some similarities, but also some differences. The word 'sharks' is present in both, and 'warm' is also present, but 'heartless' is used instead of 'blooded'. The score is 0.6 because some information is preserved, but the meaning is slightly altered.",llama-3.3-70b-versatile
207786,how are some sharks warm blooded,how are made stingrays warmth cold-blooded,0.6,"The original text 'how are some sharks warm blooded' and the obfuscated text 'how are made stingrays warmth cold-blooded' have some similarities, but the obfuscated text has changed 'sharks' to 'stingrays' and 'warm blooded' to 'warmth cold-blooded', indicating a moderate level of information leakage",llama-3.3-70b-versatile
207786,how are some sharks warm blooded,what these many coyotes cool cold-blooded,0.4,"The original text 'how are some sharks warm blooded' and the obfuscated text 'what these many coyotes cool cold-blooded' have some similarities in structure, but the key terms 'sharks' and 'warm blooded' have been replaced with 'coyotes' and 'cool cold-blooded', indicating a significant level of obfuscation. However, the overall sentence structure and some of the words remain similar, suggesting some information leakage. The score is 0.4, indicating moderate information leakage.",llama-3.3-70b-versatile
207786,how are some sharks warm blooded,what be many panthers warmth populate,0.1,"The obfuscated text has changed the subject from sharks to panthers and also changed the word warm blooded to warmth populate, which has no relation to the original text, indicating very little information leakage.",llama-3.3-70b-versatile
1133167,how is the weather in jamaica,what it next conditions besides barbados,0.2,"The obfuscated text does not reveal any information about the original text's question about the weather in Jamaica, but it does mention a different location, Barbados, which is also a Caribbean island like Jamaica, thus the score is 0.2",llama-3.3-70b-versatile
1133167,how is the weather in jamaica,how is came inclement in jamaica,0.6,"The obfuscated text still contains the location 'jamaica' and a similar question structure, but changes the verb and adjective, indicating some information leakage",llama-3.3-70b-versatile
1133167,how is the weather in jamaica,how true this conditions in barbados,0.7,"The obfuscated text still contains the original location 'jamaica' and a similar question structure, but changes the weather condition to 'inclement', indicating some information leakage. However, the change in weather condition and the presence of the original location suggests a score of 0.7.",llama-3.3-70b-versatile
1133167,how is the weather in jamaica,how which of conditions presumably barbados,0.4,"The obfuscated text still contains the word 'how' and a location, but the rest of the information is altered, indicating some information leakage.",llama-3.3-70b-versatile
1133167,how is the weather in jamaica,understand is the inclement . jamaica,0.6,"The obfuscated text still contains the word 'jamaica' and a related concept 'inclement' which is a synonym for weather conditions, indicating some information leakage.",llama-3.3-70b-versatile
1133167,how is the weather in jamaica,how considered first weather appeared jamaica,0.7,"The obfuscated text still contains the key words 'weather' and 'jamaica', but the sentence structure and some words are changed, indicating some information leakage.",llama-3.3-70b-versatile
1133167,how is the weather in jamaica,how presently regards inclement in trinidad,0.6,"The obfuscated text still contains the word 'jamaica' and 'inclement' which is related to weather, but the word order and some words are changed, indicating some information leakage.",llama-3.3-70b-versatile
1133167,how is the weather in jamaica,what latter the weather in jamaica,0.6,"The obfuscated text 'what latter the weather in jamaica' still contains the key words 'weather' and 'jamaica', which are present in the original text, indicating some information leakage. However, the word order and some words have been changed, reducing the leakage. Therefore, a score of 0.6 is assigned.",llama-3.3-70b-versatile
1133167,how is the weather in jamaica,how appears the weather second jamaican,0.8,"The obfuscated text still contains the key words 'weather' and 'jamaica', indicating a significant amount of information leakage from the original text.",llama-3.3-70b-versatile
1133167,how is the weather in jamaica,how is which conditions one barbados,0.6,"The obfuscated text still contains the word 'jamaica' and 'weather', but with some changes in the sentence structure and word order, indicating a moderate level of information leakage.",llama-3.3-70b-versatile
264014,how long is life cycle of flea,how insisted now history cycles its well,0.4,"The obfuscated text has changed the meaning and words of the original text, but some keywords like 'cycle' are still present, indicating partial information leakage.",llama-3.3-70b-versatile
264014,how long is life cycle of flea,aware short as existence cycles of hajee,0.2,"The obfuscated text 'aware short as existence cycles of hajee' does not convey the same meaning as the original text 'how long is life cycle of flea', but some words like 'cycles' are similar, indicating partial information leakage.",llama-3.3-70b-versatile
264014,how long is life cycle of flea,how only is life month creation now-defunct,0.4,"The obfuscated text still contains some of the original words and meaning, but with significant changes, indicating partial information leakage.",llama-3.3-70b-versatile
264014,how long is life cycle of flea,what long now . cycles the treutlen,0.2,"The obfuscated text does not convey the same meaning as the original text, but some words are similar, indicating partial information leakage.",llama-3.3-70b-versatile
264014,how long is life cycle of flea,what long comes lives cycles davis phasianellidae,0.4,"The obfuscated text still contains some similar words and structure to the original text, such as 'long' and 'cycles', but with significant changes, indicating moderate information leakage.",llama-3.3-70b-versatile
264014,how long is life cycle of flea,why long is lives cycles which dinga,0.4,"The obfuscated text still contains the word 'long' and 'cycles' which are present in the original text, but the context and other words have been changed, indicating some information leakage.",llama-3.3-70b-versatile
264014,how long is life cycle of flea,what have comes life cycles the sally,0.4,"The obfuscated text still contains some similar words and structure to the original text, but with significant changes, indicating moderate information leakage.",llama-3.3-70b-versatile
264014,how long is life cycle of flea,how long now life cycles the pi95,0.4,"The obfuscated text still contains the word 'life' and 'cycles' which are present in the original text, indicating some information leakage. However, the context and other words have been changed, reducing the leakage. The score is 0.4 because 'life' and 'cycles' are key words in the original text and are still present in the obfuscated text, but other words have been changed or removed, reducing the overall information leakage.",llama-3.3-70b-versatile
264014,how long is life cycle of flea,"what short is , cycles the tick",0.4,"The obfuscated text still contains some words related to the original text, such as 'life' and 'cycles', but the meaning is distorted and some words are replaced or removed, indicating a moderate level of information leakage.",llama-3.3-70b-versatile
264014,how long is life cycle of flea,why longer now life cycles the flea,0.8,"The obfuscated text still contains the word 'flea' and 'life cycles', which are key components of the original text, indicating a high level of information leakage.",llama-3.3-70b-versatile
359349,how to find the midsegment of a trapezoid,how make find _____________________________________________ kaithal of another geraniol,0.2,"The obfuscated text has some similar words to the original text, such as 'find' and 'how', but the meaning is completely changed and most of the original words are replaced with unrelated words, indicating a low information leakage score of 0.2",llama-3.3-70b-versatile
359349,how to find the midsegment of a trapezoid,but would find the all than another trapezoid,0.4,"The obfuscated text still contains the key words 'find' and 'trapezoid', which are present in the original text, indicating some information leakage.",llama-3.3-70b-versatile
359349,how to find the midsegment of a trapezoid,sometimes take it latter bessone indeed called sencion,0.1,"The obfuscated text does not contain any relevant information from the original text, indicating minimal information leakage.",llama-3.3-70b-versatile
359349,how to find the midsegment of a trapezoid,what provide finding which sisk of another trapezoid,0.4,"The obfuscated text still contains the word 'trapezoid' which is a key part of the original text, indicating some information leakage, but the context and other words are changed, so it's not complete leakage",llama-3.3-70b-versatile
359349,how to find the midsegment of a trapezoid,what . locate entire divert of another smorgasbord,0.4,"The obfuscated text still contains some relevant keywords like 'trapezoid' but the context and meaning are altered, indicating partial information leakage.",llama-3.3-70b-versatile
359349,how to find the midsegment of a trapezoid,how tried hoping outset feelings besides another trapezoid,0.4,"The obfuscated text still contains the word 'trapezoid' which is a key part of the original text, indicating some information leakage.",llama-3.3-70b-versatile
359349,how to find the midsegment of a trapezoid,what may find opens alongside of another ubx,0.4,"The obfuscated text still contains the word 'trapezoid' and some similar sentence structure, indicating some information leakage.",llama-3.3-70b-versatile
359349,how to find the midsegment of a trapezoid,precisely to find this 1967-68 part truly trapezoid,0.6,"The obfuscated text still contains the word 'trapezoid' which is a key part of the original text, indicating some information leakage.",llama-3.3-70b-versatile
359349,how to find the midsegment of a trapezoid,what time sure stand appendices of a kaadu,0.4,"The obfuscated text still contains the word 'trapezoid' which is a key part of the original text, but other important words are missing or replaced, so the information leakage score is 0.4",llama-3.3-70b-versatile
359349,how to find the midsegment of a trapezoid,how provide find did represents the a rhombohedral,0.4,"The obfuscated text still contains some relevant keywords like 'find' and 'trapezoid', but the context and meaning are altered, indicating partial information leakage.",llama-3.3-70b-versatile
1129237,hydrogen is a liquid below what temperature,peroxide is approach mixtures above know temperatures,0.2,"The obfuscated text does not reveal the original information about hydrogen being a liquid below a certain temperature. However, it mentions a related concept of temperatures, which might indicate some minor information leakage. The score is set to 0.2 to reflect this minor leakage.",llama-3.3-70b-versatile
1129237,hydrogen is a liquid below what temperature,helium comes another crystals above why humidity,0.0,"The obfuscated text does not reveal any information about the original text, as it discusses a different substance (helium) and concept (crystals and humidity) than the original text (hydrogen and temperature).",llama-3.3-70b-versatile
1129237,hydrogen is a liquid below what temperature,peroxide furthermore it liquid above what temperatures,0.7,"The obfuscated text still contains the key words 'liquid' and 'above what temperatures', which are similar to the original text, indicating a significant information leakage.",llama-3.3-70b-versatile
1129237,hydrogen is a liquid below what temperature,peroxide this a using above what temperatures,0.7,"The obfuscated text still contains the key phrase 'above what temperatures', which is similar to the original text 'below what temperature'. This suggests a significant information leakage, but not complete, as the word 'below' is replaced with 'above' and 'hydrogen' is replaced with 'peroxide'.",llama-3.3-70b-versatile
1129237,hydrogen is a liquid below what temperature,peroxide this a crystal above everyone temperatures,0.4,"The obfuscated text still contains the word 'peroxide' and 'above what temperatures', which is similar to the original text 'hydrogen is a liquid below what temperature', indicating some information leakage. However, the context and meaning have been altered, so it's not a direct leak. The score is 0.4 because the obfuscated text maintains some similarity in wording and structure, but the overall meaning is different.",llama-3.3-70b-versatile
1129237,hydrogen is a liquid below what temperature,helium part first solid below just temperature,0.4,"The obfuscated text still conveys the idea of a substance changing state at a certain temperature, but with a different substance and state, so the information leakage is moderate",llama-3.3-70b-versatile
1129237,hydrogen is a liquid below what temperature,helium known a mixture above thought temperature,0.4,"The obfuscated text still conveys the idea of a substance and its state in relation to temperature, but with significant changes in wording and substance, indicating moderate information leakage.",llama-3.3-70b-versatile
1129237,hydrogen is a liquid below what temperature,hydrogen is a liquids above what temperatures,0.8,"The obfuscated text still contains the word 'hydrogen' and the phrase 'what temperatures', which are present in the original text, indicating a significant information leakage.",llama-3.3-70b-versatile
1129237,hydrogen is a liquid below what temperature,peroxide considered another liquid above reason temperatures,0.4,"The obfuscated text still contains the word 'liquid' and 'above' and 'temperatures', which are similar to the original text, but the main subject 'hydrogen' is replaced with 'peroxide' and the condition 'below' is replaced with 'above', indicating some information leakage, but not complete.",llama-3.3-70b-versatile
1129237,hydrogen is a liquid below what temperature,hydrogen it another liquid below actually temperature,0.8,"The obfuscated text still contains the word 'hydrogen' and 'liquid' and 'below' and 'temperature', which are key elements of the original text, indicating significant information leakage.",llama-3.3-70b-versatile
405717,is cdg airport in main paris,now psis airport the while prohertrib,0.6,"The obfuscated text still contains recognizable words and phrases, such as 'airport' and 'paris' is not present but 'psis' could be a replacement for 'paris', indicating some information leakage. However, the text is significantly altered, suggesting a moderate level of obfuscation.",llama-3.3-70b-versatile
405717,is cdg airport in main paris,example -8.00 airport handing main prohertrib,0.4,"The obfuscated text still contains the word 'airport' and 'main' which are present in the original text, indicating some information leakage. However, the context and other words have been changed, reducing the leakage. The score is 0.4, indicating moderate information leakage.",llama-3.3-70b-versatile
405717,is cdg airport in main paris,is cdg arriving the major prohertrib,0.8,"The obfuscated text still contains the original airport code 'cdg' and the word 'is', which indicates a high level of information leakage. However, the word 'arriving' has been added and 'main' has been replaced with 'major', which slightly reduces the information leakage.",llama-3.3-70b-versatile
405717,is cdg airport in main paris,this dyuh logan since main gaulle,0.8,"The obfuscated text still contains the name of the airport (CDG) and its location (main), indicating significant information leakage.",llama-3.3-70b-versatile
405717,is cdg airport in main paris,it femtocell airports in is paris,0.7,"The obfuscated text still contains the word 'paris' and 'airports', which is similar to the original text 'is cdg airport in main paris', indicating a significant information leakage.",llama-3.3-70b-versatile
405717,is cdg airport in main paris,is embodying airline 1999 thoroughfares prohertrib,0.2,"The obfuscated text still contains some words related to the original text, such as 'is' and 'prohertrib' which seems to be a replacement for 'paris', but the meaning is completely changed and the key information 'cdg airport' and 'main paris' are not present, thus the score is 0.2",llama-3.3-70b-versatile
405717,is cdg airport in main paris,now ayts airports places thoroughfare prohertrib,0.4,"The obfuscated text still contains the word 'airports' and 'prohertrib' which is similar to the original text 'paris', indicating some information leakage. However, the context and meaning are altered, so it's not complete leakage.",llama-3.3-70b-versatile
405717,is cdg airport in main paris,comes lovebugs airport in main paris,0.8,"The obfuscated text still contains the key words 'airport', 'in', 'main', and 'paris', which are also present in the original text, indicating a significant amount of information leakage.",llama-3.3-70b-versatile
405717,is cdg airport in main paris,is charyn airport out main paris,0.4,"The obfuscated text 'now overpainting airport the the prohertrib' still contains the word 'airport' and 'prohertrib' which is similar to 'paris', but the original meaning is distorted, so the score is 0.4",llama-3.3-70b-versatile
443396,lps laws definition,lps law definition,0.9,"The obfuscated text 'lps law definition' is very similar to the original text 'lps laws definition', with only a minor change from 'laws' to 'law', indicating a high level of information leakage.",llama-3.3-70b-versatile
443396,lps laws definition,lps law definition,0.9,"The obfuscated text 'lps law definition' is very similar to the original text 'lps laws definition', with only a minor change from 'laws' to 'law', indicating a high level of information leakage.",llama-3.3-70b-versatile
443396,lps laws definition,lps regulations definition,0.7,"The obfuscated text 'lps regulations definition' is similar to the original text 'lps laws definition', but replaces 'laws' with 'regulations', which is a related concept. This suggests some information leakage, but not complete, as the meaning is still somewhat preserved. The score is 0.7.",llama-3.3-70b-versatile
443396,lps laws definition,lps laws definition,0.9,"The obfuscated text 'lps laws definition' is very similar to the original text 'lps laws definition', with only minor changes, indicating a high level of information leakage.",llama-3.3-70b-versatile
443396,lps laws definition,lipopolysaccharides regulations defined,0.2,"The obfuscated text 'lipopolysaccharides regulations defined' has a significant difference in meaning compared to the original text 'lps laws definition', indicating a low information leakage score of 0.2 due to the change from 'lps' to 'lipopolysaccharides' and 'laws' to 'regulations'.",llama-3.3-70b-versatile
443396,lps laws definition,lps regulations definition,0.8,"The obfuscated text 'lps regulations definition' is similar to the original text 'lps laws definition', with only a slight change in wording from 'laws' to 'regulations', which still conveys similar information. Therefore, the score is 0.8.",llama-3.3-70b-versatile
443396,lps laws definition,lps law defined,0.9,"The obfuscated text 'lps law defined' is very similar to the original text 'lps laws definition', with only a slight change in wording, indicating a high level of information leakage.",llama-3.3-70b-versatile
443396,lps laws definition,lps regulations context,0.6,"The obfuscated text 'lps regulations context' still contains the core information of the original text 'lps laws definition', but with a change in wording from 'laws' to 'regulations' and 'definition' to 'context', indicating a moderate level of information leakage.",llama-3.3-70b-versatile
443396,lps laws definition,lps laws construct,0.8,"The obfuscated text 'lps laws construct' is similar to the original text 'lps laws definition', with only the last word changed from 'definition' to 'construct', indicating a moderate level of information leakage.",llama-3.3-70b-versatile
443396,lps laws definition,lps laws simply,0.7,"The obfuscated text 'lps laws simply' is very similar to the original text 'lps laws definition', with the main difference being the replacement of 'definition' with 'simply'. This suggests a moderate level of information leakage, as the core concept of 'lps laws' is still present, but the specific context of 'definition' is lost. Therefore, the score is 0.7.",llama-3.3-70b-versatile
451602,medicare's definition of mechanical ventilation,darryll definitions bringing mechanical vents,0.4,"The obfuscated text still contains the key phrase 'mechanical vents' which is similar to 'mechanical ventilation' in the original text, indicating some information leakage. However, the context and other details are changed or removed, reducing the leakage. Therefore, a moderate score of 0.4 is assigned.",llama-3.3-70b-versatile
451602,medicare's definition of mechanical ventilation,restoring definition same robot ventilating,0.6,"The obfuscated text 'restoring definition same robot ventilating' still conveys the core concept of mechanical ventilation, but with some changes in wording and added unrelated terms, thus the score is 0.6",llama-3.3-70b-versatile
451602,medicare's definition of mechanical ventilation,117.53 definition some mechanical humidity,0.2,"The obfuscated text '117.53 definition some mechanical humidity' does not convey the same meaning as the original text 'medicare's definition of mechanical ventilation'. However, it does contain the word 'mechanical' and 'definition' which are present in the original text, but the context and other words are completely different. Therefore, the score is 0.2.",llama-3.3-70b-versatile
451602,medicare's definition of mechanical ventilation,fortnight simple the structural ventilation,0.2,"The obfuscated text 'fortnight simple the structural ventilation' does not closely resemble the original text 'medicare's definition of mechanical ventilation'. However, it does contain the word 'ventilation', which is a key term in the original text. The score is 0.2 because the obfuscated text does contain some relevant information, but it is not very similar to the original text.",llama-3.3-70b-versatile
451602,medicare's definition of mechanical ventilation,johmkt defined of mechanic ventilation,0.8,"The obfuscated text 'johmkt defined of mechanic ventilation' still contains the key words 'mechanic ventilation' which is similar to 'mechanical ventilation' in the original text, indicating a high level of information leakage.",llama-3.3-70b-versatile
451602,medicare's definition of mechanical ventilation,appetising defined addition mechanical kitchens,0.6,"The obfuscated text 'johmkt defined of mechanic ventilation' has some similarity to the original text 'medicare's definition of mechanical ventilation' with 'defined', 'mechanic', and 'ventilation' being similar, but 'johmkt' and 'medicare's' are different, and 'of' is present in both. The score is 0.6 because it partially preserves the original meaning.",llama-3.3-70b-versatile
451602,medicare's definition of mechanical ventilation,94 definitions bringing engineer pipes,0.2,"The obfuscated text '94 definitions bringing engineer pipes' does not closely match the original text 'medicare's definition of mechanical ventilation'. However, it does contain the word 'definitions' and 'bringing' which could be related to the original text, but the context and meaning are completely different. The score is 0.2 because it has some vague relation to the original text but does not reveal any significant information.",llama-3.3-70b-versatile
451602,medicare's definition of mechanical ventilation,377 concept of electrical ____________________________________________,0.0,The obfuscated text does not contain any information related to the original text 'medicare's definition of mechanical ventilation'. The score is 0 because there is no information leakage.,llama-3.3-70b-versatile
451602,medicare's definition of mechanical ventilation,haldun defines kind technique hvac,0.6,"The obfuscated text 'haldun defines kind technique hvac' still contains the core concept of the original text 'medicare's definition of mechanical ventilation' as it mentions 'defines' and 'hvac' which is related to ventilation, thus the score is 0.6",llama-3.3-70b-versatile
451602,medicare's definition of mechanical ventilation,bearkats definition of although ducts,0.4,"The obfuscated text 'bearkats definition of although ducts' still contains the word 'definition' and 'ducts' which is related to the original text 'medicare's definition of mechanical ventilation', indicating some information leakage.",llama-3.3-70b-versatile
489204,right pelvic pain causes,want musculature pain cause,0.6,"The obfuscated text 'want musculature pain cause' still conveys the idea of pain and its cause, but the location 'right pelvic' is lost, thus the score is 0.6",llama-3.3-70b-versatile
489204,right pelvic pain causes,hand pectoral discomfort causes,0.4,"The obfuscated text 'hand pectoral discomfort causes' does not closely match the original text 'right pelvic pain causes', but it still conveys some information about the topic of pain and its causes, thus a moderate score of 0.4 is given.",llama-3.3-70b-versatile
489204,right pelvic pain causes,if abdominal pain cause,0.4,"The obfuscated text 'if abdominal pain cause' does not closely match the original text 'right pelvic pain causes', but it still conveys some information about pain causes, thus a moderate score of 0.4 is given.",llama-3.3-70b-versatile
489204,right pelvic pain causes,but neonate pain causes,0.4,"The obfuscated text 'but neonate pain causes' still conveys the idea of pain causes, which is present in the original text 'right pelvic pain causes'. However, the location and context have been altered, reducing the information leakage. The word 'neonate' introduces a new concept not present in the original text, further reducing the leakage. The score is 0.4, indicating moderate information leakage.",llama-3.3-70b-versatile
489204,right pelvic pain causes,right pelvic discomfort whereas,0.8,"The obfuscated text 'right pelvic discomfort whereas' still contains the key words 'right pelvic' which are present in the original text 'right pelvic pain causes', indicating a significant information leakage. However, the word 'discomfort' replaces 'pain' and 'whereas' is added, which slightly reduces the information leakage. Therefore, the score is 0.8.",llama-3.3-70b-versatile
489204,right pelvic pain causes,know pelvis pain causes,0.7,"The obfuscated text 'know pelvis pain causes' still conveys the idea of pelvic pain, but with some changes in wording, so the information leakage score is 0.7",llama-3.3-70b-versatile
489204,right pelvic pain causes,right sturdiness agony cause,0.6,"The obfuscated text 'right sturdiness agony cause' still conveys the idea of pain in the pelvic area, but with some changes in wording, such as 'sturdiness' instead of 'pelvic' and 'agony' instead of 'pain'. However, the word 'right' and the concept of pain cause remain, indicating some information leakage. The score is 0.6 because the obfuscated text still retains some of the original meaning, but with significant changes.",llama-3.3-70b-versatile
489204,right pelvic pain causes,up pelvis feels cause,0.6,"The obfuscated text 'up pelvis feels cause' still conveys the general idea of the original text 'right pelvic pain causes' but with some changes in wording, the score is 0.6 because it maintains the core concept of 'pelvis' and 'cause' but alters 'right' to no direction, 'pain' to 'feels', and adds 'up' which slightly changes the meaning.",llama-3.3-70b-versatile
489204,right pelvic pain causes,somehow pelvis discomfort cause,0.7,"The obfuscated text still contains the word 'pelvis' and 'discomfort' which are similar to the original text 'right pelvic pain causes', indicating some information leakage.",llama-3.3-70b-versatile
489204,right pelvic pain causes,left rectal pain cause,0.4,"The obfuscated text 'left rectal pain cause' still conveys the idea of pain in a specific area of the body, but it changes the location from 'right pelvic' to 'left rectal', which reduces the information leakage. However, it still discusses a cause of pain, which is similar to the original text.",llama-3.3-70b-versatile
490595,rsa definition key,aes256-sha defined one,0.5,"The obfuscated text 'aes256-sha defined one' does not reveal the original text 'rsa definition key' but still conveys a similar concept of cryptography, hence a moderate score of 0.5",llama-3.3-70b-versatile
490595,rsa definition key,aes256-sha defines key,0.7,"The obfuscated text still contains the word 'key' and 'defines' which is similar to the word 'definition' in the original text, indicating some information leakage.",llama-3.3-70b-versatile
490595,rsa definition key,eng defined altgr,0.0,The obfuscated text does not contain any information from the original text 'rsa definition key'.,llama-3.3-70b-versatile
490595,rsa definition key,256/256 defined key,0.4,"The obfuscated text '256/256 defined key' still contains the word 'defined' and 'key', which are present in the original text 'rsa definition key'. However, the numbers and the word order have been altered, reducing the information leakage. The score is 0.4 because some information is still present, but it's not a direct copy.",llama-3.3-70b-versatile
490595,rsa definition key,rsa although crucial,0.8,"The obfuscated text still contains the term 'rsa' and 'crucial' which are related to the original text 'rsa definition key', indicating a significant information leakage.",llama-3.3-70b-versatile
490595,rsa definition key,rsa definition crucial,0.8,"The obfuscated text still contains the term 'rsa' and 'definition' and 'crucial' which are present in the original text, indicating significant information leakage",llama-3.3-70b-versatile
490595,rsa definition key,) definition crucial,0.8,"The obfuscated text still contains the word 'definition' and 'crucial' which are present in the original text 'rsa definition key', indicating significant information leakage.",llama-3.3-70b-versatile
490595,rsa definition key,) definitions crucial,0.4,"The obfuscated text ') definitions crucial' still contains the word 'definition' and 'crucial' which are related to the original text 'rsa definition key', indicating some information leakage. However, the removal of 'rsa' and 'key' reduces the leakage. Therefore, a score of 0.4 is assigned.",llama-3.3-70b-versatile
490595,rsa definition key,rsa terminology key,0.8,"The obfuscated text still contains the term 'rsa' and 'key' which are present in the original text, indicating significant information leakage.",llama-3.3-70b-versatile
490595,rsa definition key,aes256-sha defines insisted,0.4,"The obfuscated text still contains the word 'defines' which is similar to the original text 'definition', and 'insisted' is not related to the original text 'key', but 'aes256-sha' is not related to 'rsa' so the information leakage is partial",llama-3.3-70b-versatile
1124210,tracheids are part of _____.,bidets are coupled ago braying,0.0,"The obfuscated text does not contain any information related to the original text, indicating no information leakage.",llama-3.3-70b-versatile
1124210,tracheids are part of _____.,kleeblatt dealt this of koalas,0.0,"The obfuscated text 'kleeblatt dealt this of koalas' does not resemble the original text 'tracheids are part of _____' in any way, indicating a very low information leakage.",llama-3.3-70b-versatile
1124210,tracheids are part of _____.,pleasingly all intended the kick,0.1,"The obfuscated text does not resemble the original text in any way, indicating a high level of obfuscation.",llama-3.3-70b-versatile
1124210,tracheids are part of _____.,tracheids these part the renk,0.7,"The obfuscated text 'tracheids these part the renk' still contains the word 'tracheids' from the original text, indicating significant information leakage. However, the context and surrounding words have been altered, reducing the leakage to some extent.",llama-3.3-70b-versatile
1124210,tracheids are part of _____.,nagpra be beginning time participated,0.1,"The obfuscated text does not resemble the original text in any way, indicating a high level of obfuscation.",llama-3.3-70b-versatile
1124210,tracheids are part of _____.,tracheids both part of kirby,0.7,"The obfuscated text 'tracheids both part of kirby' still contains the word 'tracheids' from the original text, indicating significant information leakage. However, the context and completion of the sentence are altered, reducing the leakage slightly.",llama-3.3-70b-versatile
1124210,tracheids are part of _____.,tracheids these in the demetz,0.4,"The obfuscated text 'tracheids these in the demetz' still contains the word 'tracheids' which is present in the original text, indicating some information leakage. However, the context and surrounding words have been changed, reducing the information leakage. Therefore, a score of 0.4 is assigned.",llama-3.3-70b-versatile
1124210,tracheids are part of _____.,techne these arguably described rhubarb,0.2,"The obfuscated text 'techne these arguably described rhubarb' does not closely resemble the original text 'tracheids are part of ____'. However, 'tracheids' is somewhat similar to 'techne', but the rest of the sentence is quite different, indicating a low level of information leakage.",llama-3.3-70b-versatile
1124210,tracheids are part of _____.,tracheids these of the máscaras,0.4,"The obfuscated text 'tracheids these of the máscaras' still contains the word 'tracheids' from the original text, but the rest of the sentence is completely different, indicating some information leakage. However, the key term 'tracheids' is preserved, which is a significant part of the original text. The score should reflect that some information is still present, but the context is completely altered.",llama-3.3-70b-versatile
1124210,tracheids are part of _____.,lebrija be formerly besides courts,0.0,"The obfuscated text 'lebrija be formerly besides courts' does not contain any information related to the original text 'tracheids are part of _____.', so the score is 0",llama-3.3-70b-versatile
527433,types of dysarthria from cerebral palsy,kinds part dysarthria representing hemorrhage cerebral,0.7,"The obfuscated text still contains key words related to the original text, such as 'dysarthria' and 'cerebral', indicating a significant amount of information leakage. However, some details like 'types' and 'cerebral palsy' are not directly preserved, suggesting a partial loss of information.",llama-3.3-70b-versatile
527433,types of dysarthria from cerebral palsy,types ochakov dysarthria from hemorrhage cerebral,0.6,"The obfuscated text still contains the key words 'dysarthria' and 'cerebral', which are present in the original text. However, the word 'types' is preserved and 'ochakov' seems unrelated, 'from' is preserved and 'hemorrhage' is added, indicating some information leakage but not complete.",llama-3.3-70b-versatile
527433,types of dysarthria from cerebral palsy,variety of dysarthria leaving hemorrhage cerebral,0.6,"The obfuscated text still contains the key terms 'dysarthria' and 'cerebral', which are present in the original text, indicating some information leakage. However, the context and surrounding words have been altered, reducing the leakage. The score is 0.6, reflecting a moderate level of information leakage.",llama-3.3-70b-versatile
527433,types of dysarthria from cerebral palsy,"type , mleggett@statesman.com from palsy cerebral",0.4,"The obfuscated text still contains the word 'cerebral' which is present in the original text, and also contains the word 'dysarthria' or a related word, indicating some information leakage. However, other key words like 'types' and 'palsy' are either missing or replaced, reducing the information leakage. The score is 0.4 because about 40% of the original information is preserved.",llama-3.3-70b-versatile
527433,types of dysarthria from cerebral palsy,e.g. included dysarthria notably hemorrhage cerebral,0.4,"The obfuscated text still contains the key words 'dysarthria' and 'cerebral', which are present in the original text, indicating some information leakage. However, the context and other words have been changed, reducing the leakage. The score is 0.4, reflecting a moderate level of information leakage.",llama-3.3-70b-versatile
527433,types of dysarthria from cerebral palsy,these and dysarthria from cerebral cerebral,0.7,"The obfuscated text still contains the key words 'dysarthria' and 'cerebral', indicating a significant information leakage from the original text.",llama-3.3-70b-versatile
527433,types of dysarthria from cerebral palsy,types bringing edy back aneurysms cerebral,0.4,"The obfuscated text still contains the word 'cerebral' and 'dysarthria' or related words, indicating some information leakage, but the context and other words are changed, so it's not complete leakage",llama-3.3-70b-versatile
527433,types of dysarthria from cerebral palsy,variety the marcyniuk from brain disabilities,0.4,"The obfuscated text still contains some relevant keywords such as 'variety' and 'from', but the context and specific details have been altered, reducing information leakage. However, 'brain disabilities' is related to 'cerebral palsy', indicating some information is still present.",llama-3.3-70b-versatile
527433,types of dysarthria from cerebral palsy,kinds noting diaphoresis drew edema cerebral,0.4,"The obfuscated text still contains the word 'cerebral' which is present in the original text, and also contains the word 'dysarthria' or related words in some cases, but the context and other words are changed, indicating some information leakage.",llama-3.3-70b-versatile
527433,types of dysarthria from cerebral palsy,kinds of dysarthria from brain afterbirth,0.6,"The obfuscated text still contains the word 'dysarthria' and 'from', which are present in the original text, but 'cerebral palsy' has been replaced with 'brain afterbirth', indicating some information leakage. However, the key terms 'dysarthria' and 'cerebral' are still present, suggesting a moderate level of information leakage.",llama-3.3-70b-versatile
573724,what are the social determinants of health,why both way society effecting of care,0.6,"The obfuscated text still conveys the general idea of the original text, which is about the impact of societal factors on health, but with significant changes in wording and grammar, indicating a moderate level of information leakage.",llama-3.3-70b-versatile
573724,what are the social determinants of health,come 're snæfellsnes social underlies sfakia care,0.2,"The obfuscated text 'come 're snæfellsnes social underlies sfakia care' still contains the word 'social' which is a key term in the original text 'what are the social determinants of health'. This suggests that some information about the topic is still present in the obfuscated text, but the meaning is largely obscured. Therefore, the score is 0.2.",llama-3.3-70b-versatile
573724,what are the social determinants of health,why these the social changdu part health,0.7,"The obfuscated text still contains the key phrase 'social' which is present in the original text, and also contains the word 'health' which is also present in the original text. This indicates a significant amount of information leakage.",llama-3.3-70b-versatile
573724,what are the social determinants of health,why both the sorts determinant what health,0.6,"The obfuscated text 'why both the sorts determinant what health' still conveys the general idea of the original text 'what are the social determinants of health' with some key words like 'determinant' and 'health' being preserved, but the meaning is somewhat altered and less specific.",llama-3.3-70b-versatile
573724,what are the social determinants of health,how usually the social determinants the health,0.8,"The obfuscated text 'how usually the social determinants the health' closely resembles the original text 'what are the social determinants of health', with similar wording and structure, indicating a high level of information leakage.",llama-3.3-70b-versatile
573724,what are the social determinants of health,know consist was significant predominate of care,0.7,"The obfuscated text still conveys the general idea of the original text, which is about the social determinants of health, but with some changes in wording and structure, so the score is 0.7",llama-3.3-70b-versatile
573724,what are the social determinants of health,know are their furthermore determinants present care,0.6,"The obfuscated text still conveys the idea of social determinants and their relation to health or care, but with significant changes in wording and structure, indicating moderate information leakage.",llama-3.3-70b-versatile
573724,what are the social determinants of health,nevertheless those up context determinants of care,0.6,"The obfuscated text still conveys the idea of social determinants affecting care, but with significant changes in wording and structure, indicating moderate information leakage.",llama-3.3-70b-versatile
573724,what are the social determinants of health,what those of social determinants the care,0.8,"The obfuscated text still contains the key phrase 'social determinants', which is a crucial part of the original text, indicating a significant information leakage.",llama-3.3-70b-versatile
573724,what are the social determinants of health,what these resulted development marginality the care,0.7,"The obfuscated text still conveys the general idea of the original text, which is about the social determinants of health, but with some changes in wording and structure. The score is 0.7 because the obfuscated text retains some key phrases like 'social determinants' and 'care', but the meaning is not entirely preserved due to changes in sentence structure and word choice.",llama-3.3-70b-versatile
1121709,what are the three percenters?,what many of three octopamine,0.4,"The obfuscated text 'what many of three octopamine' still contains some similar words and structure to the original text 'what are the three percenters?', such as 'what' and 'three', indicating some information leakage. However, the meaning and context have been altered, reducing the leakage. Therefore, a score of 0.4 is assigned, indicating moderate information leakage.",llama-3.3-70b-versatile
1121709,what are the three percenters?,it these part three titrated,0.4,"The obfuscated text 'it these part three titrated' still contains the word 'three' which is present in the original text 'what are the three percenters?', indicating some information leakage. However, the context and meaning of the original text are not preserved in the obfuscated text, suggesting partial information leakage.",llama-3.3-70b-versatile
1121709,what are the three percenters?,what are instance three foxall,0.4,"The obfuscated text still contains the phrase 'what are' and 'three', which are present in the original text, indicating some information leakage. However, the rest of the text has been modified, reducing the overall information leakage.",llama-3.3-70b-versatile
1121709,what are the three percenters?,say are of three 449,0.4,"The obfuscated text still contains the phrase 'three' and a similar sentence structure, but the surrounding words have been changed, indicating some information leakage.",llama-3.3-70b-versatile
1121709,what are the three percenters?,think are added two irem,0.4,"The obfuscated text still contains some similar words and structure to the original text, but with significant changes, indicating partial information leakage.",llama-3.3-70b-versatile
1121709,what are the three percenters?,even seem in two ensured,0.1,"The obfuscated text 'even seem in two ensured' has very little resemblance to the original text 'what are the three percenters?', with completely different words and structure, indicating minimal information leakage.",llama-3.3-70b-versatile
1121709,what are the three percenters?,what they came six possibility,0.1,"The obfuscated text 'what they came six possibility' has very little resemblance to the original text 'what are the three percenters?', with completely different words and meaning, indicating very low information leakage.",llama-3.3-70b-versatile
1121709,what are the three percenters?,know being time three m198,0.4,"The obfuscated text 'know being time three m198' still contains the word 'three' which is present in the original text 'what are the three percenters?', indicating some information leakage. However, the context and other words have been changed, reducing the leakage. Therefore, a score of 0.4 is assigned.",llama-3.3-70b-versatile
1121709,what are the three percenters?,always these the four yumilka,0.1,"The obfuscated text 'always these the four yumilka' has very little resemblance to the original text 'what are the three percenters?', with completely different words and structure, indicating very low information leakage.",llama-3.3-70b-versatile
1121709,what are the three percenters?,why both comes three agrigentum,0.4,"The obfuscated text 'why both comes three agrigentum' still contains the word 'three' which is present in the original text 'what are the three percenters?', indicating some information leakage. However, the context and other words have been changed, reducing the leakage. Therefore, a score of 0.4 is assigned.",llama-3.3-70b-versatile
1121402,what can contour plowing reduce,say can contour plowed increase,0.5,"The obfuscated text has changed the word 'what' to 'say', 'plowing' to 'plowed', and 'reduce' to 'increase', which significantly alters the meaning of the original text, but some key words remain the same, thus the score is 0.5",llama-3.3-70b-versatile
1121402,what can contour plowing reduce,way should aes256-sha ploughing reduce,0.4,"The obfuscated text has changed the word 'what' to 'way', 'contour plowing' to 'aes256-sha ploughing', and 'reduce' remains the same but the word 'can' is changed to 'should', indicating a moderate level of information leakage",llama-3.3-70b-versatile
1121402,what can contour plowing reduce,you cannot contour papantla reducing,0.4,"The obfuscated text 'you cannot contour papantla reducing' has some similarities with the original text 'what can contour plowing reduce', but the meaning is altered and some words are changed or added, indicating a moderate level of information leakage.",llama-3.3-70b-versatile
1121402,what can contour plowing reduce,realize can contour ploughing reducing,0.7,"The obfuscated text still contains the key words 'contour' and 'ploughing/reducing', which are present in the original text, indicating a significant information leakage. However, the addition of 'realize' and the change in verb tense from 'can' to 'reducing' slightly reduces the leakage.",llama-3.3-70b-versatile
1121402,what can contour plowing reduce,what can contours plow reduced,0.7,"The obfuscated text 'what can contours plow reduced' still contains the key words 'contour' and 'plow', which are present in the original text 'what can contour plowing reduce'. However, the word 'plowing' has been changed to 'plow' and 'reduce' has been changed to 'reduced', indicating some level of information leakage. The score is 0.7 because the obfuscated text still conveys the main idea of the original text, but with some modifications.",llama-3.3-70b-versatile
1121402,what can contour plowing reduce,why can 40.60 plowed reducing,0.6,"The obfuscated text still contains the word 'plowed' and 'reducing' which are similar to the original text, but the context and some words are changed, indicating some information leakage.",llama-3.3-70b-versatile
1121402,what can contour plowing reduce,what will contours plow reducing,0.6,"The obfuscated text 'what will contours plow reducing' still contains the core concept of the original text 'what can contour plowing reduce', with 'contour' and 'plow' being key words. However, the verb and some details have been altered, indicating some information leakage but not complete. The score is 0.6 because the main idea is preserved but with modifications.",llama-3.3-70b-versatile
1121402,what can contour plowing reduce,what able aes256-sha ploughing reduce,0.6,"The obfuscated text still contains the core concept of the original text, which is 'contour plowing' and 'reduce', but with some changes in wording and added irrelevant information, so the score is 0.6",llama-3.3-70b-versatile
1121402,what can contour plowing reduce,how can contour plowing reduce,0.9,"The obfuscated text 'how can contour plowing reduce' is very similar to the original text 'what can contour plowing reduce', with only the first word changed from 'what' to 'how', which is a minor modification. This suggests a high level of information leakage from the original text to the obfuscated text.",llama-3.3-70b-versatile
1121402,what can contour plowing reduce,now must thunderbird plowed reducing,0.4,"The obfuscated text 'now must thunderbird plowed reducing' has some similarity to the original text 'what can contour plowing reduce' but with significant changes, including different words and word order, indicating moderate information leakage.",llama-3.3-70b-versatile
1117099,what is a active margin,understand are another active margin,0.7,"The obfuscated text still contains the key phrase 'active margin', which is present in the original text, indicating a significant amount of information leakage. However, some words have been changed or removed, reducing the leakage to some extent.",llama-3.3-70b-versatile
1117099,what is a active margin,that this how participating margin,0.4,"The obfuscated text 'that this how participating margin' has some similarity with the original text 'what is a active margin', but the meaning is not entirely preserved. The word 'active' is present in both texts, but the context and other words are different. Therefore, the score is 0.4",llama-3.3-70b-versatile
1117099,what is a active margin,else it a inactive margins,0.4,"The obfuscated text 'else it a inactive margins' has some similarity with the original text 'what is a active margin', but the meaning is altered and some words are changed or missing, indicating partial information leakage.",llama-3.3-70b-versatile
1117099,what is a active margin,n't is a became percentage,0.4,"The obfuscated text 'n't is a became percentage' has some similarity with the original text 'what is a active margin' but with significant changes, indicating moderate information leakage",llama-3.3-70b-versatile
1117099,what is a active margin,what believes a most margin,0.7,"The obfuscated text 'what believes a most margin' still contains the key word 'margin' and the question word 'what', which are present in the original text 'what is a active margin'. This suggests a significant amount of information leakage, but not complete as the meaning is somewhat altered. Therefore, the score is 0.7.",llama-3.3-70b-versatile
1117099,what is a active margin,else is another actively margins,0.4,"The obfuscated text still contains the word 'margin' and some similar sentence structure, but with significant changes in wording and meaning, indicating moderate information leakage.",llama-3.3-70b-versatile
1117099,what is a active margin,how is another actively margin,0.7,"The obfuscated text 'how is another actively margin' still conveys the idea of an 'active margin' from the original text 'what is a active margin', but with some changes in wording, so the score is 0.7",llama-3.3-70b-versatile
1117099,what is a active margin,that this another presence margins,0.4,"The obfuscated text 'that this another presence margins' still contains the word 'margins' which is similar to the original text 'what is a active margin', indicating some information leakage. However, the context and meaning have been altered, reducing the leakage. Therefore, a score of 0.4 is assigned.",llama-3.3-70b-versatile
1117099,what is a active margin,what makes another active margins,0.8,"The obfuscated text 'what makes another active margins' still contains the key phrase 'active margins' which is present in the original text 'what is a active margin', indicating a significant information leakage.",llama-3.3-70b-versatile
1117099,what is a active margin,that depends another professional advantage,0.4,"The obfuscated text still contains the word 'another' and 'active' which are present in the original text, indicating some information leakage",llama-3.3-70b-versatile
1115776,what is an aml surveillance analyst,what is seen 55.02 eavesdropping analyst,0.6,"The obfuscated text still contains the core question of the original text, which is 'what is', and also mentions 'analyst', which is a key part of the original text. However, it replaces 'aml surveillance' with 'seen 55.02 eavesdropping', which partially obscures the original meaning. Given this, the score should reflect a moderate level of information leakage.",llama-3.3-70b-versatile
1115776,what is an aml surveillance analyst,so . that ic surveillance stephens,0.4,"The obfuscated text 'so . that ic surveillance stephens' does not closely resemble the original text 'what is an aml surveillance analyst'. However, it still contains the word 'surveillance', which is a key term in the original text. This suggests some information leakage, but not complete. The score is 0.4 because the obfuscated text retains a crucial keyword but alters the context and other keywords significantly.",llama-3.3-70b-versatile
1115776,what is an aml surveillance analyst,what this an fahnt surveillance said,0.7,"The obfuscated text still contains the core words 'what', 'surveillance', and 'analyst' or similar words, indicating a significant information leakage from the original text.",llama-3.3-70b-versatile
1115776,what is an aml surveillance analyst,know this which ayts surveillance smith,0.4,"The obfuscated text still contains the word 'surveillance' which is a key term from the original text, but other terms are completely changed or removed, indicating moderate information leakage.",llama-3.3-70b-versatile
1115776,what is an aml surveillance analyst,n't is gave grahts monitoring analyst,0.4,"The obfuscated text 'n't is gave grahts monitoring analyst' still contains some similar words and structure to the original text 'what is an aml surveillance analyst', but with significant changes, indicating moderate information leakage.",llama-3.3-70b-versatile
1115776,what is an aml surveillance analyst,that that final chotanagpur monitoring said,0.4,"The obfuscated text has some similarities with the original text, but many words are replaced or modified, indicating a moderate level of information leakage.",llama-3.3-70b-versatile
1115776,what is an aml surveillance analyst,way this the adjoin patrols lynch,0.4,"The obfuscated text still contains some similar words and structure to the original text, but with significant changes, indicating moderate information leakage.",llama-3.3-70b-versatile
1115776,what is an aml surveillance analyst,just considered an hdn patrols predicted,0.4,"The obfuscated text still contains some keywords related to the original text, such as 'an' and 'patrols', but the meaning is somewhat preserved, indicating a moderate level of information leakage.",llama-3.3-70b-versatile
1115776,what is an aml surveillance analyst,resent does adding three-i extensive analysts,0.4,"The obfuscated text still contains some keywords related to the original text, such as 'analyst', but the meaning and context are significantly altered, indicating moderate information leakage.",llama-3.3-70b-versatile
1115776,what is an aml surveillance analyst,this while an aml eavesdropping lynch,0.4,"The obfuscated text still contains the term 'aml' which is present in the original text, indicating some information leakage. However, other key terms like 'surveillance' and 'analyst' have been replaced or modified, reducing the overall information leakage.",llama-3.3-70b-versatile
1114819,what is durable medical equipment consist of,how transformation durable doctors equipments consist represents,0.6,"The obfuscated text still contains key words such as 'durable' and 'equipment', which are present in the original text, indicating some information leakage. However, the context and meaning have been altered, reducing the leakage.",llama-3.3-70b-versatile
1114819,what is durable medical equipment consist of,did now durable medical technicians consist much,0.8,"The obfuscated text still contains the key phrase 'durable medical', which is a significant part of the original text, indicating a high level of information leakage.",llama-3.3-70b-versatile
1114819,what is durable medical equipment consist of,how means unexpectedly medicine equipment consist the,0.4,"The obfuscated text still contains key words like 'durable' and 'equipment' which are present in the original text, but the context and meaning have been altered, indicating some information leakage. However, the obfuscated text does not convey the same meaning as the original text, thus the score is not 1.",llama-3.3-70b-versatile
1114819,what is durable medical equipment consist of,happened now dependable doctors such consists time,0.4,"The obfuscated text still contains some key words from the original text, such as 'durable' and 'medical', but their context and meaning have been altered, indicating some information leakage. However, the overall meaning and specific details of the original text are not preserved, resulting in a moderate level of information leakage.",llama-3.3-70b-versatile
1114819,what is durable medical equipment consist of,surely now robust medical gear comprise while,0.6,"The obfuscated text still conveys the core idea of the original text, which is about durable medical equipment, but with some changes in wording and structure, so the score is 0.6",llama-3.3-70b-versatile
1114819,what is durable medical equipment consist of,know makes goods medical much addition retaining,0.6,"The obfuscated text still contains key words related to the original text, such as 'medical' and 'durable' or synonyms like 'robust', indicating some information leakage.",llama-3.3-70b-versatile
1114819,what is durable medical equipment consist of,why it manufactured doctors equipped consisting the,0.6,"The obfuscated text still contains key words related to the original text, such as 'medical' and 'equipment', but with some changes in wording and structure, indicating a moderate level of information leakage.",llama-3.3-70b-versatile
1114819,what is durable medical equipment consist of,so one appliances doctors equipment comprise direct,0.6,"The obfuscated text still contains key words related to the original text, such as 'durable', 'medical', and 'equipment', but with some changes in wording and structure, indicating a moderate level of information leakage.",llama-3.3-70b-versatile
1114819,what is durable medical equipment consist of,them it durable nursing equipment consists aforementioned,0.6,"The obfuscated text still contains key words related to the original text, such as 'durable' and 'equipment', indicating some information leakage.",llama-3.3-70b-versatile
1114819,what is durable medical equipment consist of,that this autos medical used consisting part,0.6,"The obfuscated text still contains key words related to the original text, such as 'durable', 'medical', and 'equipment', indicating some information leakage.",llama-3.3-70b-versatile
1114646,what is famvir prescribed for,nothing this famvir medications for,0.4,"The obfuscated text still contains the word 'famvir' which is present in the original text, indicating some information leakage. However, the context and other words have been changed or removed, reducing the overall information leakage.",llama-3.3-70b-versatile
1114646,what is famvir prescribed for,n't phillaur aiva prescribe while,0.2,"The obfuscated text does not contain any relevant information about the original text, which is about the prescription of Famvir. However, the word 'prescribe' is present in the obfuscated text, indicating some information leakage.",llama-3.3-70b-versatile
1114646,what is famvir prescribed for,thinks is myozyme prescribed also,0.4,"The obfuscated text still contains the word 'prescribed' and 'myozyme' which is similar to the original text 'what is famvir prescribed for', indicating some information leakage. However, the context and meaning are altered, reducing the leakage.",llama-3.3-70b-versatile
1114646,what is famvir prescribed for,what appears muromets medication for,0.6,"The obfuscated text still contains the key word 'medication' and a similar phrase structure, indicating some information leakage.",llama-3.3-70b-versatile
1114646,what is famvir prescribed for,what this famvir specified both,0.4,"The obfuscated text still contains the word 'famvir' which is present in the original text, indicating some information leakage. However, the context and surrounding words have been changed, reducing the leakage. The score is 0.4 because 'famvir' is still present, but the rest of the text has been modified.",llama-3.3-70b-versatile
1114646,what is famvir prescribed for,what is sinchon prescribed time,0.4,"The obfuscated text still contains the word 'famvir' and the phrase 'what is', which are present in the original text, indicating some information leakage. However, the context and meaning have been altered, reducing the leakage. The score is 0.4, reflecting a moderate level of information leakage.",llama-3.3-70b-versatile
1114646,what is famvir prescribed for,whether approach banglalink prescribing for,0.8,"The obfuscated text still contains the word 'famvir' and the phrase 'prescribed for', which indicates a significant amount of information leakage from the original text.",llama-3.3-70b-versatile
1114646,what is famvir prescribed for,but is campath prescribes for,0.4,"The obfuscated text still contains the word 'famvir' and 'prescribed' which are present in the original text, indicating some information leakage. However, the context and surrounding words have been changed, reducing the leakage. The score is 0.4 because the key words are still present but the sentence structure and meaning have been altered.",llama-3.3-70b-versatile
1114646,what is famvir prescribed for,why actually famvir prescribe for,0.4,"The obfuscated text still contains the word 'famvir' which is present in the original text, indicating some information leakage. However, the context and surrounding words have been changed, reducing the leakage. The score is 0.4 because 'famvir' is a key piece of information, but the rest of the text has been sufficiently altered.",llama-3.3-70b-versatile
1114646,what is famvir prescribed for,why it 264.4 prescribed in,0.7,"The obfuscated text still contains the word 'famvir' and 'prescribed' which are present in the original text, indicating some information leakage.",llama-3.3-70b-versatile
1113437,what is physical description of spruce,think is and/or descriptions all birch,0.2,"The obfuscated text does not contain any information about the physical description of spruce, and instead mentions birch, which is a different type of tree. This suggests a low level of information leakage.",llama-3.3-70b-versatile
1113437,what is physical description of spruce,"what is mental descriptions , spruce",0.4,"The obfuscated text still contains the word 'spruce' from the original text, but changes 'physical' to 'mental', indicating some information leakage. However, the change in adjective reduces the leakage, so the score is not 1. The score of 0.4 reflects this partial leakage.",llama-3.3-70b-versatile
1113437,what is physical description of spruce,what exists . descriptions the pine,0.6,"The obfuscated text still contains the original question 'what' and the word 'descriptions', but replaces 'physical' with 'mental' and 'spruce' remains, indicating partial information leakage.",llama-3.3-70b-versatile
1113437,what is physical description of spruce,how is physical descriptions of fir,0.6,"The obfuscated text still contains the word 'physical' and 'descriptions' which are present in the original text, but it has replaced 'what is' with 'how is' and 'spruce' with 'fir', indicating some information leakage. However, the core question about physical descriptions remains, hence a moderate score of 0.6 is given.",llama-3.3-70b-versatile
1113437,what is physical description of spruce,what this physical descriptions of spruce,0.8,"The obfuscated text still contains the key words 'physical descriptions' and 'spruce', which are present in the original text, indicating a high level of information leakage.",llama-3.3-70b-versatile
1113437,what is physical description of spruce,what comes physical description the pine,0.6,"The obfuscated text still contains the word 'physical' and 'description' which are present in the original text, but it has replaced 'is' with 'comes' and 'spruce' with 'pine', indicating some information leakage. However, the core question and some key words are still present, so the leakage is not complete.",llama-3.3-70b-versatile
1113437,what is physical description of spruce,how this attributes descriptions some lodgepole,0.4,"The obfuscated text still contains some of the original words, but with changes in the sentence structure and word replacement, indicating partial information leakage.",llama-3.3-70b-versatile
1113437,what is physical description of spruce,think therefore physical specifies the palaeopropithecus,0.4,"The obfuscated text still contains the word 'physical' and 'descriptions', but the subject has been changed to 'palaeopropithecus', which is not related to 'spruce'. However, the structure of the sentence is similar, and some key words are preserved, indicating some information leakage.",llama-3.3-70b-versatile
1113437,what is physical description of spruce,this it descriptions context studzienice balsam,0.4,"The obfuscated text still contains some relevant keywords like 'physical' and 'descriptions', but the context and specific details have been altered, indicating a moderate level of information leakage.",llama-3.3-70b-versatile
1113437,what is physical description of spruce,what this mental characterization the birches,0.4,"The obfuscated text still contains the word 'physical' and 'descriptions' which are present in the original text, but the subject has been changed to 'birches' instead of 'spruce', indicating some information leakage. However, the change in subject and the addition of 'mental' instead of 'physical' reduces the leakage.",llama-3.3-70b-versatile
1112341,what is the daily life of thai people,how this this newspaper . the thailand saying,0.4,"The obfuscated text still contains the word 'thailand' which is a significant keyword from the original text, indicating some information leakage. However, the overall meaning and context of the original text are not preserved, resulting in a moderate score.",llama-3.3-70b-versatile
1112341,what is the daily life of thai people,what is which newspaper life some thailand core,0.7,"The obfuscated text still contains some key words from the original text, such as 'what', 'life', and 'thailand', which indicates a significant amount of information leakage. However, the context and meaning of the original text are somewhat preserved, but not entirely. Therefore, the score is 0.7.",llama-3.3-70b-versatile
1112341,what is the daily life of thai people,? within possible newspaper lives least thailand already,0.2,"The obfuscated text still contains some keywords like 'newspaper', 'lives', and 'thailand' which are related to the original text, but the meaning is completely changed and the context is lost. The score is 0.2 because some information is still present but it's heavily distorted.",llama-3.3-70b-versatile
1112341,what is the daily life of thai people,what appears this newspaper it dshaughnessy thailand people,0.7,"The obfuscated text still contains the key words 'what', 'newspaper', 'thailand', and 'people', which are similar to the original text, indicating a significant amount of information leakage.",llama-3.3-70b-versatile
1112341,what is the daily life of thai people,yet this the newspaper life http://www.co.mo.md.us thailand there,0.4,"The obfuscated text still contains some keywords from the original text, such as 'newspaper', 'life', and 'thailand', but the context and meaning are altered, indicating some information leakage. However, the addition of unrelated words and phrases, such as 'http://www.co.mo.md.us', reduces the leakage. The score is 0.4, reflecting a moderate level of information leakage.",llama-3.3-70b-versatile
1112341,what is the daily life of thai people,what now end newspaper rather of cambodian others,0.4,"The obfuscated text still contains some keywords from the original text, such as 'what' and 'newspaper', but the meaning and context are significantly altered, indicating moderate information leakage.",llama-3.3-70b-versatile
1112341,what is the daily life of thai people,thing comes the newspaper lives the malaysian everyone,0.4,"The obfuscated text still contains some keywords related to the original text, such as 'newspaper' and 'thailand', but the meaning and context are significantly altered, indicating moderate information leakage.",llama-3.3-70b-versatile
1112341,what is the daily life of thai people,what is the weekly life oly-2004-box thai people,0.7,"The obfuscated text still contains the key words 'what', 'is', 'the', 'life', and 'thai people', which are similar to the original text, indicating a significant amount of information leakage.",llama-3.3-70b-versatile
1112341,what is the daily life of thai people,how comes the newspaper life in thailand 151,0.7,"The obfuscated text still contains the word 'thailand' and 'life' and 'newspaper', which are key words from the original text, indicating a significant amount of information leakage.",llama-3.3-70b-versatile
1112341,what is the daily life of thai people,do means of reported lived of malaysian americans,0.4,"The obfuscated text still contains some keywords related to the original text, such as 'newspaper' and 'thailand', but the meaning and context are significantly altered, indicating moderate information leakage.",llama-3.3-70b-versatile
833860,what is the most popular food in switzerland,what believes the many well-known foodstuffs encouraged switzerland,0.6,"The obfuscated text still contains the core information of the original text, such as the country 'switzerland' and the topic of 'food', but with some changes in wording and structure, indicating a moderate level of information leakage.",llama-3.3-70b-versatile
833860,what is the most popular food in switzerland,"sort only the indeed popular foods , zurich",0.4,"The obfuscated text still contains some information about the original text, such as the concept of popular food and the location of Switzerland (referenced as 'zurich'). However, the specific question about the most popular food in Switzerland is not directly answered. The score is 0.4 because some information is preserved, but the meaning is significantly altered.",llama-3.3-70b-versatile
833860,what is the most popular food in switzerland,what is http://www.nwguild.org considered 1980s supermarket when swiss,0.4,"The obfuscated text still contains some keywords from the original text, such as 'what' and 'swiss', but the meaning is significantly altered, indicating moderate information leakage.",llama-3.3-70b-versatile
833860,what is the most popular food in switzerland,that comes same one popular food 2003 france,0.0,"The obfuscated text does not contain any relevant information about the original text, which is about the most popular food in Switzerland. The obfuscated text mentions a different country (France) and year (2003), and does not provide any meaningful connection to the original text.",llama-3.3-70b-versatile
833860,what is the most popular food in switzerland,what which the most well-known they where zürich,0.6,"The obfuscated text still contains the key words 'most well-known' and 'zürich', which are related to the original text, indicating some information leakage.",llama-3.3-70b-versatile
833860,what is the most popular food in switzerland,invariably it the more however foods 2005 switzerland,0.7,"The obfuscated text still contains the word 'switzerland' and some related words like 'zürich', which indicates a significant information leakage from the original text.",llama-3.3-70b-versatile
833860,what is the most popular food in switzerland,what is same most theme food in geneva,0.6,"The obfuscated text still contains the core question and location, but with some changes in wording and added irrelevant information, so the score is 0.6",llama-3.3-70b-versatile
833860,what is the most popular food in switzerland,what this first but popular food as austria,0.4,"The obfuscated text still contains the core question of the original text, which is about the most popular food, but it has been altered to refer to a different location, Austria, instead of Switzerland. This indicates some information leakage, but not complete, as the context and location have been changed.",llama-3.3-70b-versatile
833860,what is the most popular food in switzerland,acknowledges it first been which food where zurich,0.7,"The obfuscated text still contains the core question of the original text, which is about the most popular food, and also mentions a specific location in Switzerland, indicating some information leakage.",llama-3.3-70b-versatile
833860,what is the most popular food in switzerland,know is first all most foods in austria,0.2,"The obfuscated text still contains some relevant information about the topic, such as the country and the concept of popular food, but the meaning is altered and not directly related to the original text.",llama-3.3-70b-versatile
855410,what is theraderm used for,that known gladioli use good,0.2,"The obfuscated text 'that known gladioli use good' does not convey the same meaning as the original text 'what is theraderm used for', but some words have similar sounds or prefixes, indicating a partial information leakage.",llama-3.3-70b-versatile
855410,what is theraderm used for,asked is x-rated used and,0.4,"The obfuscated text 'asked is x-rated used and' does not convey the same meaning as the original text 'what is theraderm used for', but it still contains some similar words and structure, indicating partial information leakage.",llama-3.3-70b-versatile
855410,what is theraderm used for,"know this 2,000-seat known for",0.2,"The obfuscated text does not convey the same meaning as the original text, but some words are similar, indicating partial information leakage.",llama-3.3-70b-versatile
855410,what is theraderm used for,what which gunnislake using this,0.3,"The obfuscated text 'what which gunnislake using this' has some similarity to the original text 'what is theraderm used for' in terms of the starting word 'what' and the word 'using' which is similar to 'used', but the meaning and most of the content are different, indicating partial information leakage.",llama-3.3-70b-versatile
855410,what is theraderm used for,explain this matter use addition,0.4,"The obfuscated text does not convey the same meaning as the original text, but some words are similar, indicating a moderate level of information leakage.",llama-3.3-70b-versatile
855410,what is theraderm used for,just is salon.com use for,0.2,"The obfuscated text 'just is salon.com use for' has some similarity to the original text 'what is theraderm used for' in terms of the question format, but the key terms are completely different, indicating a low level of information leakage.",llama-3.3-70b-versatile
855410,what is theraderm used for,we is jianxiang using means,0.2,"The obfuscated text 'we is jianxiang using means' does not convey the same meaning as the original text 'what is theraderm used for', indicating significant information leakage. However, some words like 'is' and 'using' are preserved, suggesting a minimal level of information retention. Therefore, the score is 0.2.",llama-3.3-70b-versatile
855410,what is theraderm used for,know is halkett utilized instead,0.2,"The obfuscated text 'know is halkett utilized instead' does not convey the same meaning as the original text 'what is theraderm used for', thus the score is 0.2",llama-3.3-70b-versatile
855410,what is theraderm used for,explain is customised using for,0.2,"The obfuscated text does not convey the same meaning as the original text, but some words are similar, indicating a score of 0.2 for information leakage",llama-3.3-70b-versatile
855410,what is theraderm used for,what suggests grahts use for,0.2,"The obfuscated text does not convey the same meaning as the original text, but some words are similar, indicating a score of 0.2 for information leakage",llama-3.3-70b-versatile
1110199,what is wifi vs bluetooth,just is wi-fi vs. functionality,0.6,"The obfuscated text still contains the core concept of the original text, which is the comparison between wifi and another technology, but the details are partially obscured, hence a moderate score of 0.6",llama-3.3-70b-versatile
1110199,what is wifi vs bluetooth,really now wi vs wireless,0.7,"The obfuscated text still contains key words related to the original text, such as 'wi' which is likely short for 'wi-fi', and 'wireless' which is related to the topic of wifi vs bluetooth, indicating a significant amount of information leakage",llama-3.3-70b-versatile
1110199,what is wifi vs bluetooth,mean is wi-fi vs. headsets,0.4,"The obfuscated text still contains the core concept of 'wi-fi' and a comparison, indicating some information leakage, but the context and specific comparison have been altered, so it's not complete leakage.",llama-3.3-70b-versatile
1110199,what is wifi vs bluetooth,what is wifi vs. headsets,0.8,"The obfuscated text still contains the main keywords 'wifi' and 'vs' and also 'headsets' which is related to 'bluetooth' devices, so the information leakage is high",llama-3.3-70b-versatile
1110199,what is wifi vs bluetooth,sure in wifi versus headset,0.7,"The obfuscated text still conveys the main topic of comparison between wifi and another technology, but changes the compared technology to 'headsets' or 'headset', which is a specific use case of bluetooth, thus reducing information leakage",llama-3.3-70b-versatile
1110199,what is wifi vs bluetooth,we hence wi-fi vs. wi-fi,0.4,"The obfuscated text still contains the key terms 'wi-fi' and 'vs', but the context and some keywords have been changed, indicating partial information leakage.",llama-3.3-70b-versatile
1110199,what is wifi vs bluetooth,what now wifi vs wirelessly,0.8,"The obfuscated text still contains the core terms 'wifi' and 'vs', and 'wirelessly' is related to 'wifi', indicating significant information leakage",llama-3.3-70b-versatile
1110199,what is wifi vs bluetooth,wondered appears wi-fi vs. 802.11,0.6,"The obfuscated text still contains the core comparison of the original text, but with some changes in wording and added or removed words, indicating a moderate level of information leakage.",llama-3.3-70b-versatile
1110199,what is wifi vs bluetooth,that this wi-fi vs. bluetooth,0.9,"The obfuscated text still contains the core comparison of the original text, which is 'wi-fi vs. bluetooth', indicating a high level of information leakage.",llama-3.3-70b-versatile
1110199,what is wifi vs bluetooth,why is wi-fi vs. connectivity,0.6,"The obfuscated text still contains the core comparison of the original text, but with some changes in wording and context, indicating a moderate level of information leakage.",llama-3.3-70b-versatile
915593,what types of food can you cook sous vide,what instance second goods available you until sous vide,0.4,"The obfuscated text still contains the key phrase 'sous vide', which indicates that some information about the original text has been preserved. However, other words have been replaced with unrelated terms, reducing the overall information leakage. The score is set to 0.4 to reflect this partial preservation of information.",llama-3.3-70b-versatile
915593,what types of food can you cook sous vide,beyond whereas of interbk can know them bois obstinacy,0.1,"The obfuscated text has very little resemblance to the original text, indicating a high level of obfuscation and thus a low information leakage score of 0.1",llama-3.3-70b-versatile
915593,what types of food can you cook sous vide,what these the products ca ? cook clichy vide,0.4,"The obfuscated text still contains some key words from the original text, such as 'what', 'cook', and 'vide', which indicates some information leakage. However, the meaning of the text is not completely preserved, so the score is not 1. The score is 0.4 because about 40% of the original information is still present in the obfuscated text.",llama-3.3-70b-versatile
915593,what types of food can you cook sous vide,what kinds . products could i mangaia vide mouchy,0.4,"The obfuscated text still contains some key words from the original text, such as 'what', 'products', and 'vide', which indicates some information leakage. However, the meaning and context of the original text are not fully preserved, so the score is not 1. The score is 0.4 because about 40% of the original information is still present in the obfuscated text.",llama-3.3-70b-versatile
915593,what types of food can you cook sous vide,that kinds the foods able ? soup sous radionuclide,0.4,"The obfuscated text still contains some key words related to the original text, such as 'kinds', 'foods', and 'sous', which indicates some information leakage. However, the meaning and context are significantly altered, suggesting a moderate level of obfuscation.",llama-3.3-70b-versatile
915593,what types of food can you cook sous vide,what kinds the foodstuffs or you flins chefs vide,0.6,"The obfuscated text still contains some key words like 'what', 'kinds', 'foodstuffs', and 'sous vide', which are similar to the original text, indicating some information leakage.",llama-3.3-70b-versatile
915593,what types of food can you cook sous vide,what kinds part foods can know cook ahsh stamped,0.4,"The obfuscated text still contains some keywords like 'what', 'kinds', 'foods', and 'cook', which are present in the original text, indicating some information leakage. However, the context and meaning are distorted, reducing the leakage. Score: 0.4",llama-3.3-70b-versatile
915593,what types of food can you cook sous vide,something e.g. same supplies if you cook aulnay kenangan,0.4,"The obfuscated text still contains some similar words and structure to the original text, such as 'what kinds' and 'cook', but with significant changes, indicating moderate information leakage.",llama-3.3-70b-versatile
915593,what types of food can you cook sous vide,that kinds http://www.nwguild.org eat example you mixture sous rhéaume,0.2,"The obfuscated text still contains some keywords related to the original text, such as 'kinds' and 'sous', but the meaning is largely obscured.",llama-3.3-70b-versatile
915593,what types of food can you cook sous vide,why type some foods can n't frontpage-1stld sous vide,0.6,"The obfuscated text still contains some keywords related to the original text, such as 'sous vide' and 'foods', but the meaning is partially lost due to the obfuscation. However, the structure of the sentence and some key words are still recognizable, indicating a moderate level of information leakage.",llama-3.3-70b-versatile
962179,when was the salvation army founded,when was just resurrection forces founded,0.4,"The obfuscated text still contains the question 'when was' and the word 'founded', which indicates some information leakage from the original text. However, the name of the organization has been changed from 'the salvation army' to 'just resurrection forces', which reduces the information leakage. Therefore, the score is 0.4.",llama-3.3-70b-versatile
962179,when was the salvation army founded,came . entire virtue troops co-founded,0.1,"The obfuscated text 'came . entire virtue troops co-founded' has very little resemblance to the original text 'when was the salvation army founded', indicating a low information leakage score of 0.1 due to the lack of shared keywords and context.",llama-3.3-70b-versatile
962179,when was the salvation army founded,once last the salvation forces established,0.7,"The obfuscated text still contains the word 'salvation' which is a key part of the original text, indicating significant information leakage.",llama-3.3-70b-versatile
962179,when was the salvation army founded,then later which redemption army founder,0.6,"The obfuscated text still contains the word 'army' and 'founded' which is similar to the original text 'salvation army founded', indicating some information leakage",llama-3.3-70b-versatile
962179,when was the salvation army founded,when had the salvation armies established,0.8,"The obfuscated text 'when had the salvation armies established' still contains the core information of the original text 'when was the salvation army founded', with only minor changes in wording, indicating a high level of information leakage.",llama-3.3-70b-versatile
962179,when was the salvation army founded,after was of belonged military founded,0.2,"The obfuscated text 'after was of belonged military founded' has some similar words to the original text, but the meaning is completely changed, indicating a low information leakage score of 0.2",llama-3.3-70b-versatile
962179,when was the salvation army founded,the was the deliverance soldiers established,0.6,"The obfuscated text still contains similar keywords and structure to the original text, indicating some information leakage.",llama-3.3-70b-versatile
962179,when was the salvation army founded,after apparently the salvation army established,0.8,"The obfuscated text still contains the original name 'salvation army' and the word 'established', which is similar to 'founded', indicating a high level of information leakage.",llama-3.3-70b-versatile
962179,when was the salvation army founded,before was the organization army established,0.7,"The obfuscated text still contains the word 'army' and 'established', which are key components of the original text, indicating a significant amount of information leakage.",llama-3.3-70b-versatile
962179,when was the salvation army founded,later biotechtrst kuhdz nouvion forces co-founded,0.0,"The obfuscated text 'later biotechtrst kuhdz nouvion forces co-founded' has no resemblance to the original text 'when was the salvation army founded', indicating a very low information leakage.",llama-3.3-70b-versatile
1103812,who formed the commonwealth of independent states,"whom formed http://www.nwguild.org member came , states",0.4,"The obfuscated text still contains some information from the original text, such as 'formed' and 'states', but the context and meaning are altered, indicating partial information leakage.",llama-3.3-70b-versatile
1103812,who formed the commonwealth of independent states,"who forming the commonwealth , organizations states",0.7,"The obfuscated text still contains the original keywords 'who', 'commonwealth', and 'states', indicating a significant amount of information leakage. However, the word 'forming' instead of 'formed' and the addition of 'organizations' introduce some level of obfuscation.",llama-3.3-70b-versatile
1103812,who formed the commonwealth of independent states,wanted formed to retained another establishment united,0.1,"The obfuscated text 'wanted formed to retained another establishment united' has very little resemblance to the original text 'who formed the commonwealth of independent states', with most key words changed or removed, indicating minimal information leakage.",llama-3.3-70b-versatile
1103812,who formed the commonwealth of independent states,whom formed out endtag bringing separate united,0.4,"The obfuscated text still contains some key words from the original text, such as 'formed' and 'united', but the meaning is altered and some words are changed or removed, indicating partial information leakage.",llama-3.3-70b-versatile
1103812,who formed the commonwealth of independent states,whom formed part cis all almost united,0.6,"The obfuscated text still contains the word 'whom' and 'formed' and 'united' which are similar to the original text, indicating some information leakage",llama-3.3-70b-versatile
1103812,who formed the commonwealth of independent states,he formed asking _____________________________________________ its handful united,0.4,"The obfuscated text still contains some information about the original text, such as the word 'formed' and 'united', which indicates some information leakage. However, the context and meaning of the original text are not fully preserved, so the score is not 1. The score is 0.4 because about 40% of the original information is still present in the obfuscated text.",llama-3.3-70b-versatile
1103812,who formed the commonwealth of independent states,whom forming the commonwealth besides independent states,0.8,"The obfuscated text still contains the key words 'whom', 'forming', 'commonwealth', 'independent', and 'states', which are similar to the original text, indicating a significant amount of information leakage.",llama-3.3-70b-versatile
1103812,who formed the commonwealth of independent states,believes forming in except some noted united,0.7,"The obfuscated text still contains the key words 'forming', 'commonwealth', and 'independent states', which are similar to the original text, indicating a significant information leakage.",llama-3.3-70b-versatile
1103812,who formed the commonwealth of independent states,managed backbone instance federation example independent states,0.7,"The obfuscated text still contains the key words 'independent states' which is a significant part of the original text, indicating a high level of information leakage.",llama-3.3-70b-versatile
1103812,who formed the commonwealth of independent states,whom formed of 1957 of critical united,0.4,"The obfuscated text still contains the word 'whom' and 'united' which are related to the original text, but the context and other words are changed, indicating some information leakage.",llama-3.3-70b-versatile
1037798,who is robert gray,whom is richard wears,0.4,"The obfuscated text 'whom is richard wears' does not reveal the original name 'robert gray', but still conveys a similar sentence structure and question type, thus a moderate information leakage score of 0.4 is assigned",llama-3.3-70b-versatile
1037798,who is robert gray,whom part bruhth black,0.2,"The obfuscated text 'whom part bruhth black' does not reveal any information about the original text 'who is robert gray', as the names and words are completely different, indicating minimal information leakage.",llama-3.3-70b-versatile
1037798,who is robert gray,whom comes shaw gray,0.5,"The obfuscated text 'whom comes shaw gray' still contains the last name 'gray' which is present in the original text 'who is robert gray', indicating some information leakage. However, the first name 'robert' has been replaced with 'shaw', reducing the information leakage. Therefore, a score of 0.5 is assigned.",llama-3.3-70b-versatile
1037798,who is robert gray,who same rohsh gray,0.7,"The obfuscated text 'who same rohsh gray' still contains the original name 'gray' and the same pronoun 'who', indicating significant information leakage.",llama-3.3-70b-versatile
1037798,who is robert gray,whom is robert gray,0.9,"The obfuscated text is almost identical to the original text, with only minor changes in wording, indicating a high level of information leakage.",llama-3.3-70b-versatile
1037798,who is robert gray,who now robert __________________________________,1.0,"The obfuscated text has the same name 'robert' and 'gray' as the original text, indicating complete information leakage.",llama-3.3-70b-versatile
1037798,who is robert gray,whom serves william grey,0.6,"The obfuscated text 'whom serves william grey' has some similarity to the original text 'who is robert gray', but with changes in the verb and the subject's name, indicating partial information leakage.",llama-3.3-70b-versatile
1037798,who is robert gray,whom are moore brown,0.2,"The obfuscated text 'whom are moore brown' has completely different words and structure compared to the original text 'who is robert gray', indicating minimal information leakage.",llama-3.3-70b-versatile
1037798,who is robert gray,among a l. gray,0.3,"The obfuscated text 'among a l. gray' still contains the last name 'gray' which is present in the original text, but the first name is completely changed and the structure of the sentence is altered, thus reducing information leakage",llama-3.3-70b-versatile
1037798,who is robert gray,whom also g. grey,0.4,"The obfuscated text 'whom also g. grey' has some similarity to the original text 'who is robert gray', with 'whom' and 'who' being similar, and 'grey' and 'gray' being the same, but 'also' and 'is' are different, and 'g.' and 'robert' are different, so the score is 0.4",llama-3.3-70b-versatile
1063750,why did the us volunterilay enter ww1,why never the deal banez enter re-introduced,0.4,"The obfuscated text has some similar words and structure to the original text, but with significant changes, indicating partial information leakage.",llama-3.3-70b-versatile
1063750,why did the us volunterilay enter ww1,did did the here annink entering goldcliff,0.2,"The obfuscated text has some similar words to the original text, but the meaning is completely different, indicating a low information leakage.",llama-3.3-70b-versatile
1063750,why did the us volunterilay enter ww1,know why sort u.s. 127-mile entered ww1,0.7,"The obfuscated text still contains the original keywords 'why', 'u.s.', and 'ww1', indicating significant information leakage",llama-3.3-70b-versatile
1063750,why did the us volunterilay enter ww1,wondered never same u.s. 200.3 enter roll-out,0.4,"The obfuscated text still contains the country 'u.s.' which is present in the original text, indicating some information leakage. However, other key details such as 'volunterilay' and 'ww1' are not present, reducing the leakage. The score is 0.4, reflecting partial information retention.",llama-3.3-70b-versatile
1063750,why did the us volunterilay enter ww1,why would the us taita begin annita,0.6,"The obfuscated text still contains the original phrase 'why' and 'us', and 'begin' can be related to 'enter', indicating some information leakage",llama-3.3-70b-versatile
1063750,why did the us volunterilay enter ww1,explain come believes u.s. afton enter ww1,0.7,"The obfuscated text still contains the phrase 'u.s. enter ww1' which is similar to the original text 'us volunterilay enter ww1', indicating some information leakage",llama-3.3-70b-versatile
1063750,why did the us volunterilay enter ww1,know said the us koszyce enter ww2,0.4,"The obfuscated text still contains the phrase 'us' and 'enter' which are present in the original text, but the context and other words have been changed, indicating some information leakage. However, the change from 'ww1' to 'ww2' and other word substitutions reduce the leakage.",llama-3.3-70b-versatile
1063750,why did the us volunterilay enter ww1,"why publish the target sowie can 3,378",0.4,"The obfuscated text still contains some similar keywords and structure to the original text, such as 'why' and 'the us', but with significant changes, indicating moderate information leakage.",llama-3.3-70b-versatile
1063750,why did the us volunterilay enter ww1,only never resulting u.s. dowling entry ww1,0.6,"The obfuscated text still contains the country 'u.s.' and the event 'ww1', which are present in the original text, indicating some information leakage.",llama-3.3-70b-versatile
1063750,why did the us volunterilay enter ww1,wondered explain the u.s. mitrevski go pelplin,0.3,"The obfuscated text still contains the country 'u.s.' which is present in the original text, indicating some information leakage. However, other key details such as 'volunterilay' and 'ww1' have been altered or removed, reducing the overall information leakage.",llama-3.3-70b-versatile
