id,text,obfuscatedText,score,justification,model
19335,anthropological definition of environment,sociological definitions the environments,4.0,The word 'sociological' instead of 'anthropological' and 'definitions' instead of 'definition' and 'the environments' instead of 'of environment' indicates significant information leakage,llama-3.3-70b-versatile
19335,anthropological definition of environment,anthropological definitions of environmental,2.0,The word 'definitions' instead of 'definition' indicates some information leakage,llama-3.3-70b-versatile
19335,anthropological definition of environment,ethnological definition the environment,4.0,The word 'ethnological' instead of 'anthropological' and 'the environment' instead of 'of environment' indicates significant information leakage,llama-3.3-70b-versatile
19335,anthropological definition of environment,ethnological definition those environment,4.0,The word 'ethnological' instead of 'anthropological' and 'those environment' instead of 'of environment' indicates significant information leakage,llama-3.3-70b-versatile
19335,anthropological definition of environment,ethnographic defined of environments,5.0,The word 'ethnographic' instead of 'anthropological' and 'defined' instead of 'definition' and 'of environments' instead of 'of environment' indicates significant information leakage,llama-3.3-70b-versatile
19335,anthropological definition of environment,anthropological definition the environments,2.0,The word 'the environments' instead of 'of environment' indicates some information leakage,llama-3.3-70b-versatile
19335,anthropological definition of environment,sociological defined the environment,4.0,The word 'sociological' instead of 'anthropological' and 'defined' instead of 'definition' indicates significant information leakage,llama-3.3-70b-versatile
19335,anthropological definition of environment,anthropological definitions the environments,4.0,The word 'definitions' instead of 'definition' and 'the environments' instead of 'of environment' indicates significant information leakage,llama-3.3-70b-versatile
19335,anthropological definition of environment,anthropological defines of environment,2.0,The word 'defines' instead of 'definition' indicates some information leakage,llama-3.3-70b-versatile
19335,anthropological definition of environment,ethnological defined the environments,5.0,The word 'ethnological' instead of 'anthropological' and 'defined' instead of 'definition' and 'the environments' instead of 'of environment' indicates significant information leakage,llama-3.3-70b-versatile
47923,axon terminals or synaptic knob definition,axonal terminal either synapse knob defined,2.0,"The obfuscated text 'axonal terminal either synapse knob defined' has a score of 2 because it still contains similar keywords to the original text, but with some changes in wording and structure.",llama-3.3-70b-versatile
47923,axon terminals or synaptic knob definition,axon terminal either plasticity knob defines,3.0,"The obfuscated text 'axon terminal either plasticity knob defines' has a score of 3 because it contains some similar keywords, but also introduces new terms that alter the meaning.",llama-3.3-70b-versatile
47923,axon terminals or synaptic knob definition,axon terminals either plasticity knobs defined,3.0,"The obfuscated text 'axon terminals either plasticity knobs defined' has a score of 3 because it contains some similar keywords, but also introduces new terms that alter the meaning.",llama-3.3-70b-versatile
47923,axon terminals or synaptic knob definition,axon terminals either plasticity knobs definitions,3.0,"The obfuscated text 'axon terminals either plasticity knobs definitions' has a score of 3 because it contains some similar keywords, but also introduces new terms that alter the meaning.",llama-3.3-70b-versatile
47923,axon terminals or synaptic knob definition,kd96 terminals either plasticity knob definitions,1.0,The obfuscated text 'kd96 terminals either plasticity knob definitions' has a score of 1 because it does not contain any similar keywords to the original text.,llama-3.3-70b-versatile
47923,axon terminals or synaptic knob definition,synapse terminals either synaptic knob definition,2.0,"The obfuscated text 'synapse terminals either synaptic knob definition' has a score of 2 because it still contains similar keywords to the original text, but with some changes in wording and structure.",llama-3.3-70b-versatile
47923,axon terminals or synaptic knob definition,axon terminals either plasticity knobs definition,3.0,"The obfuscated text 'axon terminals either plasticity knobs definition' has a score of 3 because it contains some similar keywords, but also introduces new terms that alter the meaning.",llama-3.3-70b-versatile
47923,axon terminals or synaptic knob definition,axon terminal either synaptic knob defined,2.0,"The obfuscated text 'axon terminal either synaptic knob defined' has a score of 2 because it still contains similar keywords to the original text, but with some changes in wording and structure.",llama-3.3-70b-versatile
47923,axon terminals or synaptic knob definition,synapse terminal or plasticity knobs defined,4.0,"The obfuscated text 'synapse terminal or plasticity knobs defined' has a score of 4 because it contains some similar keywords, but also introduces new terms that significantly alter the meaning.",llama-3.3-70b-versatile
47923,axon terminals or synaptic knob definition,axonal terminal or plasticity knobs defines,3.0,"The obfuscated text 'axonal terminal or plasticity knobs defines' has a score of 3 because it contains some similar keywords, but also introduces new terms that alter the meaning.",llama-3.3-70b-versatile
87181,causes of left ventricular hypertrophy,causes of leaving atrial sarcoplasmic,2.0,The word 'leaving' instead of 'left' and 'atrial' instead of 'ventricular' indicates significant information leakage is not present,llama-3.3-70b-versatile
87181,causes of left ventricular hypertrophy,cause part leaving arrhythmias myocardium,2.0,The word 'part' and 'arrhythmias' instead of 'of' and 'hypertrophy' indicates significant information leakage is not present,llama-3.3-70b-versatile
87181,causes of left ventricular hypertrophy,causes actual left atrial hypertrophy,4.0,The word 'actual' instead of no adjective and 'atrial' instead of 'ventricular' indicates some information leakage,llama-3.3-70b-versatile
87181,causes of left ventricular hypertrophy,cause of leaving atrial myocytes,2.0,The word 'myocytes' instead of 'hypertrophy' indicates significant information leakage is not present,llama-3.3-70b-versatile
87181,causes of left ventricular hypertrophy,cause of leaving ventricular hypertrophy,3.0,The word 'of' instead of 'causes of' and 'leaving' instead of 'left' indicates some information leakage,llama-3.3-70b-versatile
87181,causes of left ventricular hypertrophy,causes the leaving ventricular hyperplasia,2.0,The word 'the' instead of 'of' and 'hyperplasia' instead of 'hypertrophy' indicates significant information leakage is not present,llama-3.3-70b-versatile
87181,causes of left ventricular hypertrophy,cause of leaving ventricular lvh,4.0,"The word 'lvh' is an abbreviation for 'left ventricular hypertrophy', so it indicates some information leakage",llama-3.3-70b-versatile
87181,causes of left ventricular hypertrophy,cause the leaving atrial hypertrophy,2.0,The word 'the' instead of 'causes of' and 'atrial' instead of 'ventricular' indicates significant information leakage is not present,llama-3.3-70b-versatile
87181,causes of left ventricular hypertrophy,causes same leaving atrial ventricle,2.0,The word 'same' instead of 'of' and 'atrial ventricle' instead of 'left ventricular' indicates significant information leakage is not present,llama-3.3-70b-versatile
87181,causes of left ventricular hypertrophy,cause the left atrial lvh,2.0,The word 'the' instead of 'causes of' and 'atrial' instead of 'ventricular' indicates significant information leakage is not present,llama-3.3-70b-versatile
87452,causes of military suicide,cause the military killing,2.0,"The term 'military' is replaced with 'killing', which changes the context of the sentence, thus reducing information leakage to 2",llama-3.3-70b-versatile
87452,causes of military suicide,causes of army bombings,3.0,"The term 'military' is replaced with 'army' and 'suicide' is replaced with 'bombings', which changes the context of the sentence, thus reducing information leakage to 3",llama-3.3-70b-versatile
87452,causes of military suicide,cause of army attacks,4.0,"The term 'military' is replaced with 'army' and 'suicide' is kept, which slightly changes the context of the sentence, thus reducing information leakage to 4",llama-3.3-70b-versatile
87452,causes of military suicide,cause of army suicide,4.0,"The term 'military' is replaced with 'army' and 'suicide' is kept, which slightly changes the context of the sentence, thus reducing information leakage to 4",llama-3.3-70b-versatile
87452,causes of military suicide,cause of military bomber,3.0,"The term 'military' is replaced with 'bomber', which changes the context of the sentence, thus reducing information leakage to 3",llama-3.3-70b-versatile
87452,causes of military suicide,cause and army attacker,3.0,"The term 'military' is replaced with 'army' and 'suicide' is replaced with 'attacker', which changes the context of the sentence, thus reducing information leakage to 3",llama-3.3-70b-versatile
87452,causes of military suicide,causes part army attacks,3.0,"The term 'military' is replaced with 'army' and 'suicide' is replaced with 'attacks', which changes the context of the sentence, thus reducing information leakage to 3",llama-3.3-70b-versatile
87452,causes of military suicide,causes the forces attacks,3.0,"The term 'military' is replaced with 'forces' and 'suicide' is replaced with 'attacks', which changes the context of the sentence, thus reducing information leakage to 3",llama-3.3-70b-versatile
87452,causes of military suicide,cause the forces suicide,4.0,"The term 'military' is replaced with 'forces' and 'suicide' is kept, which slightly changes the context of the sentence, thus reducing information leakage to 4",llama-3.3-70b-versatile
87452,causes of military suicide,cause the army bombers,3.0,"The term 'military' is replaced with 'army' and 'suicide' is replaced with 'bombers', which changes the context of the sentence, thus reducing information leakage to 3",llama-3.3-70b-versatile
104861,cost of interior concrete flooring,cost same ministry reinforced paneling,1.0,The word 'ministry' is unrelated to the context of 'cost of interior concrete flooring'.,llama-3.3-70b-versatile
104861,cost of interior concrete flooring,cost of ministry brick laminate,1.0,The word 'ministry' is unrelated to the context of 'cost of interior concrete flooring'.,llama-3.3-70b-versatile
104861,cost of interior concrete flooring,costs besides exterior piles linoleum,1.0,The word 'exterior' is opposite to 'interior' and 'piles linoleum' is unrelated to 'concrete flooring'.,llama-3.3-70b-versatile
104861,cost of interior concrete flooring,cost of ministry concrete tile,3.0,"The word 'ministry' is unrelated to the context of 'cost of interior concrete flooring', but 'concrete tile' is related to 'concrete flooring'.",llama-3.3-70b-versatile
104861,cost of interior concrete flooring,costs the ministry precast flooring,3.0,"The word 'ministry' is unrelated to the context of 'cost of interior concrete flooring', but 'precast flooring' is related to 'concrete flooring'.",llama-3.3-70b-versatile
104861,cost of interior concrete flooring,costs of ministry concrete hardwood,3.0,"The word 'ministry' is unrelated to the context of 'cost of interior concrete flooring', but 'concrete hardwood' is related to 'concrete flooring'.",llama-3.3-70b-versatile
104861,cost of interior concrete flooring,costs of exterior slab flooring,2.0,The word 'exterior' is opposite to 'interior' and 'slab flooring' is related to 'concrete flooring'.,llama-3.3-70b-versatile
104861,cost of interior concrete flooring,"costs , interior slabs flooring",4.0,The word 'interior slabs flooring' is related to 'interior concrete flooring'.,llama-3.3-70b-versatile
104861,cost of interior concrete flooring,costs of ministry slab flooring,2.0,"The word 'ministry' is unrelated to the context of 'cost of interior concrete flooring', but 'slab flooring' is related to 'concrete flooring'.",llama-3.3-70b-versatile
104861,cost of interior concrete flooring,costs the interior concrete roofing,4.0,The word 'interior concrete roofing' is related to 'interior concrete flooring' but 'roofing' is different from 'flooring'.,llama-3.3-70b-versatile
1106007,define visceral?,define jurisprudential,1.0,"The word 'jurisprudential' is unrelated to 'visceral', thus no information leakage",llama-3.3-70b-versatile
1106007,define visceral?,defined marvelled,1.0,"The word 'marvelled' is unrelated to 'visceral', thus no information leakage",llama-3.3-70b-versatile
1106007,define visceral?,defined ubinas,1.0,"The word 'ubinas' is unrelated to 'visceral', thus no information leakage",llama-3.3-70b-versatile
1106007,define visceral?,defining cyberarts,1.0,"The word 'cyberarts' is unrelated to 'visceral', thus no information leakage",llama-3.3-70b-versatile
1106007,define visceral?,define plimpton,1.0,"The word 'plimpton' is unrelated to 'visceral', thus no information leakage",llama-3.3-70b-versatile
1106007,define visceral?,defines tide,1.0,"The word 'tide' is unrelated to 'visceral', thus no information leakage",llama-3.3-70b-versatile
1106007,define visceral?,defining ice-cold,1.0,"The phrase 'ice-cold' is unrelated to 'visceral', thus no information leakage",llama-3.3-70b-versatile
1106007,define visceral?,define vortices,1.0,"The word 'vortices' is unrelated to 'visceral', thus no information leakage",llama-3.3-70b-versatile
1106007,define visceral?,distinguish 417,1.0,"The phrase 'distinguish 417' is unrelated to 'visceral', thus no information leakage",llama-3.3-70b-versatile
1106007,define visceral?,defining consecutives,1.0,"The word 'consecutives' is unrelated to 'visceral', thus no information leakage",llama-3.3-70b-versatile
130510,definition declaratory judgment,defined injunctive judgement,4.0,"defined injunctive judgement: 4, changed 'definition' to 'defined' and 'declaratory' to 'injunctive', 'judgment' to 'judgement', significant change but still similar",llama-3.3-70b-versatile
130510,definition declaratory judgment,defined injunctive judgment,4.0,"defined injunctive judgment: 4, changed 'definition' to 'defined' and 'declaratory' to 'injunctive', minor spelling difference",llama-3.3-70b-versatile
130510,definition declaratory judgment,defined declaratory judgement,3.0,"defined declaratory judgement: 3, changed 'definition' to 'defined' and 'judgment' to 'judgement', minor change",llama-3.3-70b-versatile
130510,definition declaratory judgment,defined declaratory judgement,3.0,"defined declaratory judgement: 3, changed 'definition' to 'defined' and 'judgment' to 'judgement', minor change",llama-3.3-70b-versatile
130510,definition declaratory judgment,definition declaratory judgement,2.0,"definition declaratory judgement: 2, changed 'judgment' to 'judgement', very minor change",llama-3.3-70b-versatile
130510,definition declaratory judgment,definition injunctive judgement,4.0,"definition injunctive judgement: 4, changed 'declaratory' to 'injunctive' and 'judgment' to 'judgement', significant change but still similar",llama-3.3-70b-versatile
130510,definition declaratory judgment,definition injunctive judgment,4.0,"definition injunctive judgment: 4, changed 'declaratory' to 'injunctive', significant change but still similar",llama-3.3-70b-versatile
130510,definition declaratory judgment,definitions injunctive judgment,4.0,"definitions injunctive judgment: 4, changed 'definition' to 'definitions' and 'declaratory' to 'injunctive', significant change but still similar",llama-3.3-70b-versatile
130510,definition declaratory judgment,definition injunctive judgement,4.0,"definition injunctive judgement: 4, changed 'declaratory' to 'injunctive' and 'judgment' to 'judgement', significant change but still similar",llama-3.3-70b-versatile
130510,definition declaratory judgment,defined drysuit judgement,5.0,"defined drysuit judgement: 5, completely changed the meaning",llama-3.3-70b-versatile
131843,definition of a sigmet,defined the another orakei,5.0,"defined the another orakei: 5, completely different meaning and context",llama-3.3-70b-versatile
131843,definition of a sigmet,defined the a mcx,5.0,"defined the a mcx: 5, completely different meaning and context",llama-3.3-70b-versatile
131843,definition of a sigmet,defines the another tourisme,5.0,"defines the another tourisme: 5, completely different meaning and context",llama-3.3-70b-versatile
131843,definition of a sigmet,definition of a kanth,4.0,"definition of a kanth: 4, similar structure but different term",llama-3.3-70b-versatile
131843,definition of a sigmet,definition the another siezed,5.0,"definition the another siezed: 5, completely different meaning and context",llama-3.3-70b-versatile
131843,definition of a sigmet,defined the another bose,5.0,"defined the another bose: 5, completely different meaning and context",llama-3.3-70b-versatile
131843,definition of a sigmet,definition example another 1919-1921,5.0,"definition example another 1919-1921: 5, completely different meaning and context",llama-3.3-70b-versatile
131843,definition of a sigmet,definition the a csd,5.0,"definition the a csd: 5, completely different meaning and context",llama-3.3-70b-versatile
131843,definition of a sigmet,definition the another krasnov,5.0,"definition the another krasnov: 5, completely different meaning and context",llama-3.3-70b-versatile
131843,definition of a sigmet,definition the another yemini,5.0,"definition the another yemini: 5, completely different meaning and context",llama-3.3-70b-versatile
146187,difference between a mcdouble and a double cheeseburger,obvious of another fear both a triple cheeseburgers,1.0,"The obfuscated text 'obvious of another fear both a triple cheeseburgers' does not contain any information about the difference between a mcdouble and a double cheeseburger, thus score is 1",llama-3.3-70b-versatile
146187,difference between a mcdouble and a double cheeseburger,"moreover both another hujeilan , another triple cheeseburgers",1.0,"The obfuscated text 'moreover both another hujeilan , another triple cheeseburgers' does not contain any information about the difference between a mcdouble and a double cheeseburger, thus score is 1",llama-3.3-70b-versatile
146187,difference between a mcdouble and a double cheeseburger,fact both another .000434 both another triple cheeseburger,1.0,"The obfuscated text 'fact both another .000434 both another triple cheeseburger' does not contain any information about the difference between a mcdouble and a double cheeseburger, thus score is 1",llama-3.3-70b-versatile
146187,difference between a mcdouble and a double cheeseburger,"indeed between another rentería , another triple cheeseburger",1.0,"The obfuscated text 'indeed between another rentería , another triple cheeseburger' does not contain any information about the difference between a mcdouble and a double cheeseburger, thus score is 1",llama-3.3-70b-versatile
146187,difference between a mcdouble and a double cheeseburger,"obvious both a compares , a double cheeseburger",4.0,"The obfuscated text 'obvious both a compares , a double cheeseburger' contains some information about the difference between a mcdouble and a double cheeseburger, thus score is 4",llama-3.3-70b-versatile
146187,difference between a mcdouble and a double cheeseburger,instance both a raggi both a double cheeseburgers,4.0,"The obfuscated text 'instance both a raggi both a double cheeseburgers' contains some information about the difference between a mcdouble and a double cheeseburger, thus score is 4",llama-3.3-70b-versatile
146187,difference between a mcdouble and a double cheeseburger,"fact between another jj , another triple cheeseburgers",1.0,"The obfuscated text 'fact between another jj , another triple cheeseburgers' does not contain any information about the difference between a mcdouble and a double cheeseburger, thus score is 1",llama-3.3-70b-versatile
146187,difference between a mcdouble and a double cheeseburger,putting both another multi-man both a double cheeseburger,4.0,"The obfuscated text 'putting both another multi-man both a double cheeseburger' contains some information about the difference between a mcdouble and a double cheeseburger, thus score is 4",llama-3.3-70b-versatile
146187,difference between a mcdouble and a double cheeseburger,importantly two a wmf both another double cheeseburgers,4.0,"The obfuscated text 'importantly two a wmf both another double cheeseburgers' contains some information about the difference between a mcdouble and a double cheeseburger, thus score is 4",llama-3.3-70b-versatile
146187,difference between a mcdouble and a double cheeseburger,fact both another doubled both another triple cheeseburgers,1.0,"The obfuscated text 'fact both another doubled both another triple cheeseburgers' does not contain any information about the difference between a mcdouble and a double cheeseburger, thus score is 1",llama-3.3-70b-versatile
148538,difference between rn and bsn,"fact between 57 , bankamericard",1.0,"The obfuscated text 'fact between 57 , bankamericard' does not contain any information related to 'rn' or 'bsn', so the score is 1",llama-3.3-70b-versatile
148538,difference between rn and bsn,"maybe both nymkt , posbank",1.0,"The obfuscated text 'maybe both nymkt , posbank' does not contain any information related to 'rn' or 'bsn', so the score is 1",llama-3.3-70b-versatile
148538,difference between rn and bsn,difference between rn both supt,3.0,"The obfuscated text 'difference between rn both supt' contains 'rn' but not 'bsn', so the score is 3",llama-3.3-70b-versatile
148538,difference between rn and bsn,"difference both 61 , seafirst",1.0,"The obfuscated text 'difference both 61 , seafirst' does not contain any information related to 'rn' or 'bsn', so the score is 1",llama-3.3-70b-versatile
148538,difference between rn and bsn,fact both 63 while nabuco,1.0,"The obfuscated text 'fact both 63 while nabuco' does not contain any information related to 'rn' or 'bsn', so the score is 1",llama-3.3-70b-versatile
148538,difference between rn and bsn,fact between 49 and posbank,1.0,"The obfuscated text 'fact between 49 and posbank' does not contain any information related to 'rn' or 'bsn', so the score is 1",llama-3.3-70b-versatile
148538,difference between rn and bsn,difference between rn well bb94,3.0,"The obfuscated text 'difference between rn well bb94' contains 'rn' but not 'bsn', so the score is 3",llama-3.3-70b-versatile
148538,difference between rn and bsn,fact between 78 when bsn,3.0,"The obfuscated text 'fact between 78 when bsn' contains 'bsn' but not 'rn', so the score is 3",llama-3.3-70b-versatile
148538,difference between rn and bsn,reason respectively 61 both pnb,1.0,"The obfuscated text 'reason respectively 61 both pnb' does not contain any information related to 'rn' or 'bsn', so the score is 1",llama-3.3-70b-versatile
148538,difference between rn and bsn,example both 55 both bsn,3.0,"The obfuscated text 'example both 55 both bsn' contains 'bsn' but not 'rn', so the score is 3",llama-3.3-70b-versatile
156493,do goldfish grow,n't goldfish grown,4.0,The word 'goldfish' is present but the verb is different,llama-3.3-70b-versatile
156493,do goldfish grow,ca mmmals grown,1.0,The word 'goldfish' is not present and the verb is different,llama-3.3-70b-versatile
156493,do goldfish grow,n't goldfish grow,4.0,The word 'goldfish' is present but the verb is different,llama-3.3-70b-versatile
156493,do goldfish grow,n't incidentally grow,1.0,The word 'goldfish' is not present and the verb is different,llama-3.3-70b-versatile
156493,do goldfish grow,do oly-2004-weightlifting grows,1.0,The word 'goldfish' is not present and the verb is different,llama-3.3-70b-versatile
156493,do goldfish grow,n't pooch grow,1.0,The word 'goldfish' is not present and the verb is different,llama-3.3-70b-versatile
156493,do goldfish grow,n't pooch grown,1.0,The word 'goldfish' is not present and the verb is different,llama-3.3-70b-versatile
156493,do goldfish grow,n't oddball grown,1.0,The word 'goldfish' is present but the verb is different,llama-3.3-70b-versatile
156493,do goldfish grow,n't goldfish grown,4.0,The word 'goldfish' is not present and the verb is different,llama-3.3-70b-versatile
168216,does legionella pneumophila cause pneumonia,does pneumophila pneumophila causing infection,4.0,The obfuscated text 'does pneumophila pneumophila causing infection' has a score of 4 because it still contains the word 'pneumophila' which is related to the original text.,llama-3.3-70b-versatile
168216,does legionella pneumophila cause pneumonia,does bordetella aída cause complications,1.0,The obfuscated text 'does bordetella aída cause complications' has a score of 1 because it does not contain any information related to the original text.,llama-3.3-70b-versatile
168216,does legionella pneumophila cause pneumonia,if pneumophila donovani causes atypical,3.0,The obfuscated text 'if pneumophila donovani causes atypical' has a score of 3 because it contains the word 'pneumophila' but the context is different.,llama-3.3-70b-versatile
168216,does legionella pneumophila cause pneumonia,n't pneumophila str94 causes respiratory,4.0,The obfuscated text 'n't pneumophila str94 causes respiratory' has a score of 4 because it contains the word 'pneumophila' and is related to the original text.,llama-3.3-70b-versatile
168216,does legionella pneumophila cause pneumonia,if vibrio http://www.opel.com causes pneumonia,1.0,The obfuscated text 'if vibrio http://www.opel.com causes pneumonia' has a score of 1 because it does not contain any information related to the original text and the URL is not relevant.,llama-3.3-70b-versatile
168216,does legionella pneumophila cause pneumonia,comes pneumophila pneumophila cause pneumonia,5.0,The obfuscated text 'comes pneumophila pneumophila cause pneumonia' has a score of 5 because it contains the words 'pneumophila' and 'pneumonia' which are directly related to the original text.,llama-3.3-70b-versatile
168216,does legionella pneumophila cause pneumonia,if pneumophila kervin causes pneumonia,4.0,The obfuscated text 'if pneumophila kervin causes pneumonia' has a score of 4 because it contains the words 'pneumophila' and 'pneumonia' which are related to the original text.,llama-3.3-70b-versatile
168216,does legionella pneumophila cause pneumonia,not pneumophila bluhnt causes pneumonia,4.0,The obfuscated text 'not pneumophila bluhnt causes pneumonia' has a score of 4 because it contains the words 'pneumophila' and 'pneumonia' which are related to the original text.,llama-3.3-70b-versatile
168216,does legionella pneumophila cause pneumonia,if pneumophila pneumophila causes pneumonia,5.0,The obfuscated text 'if pneumophila pneumophila causes pneumonia' has a score of 5 because it contains the words 'pneumophila' and 'pneumonia' which are directly related to the original text.,llama-3.3-70b-versatile
168216,does legionella pneumophila cause pneumonia,thinks legionella pneumophila cause pneumonia,5.0,The obfuscated text 'thinks legionella pneumophila cause pneumonia' has a score of 5 because it contains the words 'legionella pneumophila' and 'pneumonia' which are directly related to the original text.,llama-3.3-70b-versatile
182539,example of monotonic function,example even oly-2004-tennis function,1.0,The word 'even' and 'oly-2004-tennis' are added which changes the meaning of the text completely,llama-3.3-70b-versatile
182539,example of monotonic function,instance of monotonic functions,2.0,The word 'instance' is added and 'function' is changed to 'functions' which slightly changes the meaning,llama-3.3-70b-versatile
182539,example of monotonic function,instance of mmmals functions,1.0,The word 'mmmals' is added which changes the meaning of the text completely,llama-3.3-70b-versatile
182539,example of monotonic function,example one monotonic functions,2.0,The word 'one' is added and 'function' is changed to 'functions' which slightly changes the meaning,llama-3.3-70b-versatile
182539,example of monotonic function,instance part conversely function,1.0,The words 'part' and 'conversely' are added which changes the meaning of the text completely,llama-3.3-70b-versatile
182539,example of monotonic function,instance of cyanopepla functions,1.0,The word 'cyanopepla' is added which changes the meaning of the text completely,llama-3.3-70b-versatile
182539,example of monotonic function,example of monotonic functions,2.0,The word 'function' is changed to 'functions' which slightly changes the meaning,llama-3.3-70b-versatile
182539,example of monotonic function,instance the monotonic functions,2.0,The word 'the' is added and 'function' is changed to 'functions' which slightly changes the meaning,llama-3.3-70b-versatile
182539,example of monotonic function,instance creation monotonic functions,1.0,The words 'creation' is added which changes the meaning of the text completely,llama-3.3-70b-versatile
182539,example of monotonic function,instance of monotonic functions,2.0,The word 'instance' is added and 'function' is changed to 'functions' which slightly changes the meaning,llama-3.3-70b-versatile
183378,exons definition biology,exons defines biochemistry,4.0,"exons defines biochemistry: 4, The word 'exons' is present but 'definition' is replaced with 'defines' and 'biology' is replaced with 'biochemistry'.",llama-3.3-70b-versatile
183378,exons definition biology,introns defines biology,4.0,"introns defines biology: 4, The word 'exons' is replaced with 'introns' and 'definition' is replaced with 'defines'.",llama-3.3-70b-versatile
183378,exons definition biology,introns definitions biochemistry,4.0,"introns definitions biochemistry: 4, The word 'exons' is replaced with 'introns', 'definition' is replaced with 'definitions', and 'biology' is replaced with 'biochemistry'.",llama-3.3-70b-versatile
183378,exons definition biology,operons defined biochemistry,5.0,"operons defined biochemistry: 5, The word 'exons' is replaced with 'operons', 'definition' is replaced with 'defined', and 'biology' is replaced with 'biochemistry'.",llama-3.3-70b-versatile
183378,exons definition biology,introns definition biochemistry,4.0,"introns definition biochemistry: 4, The word 'exons' is replaced with 'introns' and 'biology' is replaced with 'biochemistry'.",llama-3.3-70b-versatile
183378,exons definition biology,introns definitions biochemistry,4.0,"introns definitions biochemistry: 4, The word 'exons' is replaced with 'introns', 'definition' is replaced with 'definitions', and 'biology' is replaced with 'biochemistry'.",llama-3.3-70b-versatile
183378,exons definition biology,introns defined biology,4.0,"introns defined biology: 4, The word 'exons' is replaced with 'introns' and 'definition' is replaced with 'defined'.",llama-3.3-70b-versatile
183378,exons definition biology,operons definition biochemistry,5.0,"operons definition biochemistry: 5, The word 'exons' is replaced with 'operons' and 'biology' is replaced with 'biochemistry'.",llama-3.3-70b-versatile
183378,exons definition biology,encodes defined biology,5.0,"encodes defined biology: 5, The word 'exons' is replaced with 'encodes', 'definition' is replaced with 'defined'.",llama-3.3-70b-versatile
183378,exons definition biology,introns defined biochemistry,4.0,"introns defined biochemistry: 4, The word 'exons' is replaced with 'introns', 'definition' is replaced with 'defined', and 'biology' is replaced with 'biochemistry'.",llama-3.3-70b-versatile
207786,how are some sharks warm blooded,how are some shark cool heartless,4.0,"The word 'shark' is present, but 'warm blooded' is replaced with 'cool heartless', changing the meaning.",llama-3.3-70b-versatile
207786,how are some sharks warm blooded,so these few penguins warm blooded,1.0,"The subject is changed to 'penguins', which is a different animal, and 'warm blooded' is retained.",llama-3.3-70b-versatile
207786,how are some sharks warm blooded,why those many shark warm cold-blooded,3.0,"The word 'shark' is present, but 'warm blooded' is replaced with 'warm cold-blooded', which is contradictory.",llama-3.3-70b-versatile
207786,how are some sharks warm blooded,why ones few sharks cool heartless,4.0,"The word 'sharks' is present, but 'warm blooded' is replaced with 'cool heartless', changing the meaning.",llama-3.3-70b-versatile
207786,how are some sharks warm blooded,how these many sharks cool blooded,3.0,"The word 'sharks' is present, but 'warm blooded' is replaced with 'cool blooded', changing the meaning.",llama-3.3-70b-versatile
207786,how are some sharks warm blooded,why these some sharks cool blooded,3.0,"The word 'sharks' is present, but 'warm blooded' is replaced with 'cool blooded', changing the meaning.",llama-3.3-70b-versatile
207786,how are some sharks warm blooded,what these many shark warm heartless,4.0,"The word 'shark' is present, but 'warm blooded' is replaced with 'warm heartless', changing the meaning.",llama-3.3-70b-versatile
207786,how are some sharks warm blooded,how are many stingrays cool cold-blooded,1.0,"The subject is changed to 'stingrays', which is a different animal, and 'warm blooded' is replaced with 'cool cold-blooded'.",llama-3.3-70b-versatile
207786,how are some sharks warm blooded,what these many coyotes cool cold-blooded,1.0,"The subject is changed to 'coyotes', which is a different animal, and 'warm blooded' is replaced with 'cool cold-blooded'.",llama-3.3-70b-versatile
207786,how are some sharks warm blooded,what these many panthers warmth cold-blooded,1.0,"The subject is changed to 'panthers', which is a different animal, and 'warm blooded' is replaced with 'warmth cold-blooded'.",llama-3.3-70b-versatile
1133167,how is the weather in jamaica,what now of conditions addition barbados,1.0,"The obfuscated text 'what now of conditions addition barbados' has a score of 1 because it does not contain the word 'jamaica' or 'weather', making it completely unrelated to the original text.",llama-3.3-70b-versatile
1133167,how is the weather in jamaica,what is of inclement in jamaica,4.0,"The obfuscated text 'what is of inclement in jamaica' has a score of 4 because it contains the word 'jamaica' and a synonym for 'weather', indicating significant information leakage.",llama-3.3-70b-versatile
1133167,how is the weather in jamaica,how now this conditions in barbados,1.0,"The obfuscated text 'how now this conditions in barbados' has a score of 1 because it does not contain the word 'jamaica' or 'weather', making it completely unrelated to the original text.",llama-3.3-70b-versatile
1133167,how is the weather in jamaica,how which of conditions instance jamaica,3.0,"The obfuscated text 'how which of conditions instance jamaica' has a score of 3 because it contains the word 'jamaica' but not 'weather', indicating moderate information leakage.",llama-3.3-70b-versatile
1133167,how is the weather in jamaica,understand is the inclement where jamaica,4.0,"The obfuscated text 'understand is the inclement where jamaica' has a score of 4 because it contains the word 'jamaica' and a synonym for 'weather', indicating significant information leakage.",llama-3.3-70b-versatile
1133167,how is the weather in jamaica,how considered which weather first jamaica,5.0,"The obfuscated text 'how considered which weather first jamaica' has a score of 5 because it contains both the word 'jamaica' and 'weather', indicating complete information leakage.",llama-3.3-70b-versatile
1133167,how is the weather in jamaica,how appears of inclement in barbados,1.0,"The obfuscated text 'how appears of inclement in barbados' has a score of 1 because it does not contain the word 'jamaica' or 'weather', making it completely unrelated to the original text.",llama-3.3-70b-versatile
1133167,how is the weather in jamaica,what now the weather in jamaica,5.0,"The obfuscated text 'what now the weather in jamaica' has a score of 5 because it contains both the word 'jamaica' and 'weather', indicating complete information leakage.",llama-3.3-70b-versatile
1133167,how is the weather in jamaica,how now prohertrib weather first barbados,1.0,"The obfuscated text 'how now prohertrib weather first barbados' has a score of 1 because it does not contain the word 'jamaica' and 'prohertrib' is not a synonym for 'weather', making it completely unrelated to the original text.",llama-3.3-70b-versatile
1133167,how is the weather in jamaica,how is which inclement first barbados,1.0,"The obfuscated text 'how is which inclement first barbados' has a score of 1 because it does not contain the word 'jamaica' or 'weather', making it completely unrelated to the original text.",llama-3.3-70b-versatile
264014,how long is life cycle of flea,how but now lives cycles the flicker,2.0,"The words 'how', 'lives', 'cycles' are present but 'flea' is replaced with 'flicker' which is unrelated",llama-3.3-70b-versatile
264014,how long is life cycle of flea,why short now lives cycles of mangxamba,2.0,The word 'flea' is replaced with 'mangxamba' which is unrelated and 'why' and 'short' are added,llama-3.3-70b-versatile
264014,how long is life cycle of flea,how years is life cycles part http://www.opel.com,2.0,The word 'flea' is replaced with 'part' and a URL is added which is unrelated,llama-3.3-70b-versatile
264014,how long is life cycle of flea,what long now even cycles the mangxamba,2.0,The word 'flea' is replaced with 'mangxamba' which is unrelated and 'what' and 'even' are added,llama-3.3-70b-versatile
264014,how long is life cycle of flea,what long comes lives cycles the http://www.nifc.gov/,2.0,The word 'flea' is replaced with a URL which is unrelated,llama-3.3-70b-versatile
264014,how long is life cycle of flea,why long is lives cycles the gahsh,2.0,The word 'flea' is replaced with 'gahsh' which is unrelated,llama-3.3-70b-versatile
264014,how long is life cycle of flea,what but comes life cycles the prohertrib,2.0,The word 'flea' is replaced with 'prohertrib' which is unrelated and 'what' and 'but' and 'comes' are added,llama-3.3-70b-versatile
264014,how long is life cycle of flea,learned long now life cycles the mmmals,4.0,The word 'flea' is replaced with 'mmmals' which is related but 'learned' is added,llama-3.3-70b-versatile
264014,how long is life cycle of flea,"what short is , cycles the vermin",4.0,"The word 'flea' is replaced with 'vermin' which is related but 'what' and 'short' and ',' are added",llama-3.3-70b-versatile
264014,how long is life cycle of flea,why longer now life cycles the flea,5.0,The word 'flea' is present,llama-3.3-70b-versatile
359349,how to find the midsegment of a trapezoid,how would find which polesworth of a geraniol,1.0,"The obfuscated text 'how would find which polesworth of a geraniol' has no relation to the original text, thus no information leakage.",llama-3.3-70b-versatile
359349,how to find the midsegment of a trapezoid,what would find the waiting the a trapezoid,3.0,"The obfuscated text 'what would find the waiting the a trapezoid' contains the word 'trapezoid' which is present in the original text, thus some information leakage.",llama-3.3-70b-versatile
359349,how to find the midsegment of a trapezoid,actually take so latter toledo the another sencion,1.0,"The obfuscated text 'actually take so latter toledo the another sencion' has no relation to the original text, thus no information leakage.",llama-3.3-70b-versatile
359349,how to find the midsegment of a trapezoid,what give finding which customizing of another trapezoid,3.0,"The obfuscated text 'what give finding which customizing of another trapezoid' contains the word 'trapezoid' which is present in the original text, thus some information leakage.",llama-3.3-70b-versatile
359349,how to find the midsegment of a trapezoid,what would able entire divert of another +.14,1.0,"The obfuscated text 'what would able entire divert of another +.14' has no relation to the original text, thus no information leakage.",llama-3.3-70b-versatile
359349,how to find the midsegment of a trapezoid,how tried hoping came vestiges besides a trapezoid,3.0,"The obfuscated text 'how tried hoping came vestiges besides a trapezoid' contains the word 'trapezoid' which is present in the original text, thus some information leakage.",llama-3.3-70b-versatile
359349,how to find the midsegment of a trapezoid,what able find supposed advent of another micropentila,1.0,"The obfuscated text 'what able find supposed advent of another micropentila' has no relation to the original text, thus no information leakage.",llama-3.3-70b-versatile
359349,how to find the midsegment of a trapezoid,what to find this 1967-68 part another trapezoid,3.0,"The obfuscated text 'what to find this 1967-68 part another trapezoid' contains the word 'trapezoid' which is present in the original text, thus some information leakage.",llama-3.3-70b-versatile
359349,how to find the midsegment of a trapezoid,what help finding same appendices of a hoshihananomia,1.0,"The obfuscated text 'what help finding same appendices of a hoshihananomia' has no relation to the original text, thus no information leakage.",llama-3.3-70b-versatile
359349,how to find the midsegment of a trapezoid,what help find came represents the a trapezoidal,4.0,"The obfuscated text 'what help find came represents the a trapezoidal' contains the word 'trapezoid' which is present in the original text, thus some information leakage.",llama-3.3-70b-versatile
1129237,hydrogen is a liquid below what temperature,peroxide is another liquids above know temperatures,1.0,"peroxide is another liquids above know temperatures: 1, helium comes another liquids above why temperatures: 1, hydrogen is another liquid above what temperatures: 4, peroxide this a mixture above what temperature: 1, peroxide this a liquids above nothing temperatures: 1, helium now another liquids below just temperature: 1, helium example a mixture below why temperature: 1, hydrogen is a liquids above what temperatures: 5, peroxide though another liquid above yet temperatures: 1, hydrogen it another liquid below actually temperature: 5",llama-3.3-70b-versatile
405717,is cdg airport in main paris,now lpo04 airport the one prohertrib,1.0,"now lpo04 airport the one prohertrib: No keywords related to the original text are found, hence the score is 1",llama-3.3-70b-versatile
405717,is cdg airport in main paris,example -8.00 airport instance main prohertrib,2.0,"example -8.00 airport instance main prohertrib: The word 'main' is found but 'prohertrib' seems unrelated to 'paris', hence the score is 2",llama-3.3-70b-versatile
405717,is cdg airport in main paris,is cdg airports the major prohertrib,4.0,"is cdg airports the major prohertrib: 'cdg' and 'airports' are found but 'prohertrib' seems unrelated to 'paris', hence the score is 4",llama-3.3-70b-versatile
405717,is cdg airport in main paris,this fahnt logan since main prohertrib,2.0,"this fahnt logan since main prohertrib: The word 'main' is found but 'fahnt logan' and 'prohertrib' seem unrelated to 'cdg' and 'paris', hence the score is 2",llama-3.3-70b-versatile
405717,is cdg airport in main paris,now jukić airports in part paris,4.0,"now jukić airports in part paris: 'airports', 'in', and 'paris' are found, hence the score is 4",llama-3.3-70b-versatile
405717,is cdg airport in main paris,is 24aou94 airports where principal prohertrib,3.0,"is 24aou94 airports where principal prohertrib: 'airports' is found but '24aou94' and 'prohertrib' seem unrelated to 'cdg' and 'paris', hence the score is 3",llama-3.3-70b-versatile
405717,is cdg airport in main paris,now ayts airports where key prohertrib,3.0,"now ayts airports where key prohertrib: 'airports' is found but 'ayts' and 'prohertrib' seem unrelated to 'cdg' and 'paris', hence the score is 3",llama-3.3-70b-versatile
405717,is cdg airport in main paris,comes -8.00 airport in main paris,5.0,"comes -8.00 airport in main paris: 'airport', 'in', 'main', and 'paris' are found, hence the score is 5",llama-3.3-70b-versatile
405717,is cdg airport in main paris,is -8.00 airport which main paris,5.0,"is -8.00 airport which main paris: 'airport', 'main', and 'paris' are found, hence the score is 5",llama-3.3-70b-versatile
405717,is cdg airport in main paris,now -8.00 airport the the prohertrib,3.0,"now -8.00 airport the the prohertrib: 'airport' is found but '-8.00' and 'prohertrib' seem unrelated to 'cdg' and 'paris', hence the score is 3",llama-3.3-70b-versatile
443396,lps laws definition,lps law definition,2.0,"The obfuscated text 'lps law definition' has a score of 2 because it is very similar to the original text 'lps laws definition', with only a slight change in wording.",llama-3.3-70b-versatile
443396,lps laws definition,lps law definition,2.0,"The obfuscated text 'lps law definition' has a score of 2 because it is very similar to the original text 'lps laws definition', with only a slight change in wording.",llama-3.3-70b-versatile
443396,lps laws definition,lps regulations definition,3.0,"The obfuscated text 'lps regulations definition' has a score of 3 because it changes the word 'laws' to 'regulations', which is a related concept but not identical.",llama-3.3-70b-versatile
443396,lps laws definition,lps laws definition,1.0,The obfuscated text 'lps laws definition' has a score of 1 because it is identical to the original text 'lps laws definition'.,llama-3.3-70b-versatile
443396,lps laws definition,45s regulations defined,5.0,The obfuscated text '45s regulations defined' has a score of 5 because it appears to be completely unrelated to the original text 'lps laws definition'.,llama-3.3-70b-versatile
443396,lps laws definition,lps regulations definition,3.0,"The obfuscated text 'lps regulations definition' has a score of 3 because it changes the word 'laws' to 'regulations', which is a related concept but not identical.",llama-3.3-70b-versatile
443396,lps laws definition,lps law defined,2.0,"The obfuscated text 'lps law defined' has a score of 2 because it is very similar to the original text 'lps laws definition', with only a slight change in wording.",llama-3.3-70b-versatile
443396,lps laws definition,lps regulations defined,3.0,"The obfuscated text 'lps regulations defined' has a score of 3 because it changes the word 'laws' to 'regulations', which is a related concept but not identical.",llama-3.3-70b-versatile
443396,lps laws definition,lps laws defined,2.0,"The obfuscated text 'lps laws defined' has a score of 2 because it is very similar to the original text 'lps laws definition', with only a slight change in wording.",llama-3.3-70b-versatile
443396,lps laws definition,lps laws defined,2.0,"The obfuscated text 'lps laws defined' has a score of 2 because it is very similar to the original text 'lps laws definition', with only a slight change in wording.",llama-3.3-70b-versatile
451602,medicare's definition of mechanical ventilation,herbe definitions bringing mechanical conditioning,4.0,The obfuscated text 'herbe definitions bringing mechanical conditioning' has a score of 4 because it still contains the word 'mechanical' and 'conditioning' which is related to 'ventilation'.,llama-3.3-70b-versatile
451602,medicare's definition of mechanical ventilation,restoring definition the consequence ventilating,5.0,The obfuscated text 'restoring definition the consequence ventilating' has a score of 5 because it contains the word 'ventilating' which is directly related to 'ventilation'.,llama-3.3-70b-versatile
451602,medicare's definition of mechanical ventilation,haller definition the mechanical ventilators,5.0,The obfuscated text 'haller definition the mechanical ventilators' has a score of 5 because it contains the words 'mechanical' and 'ventilators' which are directly related to 'ventilation'.,llama-3.3-70b-versatile
451602,medicare's definition of mechanical ventilation,2013 defined the hydraulic ventilation,4.0,The obfuscated text '2013 defined the hydraulic ventilation' has a score of 4 because it contains the word 'ventilation' but with 'hydraulic' which is not directly related to 'mechanical ventilation'.,llama-3.3-70b-versatile
451602,medicare's definition of mechanical ventilation,amoretti defined of electrical ventilation,4.0,The obfuscated text 'amoretti defined of electrical ventilation' has a score of 4 because it contains the word 'ventilation' but with 'electrical' which is not directly related to 'mechanical ventilation'.,llama-3.3-70b-versatile
451602,medicare's definition of mechanical ventilation,appetising defined the mechanical ventilation,5.0,The obfuscated text 'appetising defined the mechanical ventilation' has a score of 5 because it contains the words 'mechanical' and 'ventilation' which are directly related to the original text.,llama-3.3-70b-versatile
451602,medicare's definition of mechanical ventilation,remainder defined bringing engineering conditioning,2.0,The obfuscated text 'remainder defined bringing engineering conditioning' has a score of 2 because it does not contain any words directly related to 'ventilation'.,llama-3.3-70b-versatile
451602,medicare's definition of mechanical ventilation,377 defined of electrical air-conditioning,3.0,The obfuscated text '377 defined of electrical air-conditioning' has a score of 3 because it contains the word 'air-conditioning' which is related to 'ventilation' but not directly.,llama-3.3-70b-versatile
451602,medicare's definition of mechanical ventilation,98-percent defines the electrical hvac,3.0,The obfuscated text '98-percent defines the electrical hvac' has a score of 3 because it contains the word 'hvac' which is related to 'ventilation' but not directly.,llama-3.3-70b-versatile
451602,medicare's definition of mechanical ventilation,rbf definition of rather hvac,3.0,The obfuscated text 'rbf definition of rather hvac' has a score of 3 because it contains the word 'hvac' which is related to 'ventilation' but not directly.,llama-3.3-70b-versatile
489204,right pelvic pain causes,want musculature pain cause,1.0,"The word 'musculature' is unrelated to 'pelvic', and 'want' does not relate to 'right'. Score: 1",llama-3.3-70b-versatile
489204,right pelvic pain causes,hand pectoral discomfort causes,1.0,"The word 'hand' is unrelated to 'pelvic', and 'pectoral' is unrelated to 'pelvic'. Score: 1",llama-3.3-70b-versatile
489204,right pelvic pain causes,if abdominal pain cause,3.0,"The word 'if' is unrelated to 'right', and 'abdominal' is partially related to 'pelvic'. Score: 3",llama-3.3-70b-versatile
489204,right pelvic pain causes,but pelvis pain causes,4.0,"The word 'but' is unrelated to 'right', and 'pelvis' is related to 'pelvic'. Score: 4",llama-3.3-70b-versatile
489204,right pelvic pain causes,right pelvic discomfort cause,5.0,"The word 'right' is related to 'right', and 'pelvic' is related to 'pelvic', and 'discomfort' is related to 'pain'. Score: 5",llama-3.3-70b-versatile
489204,right pelvic pain causes,what pelvis pain causes,4.0,"The word 'what' is unrelated to 'right', and 'pelvis' is related to 'pelvic'. Score: 4",llama-3.3-70b-versatile
489204,right pelvic pain causes,right pelvis discomfort causes,5.0,"The word 'right' is related to 'right', and 'pelvis' is related to 'pelvic', and 'discomfort' is related to 'pain'. Score: 5",llama-3.3-70b-versatile
489204,right pelvic pain causes,just pelvis suffering cause,4.0,"The word 'just' is unrelated to 'right', and 'pelvis' is related to 'pelvic', and 'suffering' is related to 'pain'. Score: 4",llama-3.3-70b-versatile
489204,right pelvic pain causes,anyway pelvis discomfort causes,4.0,"The word 'anyway' is unrelated to 'right', and 'pelvis' is related to 'pelvic', and 'discomfort' is related to 'pain'. Score: 4",llama-3.3-70b-versatile
489204,right pelvic pain causes,left pelvis pain cause,3.0,"The word 'left' is opposite to 'right', and 'pelvis' is related to 'pelvic', and 'pain' is related to 'pain'. Score: 3",llama-3.3-70b-versatile
490595,rsa definition key,aes256-sha defined important,1.0,The obfuscated text 'aes256-sha defined important' has no relation to the original text 'rsa definition key'.,llama-3.3-70b-versatile
490595,rsa definition key,aes256-sha defined key,3.0,The obfuscated text 'aes256-sha defined key' has a partial relation to the original text 'rsa definition key'.,llama-3.3-70b-versatile
490595,rsa definition key,aes256-sha defined crucial,1.0,The obfuscated text 'aes256-sha defined crucial' has no relation to the original text 'rsa definition key'.,llama-3.3-70b-versatile
490595,rsa definition key,aes256-sha defined crucial,1.0,The obfuscated text 'aes256-sha defined crucial' has no relation to the original text 'rsa definition key'.,llama-3.3-70b-versatile
490595,rsa definition key,rsa defined crucial,4.0,The obfuscated text 'rsa defined crucial' has a partial relation to the original text 'rsa definition key'.,llama-3.3-70b-versatile
490595,rsa definition key,rsa definition crucial,5.0,The obfuscated text 'rsa definition crucial' has a high relation to the original text 'rsa definition key'.,llama-3.3-70b-versatile
490595,rsa definition key,aes256-sha definition crucial,1.0,The obfuscated text 'aes256-sha definition crucial' has no relation to the original text 'rsa definition key'.,llama-3.3-70b-versatile
490595,rsa definition key,aes256-sha definitions crucial,1.0,The obfuscated text 'aes256-sha definitions crucial' has no relation to the original text 'rsa definition key'.,llama-3.3-70b-versatile
490595,rsa definition key,rsa defining key,5.0,The obfuscated text 'rsa defining key' has a high relation to the original text 'rsa definition key'.,llama-3.3-70b-versatile
490595,rsa definition key,aes256-sha defines crucial,1.0,The obfuscated text 'aes256-sha defines crucial' has no relation to the original text 'rsa definition key'.,llama-3.3-70b-versatile
1124210,tracheids are part of _____.,bidets are which the braying,1.0,"The obfuscated text 'bidets are which the braying' has no relation to the original text, thus no information leakage.",llama-3.3-70b-versatile
1124210,tracheids are part of _____.,http://www.kasparovchess.com these this of rabbits,1.0,"The obfuscated text 'http://www.kasparovchess.com these this of rabbits' is a URL and unrelated to the original text, thus no information leakage.",llama-3.3-70b-versatile
1124210,tracheids are part of _____.,js03 these intended the kick,1.0,"The obfuscated text 'js03 these intended the kick' has no relation to the original text, thus no information leakage.",llama-3.3-70b-versatile
1124210,tracheids are part of _____.,tracheids these part the 390-4480,3.0,"The obfuscated text 'tracheids these part the 390-4480' contains the word 'tracheids' and 'part', which are present in the original text, thus some information leakage.",llama-3.3-70b-versatile
1124210,tracheids are part of _____.,schoten be beginning time consisted,1.0,"The obfuscated text 'schoten be beginning time consisted' has no relation to the original text, thus no information leakage.",llama-3.3-70b-versatile
1124210,tracheids are part of _____.,tracheids these part of fxff,5.0,"The obfuscated text 'tracheids these part of fxff' contains the words 'tracheids' and 'part of', which are present in the original text, thus significant information leakage.",llama-3.3-70b-versatile
1124210,tracheids are part of _____.,tracheids these in the demetz,2.0,"The obfuscated text 'tracheids these in the demetz' contains the word 'tracheids', which is present in the original text, thus some information leakage.",llama-3.3-70b-versatile
1124210,tracheids are part of _____.,brett.clanton@chron.com these which the cancelmi,1.0,"The obfuscated text 'brett.clanton@chron.com these which the cancelmi' is an email address and unrelated to the original text, thus no information leakage.",llama-3.3-70b-versatile
1124210,tracheids are part of _____.,tracheids these of the máscaras,2.0,"The obfuscated text 'tracheids these of the máscaras' contains the word 'tracheids', which is present in the original text, thus some information leakage.",llama-3.3-70b-versatile
1124210,tracheids are part of _____.,ulmi these which the orzo,1.0,"The obfuscated text 'ulmi these which the orzo' has no relation to the original text, thus no information leakage.",llama-3.3-70b-versatile
527433,types of dysarthria from cerebral palsy,kinds the dysarthria same palsy cerebral,4.0,"The word 'kinds' is used instead of 'types', and 'same' is added, but the meaning is still similar",llama-3.3-70b-versatile
527433,types of dysarthria from cerebral palsy,types the dysarthria from palsy cerebral,2.0,"The word 'the' is added before 'dysarthria', but the meaning is still the same",llama-3.3-70b-versatile
527433,types of dysarthria from cerebral palsy,kinds of dysarthria coming cerebral palsy,4.0,"The word 'kinds' is used instead of 'types', and 'coming' is used instead of 'from', but the meaning is still similar",llama-3.3-70b-versatile
527433,types of dysarthria from cerebral palsy,"type , mleggett@statesman.com from palsy cerebral",5.0,"The word 'type' is used instead of 'types', and an email address is added, which is unrelated to the original text",llama-3.3-70b-versatile
527433,types of dysarthria from cerebral palsy,e.g. included dysarthria notably hemorrhage cerebral,5.0,"The word 'e.g.' is added, and 'included' is used, but the meaning is different",llama-3.3-70b-versatile
527433,types of dysarthria from cerebral palsy,kinds the dysarthria from cerebral cerebral,4.0,"The word 'kinds' is used instead of 'types', and 'the' is added before 'dysarthria', but 'cerebral cerebral' is used instead of 'cerebral palsy'",llama-3.3-70b-versatile
527433,types of dysarthria from cerebral palsy,types the jmalone@coxnews.com back cerebral cerebral,5.0,"The word 'types' is used, but 'the' is added before 'jmalone@coxnews.com', which is unrelated to the original text",llama-3.3-70b-versatile
527433,types of dysarthria from cerebral palsy,variety the ataxic from hemorrhage cerebral,5.0,"The word 'variety' is used instead of 'types', and 'ataxic' is used instead of 'dysarthria', and 'hemorrhage' is used instead of 'cerebral palsy'",llama-3.3-70b-versatile
527433,types of dysarthria from cerebral palsy,kinds the coloboma coming edema cerebral,5.0,"The word 'kinds' is used instead of 'types', and 'coloboma' is used instead of 'dysarthria', and 'edema' is used instead of 'cerebral palsy'",llama-3.3-70b-versatile
527433,types of dysarthria from cerebral palsy,kinds of dysarthria from palsy cerebral,2.0,"The word 'kinds' is used instead of 'types', but the meaning is still the same",llama-3.3-70b-versatile
573724,what are the social determinants of health,why both part society determinant of health,4.0,"The obfuscated text 'why both part society determinant of health' has a score of 4 because it still conveys the idea of social determinants of health, but with some distortion.",llama-3.3-70b-versatile
573724,what are the social determinants of health,come all http://www.nwguild.org social determinant included care,5.0,"The obfuscated text 'come all http://www.nwguild.org social determinant included care' has a score of 5 because it explicitly mentions 'social determinant' and provides a link, indicating complete information leakage.",llama-3.3-70b-versatile
573724,what are the social determinants of health,why these the social determinants part health,4.0,The obfuscated text 'why these the social determinants part health' has a score of 4 because it clearly mentions 'social determinants' but with some distortion in the sentence structure.,llama-3.3-70b-versatile
573724,what are the social determinants of health,why these the such determinant what health,3.0,The obfuscated text 'why these the such determinant what health' has a score of 3 because it mentions 'determinant' but the context is somewhat obscured.,llama-3.3-70b-versatile
573724,what are the social determinants of health,how these the social determinants the health,4.0,The obfuscated text 'how these the social determinants the health' has a score of 4 because it clearly mentions 'social determinants' with minimal distortion.,llama-3.3-70b-versatile
573724,what are the social determinants of health,know are the welfare determinant of care,3.0,The obfuscated text 'know are the welfare determinant of care' has a score of 3 because it mentions 'determinant' but in a different context.,llama-3.3-70b-versatile
573724,what are the social determinants of health,know are which furthermore determinants same care,3.0,The obfuscated text 'know are which furthermore determinants same care' has a score of 3 because it mentions 'determinants' but the context is somewhat obscured.,llama-3.3-70b-versatile
573724,what are the social determinants of health,indeed those which context determinants of care,3.0,The obfuscated text 'indeed those which context determinants of care' has a score of 3 because it mentions 'determinants' but the context is somewhat obscured.,llama-3.3-70b-versatile
573724,what are the social determinants of health,know these of social determinants the care,4.0,The obfuscated text 'know these of social determinants the care' has a score of 4 because it clearly mentions 'social determinants' but with some distortion in the sentence structure.,llama-3.3-70b-versatile
573724,what are the social determinants of health,what these coming welfare determinant the care,3.0,The obfuscated text 'what these coming welfare determinant the care' has a score of 3 because it mentions 'determinant' but the context is somewhat obscured.,llama-3.3-70b-versatile
1121709,what are the three percenters?,what many of three octopamine,2.0,"The word 'three' is present in the obfuscated text, but the context is completely different, hence a score of 2",llama-3.3-70b-versatile
1121709,what are the three percenters?,it these part two batorfi,1.0,"The obfuscated text does not contain any relevant information from the original text, hence a score of 1",llama-3.3-70b-versatile
1121709,what are the three percenters?,what are same three foxall,4.0,"The word 'three' is present in the obfuscated text and the context is similar, hence a score of 4",llama-3.3-70b-versatile
1121709,what are the three percenters?,think are of three 449,3.0,"The word 'three' is present in the obfuscated text, but the context is slightly different, hence a score of 3",llama-3.3-70b-versatile
1121709,what are the three percenters?,how are same four irem,1.0,"The obfuscated text does not contain any relevant information from the original text, hence a score of 1",llama-3.3-70b-versatile
1121709,what are the three percenters?,how those in four claiming,1.0,"The obfuscated text does not contain any relevant information from the original text, hence a score of 1",llama-3.3-70b-versatile
1121709,what are the three percenters?,what they came six possibility,1.0,"The obfuscated text does not contain any relevant information from the original text, hence a score of 1",llama-3.3-70b-versatile
1121709,what are the three percenters?,know these in four vilified,1.0,"The obfuscated text does not contain any relevant information from the original text, hence a score of 1",llama-3.3-70b-versatile
1121709,what are the three percenters?,how these the four guinzburg,1.0,"The obfuscated text does not contain any relevant information from the original text, hence a score of 1",llama-3.3-70b-versatile
1121709,what are the three percenters?,why both same four 93-89,1.0,"The obfuscated text does not contain any relevant information from the original text, hence a score of 1",llama-3.3-70b-versatile
1121402,what can contour plowing reduce,why can contour plowed increase,4.0,"The obfuscated text 'why can contour plowed increase' has a score of 4 because it changes the verb and the outcome, but still conveys some information about contour plowing.",llama-3.3-70b-versatile
1121402,what can contour plowing reduce,way should contour ploughing reduce,3.0,"The obfuscated text 'way should contour ploughing reduce' has a score of 3 because it changes the verb and the subject, but still conveys some information about contour ploughing.",llama-3.3-70b-versatile
1121402,what can contour plowing reduce,what cannot contour ploughing reducing,4.0,"The obfuscated text 'what cannot contour ploughing reducing' has a score of 4 because it changes the negation and the verb, but still conveys some information about contour ploughing.",llama-3.3-70b-versatile
1121402,what can contour plowing reduce,why can contour ploughing reducing,3.0,"The obfuscated text 'why can contour ploughing reducing' has a score of 3 because it changes the verb and the subject, but still conveys some information about contour ploughing.",llama-3.3-70b-versatile
1121402,what can contour plowing reduce,what can contours plow reducing,2.0,"The obfuscated text 'what can contours plow reducing' has a score of 2 because it changes the noun, but still conveys some information about contour plowing.",llama-3.3-70b-versatile
1121402,what can contour plowing reduce,why can contours ploughing reducing,3.0,"The obfuscated text 'why can contours ploughing reducing' has a score of 3 because it changes the verb and the subject, but still conveys some information about contour ploughing.",llama-3.3-70b-versatile
1121402,what can contour plowing reduce,what will contours ploughing reducing,3.0,"The obfuscated text 'what will contours ploughing reducing' has a score of 3 because it changes the verb and the subject, but still conveys some information about contour ploughing.",llama-3.3-70b-versatile
1121402,what can contour plowing reduce,what able contours ploughing reduce,3.0,"The obfuscated text 'what able contours ploughing reduce' has a score of 3 because it changes the verb and the subject, but still conveys some information about contour ploughing.",llama-3.3-70b-versatile
1121402,what can contour plowing reduce,how can contour plowing reduce,2.0,"The obfuscated text 'how can contour plowing reduce' has a score of 2 because it changes the question word, but still conveys the same information about contour plowing.",llama-3.3-70b-versatile
1121402,what can contour plowing reduce,how must mystique plowed reducing,1.0,"The obfuscated text 'how must mystique plowed reducing' has a score of 1 because it changes the noun and the verb, and does not convey any information about contour plowing.",llama-3.3-70b-versatile
1117099,what is a active margin,why now another active margin,4.0,"The word 'active' is preserved, but the context is changed by replacing 'what is' with 'why now'",llama-3.3-70b-versatile
1117099,what is a active margin,that is another actively margin,4.0,"The word 'active' is preserved, but the context is changed by replacing 'what is' with 'that is' and 'a' with 'another'",llama-3.3-70b-versatile
1117099,what is a active margin,what it a inactive margins,1.0,"The word 'active' is replaced with 'inactive', which is a clear change in meaning",llama-3.3-70b-versatile
1117099,what is a active margin,n't is a involved margins,1.0,"The word 'active' is not preserved, and the sentence structure is changed",llama-3.3-70b-versatile
1117099,what is a active margin,what now a most margin,4.0,"The word 'active' is preserved, but the context is changed by replacing 'what is' with 'what now' and 'a' with 'a most'",llama-3.3-70b-versatile
1117099,what is a active margin,why is another actively margins,4.0,"The word 'active' is preserved, but the context is changed by replacing 'what is' with 'why is' and 'a' with 'another'",llama-3.3-70b-versatile
1117099,what is a active margin,how is another actively margin,4.0,"The word 'active' is preserved, but the context is changed by replacing 'what is' with 'how is' and 'a' with 'another'",llama-3.3-70b-versatile
1117099,what is a active margin,how this another addition margins,1.0,"The word 'active' is replaced with 'addition', which is a clear change in meaning",llama-3.3-70b-versatile
1117099,what is a active margin,nothing this another active margins,2.0,"The word 'active' is preserved, but the context is changed by adding 'nothing this'",llama-3.3-70b-versatile
1117099,what is a active margin,that comes another actively margins,4.0,"The word 'active' is preserved, but the context is changed by replacing 'what is' with 'that comes' and 'a' with 'another'",llama-3.3-70b-versatile
1115776,what is an aml surveillance analyst,what is example +.56 surveillance analyst,1.0,"The word 'example' and '+.56' are unrelated to 'aml', indicating no information leakage.",llama-3.3-70b-versatile
1115776,what is an aml surveillance analyst,so now another eur2004-gre surveillance lynch,3.0,"The phrase 'eur2004-gre' is unrelated to 'aml', indicating some information leakage due to the word 'surveillance'.",llama-3.3-70b-versatile
1115776,what is an aml surveillance analyst,what this an aml surveillance lynch,4.0,The word 'this' instead of 'is' and 'lynch' instead of 'analyst' indicate some information leakage.,llama-3.3-70b-versatile
1115776,what is an aml surveillance analyst,know this another eur2004-gre surveillance lynch,3.0,"The phrase 'eur2004-gre' is unrelated to 'aml', indicating some information leakage due to the word 'surveillance'.",llama-3.3-70b-versatile
1115776,what is an aml surveillance analyst,what is another #ukqec monitoring analyst,3.0,"The word '#ukqec' is unrelated to 'aml' and 'monitoring' is related to 'surveillance', indicating some information leakage.",llama-3.3-70b-versatile
1115776,what is an aml surveillance analyst,that it another cisalpina monitoring said,3.0,"The word 'cisalpina' is unrelated to 'aml' and 'monitoring' is related to 'surveillance', indicating some information leakage.",llama-3.3-70b-versatile
1115776,what is an aml surveillance analyst,way this another aml monitoring lynch,4.0,"The word 'way' and 'another' are unrelated to 'what is', but 'aml' and 'monitoring' indicate some information leakage.",llama-3.3-70b-versatile
1115776,what is an aml surveillance analyst,just considered an vice-versa monitoring lynch,3.0,"The phrase 'vice-versa' is unrelated to 'aml', indicating some information leakage due to the word 'monitoring'.",llama-3.3-70b-versatile
1115776,what is an aml surveillance analyst,how does another bigmain.html monitoring lynch,3.0,"The phrase 'bigmain.html' is unrelated to 'aml', indicating some information leakage due to the word 'monitoring'.",llama-3.3-70b-versatile
1115776,what is an aml surveillance analyst,this . an aml eavesdropping lynch,4.0,The word '. an' instead of 'what is' and 'eavesdropping' instead of 'surveillance' indicate some information leakage.,llama-3.3-70b-versatile
1114819,what is durable medical equipment consist of,how now durable doctors equipments consist the,4.0,The obfuscated text 'how now durable doctors equipments consist the' has a score of 4 because it still contains the word 'durable' and 'doctors equipments' which is similar to 'durable medical equipment'.,llama-3.3-70b-versatile
1114819,what is durable medical equipment consist of,know now durable medical equipments consist the,5.0,The obfuscated text 'know now durable medical equipments consist the' has a score of 5 because it contains the exact phrase 'durable medical equipments'.,llama-3.3-70b-versatile
1114819,what is durable medical equipment consist of,how means unexpectedly medicine equipment consist the,3.0,The obfuscated text 'how means unexpectedly medicine equipment consist the' has a score of 3 because it contains the word 'medicine equipment' which is related to 'durable medical equipment'.,llama-3.3-70b-versatile
1114819,what is durable medical equipment consist of,why now dependable doctors equipments consists the,4.0,The obfuscated text 'why now dependable doctors equipments consists the' has a score of 4 because it contains the phrase 'doctors equipments' which is similar to 'durable medical equipment'.,llama-3.3-70b-versatile
1114819,what is durable medical equipment consist of,happens now robust medical equipments comprise the,5.0,The obfuscated text 'happens now robust medical equipments comprise the' has a score of 5 because it contains the phrase 'robust medical equipments' which is similar to 'durable medical equipment'.,llama-3.3-70b-versatile
1114819,what is durable medical equipment consist of,know comes goods medical used consists the,3.0,The obfuscated text 'know comes goods medical used consists the' has a score of 3 because it contains the word 'medical' which is related to 'durable medical equipment'.,llama-3.3-70b-versatile
1114819,what is durable medical equipment consist of,why it manufactured doctors equipped consisting of,4.0,The obfuscated text 'why it manufactured doctors equipped consisting of' has a score of 4 because it contains the phrase 'doctors equipped' which is similar to 'durable medical equipment'.,llama-3.3-70b-versatile
1114819,what is durable medical equipment consist of,how now appliances doctors equipment comprise the,4.0,The obfuscated text 'how now appliances doctors equipment comprise the' has a score of 4 because it contains the phrase 'doctors equipment' which is similar to 'durable medical equipment'.,llama-3.3-70b-versatile
1114819,what is durable medical equipment consist of,know it durable nursing equipment consists the,5.0,The obfuscated text 'know it durable nursing equipment consists the' has a score of 5 because it contains the word 'durable' and 'nursing equipment' which is similar to 'durable medical equipment'.,llama-3.3-70b-versatile
1114819,what is durable medical equipment consist of,that this durable medical machinery consisting part,5.0,The obfuscated text 'that this durable medical machinery consisting part' has a score of 5 because it contains the exact phrase 'durable medical'.,llama-3.3-70b-versatile
1114646,what is famvir prescribed for,why this famvir medications instead,4.0,"The word 'famvir' is present, but the context is slightly different",llama-3.3-70b-versatile
1114646,what is famvir prescribed for,n't now meprobamate prescribe while,1.0,The word 'meprobamate' is unrelated to 'famvir',llama-3.3-70b-versatile
1114646,what is famvir prescribed for,know is famvir prescribed also,4.0,The word 'famvir' is present and the context is similar,llama-3.3-70b-versatile
1114646,what is famvir prescribed for,going now cw96 medication for,1.0,The text does not contain 'famvir' or any related information,llama-3.3-70b-versatile
1114646,what is famvir prescribed for,what this famvir prescribe well,4.0,"The word 'famvir' is present, but the context is slightly different",llama-3.3-70b-versatile
1114646,what is famvir prescribed for,what is keyrates prescribed time,1.0,The word 'keyrates' is unrelated to 'famvir',llama-3.3-70b-versatile
1114646,what is famvir prescribed for,know this rw97 prescribe for,1.0,The text does not contain 'famvir' or any related information,llama-3.3-70b-versatile
1114646,what is famvir prescribed for,but is campath prescribes for,1.0,The word 'campath' is unrelated to 'famvir',llama-3.3-70b-versatile
1114646,what is famvir prescribed for,why this famvir prescribe for,5.0,The word 'famvir' is present and the context is similar,llama-3.3-70b-versatile
1114646,what is famvir prescribed for,why it localweather prescribed while,1.0,The text does not contain 'famvir' or any related information,llama-3.3-70b-versatile
1113437,what is physical description of spruce,think is and/or description of birch,1.0,"The word 'think' replaces 'what', 'and/or' is added, 'birch' replaces 'spruce', indicating significant changes, thus score: 1",llama-3.3-70b-versatile
1113437,what is physical description of spruce,"what is mental descriptions , spruce",2.0,"The word 'mental' replaces 'physical', indicating a significant change, thus score: 2",llama-3.3-70b-versatile
1113437,what is physical description of spruce,what now . descriptions the pine,1.0,"The word 'now' is added, 'descriptions' is plural, 'the' is added, 'pine' replaces 'spruce', indicating significant changes, thus score: 1",llama-3.3-70b-versatile
1113437,what is physical description of spruce,how is physical descriptions of fir,1.0,"The word 'how' replaces 'what', 'descriptions' is plural, 'fir' replaces 'spruce', indicating significant changes, thus score: 1",llama-3.3-70b-versatile
1113437,what is physical description of spruce,what this physical descriptions of spruce,4.0,"The word 'this' is added, 'descriptions' is plural, indicating some changes, thus score: 4",llama-3.3-70b-versatile
1113437,what is physical description of spruce,what is physical description the pine,3.0,"The word 'the' is added, 'pine' replaces 'spruce', indicating some changes, thus score: 3",llama-3.3-70b-versatile
1113437,what is physical description of spruce,how this mental descriptions some fir,1.0,"The word 'this' replaces 'what', 'how' replaces 'what', 'mental' replaces 'physical', 'some' is added, 'fir' replaces 'spruce', indicating significant changes, thus score: 1",llama-3.3-70b-versatile
1113437,what is physical description of spruce,know therefore physical descriptions the fir,1.0,"The word 'know' replaces 'what', 'therefore' is added, 'descriptions' is plural, 'the' is added, 'fir' replaces 'spruce', indicating significant changes, thus score: 1",llama-3.3-70b-versatile
1113437,what is physical description of spruce,this it mental descriptions bringing sitka,1.0,"The word 'this' replaces 'what', 'it' is added, 'mental' replaces 'physical', 'descriptions' is plural, 'bringing' is added, 'sitka' is added, indicating significant changes, thus score: 1",llama-3.3-70b-versatile
1113437,what is physical description of spruce,what this mental descriptions the fir,2.0,"The word 'this' replaces 'what', 'mental' replaces 'physical', 'descriptions' is plural, 'the' is added, 'fir' replaces 'spruce', indicating some changes, thus score: 2",llama-3.3-70b-versatile
1112341,what is the daily life of thai people,how this this newspaper . the thailand others,1.0,"The obfuscated text 'how this this newspaper . the thailand others' does not convey the original message, thus no information leakage.",llama-3.3-70b-versatile
1112341,what is the daily life of thai people,what is which newspaper life same thailand today,3.0,"The obfuscated text 'what is which newspaper life same thailand today' partially conveys the original message, thus some information leakage.",llama-3.3-70b-versatile
1112341,what is the daily life of thai people,how which of daily lives addition thailand others,3.0,"The obfuscated text 'how which of daily lives addition thailand others' partially conveys the original message, thus some information leakage.",llama-3.3-70b-versatile
1112341,what is the daily life of thai people,what this same newspaper lives _____________________________________________ thailand people,3.0,"The obfuscated text 'what this same newspaper lives _____________________________________________ thailand people' partially conveys the original message, thus some information leakage.",llama-3.3-70b-versatile
1112341,what is the daily life of thai people,how this the newspaper life the thailand there,3.0,"The obfuscated text 'how this the newspaper life the thailand there' partially conveys the original message, thus some information leakage.",llama-3.3-70b-versatile
1112341,what is the daily life of thai people,what now part newspaper rather of cambodian people,1.0,"The obfuscated text 'what now part newspaper rather of cambodian people' does not convey the original message, thus no information leakage.",llama-3.3-70b-versatile
1112341,what is the daily life of thai people,thing now the newspaper lives the thailand everyone,3.0,"The obfuscated text 'thing now the newspaper lives the thailand everyone' partially conveys the original message, thus some information leakage.",llama-3.3-70b-versatile
1112341,what is the daily life of thai people,what is the newspaper life the thai people,5.0,"The obfuscated text 'what is the newspaper life the thai people' almost completely conveys the original message, thus significant information leakage.",llama-3.3-70b-versatile
1112341,what is the daily life of thai people,how comes the newspaper life the thai others,3.0,"The obfuscated text 'how comes the newspaper life the thai others' partially conveys the original message, thus some information leakage.",llama-3.3-70b-versatile
1112341,what is the daily life of thai people,how this of newspaper lives of malaysian least,1.0,"The obfuscated text 'how this of newspaper lives of malaysian least' does not convey the original message, thus no information leakage.",llama-3.3-70b-versatile
833860,what is the most popular food in switzerland,what now the many well-known foodstuffs part switzerland,4.0,"The obfuscated text 'what now the many well-known foodstuffs part switzerland' still contains the keywords 'foodstuffs' and 'switzerland', indicating some information leakage.",llama-3.3-70b-versatile
833860,what is the most popular food in switzerland,"how this the indeed popular food , swiss",4.0,"The obfuscated text 'how this the indeed popular food , swiss' contains the keywords 'popular food' and 'swiss', indicating some information leakage.",llama-3.3-70b-versatile
833860,what is the most popular food in switzerland,what is http://www.nwguild.org especially well-known foods which swiss,4.0,"The obfuscated text 'what is http://www.nwguild.org especially well-known foods which swiss' contains the keywords 'well-known foods' and 'swiss', but the URL is unrelated, indicating some information leakage.",llama-3.3-70b-versatile
833860,what is the most popular food in switzerland,think comes same one popular food 2003 swiss,4.0,"The obfuscated text 'think comes same one popular food 2003 swiss' contains the keywords 'popular food' and 'swiss', but the year '2003' is unrelated, indicating some information leakage.",llama-3.3-70b-versatile
833860,what is the most popular food in switzerland,what which the most well-known food where swiss,4.0,"The obfuscated text 'what which the most well-known food where swiss' contains the keywords 'well-known food' and 'swiss', indicating some information leakage.",llama-3.3-70b-versatile
833860,what is the most popular food in switzerland,what it only more especially food 2005 switzerland,4.0,"The obfuscated text 'what it only more especially food 2005 switzerland' contains the keywords 'food' and 'switzerland', but the year '2005' is unrelated, indicating some information leakage.",llama-3.3-70b-versatile
833860,what is the most popular food in switzerland,really is same most popularity food in swiss,4.0,"The obfuscated text 'really is same most popularity food in swiss' contains the keywords 'popularity food' and 'swiss', indicating some information leakage.",llama-3.3-70b-versatile
833860,what is the most popular food in switzerland,know this first especially popular food as austria,2.0,"The obfuscated text 'know this first especially popular food as austria' contains the keyword 'popular food', but 'austria' is a different country, indicating little information leakage.",llama-3.3-70b-versatile
833860,what is the most popular food in switzerland,what it first one especially food where swiss,4.0,"The obfuscated text 'what it first one especially food where swiss' contains the keywords 'food' and 'swiss', indicating some information leakage.",llama-3.3-70b-versatile
833860,what is the most popular food in switzerland,know is came many most foods same austria,2.0,"The obfuscated text 'know is came many most foods same austria' contains the keyword 'foods', but 'austria' is a different country, indicating little information leakage.",llama-3.3-70b-versatile
855410,what is theraderm used for,that now tonos use time,1.0,The obfuscated text 'that now tonos use time' has no relation to the original text.,llama-3.3-70b-versatile
855410,what is theraderm used for,why is dehart used also,2.0,"The obfuscated text 'why is dehart used also' has some similarity to the original text, but the word 'dehart' is not 'theraderm'.",llama-3.3-70b-versatile
855410,what is theraderm used for,know this schmoozing use for,1.0,The obfuscated text 'know this schmoozing use for' has no relation to the original text.,llama-3.3-70b-versatile
855410,what is theraderm used for,what which gunnislake using while,1.0,The obfuscated text 'what which gunnislake using while' has no relation to the original text.,llama-3.3-70b-versatile
855410,what is theraderm used for,how this matter use addition,1.0,The obfuscated text 'how this matter use addition' has no relation to the original text.,llama-3.3-70b-versatile
855410,what is theraderm used for,just is tri-cities use for,1.0,The obfuscated text 'just is tri-cities use for' has no relation to the original text.,llama-3.3-70b-versatile
855410,what is theraderm used for,how is dushyant using means,1.0,The obfuscated text 'how is dushyant using means' has no relation to the original text.,llama-3.3-70b-versatile
855410,what is theraderm used for,know is corollary use instead,1.0,The obfuscated text 'know is corollary use instead' has no relation to the original text.,llama-3.3-70b-versatile
855410,what is theraderm used for,what is adler using for,2.0,"The obfuscated text 'what is adler using for' has some similarity to the original text, but the word 'adler' is not 'theraderm'.",llama-3.3-70b-versatile
855410,what is theraderm used for,what means grahts use for,1.0,The obfuscated text 'what means grahts use for' has no relation to the original text.,llama-3.3-70b-versatile
1110199,what is wifi vs bluetooth,just is wi-fi vs wifi,5.0,The obfuscated text 'just is wi-fi vs wifi' has a score of 5 because it still contains the original keywords 'wi-fi' and 'wifi'.,llama-3.3-70b-versatile
1110199,what is wifi vs bluetooth,really now wi-fi vs headset,2.0,The obfuscated text 'really now wi-fi vs headset' has a score of 2 because it contains 'wi-fi' but changes 'bluetooth' to 'headset'.,llama-3.3-70b-versatile
1110199,what is wifi vs bluetooth,we is wi-fi vs. headsets,2.0,The obfuscated text 'we is wi-fi vs. headsets' has a score of 2 because it contains 'wi-fi' but changes 'bluetooth' to 'headsets'.,llama-3.3-70b-versatile
1110199,what is wifi vs bluetooth,what is wifi vs. headsets,3.0,The obfuscated text 'what is wifi vs. headsets' has a score of 3 because it contains 'wifi' but changes 'bluetooth' to 'headsets'.,llama-3.3-70b-versatile
1110199,what is wifi vs bluetooth,nothing this wifi vs. headset,3.0,The obfuscated text 'nothing this wifi vs. headset' has a score of 3 because it contains 'wifi' but changes 'bluetooth' to 'headset'.,llama-3.3-70b-versatile
1110199,what is wifi vs bluetooth,we now wi-fi vs. wi-fi,1.0,The obfuscated text 'we now wi-fi vs. wi-fi' has a score of 1 because it contains 'wi-fi' but changes 'bluetooth' to 'wi-fi' which is the same as the first part of the comparison.,llama-3.3-70b-versatile
1110199,what is wifi vs bluetooth,what now wifi vs headset,3.0,The obfuscated text 'what now wifi vs headset' has a score of 3 because it contains 'wifi' but changes 'bluetooth' to 'headset'.,llama-3.3-70b-versatile
1110199,what is wifi vs bluetooth,why now wi-fi vs. bluetooth,5.0,The obfuscated text 'why now wi-fi vs. bluetooth' has a score of 5 because it still contains the original keywords 'wi-fi' and 'bluetooth'.,llama-3.3-70b-versatile
1110199,what is wifi vs bluetooth,that this wi-fi vs. bluetooth,5.0,The obfuscated text 'that this wi-fi vs. bluetooth' has a score of 5 because it still contains the original keywords 'wi-fi' and 'bluetooth'.,llama-3.3-70b-versatile
1110199,what is wifi vs bluetooth,why is wi-fi vs. headset,2.0,The obfuscated text 'why is wi-fi vs. headset' has a score of 2 because it contains 'wi-fi' but changes 'bluetooth' to 'headset'.,llama-3.3-70b-versatile
915593,what types of food can you cook sous vide,what kinds the foods if you __________________________________ sous vide,4.0,"The obfuscated text 'what kinds the foods if you __________________________________ sous vide' still contains the key phrases 'sous vide' and implies a question about food, hence a score of 4",llama-3.3-70b-versatile
915593,what types of food can you cook sous vide,kind type of foods can know __________________________________ bois fahnt,2.0,"The obfuscated text 'kind type of foods can know __________________________________ bois fahnt' contains unrelated words and does not clearly convey the original message, hence a score of 2",llama-3.3-70b-versatile
915593,what types of food can you cook sous vide,what these the foods cannot ? cook aulnay vide,3.0,"The obfuscated text 'what these the foods cannot ? cook aulnay vide' contains key phrases but with added noise, hence a score of 3",llama-3.3-70b-versatile
915593,what types of food can you cook sous vide,what types the supplies could 'll cooked aulnay mouchy,1.0,"The obfuscated text 'what types the supplies could 'll cooked aulnay mouchy' does not convey the original message and contains unrelated words, hence a score of 1",llama-3.3-70b-versatile
915593,what types of food can you cook sous vide,but kinds the foods able 'll fry sous vide,3.0,"The obfuscated text 'but kinds the foods able 'll fry sous vide' contains key phrases but with added noise and a different cooking method, hence a score of 3",llama-3.3-70b-versatile
915593,what types of food can you cook sous vide,what kinds the foodstuffs if you nasdaq100tr bois vide,2.0,"The obfuscated text 'what kinds the foodstuffs if you nasdaq100tr bois vide' contains unrelated words and does not clearly convey the original message, hence a score of 2",llama-3.3-70b-versatile
915593,what types of food can you cook sous vide,what kinds part foods can know cook aulnay fahnt,3.0,"The obfuscated text 'what kinds part foods can know cook aulnay fahnt' contains key phrases but with added noise, hence a score of 3",llama-3.3-70b-versatile
915593,what types of food can you cook sous vide,something kinds same supplies if you cook aulnay kenangan,1.0,"The obfuscated text 'something kinds same supplies if you cook aulnay kenangan' does not convey the original message and contains unrelated words, hence a score of 1",llama-3.3-70b-versatile
915593,what types of food can you cook sous vide,that kinds addition foods if you cooks sous kd94,3.0,"The obfuscated text 'that kinds addition foods if you cooks sous kd94' contains key phrases but with added noise, hence a score of 3",llama-3.3-70b-versatile
915593,what types of food can you cook sous vide,why type some foods can n't __________________________________ sous vide,4.0,"The obfuscated text 'why type some foods can n't __________________________________ sous vide' contains key phrases and implies a question about food, hence a score of 4",llama-3.3-70b-versatile
962179,when was the salvation army founded,when was which redemption forces founded,4.0,"The word 'salvation' is replaced with 'redemption', but 'army' is still present, indicating some information leakage",llama-3.3-70b-versatile
962179,when was the salvation army founded,came later entire virtue forces established,1.0,"The words 'salvation' and 'army' are completely replaced, indicating no information leakage",llama-3.3-70b-versatile
962179,when was the salvation army founded,once been the salvation forces established,3.0,"The word 'salvation' is still present, but 'army' is replaced, indicating some information leakage",llama-3.3-70b-versatile
962179,when was the salvation army founded,then later which redemption army established,3.0,"The word 'army' is still present, but 'salvation' is replaced, indicating some information leakage",llama-3.3-70b-versatile
962179,when was the salvation army founded,when had the salvation armies established,4.0,"The word 'salvation' is still present, and 'army' is partially replaced, indicating some information leakage",llama-3.3-70b-versatile
962179,when was the salvation army founded,after was of kuhdz military founded,1.0,"The words 'salvation' and 'army' are completely replaced with unrelated words, indicating no information leakage",llama-3.3-70b-versatile
962179,when was the salvation army founded,after was the salvation forces established,3.0,"The word 'salvation' is still present, but 'army' is replaced, indicating some information leakage",llama-3.3-70b-versatile
962179,when was the salvation army founded,after being the salvation army established,5.0,"The word 'salvation' and 'army' are still present, indicating complete information leakage",llama-3.3-70b-versatile
962179,when was the salvation army founded,before was referring redemption army established,3.0,"The word 'salvation' is replaced, but 'army' is still present, indicating some information leakage",llama-3.3-70b-versatile
962179,when was the salvation army founded,later being which salvation forces co-founded,2.0,"The words 'salvation' and 'army' are partially replaced, indicating some information leakage",llama-3.3-70b-versatile
1103812,who formed the commonwealth of independent states,"whom formed part member the , united",4.0,"The obfuscated text 'whom formed part member the , united' has a score of 4 because it still conveys the general idea of forming a group, but the details are altered.",llama-3.3-70b-versatile
1103812,who formed the commonwealth of independent states,"who forming the commonwealth , separate states",3.0,"The obfuscated text 'who forming the commonwealth , separate states' has a score of 3 because it maintains some key terms like 'commonwealth' but changes the context.",llama-3.3-70b-versatile
1103812,who formed the commonwealth of independent states,whom forming same _____________________________________________ the establishment united,2.0,The obfuscated text 'whom forming same _____________________________________________ the establishment united' has a score of 2 because it removes significant details and adds unrelated terms.,llama-3.3-70b-versatile
1103812,who formed the commonwealth of independent states,whom formed same _____________________________________________ the separate united,2.0,"The obfuscated text 'whom formed same _____________________________________________ the separate united' has a score of 2 because similar to the previous one, it lacks crucial information and introduces unrelated terms.",llama-3.3-70b-versatile
1103812,who formed the commonwealth of independent states,whom formed part cis the separate united,4.0,"The obfuscated text 'whom formed part cis the separate united' has a score of 4 because 'cis' could be a shorthand for 'Commonwealth of Independent States', thus retaining some information.",llama-3.3-70b-versatile
1103812,who formed the commonwealth of independent states,whom formed of _____________________________________________ the handful united,2.0,The obfuscated text 'whom formed of _____________________________________________ the handful united' has a score of 2 because it lacks specific details about the formation and the group.,llama-3.3-70b-versatile
1103812,who formed the commonwealth of independent states,whom forming the commonwealth of independent states,5.0,"The obfuscated text 'whom forming the commonwealth of independent states' has a score of 5 because it is almost identical to the original text, indicating complete information leakage.",llama-3.3-70b-versatile
1103812,who formed the commonwealth of independent states,whom forming part except some established united,3.0,The obfuscated text 'whom forming part except some established united' has a score of 3 because it alters the original message significantly but still hints at the formation of a group.,llama-3.3-70b-versatile
1103812,who formed the commonwealth of independent states,whom forming . commonwealth the independent states,4.0,The obfuscated text 'whom forming . commonwealth the independent states' has a score of 4 because it retains key terms like 'commonwealth' and 'independent states' but with minor alterations.,llama-3.3-70b-versatile
1103812,who formed the commonwealth of independent states,whom formed of bb94 of critical united,1.0,The obfuscated text 'whom formed of bb94 of critical united' has a score of 1 because it does not convey any meaningful information related to the original text.,llama-3.3-70b-versatile
1037798,who is robert gray,whom is richard grey,2.0,"The name 'richard' instead of 'robert' and 'grey' instead of 'gray' shows significant changes, thus low leakage",llama-3.3-70b-versatile
1037798,who is robert gray,whom part james grey,2.0,"The name 'james' instead of 'robert' and 'grey' instead of 'gray' and 'part' instead of 'is' shows significant changes, thus low leakage",llama-3.3-70b-versatile
1037798,who is robert gray,whom comes rohch gray,3.0,"The name 'rohch' is close to 'robert' but 'whom' instead of 'who' and 'comes' instead of 'is' shows moderate changes, thus moderate leakage",llama-3.3-70b-versatile
1037798,who is robert gray,who this rohch gray,3.0,"The name 'rohch' is close to 'robert' and 'who' is the same but 'this' instead of 'is' shows moderate changes, thus moderate leakage",llama-3.3-70b-versatile
1037798,who is robert gray,whom is robert gray,4.0,"The name 'robert' is the same and 'grey' instead of 'gray' shows minimal changes, thus high leakage",llama-3.3-70b-versatile
1037798,who is robert gray,who now robert grey,3.0,"The name 'robert' is the same and 'grey' instead of 'gray' and 'now' instead of 'is' shows moderate changes, thus moderate leakage",llama-3.3-70b-versatile
1037798,who is robert gray,whom now william grey,2.0,"The name 'william' instead of 'robert' and 'grey' instead of 'gray' and 'now' instead of 'is' shows significant changes, thus low leakage",llama-3.3-70b-versatile
1037798,who is robert gray,whom now moore brown,1.0,"The name 'moore brown' is completely different from 'robert gray', thus no leakage",llama-3.3-70b-versatile
1037798,who is robert gray,whom a noonz gray,2.0,"The name 'noonz' is completely different from 'robert' and 'gray' is the same but 'a' instead of 'is' shows significant changes, thus low leakage",llama-3.3-70b-versatile
1037798,who is robert gray,whom also g. grey,2.0,"The name 'g. grey' is significantly different from 'robert gray', thus low leakage",llama-3.3-70b-versatile
1063750,why did the us volunterilay enter ww1,why n't the u.s. banez enter ww2,4.0,"The obfuscated text 'why n't the u.s. banez enter ww2' has a score of 4 because it changes the verb and the war number, but keeps some of the original words.",llama-3.3-70b-versatile
1063750,why did the us volunterilay enter ww1,know n't the u.s. landdrost entering garz,5.0,The obfuscated text 'know n't the u.s. landdrost entering garz' has a score of 5 because it completely changes the meaning and words of the original text.,llama-3.3-70b-versatile
1063750,why did the us volunterilay enter ww1,know why . u.s. 127-mile entered ww1,3.0,"The obfuscated text 'know why . u.s. 127-mile entered ww1' has a score of 3 because it keeps some of the original words, but changes the meaning and adds numbers.",llama-3.3-70b-versatile
1063750,why did the us volunterilay enter ww1,know never same u.s. insulting enter ww2,5.0,The obfuscated text 'know never same u.s. insulting enter ww2' has a score of 5 because it completely changes the meaning and words of the original text.,llama-3.3-70b-versatile
1063750,why did the us volunterilay enter ww1,what did the us murdock entering ww2,4.0,"The obfuscated text 'what did the us murdock entering ww2' has a score of 4 because it changes some of the original words, but keeps the main meaning.",llama-3.3-70b-versatile
1063750,why did the us volunterilay enter ww1,explain n't which u.s. honeycreepers enter ww1,5.0,The obfuscated text 'explain n't which u.s. honeycreepers enter ww1' has a score of 5 because it completely changes the meaning and words of the original text.,llama-3.3-70b-versatile
1063750,why did the us volunterilay enter ww1,know n't the us gzy enter ww2,5.0,The obfuscated text 'know n't the us gzy enter ww2' has a score of 5 because it completely changes the meaning and words of the original text.,llama-3.3-70b-versatile
1063750,why did the us volunterilay enter ww1,why did the u.s. sowie entering ww2,4.0,"The obfuscated text 'why did the u.s. sowie entering ww2' has a score of 4 because it changes some of the original words, but keeps the main meaning.",llama-3.3-70b-versatile
1063750,why did the us volunterilay enter ww1,what n't of u.s. dowling entering ww1,4.0,"The obfuscated text 'what n't of u.s. dowling entering ww1' has a score of 4 because it changes some of the original words, but keeps the main meaning.",llama-3.3-70b-versatile
1063750,why did the us volunterilay enter ww1,reason not the u.s. mitrevski entering ww2,5.0,The obfuscated text 'reason not the u.s. mitrevski entering ww2' has a score of 5 because it completely changes the meaning and words of the original text.,llama-3.3-70b-versatile
